年份,縣市,鄉鎮市區,里別,是否為金三角商圈,是否為東大門/歷史夜市周邊,存續營利事業累積家數,該年新設家數,開立發票店家數,登記資本總額(元),平均資本額(元),申報體系推估銷售額(千元),夜市與觀光實質現金金流增額(千元),綜合推估實質商圈消費總額(千元)
1995,花蓮縣,花蓮市,主信里,否,否,28,1,11,75236000,2687000,458393.88,0.0,458393.88
1995,花蓮縣,花蓮市,主力里,是,否,62,3,39,178714000,2882483,1546377.01,0.0,1546377.01
1995,花蓮縣,花蓮市,主勤里,是,否,30,1,14,62898000,2096600,553985.1,0.0,553985.1
1995,花蓮縣,花蓮市,主和里,否,否,31,0,14,52378000,1689612,544563.82,0.0,544563.82
1995,花蓮縣,花蓮市,主商里,是,是,32,0,19,1041368000,32542750,1607996.82,18000.0,1625996.82
1995,花蓮縣,花蓮市,主學里,是,否,22,0,10,17016000,773454,370707.58,0.0,370707.58
1995,花蓮縣,花蓮市,主安里,是,否,25,2,11,124462000,4978480,502478.66,0.0,502478.66
1995,花蓮縣,花蓮市,主工里,是,是,20,2,9,8411000,420550,327454.42,0.0,327454.42
1995,花蓮縣,花蓮市,主權里,否,否,48,6,28,116095000,2418645,1099282.39,0.0,1099282.39
1995,花蓮縣,花蓮市,主睦里,否,否,29,2,8,65362000,2253862,342910.51,0.0,342910.51
1995,花蓮縣,花蓮市,主義里,否,否,13,1,3,4507000,346692,110676.91,0.0,110676.91
1995,花蓮縣,花蓮市,主計里,是,否,15,2,3,37521000,2501400,140242.88,0.0,140242.88
1995,花蓮縣,花蓮市,主農里,否,否,30,0,13,24614000,820466,484152.66,0.0,484152.66
1995,花蓮縣,花蓮市,國光里,否,否,29,1,12,35278000,1216482,458156.02,0.0,458156.02
1995,花蓮縣,花蓮市,國威里,是,否,39,6,22,354416000,9087589,1099431.59,0.0,1099431.59
1995,花蓮縣,花蓮市,國安里,否,否,22,1,8,37039000,1683590,317545.6,0.0,317545.6
1995,花蓮縣,花蓮市,國富里,否,否,59,2,32,67148900,1138116,1197635.78,0.0,1197635.78
1995,花蓮縣,花蓮市,國強里,否,否,17,1,11,38415000,2259705,425418.51,0.0,425418.51
1995,花蓮縣,花蓮市,國慶里,否,否,15,1,10,2490525745,166035049,2585880.81,0.0,2585880.81
1995,花蓮縣,花蓮市,國治里,否,否,21,1,8,22693400,1080638,304698.27,0.0,304698.27
1995,花蓮縣,花蓮市,國盛里,否,否,32,2,15,77325000,2416406,602452.2,0.0,602452.2
1995,花蓮縣,花蓮市,國福里,否,否,6,0,4,11208000,1868000,152224.92,0.0,152224.92
1995,花蓮縣,花蓮市,國聯里,否,否,84,2,47,1496092840,17810629,3010542.12,0.0,3010542.12
1995,花蓮縣,花蓮市,國興里,否,否,12,1,7,145399000,12116583,379041.47,0.0,379041.47
1995,花蓮縣,花蓮市,國華里,否,否,29,5,15,41593000,1434241,570452.1,0.0,570452.1
1995,花蓮縣,花蓮市,國裕里,否,否,51,6,31,752445410,14753831,1775812.18,0.0,1775812.18
1995,花蓮縣,花蓮市,國防里,否,否,8,1,5,13486000,1685750,189811.88,0.0,189811.88
1995,花蓮縣,花蓮市,國風里,否,否,38,1,22,91255000,2401447,863755.46,0.0,863755.46
1995,花蓮縣,花蓮市,國魂里,否,否,22,2,15,783314300,35605195,1234707.08,0.0,1234707.08
1995,花蓮縣,花蓮市,市區其他未標示里,否,否,56,1,0,240290,4290,215.19,0.0,215.19
1995,花蓮縣,花蓮市,民主里,是,是,14,0,1,104981000,7498642,129563.53,54000.0,183563.53
1995,花蓮縣,花蓮市,民享里,否,否,19,0,10,68824000,3622315,417104.68,0.0,417104.68
1995,花蓮縣,花蓮市,民勤里,否,否,16,2,9,53351000,3334437,367700.83,0.0,367700.83
1995,花蓮縣,花蓮市,民孝里,否,否,30,3,17,226811000,7560366,807419.45,0.0,807419.45
1995,花蓮縣,花蓮市,民德里,否,否,14,1,6,14619000,1044214,226373.42,0.0,226373.42
1995,花蓮縣,花蓮市,民心里,否,否,79,2,73,1273137500,16115664,3735091.27,0.0,3735091.27
1995,花蓮縣,花蓮市,民意里,否,否,10,0,7,240752000,24075200,464435.68,0.0,464435.68
1995,花蓮縣,花蓮市,民政里,否,否,26,1,14,90223848,3470148,578457.0,0.0,578457.0
1995,花蓮縣,花蓮市,民族里,是,是,34,1,12,247521000,7280029,648232.09,72000.0,720232.09
1995,花蓮縣,花蓮市,民有里,否,否,3,0,0,106000,35333,94.93,0.0,94.93
1995,花蓮縣,花蓮市,民樂里,否,否,3,0,0,133000,44333,119.11,0.0,119.11
1995,花蓮縣,花蓮市,民權里,否,否,5,0,2,2058000,411600,72936.81,0.0,72936.81
1995,花蓮縣,花蓮市,民治里,否,否,0,0,0,0,0,0.0,0.0,0.0
1995,花蓮縣,花蓮市,民生里,是,是,79,5,21,49225000,623101,790568.25,36000.0,826568.25
1995,花蓮縣,花蓮市,民立里,否,否,7,0,5,20004000,2857714,195649.13,0.0,195649.13
1995,花蓮縣,花蓮市,民運里,否,否,45,1,17,228855000,5085666,809249.97,0.0,809249.97
1996,花蓮縣,花蓮市,主信里,否,否,29,1,11,75246000,2594689,461856.75,0.0,461856.75
1996,花蓮縣,花蓮市,主力里,是,否,64,2,40,183724000,2870687,1595043.2,0.0,1595043.2
1996,花蓮縣,花蓮市,主勤里,是,否,31,1,15,68898000,2222516,598142.61,0.0,598142.61
1996,花蓮縣,花蓮市,主和里,否,否,34,3,14,52398000,1541117,547083.06,0.0,547083.06
1996,花蓮縣,花蓮市,主商里,是,是,34,2,19,1041374000,30628647,1653781.87,0.0,1653781.87
1996,花蓮縣,花蓮市,主學里,是,否,25,3,12,19219000,768760,444795.83,0.0,444795.83
1996,花蓮縣,花蓮市,主安里,是,否,28,3,12,133017000,4750607,551679.79,0.0,551679.79
1996,花蓮縣,花蓮市,主工里,是,是,20,0,9,8411000,420550,327958.37,0.0,327958.37
1996,花蓮縣,花蓮市,主權里,否,否,53,5,30,116568000,2199396,1176346.97,0.0,1176346.97
1996,花蓮縣,花蓮市,主睦里,否,否,32,3,11,80662000,2520687,466943.69,0.0,466943.69
1996,花蓮縣,花蓮市,主義里,否,否,13,0,3,4507000,346692,110919.3,0.0,110919.3
1996,花蓮縣,花蓮市,主計里,是,否,16,1,3,37526000,2345375,141932.16,0.0,141932.16
1996,花蓮縣,花蓮市,主農里,否,否,32,2,15,25714000,803562,557582.35,0.0,557582.35
1996,花蓮縣,花蓮市,國光里,否,否,30,1,13,36778000,1225933,496850.04,0.0,496850.04
1996,花蓮縣,花蓮市,國威里,是,否,40,1,22,354426000,8860650,1115257.04,0.0,1115257.04
1996,花蓮縣,花蓮市,國安里,否,否,24,2,9,37089000,1545375,354893.97,0.0,354893.97
1996,花蓮縣,花蓮市,國富里,否,否,64,5,34,69421900,1084717,1274313.51,0.0,1274313.51
1996,花蓮縣,花蓮市,國強里,否,否,20,3,14,69615000,3480750,563254.0,0.0,563254.0
1996,花蓮縣,花蓮市,國慶里,否,否,16,1,11,2490725745,155670359,2730578.73,0.0,2730578.73
1996,花蓮縣,花蓮市,國治里,否,否,23,2,10,57693400,2508408,409808.55,0.0,409808.55
1996,花蓮縣,花蓮市,國盛里,否,否,34,2,17,102330000,3009705,700667.46,0.0,700667.46
1996,花蓮縣,花蓮市,國福里,否,否,8,2,5,11243000,1405375,188370.13,0.0,188370.13
1996,花蓮縣,花蓮市,國聯里,否,否,90,6,53,1506932840,16743698,3300164.15,0.0,3300164.15
1996,花蓮縣,花蓮市,國興里,否,否,15,3,7,145420000,9694666,385519.0,0.0,385519.0
1996,花蓮縣,花蓮市,國華里,否,否,29,0,15,41593000,1434241,572496.58,0.0,572496.58
1996,花蓮縣,花蓮市,國裕里,否,否,55,4,35,820145410,14911734,2014987.21,0.0,2014987.21
1996,花蓮縣,花蓮市,國防里,否,否,10,2,7,17886000,1788600,265733.6,0.0,265733.6
1996,花蓮縣,花蓮市,國風里,否,否,38,0,22,91255000,2401447,868075.57,0.0,868075.57
1996,花蓮縣,花蓮市,國魂里,否,否,22,0,15,783314300,35605195,1269152.98,0.0,1269152.98
1996,花蓮縣,花蓮市,市區其他未標示里,否,否,56,0,0,240290,4290,225.69,0.0,225.69
1996,花蓮縣,花蓮市,民主里,是,是,15,1,1,104984000,6998933,134167.51,0.0,134167.51
1996,花蓮縣,花蓮市,民享里,否,否,20,1,11,69024000,3451200,456012.78,0.0,456012.78
1996,花蓮縣,花蓮市,民勤里,否,否,18,2,11,53373400,2965188,441313.06,0.0,441313.06
1996,花蓮縣,花蓮市,民孝里,否,否,32,2,18,226911000,7090968,853241.31,0.0,853241.31
1996,花蓮縣,花蓮市,民德里,否,否,14,0,6,14619000,1044214,227103.05,0.0,227103.05
1996,花蓮縣,花蓮市,民心里,否,否,80,1,74,1273337500,15916718,3827564.33,0.0,3827564.33
1996,花蓮縣,花蓮市,民意里,否,否,11,1,7,240770000,21888181,475075.8,0.0,475075.8
1996,花蓮縣,花蓮市,民政里,否,否,28,2,15,90426848,3229530,618363.42,0.0,618363.42
1996,花蓮縣,花蓮市,民族里,是,是,34,0,12,247521000,7280029,659226.84,0.0,659226.84
1996,花蓮縣,花蓮市,民有里,否,否,3,0,0,106000,35333,99.56,0.0,99.56
1996,花蓮縣,花蓮市,民樂里,否,否,3,0,0,133000,44333,124.92,0.0,124.92
1996,花蓮縣,花蓮市,民權里,否,否,5,0,2,2058000,411600,73057.05,0.0,73057.05
1996,花蓮縣,花蓮市,民治里,否,否,0,0,0,0,0,0.0,0.0,0.0
1996,花蓮縣,花蓮市,民生里,是,是,81,2,21,49231000,607790,793042.78,0.0,793042.78
1996,花蓮縣,花蓮市,民立里,否,否,8,1,5,20029000,2503625,196622.31,0.0,196622.31
1996,花蓮縣,花蓮市,民運里,否,否,49,4,19,239440000,4886530,900571.13,0.0,900571.13
1997,花蓮縣,花蓮市,主信里,否,否,30,1,11,75254000,2508466,453578.05,0.0,453578.05
1997,花蓮縣,花蓮市,主力里,是,否,74,10,47,198899000,2687824,1819579.43,0.0,1819579.43
1997,花蓮縣,花蓮市,主勤里,是,否,33,2,15,68903000,2087969,585955.44,0.0,585955.44
1997,花蓮縣,花蓮市,主和里,否,否,37,3,15,52646000,1422864,570255.84,0.0,570255.84
1997,花蓮縣,花蓮市,主商里,是,是,39,5,22,1042054000,26719333,1768134.02,0.0,1768134.02
1997,花蓮縣,花蓮市,主學里,是,否,31,6,15,20837000,672161,539537.46,0.0,539537.46
1997,花蓮縣,花蓮市,主安里,是,否,31,3,14,134517000,4339258,614692.1,0.0,614692.1
1997,花蓮縣,花蓮市,主工里,是,是,21,1,10,8611000,410047,354592.35,0.0,354592.35
1997,花蓮縣,花蓮市,主權里,否,否,59,6,35,148128000,2510644,1355017.28,0.0,1355017.28
1997,花蓮縣,花蓮市,主睦里,否,否,33,1,12,80662000,2444303,493428.29,0.0,493428.29
1997,花蓮縣,花蓮市,主義里,否,否,13,0,3,4507000,346692,108235.45,0.0,108235.45
1997,花蓮縣,花蓮市,主計里,是,否,16,0,3,37526000,2345375,140122.34,0.0,140122.34
1997,花蓮縣,花蓮市,主農里,否,否,35,3,16,26030000,743714,579180.07,0.0,579180.07
1997,花蓮縣,花蓮市,國光里,否,否,30,0,13,36778000,1225933,485676.58,0.0,485676.58
1997,花蓮縣,花蓮市,國威里,是,否,40,0,22,354426000,8860650,1104082.45,0.0,1104082.45
1997,花蓮縣,花蓮市,國安里,否,否,27,3,11,45089000,1669962,424447.31,0.0,424447.31
1997,花蓮縣,花蓮市,國富里,否,否,72,8,38,112047900,1556220,1424057.22,0.0,1424057.22
1997,花蓮縣,花蓮市,國強里,否,否,20,0,14,69615000,3480750,552015.37,0.0,552015.37
1997,花蓮縣,花蓮市,國慶里,否,否,16,0,11,2490725745,155670359,2786231.48,0.0,2786231.48
1997,花蓮縣,花蓮市,國治里,否,否,26,3,12,57773400,2222053,471324.46,0.0,471324.46
1997,花蓮縣,花蓮市,國盛里,否,否,39,5,19,115545000,2962692,769508.89,0.0,769508.89
1997,花蓮縣,花蓮市,國福里,否,否,8,0,5,11243000,1405375,183995.81,0.0,183995.81
1997,花蓮縣,花蓮市,國聯里,否,否,99,9,58,1526599840,15420200,3482662.18,0.0,3482662.18
1997,花蓮縣,花蓮市,國興里,否,否,18,3,7,145490000,8082777,382895.26,0.0,382895.26
1997,花蓮縣,花蓮市,國華里,否,否,30,1,15,41623000,1387433,559610.78,0.0,559610.78
1997,花蓮縣,花蓮市,國裕里,否,否,65,10,40,918661410,14133252,2272270.02,0.0,2272270.02
1997,花蓮縣,花蓮市,國防里,否,否,12,2,8,18889000,1574083,295262.64,0.0,295262.64
1997,花蓮縣,花蓮市,國風里,否,否,42,4,25,119308000,2840666,980908.82,0.0,980908.82
1997,花蓮縣,花蓮市,國魂里,否,否,26,4,17,783479300,30133819,1345286.67,0.0,1345286.67
1997,花蓮縣,花蓮市,市區其他未標示里,否,否,60,4,0,254290,4238,245.57,0.0,245.57
1997,花蓮縣,花蓮市,民主里,是,是,16,1,2,106484000,6655250,172088.34,0.0,172088.34
1997,花蓮縣,花蓮市,民享里,否,否,21,1,11,69029000,3287095,447566.49,0.0,447566.49
1997,花蓮縣,花蓮市,民勤里,否,否,22,4,13,64476400,2930745,512425.3,0.0,512425.3
1997,花蓮縣,花蓮市,民孝里,否,否,34,2,19,227514000,6691588,877638.85,0.0,877638.85
1997,花蓮縣,花蓮市,民德里,否,否,15,1,6,14622000,974800,221886.62,0.0,221886.62
1997,花蓮縣,花蓮市,民心里,否,否,86,6,80,1394337500,16213226,4116743.17,0.0,4116743.17
1997,花蓮縣,花蓮市,民意里,否,否,13,2,8,240870000,18528461,509632.66,0.0,509632.66
1997,花蓮縣,花蓮市,民政里,否,否,29,1,15,90471848,3119718,606784.77,0.0,606784.77
1997,花蓮縣,花蓮市,民族里,是,是,36,2,13,247541000,6876138,689213.23,0.0,689213.23
1997,花蓮縣,花蓮市,民有里,否,否,3,0,0,106000,35333,102.37,0.0,102.37
1997,花蓮縣,花蓮市,民樂里,否,否,3,0,0,133000,44333,128.44,0.0,128.44
1997,花蓮縣,花蓮市,民權里,否,否,5,0,2,2058000,411600,71242.76,0.0,71242.76
1997,花蓮縣,花蓮市,民治里,否,否,0,0,0,0,0,0.0,0.0,0.0
1997,花蓮縣,花蓮市,民生里,是,是,84,3,23,49490000,589166,844229.33,0.0,844229.33
1997,花蓮縣,花蓮市,民立里,否,否,11,3,8,63529000,5775363,338372.08,0.0,338372.08
1997,花蓮縣,花蓮市,民運里,否,否,50,1,19,239440000,4788800,889155.95,0.0,889155.95
1998,花蓮縣,花蓮市,主信里,否,否,33,3,13,87257000,2644151,528797.24,0.0,528797.24
1998,花蓮縣,花蓮市,主力里,是,否,76,2,47,201399000,2649986,1799216.85,0.0,1799216.85
1998,花蓮縣,花蓮市,主勤里,是,否,33,0,15,68903000,2087969,578784.84,0.0,578784.84
1998,花蓮縣,花蓮市,主和里,否,否,40,3,16,56252000,1406300,600349.71,0.0,600349.71
1998,花蓮縣,花蓮市,主商里,是,是,41,2,23,1042054000,25415951,1811722.86,0.0,1811722.86
1998,花蓮縣,花蓮市,主學里,是,否,35,4,18,77637000,2218200,689560.68,0.0,689560.68
1998,花蓮縣,花蓮市,主安里,是,否,32,1,15,135517000,4234906,644534.51,0.0,644534.51
1998,花蓮縣,花蓮市,主工里,是,是,23,2,10,8621000,374826,349026.38,0.0,349026.38
1998,花蓮縣,花蓮市,主權里,否,否,62,3,36,151137000,2437693,1375038.05,0.0,1375038.05
1998,花蓮縣,花蓮市,主睦里,否,否,34,1,12,80667000,2372558,488241.02,0.0,488241.02
1998,花蓮縣,花蓮市,主義里,否,否,13,0,3,4507000,346692,106603.69,0.0,106603.69
1998,花蓮縣,花蓮市,主計里,是,否,16,0,3,37526000,2345375,139194.27,0.0,139194.27
1998,花蓮縣,花蓮市,主農里,否,否,39,4,18,33293000,853666,645792.05,0.0,645792.05
1998,花蓮縣,花蓮市,國光里,否,否,32,2,14,36791000,1149718,513037.77,0.0,513037.77
1998,花蓮縣,花蓮市,國威里,是,否,44,4,24,354719000,8061795,1167357.85,0.0,1167357.85
1998,花蓮縣,花蓮市,國安里,否,否,28,1,12,47089000,1681750,455098.7,0.0,455098.7
1998,花蓮縣,花蓮市,國富里,否,否,79,7,41,113266900,1433758,1507917.94,0.0,1507917.94
1998,花蓮縣,花蓮市,國強里,否,否,20,0,14,69615000,3480750,545435.87,0.0,545435.87
1998,花蓮縣,花蓮市,國慶里,否,否,17,1,12,2490925745,146525043,2867226.32,0.0,2867226.32
1998,花蓮縣,花蓮市,國治里,否,否,29,3,13,57901400,1996600,499822.54,0.0,499822.54
1998,花蓮縣,花蓮市,國盛里,否,否,43,4,22,125645000,2921976,873152.67,0.0,873152.67
1998,花蓮縣,花蓮市,國福里,否,否,8,0,5,11243000,1405375,181355.74,0.0,181355.74
1998,花蓮縣,花蓮市,國聯里,否,否,106,7,65,1549092840,14614083,3742355.21,0.0,3742355.21
1998,花蓮縣,花蓮市,國興里,否,否,21,3,8,149110000,7100476,419589.07,0.0,419589.07
1998,花蓮縣,花蓮市,國華里,否,否,30,0,15,41623000,1387433,551858.8,0.0,551858.8
1998,花蓮縣,花蓮市,國裕里,否,否,70,5,44,978964410,13985205,2464538.07,0.0,2464538.07
1998,花蓮縣,花蓮市,國防里,否,否,13,1,8,18892000,1453230,291060.67,0.0,291060.67
1998,花蓮縣,花蓮市,國風里,否,否,46,4,27,119856000,2605565,1037697.4,0.0,1037697.4
1998,花蓮縣,花蓮市,國魂里,否,否,28,2,19,789479300,28195689,1426218.45,0.0,1426218.45
1998,花蓮縣,花蓮市,市區其他未標示里,否,否,62,2,0,260290,4198,256.91,0.0,256.91
1998,花蓮縣,花蓮市,民主里,是,是,17,1,2,106487000,6263941,173208.76,0.0,173208.76
1998,花蓮縣,花蓮市,民享里,否,否,21,0,11,69029000,3287095,442702.3,0.0,442702.3
1998,花蓮縣,花蓮市,民勤里,否,否,26,4,16,80576400,3099092,624358.5,0.0,624358.5
1998,花蓮縣,花蓮市,民孝里,否,否,43,9,22,235314000,5472418,981398.7,0.0,981398.7
1998,花蓮縣,花蓮市,民德里,否,否,17,2,7,14642000,861294,252814.09,0.0,252814.09
1998,花蓮縣,花蓮市,民心里,否,否,90,4,84,1450337500,16114861,4291864.0,0.0,4291864.0
1998,花蓮縣,花蓮市,民意里,否,否,14,1,9,241870000,17276428,545197.22,0.0,545197.22
1998,花蓮縣,花蓮市,民政里,否,否,32,3,18,109471848,3420995,720982.47,0.0,720982.47
1998,花蓮縣,花蓮市,民族里,是,是,38,2,14,297546000,7830157,770409.44,0.0,770409.44
1998,花蓮縣,花蓮市,民有里,否,否,3,0,0,106000,35333,104.62,0.0,104.62
1998,花蓮縣,花蓮市,民樂里,否,否,4,1,1,20133000,5033250,53923.5,0.0,53923.5
1998,花蓮縣,花蓮市,民權里,否,否,5,0,2,2058000,411600,70134.75,0.0,70134.75
1998,花蓮縣,花蓮市,民治里,否,否,0,0,0,0,0,0.0,0.0,0.0
1998,花蓮縣,花蓮市,民生里,是,是,85,1,24,78990000,929294,895206.47,0.0,895206.47
1998,花蓮縣,花蓮市,民立里,否,否,13,2,9,65532000,5040923,371147.23,0.0,371147.23
1998,花蓮縣,花蓮市,民運里,否,否,53,3,21,294440000,5555471,1005705.81,0.0,1005705.81
1999,花蓮縣,花蓮市,主信里,否,否,33,0,13,87257000,2644151,511069.24,0.0,511069.24
1999,花蓮縣,花蓮市,主力里,是,否,80,4,50,222409000,2780112,1854551.6,0.0,1854551.6
1999,花蓮縣,花蓮市,主勤里,是,否,35,2,17,70103000,2002942,625133.6,0.0,625133.6
1999,花蓮縣,花蓮市,主和里,否,否,41,1,17,81252000,1981756,636076.2,0.0,636076.2
1999,花蓮縣,花蓮市,主商里,是,是,42,1,23,1042654000,24825095,1776031.29,0.0,1776031.29
1999,花蓮縣,花蓮市,主學里,是,否,36,1,18,77640000,2156666,665256.27,0.0,665256.27
1999,花蓮縣,花蓮市,主安里,是,否,34,2,16,135787000,3993735,656876.41,0.0,656876.41
1999,花蓮縣,花蓮市,主工里,是,是,27,4,12,16727000,619518,409119.73,0.0,409119.73
1999,花蓮縣,花蓮市,主權里,否,否,70,8,41,161662000,2309457,1500402.39,0.0,1500402.39
1999,花蓮縣,花蓮市,主睦里,否,否,37,3,14,83467000,2255864,540074.6,0.0,540074.6
1999,花蓮縣,花蓮市,主義里,否,否,14,1,4,4510000,322142,135327.31,0.0,135327.31
1999,花蓮縣,花蓮市,主計里,是,否,18,2,4,57726000,3207000,187558.14,0.0,187558.14
1999,花蓮縣,花蓮市,主農里,否,否,44,5,21,49516000,1125363,735828.52,0.0,735828.52
1999,花蓮縣,花蓮市,國光里,否,否,33,1,14,36794000,1114969,494265.64,0.0,494265.64
1999,花蓮縣,花蓮市,國威里,是,否,50,6,27,360260000,7205200,1237171.02,0.0,1237171.02
1999,花蓮縣,花蓮市,國安里,否,否,30,2,13,47092000,1569733,471647.8,0.0,471647.8
1999,花蓮縣,花蓮市,國富里,否,否,88,9,45,113794900,1293123,1584322.23,0.0,1584322.23
1999,花蓮縣,花蓮市,國強里,否,否,21,1,15,75615000,3600714,565093.16,0.0,565093.16
1999,花蓮縣,花蓮市,國慶里,否,否,20,3,14,2490978745,124548937,2903016.9,0.0,2903016.9
1999,花蓮縣,花蓮市,國治里,否,否,31,2,14,57964400,1869819,515044.12,0.0,515044.12
1999,花蓮縣,花蓮市,國盛里,否,否,47,4,26,127345000,2709468,975842.69,0.0,975842.69
1999,花蓮縣,花蓮市,國福里,否,否,8,0,5,11243000,1405375,174660.86,0.0,174660.86
1999,花蓮縣,花蓮市,國聯里,否,否,116,10,71,1549358840,13356541,3844165.26,0.0,3844165.26
1999,花蓮縣,花蓮市,國興里,否,否,23,2,9,154120000,6700869,445793.63,0.0,445793.63
1999,花蓮縣,花蓮市,國華里,否,否,31,1,16,42083000,1357516,564907.12,0.0,564907.12
1999,花蓮縣,花蓮市,國裕里,否,否,71,1,44,978967410,13788273,2400752.9,0.0,2400752.9
1999,花蓮縣,花蓮市,國防里,否,否,14,1,9,18902000,1350142,313078.87,0.0,313078.87
1999,花蓮縣,花蓮市,國風里,否,否,50,4,30,122206000,2444120,1101699.63,0.0,1101699.63
1999,花蓮縣,花蓮市,國魂里,否,否,31,3,20,797492300,25725558,1437232.59,0.0,1437232.59
1999,花蓮縣,花蓮市,市區其他未標示里,否,否,65,3,0,269290,4142,264.3,0.0,264.3
1999,花蓮縣,花蓮市,民主里,是,是,19,2,2,106495000,5605000,169973.89,0.0,169973.89
1999,花蓮縣,花蓮市,民享里,否,否,23,2,12,69032000,3001391,460456.43,0.0,460456.43
1999,花蓮縣,花蓮市,民勤里,否,否,26,0,16,80576400,3099092,602687.91,0.0,602687.91
1999,花蓮縣,花蓮市,民孝里,否,否,48,5,24,260717000,5431604,1041295.22,0.0,1041295.22
1999,花蓮縣,花蓮市,民德里,否,否,18,1,8,25642000,1424555,286968.89,0.0,286968.89
1999,花蓮縣,花蓮市,民心里,否,否,94,4,88,1774337500,18875930,4621307.36,0.0,4621307.36
1999,花蓮縣,花蓮市,民意里,否,否,14,0,9,241870000,17276428,531919.14,0.0,531919.14
1999,花蓮縣,花蓮市,民政里,否,否,34,2,20,114071848,3355054,766464.07,0.0,766464.07
1999,花蓮縣,花蓮市,民族里,是,是,39,1,14,297551000,7629512,750195.33,0.0,750195.33
1999,花蓮縣,花蓮市,民有里,否,否,4,1,1,156000,39000,32878.31,0.0,32878.31
1999,花蓮縣,花蓮市,民樂里,否,否,4,0,1,20133000,5033250,52485.48,0.0,52485.48
1999,花蓮縣,花蓮市,民權里,否,否,6,1,2,2061000,343500,67473.24,0.0,67473.24
1999,花蓮縣,花蓮市,民治里,否,否,0,0,0,0,0,0.0,0.0,0.0
1999,花蓮縣,花蓮市,民生里,是,是,86,1,25,88990000,1034767,905472.55,0.0,905472.55
1999,花蓮縣,花蓮市,民立里,否,否,16,3,12,80732000,5045750,471939.83,0.0,471939.83
1999,花蓮縣,花蓮市,民運里,否,否,53,0,21,294440000,5555471,976218.32,0.0,976218.32
2000,花蓮縣,花蓮市,主信里,否,否,35,2,14,90260000,2578857,543882.53,0.0,543882.53
2000,花蓮縣,花蓮市,主力里,是,否,85,5,52,230427000,2710905,1915472.72,0.0,1915472.72
2000,花蓮縣,花蓮市,主勤里,是,否,37,2,19,70103000,1894675,685814.56,0.0,685814.56
2000,花蓮縣,花蓮市,主和里,否,否,43,2,19,86452000,2010511,702138.29,0.0,702138.29
2000,花蓮縣,花蓮市,主商里,是,是,45,3,25,1043104000,23180088,1851780.87,32400.0,1884180.87
2000,花蓮縣,花蓮市,主學里,是,否,36,0,18,77640000,2156666,660928.34,0.0,660928.34
2000,花蓮縣,花蓮市,主安里,是,否,35,1,16,135987000,3885342,654361.99,0.0,654361.99
2000,花蓮縣,花蓮市,主工里,是,是,31,4,15,42257000,1363129,528365.31,0.0,528365.31
2000,花蓮縣,花蓮市,主權里,否,否,75,5,44,172052000,2294026,1597895.35,0.0,1597895.35
2000,花蓮縣,花蓮市,主睦里,否,否,41,4,18,123877000,3021390,707093.86,0.0,707093.86
2000,花蓮縣,花蓮市,主義里,否,否,14,0,4,4510000,322142,134149.33,0.0,134149.33
2000,花蓮縣,花蓮市,主計里,是,否,18,0,4,57726000,3207000,187283.06,0.0,187283.06
2000,花蓮縣,花蓮市,主農里,否,否,46,2,21,49569000,1077586,730135.46,0.0,730135.46
2000,花蓮縣,花蓮市,國光里,否,否,34,1,14,36797000,1082264,490502.17,0.0,490502.17
2000,花蓮縣,花蓮市,國威里,是,否,55,5,30,361483000,6572418,1333271.46,0.0,1333271.46
2000,花蓮縣,花蓮市,國安里,否,否,30,0,13,47092000,1569733,468369.68,0.0,468369.68
2000,花蓮縣,花蓮市,國富里,否,否,93,5,48,166800900,1793558,1722298.67,0.0,1722298.67
2000,花蓮縣,花蓮市,國強里,否,否,23,2,17,78665000,3420217,629540.18,0.0,629540.18
2000,花蓮縣,花蓮市,國慶里,否,否,21,1,15,2491978745,118665654,2974300.08,0.0,2974300.08
2000,花蓮縣,花蓮市,國治里,否,否,32,1,15,63964400,1998887,550039.15,0.0,550039.15
2000,花蓮縣,花蓮市,國盛里,否,否,50,3,27,131000000,2620000,1005910.03,0.0,1005910.03
2000,花蓮縣,花蓮市,國福里,否,否,8,0,5,11243000,1405375,173283.5,0.0,173283.5
2000,花蓮縣,花蓮市,國聯里,否,否,120,4,73,1550441840,12920348,3914090.06,0.0,3914090.06
2000,花蓮縣,花蓮市,國興里,否,否,27,4,12,154875000,5736111,543574.49,0.0,543574.49
2000,花蓮縣,花蓮市,國華里,否,否,31,0,16,42083000,1357516,560603.15,0.0,560603.15
2000,花蓮縣,花蓮市,國裕里,否,否,77,6,48,1010970410,13129485,2565163.2,0.0,2565163.2
2000,花蓮縣,花蓮市,國防里,否,否,14,0,9,18902000,1350142,310576.96,0.0,310576.96
2000,花蓮縣,花蓮市,國風里,否,否,54,4,32,147389000,2729425,1184331.57,0.0,1184331.57
2000,花蓮縣,花蓮市,國魂里,否,否,33,2,22,799592300,24230069,1511410.89,0.0,1511410.89
2000,花蓮縣,花蓮市,市區其他未標示里,否,否,67,2,0,302290,4511,301.82,0.0,301.82
2000,花蓮縣,花蓮市,民主里,是,是,22,3,2,106511000,4841409,171169.5,97200.0,268369.5
2000,花蓮縣,花蓮市,民享里,否,否,25,2,13,69035000,2761400,490278.76,0.0,490278.76
2000,花蓮縣,花蓮市,民勤里,否,否,26,0,16,80576400,3099092,599037.05,0.0,599037.05
2000,花蓮縣,花蓮市,民孝里,否,否,52,4,24,261020000,5019615,1038494.31,0.0,1038494.31
2000,花蓮縣,花蓮市,民德里,否,否,18,0,8,25642000,1424555,284894.97,0.0,284894.97
2000,花蓮縣,花蓮市,民心里,否,否,101,7,94,1976637500,19570668,5020269.96,0.0,5020269.96
2000,花蓮縣,花蓮市,民意里,否,否,14,0,9,241870000,17276428,533200.28,0.0,533200.28
2000,花蓮縣,花蓮市,民政里,否,否,35,1,20,114076848,3259338,762132.01,0.0,762132.01
2000,花蓮縣,花蓮市,民族里,是,是,39,0,14,297551000,7629512,750853.08,129600.0,880453.08
2000,花蓮縣,花蓮市,民有里,否,否,4,0,1,156000,39000,32567.33,0.0,32567.33
2000,花蓮縣,花蓮市,民樂里,否,否,4,0,1,20133000,5033250,52513.45,0.0,52513.45
2000,花蓮縣,花蓮市,民權里,否,否,6,0,2,2061000,343500,66880.97,0.0,66880.97
2000,花蓮縣,花蓮市,民治里,否,否,0,0,0,0,0,0.0,0.0,0.0
2000,花蓮縣,花蓮市,民生里,是,是,89,3,27,90390000,1015617,965362.81,64800.0,1030162.81
2000,花蓮縣,花蓮市,民立里,否,否,17,1,13,81222000,4777764,502446.92,0.0,502446.92
2000,花蓮縣,花蓮市,民運里,否,否,56,3,24,315640000,5636428,1093029.87,0.0,1093029.87
2001,花蓮縣,花蓮市,主信里,否,否,36,1,14,90263000,2507305,520748.4,0.0,520748.4
2001,花蓮縣,花蓮市,主力里,是,否,87,2,54,235627000,2708356,1897499.69,0.0,1897499.69
2001,花蓮縣,花蓮市,主勤里,是,否,38,1,20,70303000,1850078,686026.86,0.0,686026.86
2001,花蓮縣,花蓮市,主和里,否,否,49,6,20,115728000,2361795,730875.01,0.0,730875.01
2001,花蓮縣,花蓮市,主商里,是,是,45,0,25,1043104000,23180088,1800628.64,0.0,1800628.64
2001,花蓮縣,花蓮市,主學里,是,否,40,4,20,127663000,3191575,742658.45,0.0,742658.45
2001,花蓮縣,花蓮市,主安里,是,否,39,4,19,141584000,3630358,725571.84,0.0,725571.84
2001,花蓮縣,花蓮市,主工里,是,是,35,4,18,132460000,3784571,685732.88,0.0,685732.88
2001,花蓮縣,花蓮市,主權里,否,否,83,8,48,179558000,2163349,1657157.72,0.0,1657157.72
2001,花蓮縣,花蓮市,主睦里,否,否,43,2,19,124080000,2885581,708290.12,0.0,708290.12
2001,花蓮縣,花蓮市,主義里,否,否,14,0,4,4510000,322142,127776.05,0.0,127776.05
2001,花蓮縣,花蓮市,主計里,是,否,20,2,5,58126000,2906300,211542.03,0.0,211542.03
2001,花蓮縣,花蓮市,主農里,否,否,48,2,22,87572000,1824416,764738.22,0.0,764738.22
2001,花蓮縣,花蓮市,國光里,否,否,36,2,14,36827000,1022972,467990.97,0.0,467990.97
2001,花蓮縣,花蓮市,國威里,是,否,60,5,31,361766000,6029433,1312927.78,0.0,1312927.78
2001,花蓮縣,花蓮市,國安里,否,否,31,1,13,47097000,1519258,447299.73,0.0,447299.73
2001,花蓮縣,花蓮市,國富里,否,否,105,12,54,174279900,1659808,1836931.63,0.0,1836931.63
2001,花蓮縣,花蓮市,國強里,否,否,24,1,18,78865000,3286041,632818.47,0.0,632818.47
2001,花蓮縣,花蓮市,國慶里,否,否,23,2,17,2492418745,108366032,2984892.24,0.0,2984892.24
2001,花蓮縣,花蓮市,國治里,否,否,33,1,15,63967400,1938406,525617.56,0.0,525617.56
2001,花蓮縣,花蓮市,國盛里,否,否,55,5,31,136691000,2485290,1090710.95,0.0,1090710.95
2001,花蓮縣,花蓮市,國福里,否,否,10,2,5,11251000,1125100,165262.28,0.0,165262.28
2001,花蓮縣,花蓮市,國聯里,否,否,125,5,76,1554655840,12437246,3878056.78,0.0,3878056.78
2001,花蓮縣,花蓮市,國興里,否,否,31,4,13,155173000,5005580,554003.3,0.0,554003.3
2001,花蓮縣,花蓮市,國華里,否,否,33,2,18,43283000,1311606,597688.31,0.0,597688.31
2001,花蓮縣,花蓮市,國裕里,否,否,86,9,53,1017069410,11826388,2638187.92,0.0,2638187.92
2001,花蓮縣,花蓮市,國防里,否,否,16,2,11,20102000,1256375,358985.87,0.0,358985.87
2001,花蓮縣,花蓮市,國風里,否,否,61,7,35,148473000,2433983,1225666.66,0.0,1225666.66
2001,花蓮縣,花蓮市,國魂里,否,否,36,3,23,802645300,22295702,1501561.81,0.0,1501561.81
2001,花蓮縣,花蓮市,市區其他未標示里,否,否,73,6,0,509290,6976,502.82,0.0,502.82
2001,花蓮縣,花蓮市,民主里,是,是,29,7,2,106608000,3676137,166915.87,0.0,166915.87
2001,花蓮縣,花蓮市,民享里,否,否,27,2,15,121235000,4490185,582157.93,0.0,582157.93
2001,花蓮縣,花蓮市,民勤里,否,否,32,6,19,109044400,3407637,693445.46,0.0,693445.46
2001,花蓮縣,花蓮市,民孝里,否,否,55,3,25,273125000,4965909,1040427.42,0.0,1040427.42
2001,花蓮縣,花蓮市,民德里,否,否,20,2,10,26292000,1314600,334266.43,0.0,334266.43
2001,花蓮縣,花蓮市,民心里,否,否,104,3,97,2001637500,19246514,4966809.77,0.0,4966809.77
2001,花蓮縣,花蓮市,民意里,否,否,15,1,9,241873000,16124866,516278.99,0.0,516278.99
2001,花蓮縣,花蓮市,民政里,否,否,36,1,21,126576848,3516023,772416.93,0.0,772416.93
2001,花蓮縣,花蓮市,民族里,是,是,41,2,15,298066000,7269902,756743.39,0.0,756743.39
2001,花蓮縣,花蓮市,民有里,否,否,5,1,1,159000,31800,30987.81,0.0,30987.81
2001,花蓮縣,花蓮市,民樂里,否,否,4,0,1,20133000,5033250,50708.17,0.0,50708.17
2001,花蓮縣,花蓮市,民權里,否,否,6,0,2,2061000,343500,63696.49,0.0,63696.49
2001,花蓮縣,花蓮市,民治里,否,否,0,0,0,0,0,0.0,0.0,0.0
2001,花蓮縣,花蓮市,民生里,是,是,95,6,29,90446000,952063,983391.54,0.0,983391.54
2001,花蓮縣,花蓮市,民立里,否,否,19,2,14,81225000,4275000,511825.17,0.0,511825.17
2001,花蓮縣,花蓮市,民運里,否,否,58,2,24,315646000,5442172,1051577.63,0.0,1051577.63
2002,花蓮縣,花蓮市,主信里,否,否,36,0,14,90263000,2507305,507897.2,0.0,507897.2
2002,花蓮縣,花蓮市,主力里,是,否,93,6,58,248027000,2666956,1977532.97,0.0,1977532.97
2002,花蓮縣,花蓮市,主勤里,是,否,43,5,24,70902000,1648883,786385.06,0.0,786385.06
2002,花蓮縣,花蓮市,主和里,否,否,51,2,21,115979000,2274098,742323.47,0.0,742323.47
2002,花蓮縣,花蓮市,主商里,是,是,45,0,25,1043104000,23180088,1793731.91,0.0,1793731.91
2002,花蓮縣,花蓮市,主學里,是,否,44,4,21,127881000,2906386,754290.95,0.0,754290.95
2002,花蓮縣,花蓮市,主安里,是,否,41,2,20,141835000,3459390,738526.19,0.0,738526.19
2002,花蓮縣,花蓮市,主工里,是,是,35,0,18,132460000,3784571,669508.53,0.0,669508.53
2002,花蓮縣,花蓮市,主權里,否,否,91,8,54,208114000,2286967,1818218.21,0.0,1818218.21
2002,花蓮縣,花蓮市,主睦里,否,否,43,0,19,124080000,2885581,690877.96,0.0,690877.96
2002,花蓮縣,花蓮市,主義里,否,否,15,1,5,5310000,354000,154316.91,0.0,154316.91
2002,花蓮縣,花蓮市,主計里,是,否,22,2,5,58179000,2644500,207476.81,0.0,207476.81
2002,花蓮縣,花蓮市,主農里,否,否,51,3,24,92177000,1807392,807777.12,0.0,807777.12
2002,花蓮縣,花蓮市,國光里,否,否,38,2,15,37030000,974473,484166.83,0.0,484166.83
2002,花蓮縣,花蓮市,國威里,是,否,65,5,32,361889000,5567523,1317337.46,0.0,1317337.46
2002,花蓮縣,花蓮市,國安里,否,否,35,4,15,52803000,1508657,500026.62,0.0,500026.62
2002,花蓮縣,花蓮市,國富里,否,否,116,11,59,180292900,1554249,1939221.72,0.0,1939221.72
2002,花蓮縣,花蓮市,國強里,否,否,24,0,18,78865000,3286041,615618.64,0.0,615618.64
2002,花蓮縣,花蓮市,國慶里,否,否,30,7,22,2497371745,83245724,3166614.8,0.0,3166614.8
2002,花蓮縣,花蓮市,國治里,否,否,34,1,16,64067400,1884335,541148.54,0.0,541148.54
2002,花蓮縣,花蓮市,國盛里,否,否,60,5,35,146894000,2448233,1190546.12,0.0,1190546.12
2002,花蓮縣,花蓮市,國福里,否,否,10,0,5,11251000,1125100,160290.6,0.0,160290.6
2002,花蓮縣,花蓮市,國聯里,否,否,131,6,80,1567130840,11962830,3959396.73,0.0,3959396.73
2002,花蓮縣,花蓮市,國興里,否,否,33,2,14,185173000,5611303,603329.42,0.0,603329.42
2002,花蓮縣,花蓮市,國華里,否,否,33,0,18,43283000,1311606,579840.86,0.0,579840.86
2002,花蓮縣,花蓮市,國裕里,否,否,95,9,57,1018303410,10718983,2722252.11,0.0,2722252.11
2002,花蓮縣,花蓮市,國防里,否,否,16,0,11,20102000,1256375,347963.54,0.0,347963.54
2002,花蓮縣,花蓮市,國風里,否,否,64,3,37,154976000,2421500,1258263.66,0.0,1258263.66
2002,花蓮縣,花蓮市,國魂里,否,否,38,2,24,807695300,21255139,1527232.39,0.0,1527232.39
2002,花蓮縣,花蓮市,市區其他未標示里,否,否,77,4,0,521290,6770,524.16,0.0,524.16
2002,花蓮縣,花蓮市,民主里,是,是,30,1,2,106638000,3554600,166815.83,0.0,166815.83
2002,花蓮縣,花蓮市,民享里,否,否,29,2,17,128235000,4421896,635464.75,0.0,635464.75
2002,花蓮縣,花蓮市,民勤里,否,否,34,2,20,109047400,3207276,705558.19,0.0,705558.19
2002,花蓮縣,花蓮市,民孝里,否,否,65,10,28,288976000,4445784,1124841.11,0.0,1124841.11
2002,花蓮縣,花蓮市,民德里,否,否,22,2,11,26392000,1199636,354288.15,0.0,354288.15
2002,花蓮縣,花蓮市,民心里,否,否,109,5,102,2080237500,19084747,5130828.49,0.0,5130828.49
2002,花蓮縣,花蓮市,民意里,否,否,18,3,10,243879000,13548833,543176.28,0.0,543176.28
2002,花蓮縣,花蓮市,民政里,否,否,40,4,23,145887848,3647196,831987.96,0.0,831987.96
2002,花蓮縣,花蓮市,民族里,是,是,44,3,16,299072000,6797090,777446.2,0.0,777446.2
2002,花蓮縣,花蓮市,民有里,否,否,5,0,1,159000,31800,29955.41,0.0,29955.41
2002,花蓮縣,花蓮市,民樂里,否,否,4,0,1,20133000,5033250,50039.32,0.0,50039.32
2002,花蓮縣,花蓮市,民權里,否,否,7,1,3,2211000,315857,91609.78,0.0,91609.78
2002,花蓮縣,花蓮市,民治里,否,否,0,0,0,0,0,0.0,0.0,0.0
2002,花蓮縣,花蓮市,民生里,是,是,104,9,31,90865000,873701,1015026.67,0.0,1015026.67
2002,花蓮縣,花蓮市,民立里,否,否,24,5,18,106268000,4427833,643172.42,0.0,643172.42
2002,花蓮縣,花蓮市,民運里,否,否,63,5,27,330852000,5251619,1137151.99,0.0,1137151.99
2003,花蓮縣,花蓮市,主信里,否,否,37,1,15,90473000,2445216,524007.15,0.0,524007.15
2003,花蓮縣,花蓮市,主力里,是,否,99,6,62,255247000,2578252,2044936.65,0.0,2044936.65
2003,花蓮縣,花蓮市,主勤里,是,否,45,2,24,70910000,1575777,763164.01,0.0,763164.01
2003,花蓮縣,花蓮市,主和里,否,否,55,4,25,122679000,2230527,844702.77,0.0,844702.77
2003,花蓮縣,花蓮市,主商里,是,是,47,2,27,1043104000,22193702,1840160.87,0.0,1840160.87
2003,花蓮縣,花蓮市,主學里,是,否,44,0,21,127881000,2906386,734851.92,0.0,734851.92
2003,花蓮縣,花蓮市,主安里,是,否,44,3,22,146890000,3338409,783009.34,0.0,783009.34
2003,花蓮縣,花蓮市,主工里,是,是,39,4,21,163063000,4181102,770701.21,0.0,770701.21
2003,花蓮縣,花蓮市,主權里,否,否,98,7,58,211852000,2161755,1885567.08,0.0,1885567.08
2003,花蓮縣,花蓮市,主睦里,否,否,44,1,19,124090000,2820227,673413.26,0.0,673413.26
2003,花蓮縣,花蓮市,主義里,否,否,15,0,5,5310000,354000,149350.11,0.0,149350.11
2003,花蓮縣,花蓮市,主計里,是,否,25,3,7,132185000,5287400,336207.25,0.0,336207.25
2003,花蓮縣,花蓮市,主農里,否,否,53,2,25,95182000,1795886,816684.25,0.0,816684.25
2003,花蓮縣,花蓮市,國光里,否,否,41,3,17,37470000,913902,527574.62,0.0,527574.62
2003,花蓮縣,花蓮市,國威里,是,否,68,3,34,446837000,6571132,1434099.86,0.0,1434099.86
2003,花蓮縣,花蓮市,國安里,否,否,39,4,19,63803000,1635974,611982.82,0.0,611982.82
2003,花蓮縣,花蓮市,國富里,否,否,125,9,64,196731900,1573855,2042887.48,0.0,2042887.48
2003,花蓮縣,花蓮市,國強里,否,否,24,0,18,78865000,3286041,598542.62,0.0,598542.62
2003,花蓮縣,花蓮市,國慶里,否,否,35,5,24,2498929745,71397992,3237235.05,0.0,3237235.05
2003,花蓮縣,花蓮市,國治里,否,否,43,9,19,64126400,1491311,612312.36,0.0,612312.36
2003,花蓮縣,花蓮市,國盛里,否,否,65,5,36,147982000,2276646,1187152.35,0.0,1187152.35
2003,花蓮縣,花蓮市,國福里,否,否,11,1,6,11749000,1068090,184699.11,0.0,184699.11
2003,花蓮縣,花蓮市,國聯里,否,否,138,7,85,1570033840,11377056,4046781.75,0.0,4046781.75
2003,花蓮縣,花蓮市,國興里,否,否,40,7,17,185948000,4648700,678868.74,0.0,678868.74
2003,花蓮縣,花蓮市,國華里,否,否,33,0,18,43283000,1311606,562285.75,0.0,562285.75
2003,花蓮縣,花蓮市,國裕里,否,否,101,6,60,1018712410,10086261,2765306.65,0.0,2765306.65
2003,花蓮縣,花蓮市,國防里,否,否,17,1,11,20112000,1183058,337160.12,0.0,337160.12
2003,花蓮縣,花蓮市,國風里,否,否,67,3,40,161276000,2407104,1315850.01,0.0,1315850.01
2003,花蓮縣,花蓮市,國魂里,否,否,46,8,29,810888300,17628006,1661116.58,0.0,1661116.58
2003,花蓮縣,花蓮市,市區其他未標示里,否,否,84,7,0,544290,6479,554.61,0.0,554.61
2003,花蓮縣,花蓮市,民主里,是,是,31,1,2,106641000,3440032,166239.38,0.0,166239.38
2003,花蓮縣,花蓮市,民享里,否,否,30,1,18,129235000,4307833,649867.97,0.0,649867.97
2003,花蓮縣,花蓮市,民勤里,否,否,40,6,23,141303400,3532585,806104.66,0.0,806104.66
2003,花蓮縣,花蓮市,民孝里,否,否,68,3,29,291676000,4289352,1132056.59,0.0,1132056.59
2003,花蓮縣,花蓮市,民德里,否,否,22,0,11,26392000,1199636,343559.23,0.0,343559.23
2003,花蓮縣,花蓮市,民心里,否,否,113,4,106,2087487500,18473340,5178595.2,0.0,5178595.2
2003,花蓮縣,花蓮市,民意里,否,否,19,1,11,247079000,13004157,568431.92,0.0,568431.92
2003,花蓮縣,花蓮市,民政里,否,否,42,2,24,157890848,3759305,851794.59,0.0,851794.59
2003,花蓮縣,花蓮市,民族里,是,是,46,2,16,299302000,6506565,765584.8,0.0,765584.8
2003,花蓮縣,花蓮市,民有里,否,否,5,0,1,159000,31800,28949.89,0.0,28949.89
2003,花蓮縣,花蓮市,民樂里,否,否,4,0,1,20133000,5033250,49302.73,0.0,49302.73
2003,花蓮縣,花蓮市,民權里,否,否,7,0,3,2211000,315857,88616.57,0.0,88616.57
2003,花蓮縣,花蓮市,民治里,否,否,0,0,0,0,0,0.0,0.0,0.0
2003,花蓮縣,花蓮市,民生里,是,是,113,9,36,91656000,811115,1129758.04,0.0,1129758.04
2003,花蓮縣,花蓮市,民立里,否,否,24,0,18,106268000,4427833,626465.36,0.0,626465.36
2003,花蓮縣,花蓮市,民運里,否,否,67,4,28,331165000,4942761,1143506.68,0.0,1143506.68
2004,花蓮縣,花蓮市,主信里,否,否,37,0,15,90473000,2445216,539925.88,0.0,539925.88
2004,花蓮縣,花蓮市,主力里,是,否,104,5,65,255676000,2458423,2193877.95,0.0,2193877.95
2004,花蓮縣,花蓮市,主勤里,是,否,46,1,25,71210000,1548043,814797.06,0.0,814797.06
2004,花蓮縣,花蓮市,主和里,否,否,56,1,26,122979000,2196053,899691.32,0.0,899691.32
2004,花蓮縣,花蓮市,主商里,是,是,49,2,28,1044304000,21312326,1943798.69,0.0,1943798.69
2004,花蓮縣,花蓮市,主學里,是,否,47,3,24,134881000,2869808,853322.92,0.0,853322.92
2004,花蓮縣,花蓮市,主安里,是,否,48,4,24,246953000,5144854,973142.22,0.0,973142.22
2004,花蓮縣,花蓮市,主工里,是,是,39,0,21,163063000,4181102,794813.35,0.0,794813.35
2004,花蓮縣,花蓮市,主權里,否,否,104,6,60,272009000,2615471,2063607.12,0.0,2063607.12
2004,花蓮縣,花蓮市,主睦里,否,否,46,2,19,124245000,2700978,694218.78,0.0,694218.78
2004,花蓮縣,花蓮市,主義里,否,否,15,0,5,5310000,354000,153409.96,0.0,153409.96
2004,花蓮縣,花蓮市,主計里,是,否,26,1,7,132385000,5091730,348362.54,0.0,348362.54
2004,花蓮縣,花蓮市,主農里,否,否,55,2,25,95448000,1735418,840710.58,0.0,840710.58
2004,花蓮縣,花蓮市,國光里,否,否,42,1,18,37670000,896904,572112.46,0.0,572112.46
2004,花蓮縣,花蓮市,國威里,是,否,71,3,35,446870000,6293943,1511891.41,0.0,1511891.41
2004,花蓮縣,花蓮市,國安里,否,否,44,5,23,130306000,2961500,818885.08,0.0,818885.08
2004,花蓮縣,花蓮市,國富里,否,否,137,12,66,197879900,1444378,2161633.11,0.0,2161633.11
2004,花蓮縣,花蓮市,國強里,否,否,26,2,19,79415000,3054423,646289.78,0.0,646289.78
2004,花蓮縣,花蓮市,國慶里,否,否,35,0,24,2498929745,71397992,3380793.25,0.0,3380793.25
2004,花蓮縣,花蓮市,國治里,否,否,46,3,21,64236400,1396443,689155.08,0.0,689155.08
2004,花蓮縣,花蓮市,國盛里,否,否,72,7,40,149917000,2082180,1342143.59,0.0,1342143.59
2004,花蓮縣,花蓮市,國福里,否,否,13,2,7,12754000,981076,220461.71,0.0,220461.71
2004,花蓮縣,花蓮市,國聯里,否,否,147,9,91,1597551840,10867699,4396725.81,0.0,4396725.81
2004,花蓮縣,花蓮市,國興里,否,否,45,5,18,186221000,4138244,730932.47,0.0,730932.47
2004,花蓮縣,花蓮市,國華里,否,否,34,1,18,43286000,1273117,578116.68,0.0,578116.68
2004,花蓮縣,花蓮市,國裕里,否,否,108,7,64,1020625410,9450235,2982160.08,0.0,2982160.08
2004,花蓮縣,花蓮市,國防里,否,否,17,0,11,20112000,1183058,346514.67,0.0,346514.67
2004,花蓮縣,花蓮市,國風里,否,否,70,3,41,162336000,2319085,1384967.67,0.0,1384967.67
2004,花蓮縣,花蓮市,國魂里,否,否,51,5,31,822261300,16122770,1795046.39,0.0,1795046.39
2004,花蓮縣,花蓮市,市區其他未標示里,否,否,85,1,0,594290,6991,635.37,0.0,635.37
2004,花蓮縣,花蓮市,民主里,是,是,34,3,2,106699000,3138205,173168.03,0.0,173168.03
2004,花蓮縣,花蓮市,民享里,否,否,32,2,19,154238000,4819937,726285.14,0.0,726285.14
2004,花蓮縣,花蓮市,民勤里,否,否,45,5,24,146379400,3252875,865616.18,0.0,865616.18
2004,花蓮縣,花蓮市,民孝里,否,否,75,7,30,292326000,3897680,1198931.23,0.0,1198931.23
2004,花蓮縣,花蓮市,民德里,否,否,22,0,11,26392000,1199636,353228.79,0.0,353228.79
2004,花蓮縣,花蓮市,民心里,否,否,118,5,111,2152977500,18245572,5581478.43,0.0,5581478.43
2004,花蓮縣,花蓮市,民意里,否,否,22,3,12,247287000,11240318,618940.36,0.0,618940.36
2004,花蓮縣,花蓮市,民政里,否,否,45,3,25,158136848,3514152,907732.98,0.0,907732.98
2004,花蓮縣,花蓮市,民族里,是,是,46,0,16,299302000,6506565,792737.36,0.0,792737.36
2004,花蓮縣,花蓮市,民有里,否,否,5,0,1,159000,31800,29716.57,0.0,29716.57
2004,花蓮縣,花蓮市,民樂里,否,否,4,0,1,20133000,5033250,51071.33,0.0,51071.33
2004,花蓮縣,花蓮市,民權里,否,否,7,0,3,2211000,315857,91003.58,0.0,91003.58
2004,花蓮縣,花蓮市,民治里,否,否,0,0,0,0,0,0.0,0.0,0.0
2004,花蓮縣,花蓮市,民生里,是,是,120,7,40,92972000,774766,1281262.1,0.0,1281262.1
2004,花蓮縣,花蓮市,民立里,否,否,25,1,19,106268000,4250720,674999.07,0.0,674999.07
2004,花蓮縣,花蓮市,民運里,否,否,70,3,28,331468000,4735257,1181685.87,0.0,1181685.87
2005,花蓮縣,花蓮市,主信里,否,否,39,2,16,91033000,2334179,564632.73,0.0,564632.73
2005,花蓮縣,花蓮市,主力里,是,否,108,4,68,261171000,2418250,2261165.36,0.0,2261165.36
2005,花蓮縣,花蓮市,主勤里,是,否,48,2,26,71455000,1488645,833265.73,0.0,833265.73
2005,花蓮縣,花蓮市,主和里,否,否,62,6,30,128749000,2076596,1012477.13,0.0,1012477.13
2005,花蓮縣,花蓮市,主商里,是,是,50,1,28,1044504000,20890080,1963460.82,52800.0,2016260.82
2005,花蓮縣,花蓮市,主學里,是,否,48,1,25,135371000,2820229,874671.07,0.0,874671.07
2005,花蓮縣,花蓮市,主安里,是,否,52,4,27,248161000,4772326,1056989.74,0.0,1056989.74
2005,花蓮縣,花蓮市,主工里,是,是,40,1,22,163543000,4088575,818650.89,0.0,818650.89
2005,花蓮縣,花蓮市,主權里,否,否,108,4,61,272018000,2518685,2069973.62,0.0,2069973.62
2005,花蓮縣,花蓮市,主睦里,否,否,49,3,21,124248000,2535673,746333.19,0.0,746333.19
2005,花蓮縣,花蓮市,主義里,否,否,15,0,5,5310000,354000,150953.33,0.0,150953.33
2005,花蓮縣,花蓮市,主計里,是,否,31,5,11,150398000,4851548,484941.56,0.0,484941.56
2005,花蓮縣,花蓮市,主農里,否,否,60,5,29,129698000,2161633,984502.28,0.0,984502.28
2005,花蓮縣,花蓮市,國光里,否,否,44,2,20,43670000,992500,628527.81,0.0,628527.81
2005,花蓮縣,花蓮市,國威里,是,否,74,3,36,466905000,6309527,1559197.34,0.0,1559197.34
2005,花蓮縣,花蓮市,國安里,否,否,47,3,26,185306000,3942680,958712.46,0.0,958712.46
2005,花蓮縣,花蓮市,國富里,否,否,143,6,69,208385900,1457244,2232024.59,0.0,2232024.59
2005,花蓮縣,花蓮市,國強里,否,否,27,1,20,84415000,3126481,673422.69,0.0,673422.69
2005,花蓮縣,花蓮市,國慶里,否,否,42,7,30,2519889745,59997374,3647155.68,0.0,3647155.68
2005,花蓮縣,花蓮市,國治里,否,否,49,3,23,66439400,1355906,740677.78,0.0,740677.78
2005,花蓮縣,花蓮市,國盛里,否,否,78,6,45,268117000,3437397,1601347.28,0.0,1601347.28
2005,花蓮縣,花蓮市,國福里,否,否,14,1,7,13002000,928714,217469.76,0.0,217469.76
2005,花蓮縣,花蓮市,國聯里,否,否,154,7,96,1620066840,10519914,4571038.84,0.0,4571038.84
2005,花蓮縣,花蓮市,國興里,否,否,51,6,22,196854000,3859882,855354.62,0.0,855354.62
2005,花蓮縣,花蓮市,國華里,否,否,39,5,21,45639000,1170230,659717.86,0.0,659717.86
2005,花蓮縣,花蓮市,國裕里,否,否,118,10,72,1058363410,8969181,3255633.86,0.0,3255633.86
2005,花蓮縣,花蓮市,國防里,否,否,19,2,13,21562000,1134842,401024.61,0.0,401024.61
2005,花蓮縣,花蓮市,國風里,否,否,75,5,44,166916000,2225546,1460818.45,0.0,1460818.45
2005,花蓮縣,花蓮市,國魂里,否,否,54,3,33,825774300,15292116,1867555.99,0.0,1867555.99
2005,花蓮縣,花蓮市,市區其他未標示里,否,否,85,0,0,594290,6991,654.82,0.0,654.82
2005,花蓮縣,花蓮市,民主里,是,是,35,1,3,106749000,3049971,204682.89,158400.0,363082.89
2005,花蓮縣,花蓮市,民享里,否,否,35,3,22,161044000,4601257,815897.36,0.0,815897.36
2005,花蓮縣,花蓮市,民勤里,否,否,51,6,26,147497400,2892105,917053.05,0.0,917053.05
2005,花蓮縣,花蓮市,民孝里,否,否,91,16,36,315012000,3461670,1391834.03,0.0,1391834.03
2005,花蓮縣,花蓮市,民德里,否,否,24,2,12,26895000,1120625,377880.27,0.0,377880.27
2005,花蓮縣,花蓮市,民心里,否,否,127,9,120,2227177500,17536830,5936475.78,0.0,5936475.78
2005,花蓮縣,花蓮市,民意里,否,否,24,2,13,247437000,10309875,649904.99,0.0,649904.99
2005,花蓮縣,花蓮市,民政里,否,否,46,1,26,158236848,3439931,928886.31,0.0,928886.31
2005,花蓮縣,花蓮市,民族里,是,是,48,2,17,299822000,6246291,823707.41,211200.0,1034907.41
2005,花蓮縣,花蓮市,民有里,否,否,5,0,1,159000,31800,29195.7,0.0,29195.7
2005,花蓮縣,花蓮市,民樂里,否,否,4,0,1,20133000,5033250,51204.05,0.0,51204.05
2005,花蓮縣,花蓮市,民權里,否,否,7,0,3,2211000,315857,89497.69,0.0,89497.69
2005,花蓮縣,花蓮市,民治里,否,否,0,0,0,0,0,0.0,0.0,0.0
2005,花蓮縣,花蓮市,民生里,是,是,123,3,41,93227000,757943,1292562.72,105600.0,1398162.72
2005,花蓮縣,花蓮市,民立里,否,否,26,1,20,106268000,4087230,697501.42,0.0,697501.42
2005,花蓮縣,花蓮市,民運里,否,否,74,4,30,336479000,4547013,1241364.44,0.0,1241364.44
2006,花蓮縣,花蓮市,主信里,否,否,41,2,16,91093000,2221780,552804.27,0.0,552804.27
2006,花蓮縣,花蓮市,主力里,是,否,116,8,73,263758000,2273775,2356161.12,0.0,2356161.12
2006,花蓮縣,花蓮市,主勤里,是,否,51,3,28,73415000,1439509,873393.73,0.0,873393.73
2006,花蓮縣,花蓮市,主和里,否,否,67,5,33,135809000,2027000,1083234.93,0.0,1083234.93
2006,花蓮縣,花蓮市,主商里,是,是,52,2,29,1044954000,20095269,1963817.77,0.0,1963817.77
2006,花蓮縣,花蓮市,主學里,是,否,50,2,26,140431000,2808620,890003.86,0.0,890003.86
2006,花蓮縣,花蓮市,主安里,是,否,54,2,28,253611000,4696500,1070386.1,0.0,1070386.1
2006,花蓮縣,花蓮市,主工里,是,是,42,2,23,173548000,4132095,841228.94,0.0,841228.94
2006,花蓮縣,花蓮市,主權里,否,否,111,3,62,273248000,2461693,2054946.72,0.0,2054946.72
2006,花蓮縣,花蓮市,主睦里,否,否,50,1,21,124251000,2485020,730684.34,0.0,730684.34
2006,花蓮縣,花蓮市,主義里,否,否,16,1,5,5335000,333437,147463.64,0.0,147463.64
2006,花蓮縣,花蓮市,主計里,是,否,33,2,13,150501000,4560636,532770.98,0.0,532770.98
2006,花蓮縣,花蓮市,主農里,否,否,66,6,32,131851000,1997742,1050581.73,0.0,1050581.73
2006,花蓮縣,花蓮市,國光里,否,否,46,2,21,44560000,968695,643565.21,0.0,643565.21
2006,花蓮縣,花蓮市,國威里,是,否,77,3,39,470385000,6108896,1618954.95,0.0,1618954.95
2006,花蓮縣,花蓮市,國安里,否,否,51,4,27,185882000,3644745,968017.69,0.0,968017.69
2006,花蓮縣,花蓮市,國富里,否,否,158,15,78,227961900,1442796,2458659.76,0.0,2458659.76
2006,花蓮縣,花蓮市,國強里,否,否,30,3,23,154415000,5147166,820312.52,0.0,820312.52
2006,花蓮縣,花蓮市,國慶里,否,否,45,3,30,2520004745,56000105,3604686.73,0.0,3604686.73
2006,花蓮縣,花蓮市,國治里,否,否,52,3,24,66495400,1278757,752524.06,0.0,752524.06
2006,花蓮縣,花蓮市,國盛里,否,否,86,8,50,298817000,3474616,1742983.79,0.0,1742983.79
2006,花蓮縣,花蓮市,國福里,否,否,14,0,7,13002000,928714,212497.84,0.0,212497.84
2006,花蓮縣,花蓮市,國聯里,否,否,167,13,104,1809116840,10833034,4923679.85,0.0,4923679.85
2006,花蓮縣,花蓮市,國興里,否,否,54,3,23,198964000,3684518,869014.0,0.0,869014.0
2006,花蓮縣,花蓮市,國華里,否,否,43,4,22,48902000,1137255,676638.2,0.0,676638.2
2006,花蓮縣,花蓮市,國裕里,否,否,130,12,82,1121676410,8628280,3548983.98,0.0,3548983.98
2006,花蓮縣,花蓮市,國防里,否,否,22,3,13,21578000,980818,391830.85,0.0,391830.85
2006,花蓮縣,花蓮市,國風里,否,否,83,8,51,191906000,2312120,1654433.71,0.0,1654433.71
2006,花蓮縣,花蓮市,國魂里,否,否,58,4,35,825982300,14241074,1894392.98,0.0,1894392.98
2006,花蓮縣,花蓮市,市區其他未標示里,否,否,86,1,0,644290,7491,704.35,0.0,704.35
2006,花蓮縣,花蓮市,民主里,是,是,38,3,5,116832000,3074526,269353.46,0.0,269353.46
2006,花蓮縣,花蓮市,民享里,否,否,39,4,24,162114000,4156769,857055.43,0.0,857055.43
2006,花蓮縣,花蓮市,民勤里,否,否,56,5,29,154089000,2751589,989913.76,0.0,989913.76
2006,花蓮縣,花蓮市,民孝里,否,否,95,4,39,600316500,6319121,1760997.58,0.0,1760997.58
2006,花蓮縣,花蓮市,民德里,否,否,30,6,15,98440000,3281333,532509.82,0.0,532509.82
2006,花蓮縣,花蓮市,民心里,否,否,130,3,123,2260167500,17385903,5954972.84,0.0,5954972.84
2006,花蓮縣,花蓮市,民意里,否,否,27,3,14,248493000,9203444,668223.24,0.0,668223.24
2006,花蓮縣,花蓮市,民政里,否,否,50,4,27,158625848,3172516,938220.95,0.0,938220.95
2006,花蓮縣,花蓮市,民族里,是,是,50,2,18,299842000,5996840,837663.65,0.0,837663.65
2006,花蓮縣,花蓮市,民有里,否,否,5,0,1,159000,31800,28500.09,0.0,28500.09
2006,花蓮縣,花蓮市,民樂里,否,否,6,2,2,20146000,3357666,78676.38,0.0,78676.38
2006,花蓮縣,花蓮市,民權里,否,否,9,2,4,4664000,518222,118403.82,0.0,118403.82
2006,花蓮縣,花蓮市,民治里,否,否,0,0,0,0,0,0.0,0.0,0.0
2006,花蓮縣,花蓮市,民生里,是,是,135,12,47,95031000,703933,1435223.74,0.0,1435223.74
2006,花蓮縣,花蓮市,民立里,否,否,29,3,20,106701000,3679344,683172.2,0.0,683172.2
2006,花蓮縣,花蓮市,民運里,否,否,77,3,30,336592000,4371324,1217754.44,0.0,1217754.44
2007,花蓮縣,花蓮市,主信里,否,否,41,0,16,91093000,2221780,551915.35,0.0,551915.35
2007,花蓮縣,花蓮市,主力里,是,否,122,6,77,315243000,2583959,2515817.22,0.0,2515817.22
2007,花蓮縣,花蓮市,主勤里,是,否,54,3,29,73985000,1370092,896547.4,0.0,896547.4
2007,花蓮縣,花蓮市,主和里,否,否,71,4,34,137917000,1942492,1109420.86,0.0,1109420.86
2007,花蓮縣,花蓮市,主商里,是,是,55,3,30,1046987000,19036127,2032937.05,0.0,2032937.05
2007,花蓮縣,花蓮市,主學里,是,否,55,5,29,142341000,2588018,974414.1,0.0,974414.1
2007,花蓮縣,花蓮市,主安里,是,否,54,0,28,253611000,4696500,1073156.36,0.0,1073156.36
2007,花蓮縣,花蓮市,主工里,是,是,48,6,24,177034000,3688208,873887.8,0.0,873887.8
2007,花蓮縣,花蓮市,主權里,否,否,119,8,70,291779000,2451924,2293023.75,0.0,2293023.75
2007,花蓮縣,花蓮市,主睦里,否,否,52,2,22,124454000,2393346,757973.58,0.0,757973.58
2007,花蓮縣,花蓮市,主義里,否,否,16,0,5,5335000,333437,146123.58,0.0,146123.58
2007,花蓮縣,花蓮市,主計里,是,否,33,0,13,150501000,4560636,535561.29,0.0,535561.29
2007,花蓮縣,花蓮市,主農里,否,否,71,5,36,136039000,1916042,1163300.09,0.0,1163300.09
2007,花蓮縣,花蓮市,國光里,否,否,48,2,22,44810000,933541,667248.33,0.0,667248.33
2007,花蓮縣,花蓮市,國威里,是,否,83,6,41,471291000,5678204,1685243.59,0.0,1685243.59
2007,花蓮縣,花蓮市,國安里,否,否,53,2,28,186385000,3516698,996576.89,0.0,996576.89
2007,花蓮縣,花蓮市,國富里,否,否,167,9,83,229922900,1376783,2586681.68,0.0,2586681.68
2007,花蓮縣,花蓮市,國強里,否,否,33,3,26,170660000,5171515,922645.48,0.0,922645.48
2007,花蓮縣,花蓮市,國慶里,否,否,50,5,34,2520414745,50408294,3823406.84,0.0,3823406.84
2007,花蓮縣,花蓮市,國治里,否,否,57,5,29,74194400,1301656,896785.94,0.0,896785.94
2007,花蓮縣,花蓮市,國盛里,否,否,94,8,53,301988000,3212638,1828495.77,0.0,1828495.77
2007,花蓮縣,花蓮市,國福里,否,否,16,2,8,13015000,813437,238899.91,0.0,238899.91
2007,花蓮縣,花蓮市,國聯里,否,否,184,17,112,1811265840,9843836,5200312.9,0.0,5200312.9
2007,花蓮縣,花蓮市,國興里,否,否,58,4,25,200182000,3451413,928265.75,0.0,928265.75
2007,花蓮縣,花蓮市,國華里,否,否,47,4,24,49208000,1046978,728276.77,0.0,728276.77
2007,花蓮縣,花蓮市,國裕里,否,否,140,10,87,1124062410,8029017,3717264.11,0.0,3717264.11
2007,花蓮縣,花蓮市,國防里,否,否,23,1,13,21581000,938304,388704.04,0.0,388704.04
2007,花蓮縣,花蓮市,國風里,否,否,88,5,55,197399000,2243170,1765373.32,0.0,1765373.32
2007,花蓮縣,花蓮市,國魂里,否,否,60,2,36,826042300,13767371,1949306.82,0.0,1949306.82
2007,花蓮縣,花蓮市,市區其他未標示里,否,否,90,4,0,656290,7292,747.6,0.0,747.6
2007,花蓮縣,花蓮市,民主里,是,是,48,10,7,116879000,2434979,329205.75,0.0,329205.75
2007,花蓮縣,花蓮市,民享里,否,否,47,8,27,178526000,3798425,959615.17,0.0,959615.17
2007,花蓮縣,花蓮市,民勤里,否,否,60,4,32,164292000,2738200,1083447.02,0.0,1083447.02
2007,花蓮縣,花蓮市,民孝里,否,否,99,4,41,601996500,6080772,1834134.76,0.0,1834134.76
2007,花蓮縣,花蓮市,民德里,否,否,31,1,16,110440000,3562580,573954.19,0.0,573954.19
2007,花蓮縣,花蓮市,民心里,否,否,135,5,127,2279173500,16882766,6153461.66,0.0,6153461.66
2007,花蓮縣,花蓮市,民意里,否,否,30,3,16,258496000,8616533,742609.92,0.0,742609.92
2007,花蓮縣,花蓮市,民政里,否,否,56,6,30,163278848,2915693,1026274.39,0.0,1026274.39
2007,花蓮縣,花蓮市,民族里,是,是,51,1,18,299842000,5879254,845727.11,0.0,845727.11
2007,花蓮縣,花蓮市,民有里,否,否,6,1,1,162000,27000,28193.8,0.0,28193.8
2007,花蓮縣,花蓮市,民樂里,否,否,7,1,3,21146000,3020857,108115.92,0.0,108115.92
2007,花蓮縣,花蓮市,民權里,否,否,9,0,4,4664000,518222,117349.96,0.0,117349.96
2007,花蓮縣,花蓮市,民治里,否,否,0,0,0,0,0,0.0,0.0,0.0
2007,花蓮縣,花蓮市,民生里,是,是,141,6,50,95045000,674078,1508732.03,0.0,1508732.03
2007,花蓮縣,花蓮市,民立里,否,否,33,4,21,113204000,3430424,717149.05,0.0,717149.05
2007,花蓮縣,花蓮市,民運里,否,否,80,3,30,336604000,4207550,1223715.09,0.0,1223715.09
2008,花蓮縣,花蓮市,主信里,否,否,42,1,16,95593000,2276023,556819.02,0.0,556819.02
2008,花蓮縣,花蓮市,主力里,是,否,127,5,79,315534000,2484519,2567011.23,0.0,2567011.23
2008,花蓮縣,花蓮市,主勤里,是,否,56,2,30,74195000,1324910,921654.53,0.0,921654.53
2008,花蓮縣,花蓮市,主和里,否,否,78,7,36,140076000,1795846,1165452.94,0.0,1165452.94
2008,花蓮縣,花蓮市,主商里,是,是,59,4,30,1047148000,17748271,2055212.91,0.0,2055212.91
2008,花蓮縣,花蓮市,主學里,是,否,61,6,29,142456000,2335344,973342.97,0.0,973342.97
2008,花蓮縣,花蓮市,主安里,是,否,54,0,28,253611000,4696500,1075005.93,0.0,1075005.93
2008,花蓮縣,花蓮市,主工里,是,是,54,6,27,183446000,3397148,965418.38,0.0,965418.38
2008,花蓮縣,花蓮市,主權里,否,否,128,9,72,297103000,2321117,2350654.99,0.0,2350654.99
2008,花蓮縣,花蓮市,主睦里,否,否,56,4,24,134660000,2404642,825058.06,0.0,825058.06
2008,花蓮縣,花蓮市,主義里,否,否,19,3,6,6388000,336210,174484.9,0.0,174484.9
2008,花蓮縣,花蓮市,主計里,是,否,34,1,13,150504000,4426588,537272.97,0.0,537272.97
2008,花蓮縣,花蓮市,主農里,否,否,76,5,38,138250000,1819078,1219006.33,0.0,1219006.33
2008,花蓮縣,花蓮市,國光里,否,否,49,1,23,45290000,924285,693095.34,0.0,693095.34
2008,花蓮縣,花蓮市,國威里,是,否,87,4,43,472314000,5428896,1747416.32,0.0,1747416.32
2008,花蓮縣,花蓮市,國安里,否,否,55,2,30,191634000,3484254,1058479.19,0.0,1058479.19
2008,花蓮縣,花蓮市,國富里,否,否,175,8,88,233958900,1336908,2722534.17,0.0,2722534.17
2008,花蓮縣,花蓮市,國強里,否,否,33,0,26,170660000,5171515,922681.39,0.0,922681.39
2008,花蓮縣,花蓮市,國慶里,否,否,53,3,36,2531084745,47756315,3951145.58,0.0,3951145.58
2008,花蓮縣,花蓮市,國治里,否,否,62,5,32,74539400,1202248,977736.59,0.0,977736.59
2008,花蓮縣,花蓮市,國盛里,否,否,102,8,57,303591000,2976382,1940607.88,0.0,1940607.88
2008,花蓮縣,花蓮市,國福里,否,否,17,1,8,13025000,766176,237898.28,0.0,237898.28
2008,花蓮縣,花蓮市,國聯里,否,否,197,13,120,1813246840,9204298,5453408.19,0.0,5453408.19
2008,花蓮縣,花蓮市,國興里,否,否,65,7,28,201933000,3106661,1014797.44,0.0,1014797.44
2008,花蓮縣,花蓮市,國華里,否,否,53,6,27,149714000,2824792,926118.24,0.0,926118.24
2008,花蓮縣,花蓮市,國裕里,否,否,148,8,93,1140568410,7706543,3917999.77,0.0,3917999.77
2008,花蓮縣,花蓮市,國防里,否,否,23,0,13,21581000,938304,387068.65,0.0,387068.65
2008,花蓮縣,花蓮市,國風里,否,否,90,2,55,197412000,2193466,1761221.1,0.0,1761221.1
2008,花蓮縣,花蓮市,國魂里,否,否,62,2,36,826048300,13323359,1964658.71,0.0,1964658.71
2008,花蓮縣,花蓮市,市區其他未標示里,否,否,93,3,0,665290,7153,775.11,0.0,775.11
2008,花蓮縣,花蓮市,民主里,是,是,56,8,8,117197000,2092803,359265.96,0.0,359265.96
2008,花蓮縣,花蓮市,民享里,否,否,49,2,29,179126000,3655632,1016066.09,0.0,1016066.09
2008,花蓮縣,花蓮市,民勤里,否,否,62,2,32,164402000,2651645,1082432.81,0.0,1082432.81
2008,花蓮縣,花蓮市,民孝里,否,否,101,2,42,602296500,5963331,1871014.63,0.0,1871014.63
2008,花蓮縣,花蓮市,民德里,否,否,32,1,17,111440000,3482500,603122.29,0.0,603122.29
2008,花蓮縣,花蓮市,民心里,否,否,135,0,127,2279173500,16882766,6191128.22,0.0,6191128.22
2008,花蓮縣,花蓮市,民意里,否,否,33,3,17,258749000,7840878,774747.6,0.0,774747.6
2008,花蓮縣,花蓮市,民政里,否,否,58,2,31,173288848,2987738,1064946.21,0.0,1064946.21
2008,花蓮縣,花蓮市,民族里,是,是,56,5,21,325078000,5804964,963387.15,0.0,963387.15
2008,花蓮縣,花蓮市,民有里,否,否,7,1,1,1162000,166000,29194.22,0.0,29194.22
2008,花蓮縣,花蓮市,民樂里,否,否,7,0,3,21146000,3020857,108157.79,0.0,108157.79
2008,花蓮縣,花蓮市,民權里,否,否,10,1,5,24664000,2466400,167937.31,0.0,167937.31
2008,花蓮縣,花蓮市,民治里,否,否,0,0,0,0,0,0.0,0.0,0.0
2008,花蓮縣,花蓮市,民生里,是,是,150,9,51,95810000,638733,1531486.03,0.0,1531486.03
2008,花蓮縣,花蓮市,民立里,否,否,35,2,22,113652000,3247200,744901.46,0.0,744901.46
2008,花蓮縣,花蓮市,民運里,否,否,83,3,30,337287000,4063698,1228175.14,0.0,1228175.14
2009,花蓮縣,花蓮市,主信里,否,否,46,4,20,96593000,2099847,619198.82,0.0,619198.82
2009,花蓮縣,花蓮市,主力里,是,否,130,3,80,315804000,2429261,2397511.81,0.0,2397511.81
2009,花蓮縣,花蓮市,主勤里,是,否,58,2,32,77195000,1330948,903810.77,0.0,903810.77
2009,花蓮縣,花蓮市,主和里,否,否,85,7,38,140677000,1655023,1128335.92,0.0,1128335.92
2009,花蓮縣,花蓮市,主商里,是,是,61,2,30,1047251000,17168049,1942605.33,0.0,1942605.33
2009,花蓮縣,花蓮市,主學里,是,否,66,5,32,142692000,2162000,977396.94,0.0,977396.94
2009,花蓮縣,花蓮市,主安里,是,否,56,2,28,253714000,4530607,999995.41,0.0,999995.41
2009,花蓮縣,花蓮市,主工里,是,是,57,3,28,185452000,3253543,923302.75,0.0,923302.75
2009,花蓮縣,花蓮市,主權里,否,否,136,8,75,298062000,2191632,2249909.55,0.0,2249909.55
2009,花蓮縣,花蓮市,主睦里,否,否,59,3,25,134960000,2287457,789973.35,0.0,789973.35
2009,花蓮縣,花蓮市,主義里,否,否,19,0,6,6388000,336210,160379.79,0.0,160379.79
2009,花蓮縣,花蓮市,主計里,是,否,38,4,15,151607000,3989657,553338.25,0.0,553338.25
2009,花蓮縣,花蓮市,主農里,否,否,82,6,40,152865000,1864207,1193096.81,0.0,1193096.81
2009,花蓮縣,花蓮市,國光里,否,否,54,5,26,61755000,1143611,733261.02,0.0,733261.02
2009,花蓮縣,花蓮市,國威里,是,否,94,7,46,472762000,5029382,1705705.34,0.0,1705705.34
2009,花蓮縣,花蓮市,國安里,否,否,63,8,34,198315000,3147857,1090957.24,0.0,1090957.24
2009,花蓮縣,花蓮市,國富里,否,否,190,15,91,237236900,1248615,2590113.21,0.0,2590113.21
2009,花蓮縣,花蓮市,國強里,否,否,37,4,30,175130000,4733243,962773.56,0.0,962773.56
2009,花蓮縣,花蓮市,國慶里,否,否,61,8,40,2533390745,41530995,3867627.93,0.0,3867627.93
2009,花蓮縣,花蓮市,國治里,否,否,66,4,33,78634400,1191430,930961.75,0.0,930961.75
2009,花蓮縣,花蓮市,國盛里,否,否,107,5,60,334389000,3125130,1907715.98,0.0,1907715.98
2009,花蓮縣,花蓮市,國福里,否,否,20,3,9,13278000,663900,244722.16,0.0,244722.16
2009,花蓮縣,花蓮市,國聯里,否,否,207,10,128,1849704840,8935772,5346478.91,0.0,5346478.91
2009,花蓮縣,花蓮市,國興里,否,否,73,8,33,208739000,2859438,1077134.84,0.0,1077134.84
2009,花蓮縣,花蓮市,國華里,否,否,56,3,27,149757000,2674232,857665.46,0.0,857665.46
2009,花蓮縣,花蓮市,國裕里,否,否,159,11,103,1146116410,7208279,3917649.02,0.0,3917649.02
2009,花蓮縣,花蓮市,國防里,否,否,25,2,13,21686000,867440,356303.82,0.0,356303.82
2009,花蓮縣,花蓮市,國風里,否,否,97,7,61,203822000,2101257,1786557.19,0.0,1786557.19
2009,花蓮縣,花蓮市,國魂里,否,否,65,3,39,836288300,12865973,1935392.08,0.0,1935392.08
2009,花蓮縣,花蓮市,市區其他未標示里,否,否,95,2,0,718290,7560,807.0,0.0,807.0
2009,花蓮縣,花蓮市,民主里,是,是,60,4,8,117258000,1954300,336010.34,0.0,336010.34
2009,花蓮縣,花蓮市,民享里,否,否,54,5,32,181879000,3368129,1021423.7,0.0,1021423.7
2009,花蓮縣,花蓮市,民勤里,否,否,67,5,35,166272000,2481671,1080490.6,0.0,1080490.6
2009,花蓮縣,花蓮市,民孝里,否,否,104,3,45,612696500,5891312,1837388.56,0.0,1837388.56
2009,花蓮縣,花蓮市,民德里,否,否,33,1,17,111443000,3377060,559281.43,0.0,559281.43
2009,花蓮縣,花蓮市,民心里,否,否,140,5,132,2279623500,16283025,5931629.64,0.0,5931629.64
2009,花蓮縣,花蓮市,民意里,否,否,37,4,20,316634000,8557675,866415.84,0.0,866415.84
2009,花蓮縣,花蓮市,民政里,否,否,62,4,33,175381848,2828739,1039657.93,0.0,1039657.93
2009,花蓮縣,花蓮市,民族里,是,是,56,0,21,325078000,5804964,901436.52,0.0,901436.52
2009,花蓮縣,花蓮市,民有里,否,否,7,0,1,1162000,166000,26839.32,0.0,26839.32
2009,花蓮縣,花蓮市,民樂里,否,否,8,1,4,21394000,2674250,126171.48,0.0,126171.48
2009,花蓮縣,花蓮市,民權里,否,否,11,1,6,24664000,2242181,180912.96,0.0,180912.96
2009,花蓮縣,花蓮市,民治里,否,否,1,1,0,20000,20000,22.47,0.0,22.47
2009,花蓮縣,花蓮市,民生里,是,是,159,9,55,111998000,704389,1530189.67,0.0,1530189.67
2009,花蓮縣,花蓮市,民立里,否,否,38,3,24,113902000,2997421,740780.78,0.0,740780.78
2009,花蓮縣,花蓮市,民運里,否,否,87,4,31,337443000,3878655,1170666.73,0.0,1170666.73
2010,花蓮縣,花蓮市,主信里,否,否,46,0,20,96593000,2099847,618493.57,0.0,618493.57
2010,花蓮縣,花蓮市,主力里,是,否,134,4,82,316304000,2360477,2443745.8,0.0,2443745.8
2010,花蓮縣,花蓮市,主勤里,是,否,61,3,33,77535000,1271065,925992.61,0.0,925992.61
2010,花蓮縣,花蓮市,主和里,否,否,88,3,41,179877000,2044056,1246963.31,0.0,1246963.31
2010,花蓮縣,花蓮市,主商里,是,是,66,5,31,1107431000,16779257,2064735.52,75400.0,2140135.52
2010,花蓮縣,花蓮市,主學里,是,否,67,1,32,142742000,2130477,975953.92,0.0,975953.92
2010,花蓮縣,花蓮市,主安里,是,否,60,4,30,254849000,4247483,1054733.62,0.0,1054733.62
2010,花蓮縣,花蓮市,主工里,是,是,60,3,29,196492000,3274866,961989.69,0.0,961989.69
2010,花蓮縣,花蓮市,主權里,否,否,140,4,78,299552000,2139657,2323011.28,0.0,2323011.28
2010,花蓮縣,花蓮市,主睦里,否,否,63,4,25,135413000,2149412,790061.5,0.0,790061.5
2010,花蓮縣,花蓮市,主義里,否,否,20,1,6,6398000,319900,159470.33,0.0,159470.33
2010,花蓮縣,花蓮市,主計里,是,否,42,4,16,151818000,3614714,580885.96,0.0,580885.96
2010,花蓮縣,花蓮市,主農里,否,否,89,7,45,155550000,1747752,1320255.31,0.0,1320255.31
2010,花蓮縣,花蓮市,國光里,否,否,58,4,28,62210000,1072586,781559.27,0.0,781559.27
2010,花蓮縣,花蓮市,國威里,是,否,99,5,49,474665000,4794595,1790191.72,0.0,1790191.72
2010,花蓮縣,花蓮市,國安里,否,否,67,4,36,199775000,2981716,1143209.35,0.0,1143209.35
2010,花蓮縣,花蓮市,國富里,否,否,202,12,98,239544900,1185865,2760645.91,0.0,2760645.91
2010,花蓮縣,花蓮市,國強里,否,否,37,0,30,175130000,4733243,962665.39,0.0,962665.39
2010,花蓮縣,花蓮市,國慶里,否,否,64,3,41,2533435745,39584933,3965110.6,0.0,3965110.6
2010,花蓮縣,花蓮市,國治里,否,否,69,3,34,80237400,1162860,954460.5,0.0,954460.5
2010,花蓮縣,花蓮市,國盛里,否,否,114,7,62,337785000,2963026,1961617.02,0.0,1961617.02
2010,花蓮縣,花蓮市,國福里,否,否,21,1,10,13527000,644142,269091.16,0.0,269091.16
2010,花蓮縣,花蓮市,國聯里,否,否,218,11,135,1876809840,8609219,5589372.88,0.0,5589372.88
2010,花蓮縣,花蓮市,國興里,否,否,83,10,36,215451000,2595795,1161313.71,0.0,1161313.71
2010,花蓮縣,花蓮市,國華里,否,否,61,5,29,149893000,2457262,908172.07,0.0,908172.07
2010,花蓮縣,花蓮市,國裕里,否,否,173,14,111,1170375410,6765175,4165180.19,0.0,4165180.19
2010,花蓮縣,花蓮市,國防里,否,否,31,6,15,25070000,808709,409156.63,0.0,409156.63
2010,花蓮縣,花蓮市,國風里,否,否,104,7,65,211335000,2032067,1891619.33,0.0,1891619.33
2010,花蓮縣,花蓮市,國魂里,否,否,69,4,42,838588300,12153453,2033062.1,0.0,2033062.1
2010,花蓮縣,花蓮市,市區其他未標示里,否,否,98,3,0,926290,9451,1069.78,0.0,1069.78
2010,花蓮縣,花蓮市,民主里,是,是,65,5,8,117320000,1804923,338268.94,226200.0,564468.94
2010,花蓮縣,花蓮市,民享里,否,否,56,2,33,188179000,3360339,1053776.41,0.0,1053776.41
2010,花蓮縣,花蓮市,民勤里,否,否,70,3,38,166518000,2378828,1155494.27,0.0,1155494.27
2010,花蓮縣,花蓮市,民孝里,否,否,108,4,47,616099500,5704625,1902842.03,0.0,1902842.03
2010,花蓮縣,花蓮市,民德里,否,否,33,0,17,111443000,3377060,559603.36,0.0,559603.36
2010,花蓮縣,花蓮市,民心里,否,否,142,2,134,2279823500,16055095,6029470.3,0.0,6029470.3
2010,花蓮縣,花蓮市,民意里,否,否,38,1,21,317634000,8358789,899122.78,0.0,899122.78
2010,花蓮縣,花蓮市,民政里,否,否,65,3,35,204581848,3147413,1123413.95,0.0,1123413.95
2010,花蓮縣,花蓮市,民族里,是,是,57,1,21,325081000,5703175,907723.39,301600.0,1209323.39
2010,花蓮縣,花蓮市,民有里,否,否,7,0,1,1162000,166000,26688.87,0.0,26688.87
2010,花蓮縣,花蓮市,民樂里,否,否,9,1,5,31394000,3488222,162991.58,0.0,162991.58
2010,花蓮縣,花蓮市,民權里,否,否,12,1,7,25664000,2138666,207067.68,0.0,207067.68
2010,花蓮縣,花蓮市,民治里,否,否,1,0,0,20000,20000,23.1,0.0,23.1
2010,花蓮縣,花蓮市,民生里,是,是,162,3,57,113401000,700006,1575739.46,150800.0,1726539.46
2010,花蓮縣,花蓮市,民立里,否,否,39,1,25,113902000,2920564,765218.24,0.0,765218.24
2010,花蓮縣,花蓮市,民運里,否,否,94,7,35,339096000,3607404,1278765.62,0.0,1278765.62
2011,花蓮縣,花蓮市,主信里,否,否,47,1,21,97693000,2078574,649108.59,0.0,649108.59
2011,花蓮縣,花蓮市,主力里,是,否,141,7,86,317565000,2252234,2559926.21,0.0,2559926.21
2011,花蓮縣,花蓮市,主勤里,是,否,67,6,36,79016000,1179343,1007343.03,0.0,1007343.03
2011,花蓮縣,花蓮市,主和里,否,否,93,5,45,181624000,1952946,1357915.42,0.0,1357915.42
2011,花蓮縣,花蓮市,主商里,是,是,72,6,33,1107927000,15387875,2157391.98,0.0,2157391.98
2011,花蓮縣,花蓮市,主學里,是,否,72,5,34,145451000,2020152,1035781.01,0.0,1035781.01
2011,花蓮縣,花蓮市,主安里,是,否,67,7,31,255598000,3814895,1090944.21,0.0,1090944.21
2011,花蓮縣,花蓮市,主工里,是,是,64,4,32,211695000,3307734,1063991.37,0.0,1063991.37
2011,花蓮縣,花蓮市,主權里,否,否,150,10,83,309220000,2061466,2473883.18,0.0,2473883.18
2011,花蓮縣,花蓮市,主睦里,否,否,64,1,26,136413000,2131453,822081.56,0.0,822081.56
2011,花蓮縣,花蓮市,主義里,否,否,20,0,6,6398000,319900,159821.15,0.0,159821.15
2011,花蓮縣,花蓮市,主計里,是,否,47,5,16,152024000,3234553,587023.95,0.0,587023.95
2011,花蓮縣,花蓮市,主農里,否,否,94,5,48,168900000,1796808,1418850.64,0.0,1418850.64
2011,花蓮縣,花蓮市,國光里,否,否,63,5,28,62480000,991746,784708.26,0.0,784708.26
2011,花蓮縣,花蓮市,國威里,是,否,107,8,52,476418000,4452504,1886782.53,0.0,1886782.53
2011,花蓮縣,花蓮市,國安里,否,否,72,5,38,200041000,2778347,1202300.05,0.0,1202300.05
2011,花蓮縣,花蓮市,國富里,否,否,212,10,104,285844900,1348325,2978715.61,0.0,2978715.61
2011,花蓮縣,花蓮市,國強里,否,否,39,2,30,175136000,4490666,969691.99,0.0,969691.99
2011,花蓮縣,花蓮市,國慶里,否,否,68,4,44,2538838745,37335863,4141628.51,0.0,4141628.51
2011,花蓮縣,花蓮市,國治里,否,否,76,7,38,94438400,1242610,1076454.04,0.0,1076454.04
2011,花蓮縣,花蓮市,國盛里,否,否,120,6,64,368105000,3067541,2062099.92,0.0,2062099.92
2011,花蓮縣,花蓮市,國福里,否,否,21,0,10,13527000,644142,269781.19,0.0,269781.19
2011,花蓮縣,花蓮市,國聯里,否,否,227,9,140,1880861840,8285734,5792668.21,0.0,5792668.21
2011,花蓮縣,花蓮市,國興里,否,否,91,8,38,222091000,2440560,1228576.91,0.0,1228576.91
2011,花蓮縣,花蓮市,國華里,否,否,67,6,32,152302000,2273164,993213.07,0.0,993213.07
2011,花蓮縣,花蓮市,國裕里,否,否,183,10,120,1240475410,6778554,4522201.11,0.0,4522201.11
2011,花蓮縣,花蓮市,國防里,否,否,33,2,16,25340000,767878,436055.36,0.0,436055.36
2011,花蓮縣,花蓮市,國風里,否,否,113,9,67,222879000,1972380,1965133.28,0.0,1965133.28
2011,花蓮縣,花蓮市,國魂里,否,否,77,8,45,839080300,10897146,2141402.3,0.0,2141402.3
2011,花蓮縣,花蓮市,市區其他未標示里,否,否,101,3,2,929290,9200,51839.66,0.0,51839.66
2011,花蓮縣,花蓮市,民主里,是,是,72,7,8,117712000,1634888,343205.63,0.0,343205.63
2011,花蓮縣,花蓮市,民享里,否,否,58,2,35,188379000,3247913,1112304.17,0.0,1112304.17
2011,花蓮縣,花蓮市,民勤里,否,否,78,8,42,205579000,2635628,1310364.11,0.0,1310364.11
2011,花蓮縣,花蓮市,民孝里,否,否,113,5,48,616448500,5455296,1952191.61,0.0,1952191.61
2011,花蓮縣,花蓮市,民德里,否,否,36,3,19,121678000,3379944,626959.14,0.0,626959.14
2011,花蓮縣,花蓮市,民心里,否,否,148,6,138,2349023500,15871780,6299841.53,0.0,6299841.53
2011,花蓮縣,花蓮市,民意里,否,否,39,1,21,317644000,8144717,911222.92,0.0,911222.92
2011,花蓮縣,花蓮市,民政里,否,否,65,0,35,204581848,3147413,1131613.01,0.0,1131613.01
2011,花蓮縣,花蓮市,民族里,是,是,61,4,23,346136000,5674360,995908.9,0.0,995908.9
2011,花蓮縣,花蓮市,民有里,否,否,7,0,1,1162000,166000,26750.86,0.0,26750.86
2011,花蓮縣,花蓮市,民樂里,否,否,10,1,6,31494000,3149400,189727.9,0.0,189727.9
2011,花蓮縣,花蓮市,民權里,否,否,12,0,7,25664000,2138666,208146.44,0.0,208146.44
2011,花蓮縣,花蓮市,民治里,否,否,1,0,0,20000,20000,23.83,0.0,23.83
2011,花蓮縣,花蓮市,民生里,是,是,168,6,61,120107000,714922,1690463.8,0.0,1690463.8
2011,花蓮縣,花蓮市,民立里,否,否,40,1,26,114402000,2860050,795851.18,0.0,795851.18
2011,花蓮縣,花蓮市,民運里,否,否,97,3,36,339794000,3503030,1318110.67,0.0,1318110.67
2012,花蓮縣,花蓮市,主信里,否,否,49,2,22,102923000,2100469,667594.69,0.0,667594.69
2012,花蓮縣,花蓮市,主力里,是,否,150,9,91,363083000,2420553,2685762.29,0.0,2685762.29
2012,花蓮縣,花蓮市,主勤里,是,否,70,3,38,79156000,1130800,1034019.32,0.0,1034019.32
2012,花蓮縣,花蓮市,主和里,否,否,100,7,49,188537000,1885370,1437763.29,0.0,1437763.29
2012,花蓮縣,花蓮市,主商里,是,是,77,5,34,1108650000,14398051,2178508.42,0.0,2178508.42
2012,花蓮縣,花蓮市,主學里,是,否,78,6,35,145860000,1870000,1040488.27,0.0,1040488.27
2012,花蓮縣,花蓮市,主安里,是,否,68,1,31,255601000,3758838,1074235.52,0.0,1074235.52
2012,花蓮縣,花蓮市,主工里,是,是,69,5,34,214768000,3112579,1099009.75,0.0,1099009.75
2012,花蓮縣,花蓮市,主權里,否,否,162,12,88,319461000,1971981,2558995.79,0.0,2558995.79
2012,花蓮縣,花蓮市,主睦里,否,否,67,3,27,139428000,2081014,835157.2,0.0,835157.2
2012,花蓮縣,花蓮市,主義里,否,否,21,1,7,6398000,304666,180594.58,0.0,180594.58
2012,花蓮縣,花蓮市,主計里,是,否,51,4,18,165039000,3236058,643827.5,0.0,643827.5
2012,花蓮縣,花蓮市,主農里,否,否,103,9,54,171703000,1667019,1540910.83,0.0,1540910.83
2012,花蓮縣,花蓮市,國光里,否,否,63,0,28,62480000,991746,766926.2,0.0,766926.2
2012,花蓮縣,花蓮市,國威里,是,否,113,6,56,478824000,4237380,1961197.08,0.0,1961197.08
2012,花蓮縣,花蓮市,國安里,否,否,77,5,40,201646000,2618779,1231335.52,0.0,1231335.52
2012,花蓮縣,花蓮市,國富里,否,否,223,11,107,297179900,1332645,3001301.17,0.0,3001301.17
2012,花蓮縣,花蓮市,國強里,否,否,43,4,31,175539000,4082302,977548.46,0.0,977548.46
2012,花蓮縣,花蓮市,國慶里,否,否,71,3,45,2540088745,35775897,4178838.51,0.0,4178838.51
2012,花蓮縣,花蓮市,國治里,否,否,81,5,41,94551400,1167301,1126697.91,0.0,1126697.91
2012,花蓮縣,花蓮市,國盛里,否,否,127,7,67,372514000,2933181,2104461.31,0.0,2104461.31
2012,花蓮縣,花蓮市,國福里,否,否,22,1,11,14527000,660318,289193.31,0.0,289193.31
2012,花蓮縣,花蓮市,國聯里,否,否,239,12,149,1890892840,7911685,5963160.43,0.0,5963160.43
2012,花蓮縣,花蓮市,國興里,否,否,98,7,40,222149000,2266826,1256096.02,0.0,1256096.02
2012,花蓮縣,花蓮市,國華里,否,否,69,2,32,152355000,2208043,974245.68,0.0,974245.68
2012,花蓮縣,花蓮市,國裕里,否,否,192,9,126,1245008410,6484418,4615161.67,0.0,4615161.67
2012,花蓮縣,花蓮市,國防里,否,否,34,1,17,26540000,780588,451873.43,0.0,451873.43
2012,花蓮縣,花蓮市,國風里,否,否,122,9,74,248132000,2033868,2127119.12,0.0,2127119.12
2012,花蓮縣,花蓮市,國魂里,否,否,83,6,48,839233300,10111244,2198882.76,0.0,2198882.76
2012,花蓮縣,花蓮市,市區其他未標示里,否,否,102,1,2,979290,9600,50573.5,0.0,50573.5
2012,花蓮縣,花蓮市,民主里,是,是,75,3,8,117730000,1569733,339740.36,0.0,339740.36
2012,花蓮縣,花蓮市,民享里,否,否,64,6,39,190329000,2973890,1192973.09,0.0,1192973.09
2012,花蓮縣,花蓮市,民勤里,否,否,80,2,42,205587000,2569837,1285485.74,0.0,1285485.74
2012,花蓮縣,花蓮市,民孝里,否,否,118,5,49,624751500,5294504,1964558.75,0.0,1964558.75
2012,花蓮縣,花蓮市,民德里,否,否,41,5,23,134278000,3275073,730156.06,0.0,730156.06
2012,花蓮縣,花蓮市,民心里,否,否,154,6,143,2361203500,15332490,6382959.61,0.0,6382959.61
2012,花蓮縣,花蓮市,民意里,否,否,41,2,22,319744000,7798634,929439.08,0.0,929439.08
2012,花蓮縣,花蓮市,民政里,否,否,72,7,36,205681848,2856692,1137427.7,0.0,1137427.7
2012,花蓮縣,花蓮市,民族里,是,是,66,5,25,348339000,5277863,1038058.19,0.0,1038058.19
2012,花蓮縣,花蓮市,民有里,否,否,8,1,2,1165000,145625,50797.78,0.0,50797.78
2012,花蓮縣,花蓮市,民樂里,否,否,11,1,6,31497000,2863363,186210.01,0.0,186210.01
2012,花蓮縣,花蓮市,民權里,否,否,12,0,7,25664000,2138666,203861.21,0.0,203861.21
2012,花蓮縣,花蓮市,民治里,否,否,1,0,0,20000,20000,24.15,0.0,24.15
2012,花蓮縣,花蓮市,民生里,是,是,171,3,63,121310000,709415,1702312.49,0.0,1702312.49
2012,花蓮縣,花蓮市,民立里,否,否,41,1,27,114402000,2790292,804934.49,0.0,804934.49
2012,花蓮縣,花蓮市,民運里,否,否,100,3,36,339954000,3399540,1299581.77,0.0,1299581.77
2013,花蓮縣,花蓮市,主信里,否,否,52,3,25,109223000,2100442,718209.71,0.0,718209.71
2013,花蓮縣,花蓮市,主力里,是,否,158,8,95,374743000,2371791,2680850.32,0.0,2680850.32
2013,花蓮縣,花蓮市,主勤里,是,否,72,2,38,79506000,1104250,987903.37,0.0,987903.37
2013,花蓮縣,花蓮市,主和里,否,否,108,8,52,197783500,1831328,1458609.43,0.0,1458609.43
2013,花蓮縣,花蓮市,主商里,是,是,84,7,38,1112803000,13247654,2227380.03,0.0,2227380.03
2013,花蓮縣,花蓮市,主學里,是,否,84,6,38,146483000,1743845,1068244.67,0.0,1068244.67
2013,花蓮縣,花蓮市,主安里,是,否,77,9,37,256657000,3333207,1176914.61,0.0,1176914.61
2013,花蓮縣,花蓮市,主工里,是,是,71,2,35,214918000,3027014,1079871.76,0.0,1079871.76
2013,花蓮縣,花蓮市,主權里,否,否,178,16,97,326624000,1834966,2670105.28,0.0,2670105.28
2013,花蓮縣,花蓮市,主睦里,否,否,70,3,28,139631000,1994728,825148.33,0.0,825148.33
2013,花蓮縣,花蓮市,主義里,否,否,21,0,7,6398000,304666,172088.62,0.0,172088.62
2013,花蓮縣,花蓮市,主計里,是,否,55,4,19,165325000,3005909,644579.78,0.0,644579.78
2013,花蓮縣,花蓮市,主農里,否,否,107,4,56,172073000,1608158,1521719.62,0.0,1521719.62
2013,花蓮縣,花蓮市,國光里,否,否,63,0,28,62480000,991746,732602.95,0.0,732602.95
2013,花蓮縣,花蓮市,國威里,是,否,125,12,61,480862000,3846896,2009561.62,0.0,2009561.62
2013,花蓮縣,花蓮市,國安里,否,否,79,2,42,201926000,2556025,1228701.38,0.0,1228701.38
2013,花蓮縣,花蓮市,國富里,否,否,245,22,119,324584900,1324836,3184388.99,0.0,3184388.99
2013,花蓮縣,花蓮市,國強里,否,否,46,3,34,176139000,3829108,1009867.25,0.0,1009867.25
2013,花蓮縣,花蓮市,國慶里,否,否,75,4,48,2544208745,33922783,4179279.47,0.0,4179279.47
2013,花蓮縣,花蓮市,國治里,否,否,89,8,42,95122400,1068791,1100586.65,0.0,1100586.65
2013,花蓮縣,花蓮市,國盛里,否,否,140,13,75,388889000,2777778,2228064.7,0.0,2228064.7
2013,花蓮縣,花蓮市,國福里,否,否,22,0,11,14527000,660318,275790.49,0.0,275790.49
2013,花蓮縣,花蓮市,國聯里,否,否,253,14,156,1895598840,7492485,5937921.69,0.0,5937921.69
2013,花蓮縣,花蓮市,國興里,否,否,106,8,46,223421800,2107752,1348437.21,0.0,1348437.21
2013,花蓮縣,花蓮市,國華里,否,否,74,5,35,152656800,2062929,1005187.23,0.0,1005187.23
2013,花蓮縣,花蓮市,國裕里,否,否,210,18,138,1284064410,6114592,4781585.47,0.0,4781585.47
2013,花蓮縣,花蓮市,國防里,否,否,35,1,17,26543000,758371,431130.39,0.0,431130.39
2013,花蓮縣,花蓮市,國風里,否,否,132,10,82,259476000,1965727,2237243.17,0.0,2237243.17
2013,花蓮縣,花蓮市,國魂里,否,否,91,8,53,854734300,9392684,2270133.09,0.0,2270133.09
2013,花蓮縣,花蓮市,市區其他未標示里,否,否,104,2,4,28979290,278647,128712.54,0.0,128712.54
2013,花蓮縣,花蓮市,民主里,是,是,80,5,11,124130000,1551625,407263.21,0.0,407263.21
2013,花蓮縣,花蓮市,民享里,否,否,68,4,42,197079000,2898220,1222887.23,0.0,1222887.23
2013,花蓮縣,花蓮市,民勤里,否,否,83,3,42,205897000,2480686,1233464.74,0.0,1233464.74
2013,花蓮縣,花蓮市,民孝里,否,否,125,7,54,625661500,5005292,2018839.8,0.0,2018839.8
2013,花蓮縣,花蓮市,民德里,否,否,46,5,25,134546000,2924913,748585.55,0.0,748585.55
2013,花蓮縣,花蓮市,民心里,否,否,159,5,148,2397903500,15081154,6352552.37,0.0,6352552.37
2013,花蓮縣,花蓮市,民意里,否,否,42,1,23,319984000,7618666,924049.63,0.0,924049.63
2013,花蓮縣,花蓮市,民政里,否,否,75,3,37,206786848,2757157,1117093.58,0.0,1117093.58
2013,花蓮縣,花蓮市,民族里,是,是,74,8,30,383916350,5188058,1165152.75,0.0,1165152.75
2013,花蓮縣,花蓮市,民有里,否,否,8,0,2,1165000,145625,48372.88,0.0,48372.88
2013,花蓮縣,花蓮市,民樂里,否,否,11,0,6,31497000,2863363,178708.05,0.0,178708.05
2013,花蓮縣,花蓮市,民權里,否,否,12,0,7,25664000,2138666,195198.87,0.0,195198.87
2013,花蓮縣,花蓮市,民治里,否,否,1,0,0,20000,20000,23.99,0.0,23.99
2013,花蓮縣,花蓮市,民生里,是,是,179,8,66,321363000,1795324,1935675.43,0.0,1935675.43
2013,花蓮縣,花蓮市,民立里,否,否,43,2,28,114702000,2667488,795245.1,0.0,795245.1
2013,花蓮縣,花蓮市,民運里,否,否,104,4,39,350174000,3367057,1336067.01,0.0,1336067.01
2014,花蓮縣,花蓮市,主信里,否,否,53,1,26,109723000,2070245,732685.92,0.0,732685.92
2014,花蓮縣,花蓮市,主力里,是,否,165,7,99,381346000,2311187,2745569.29,0.0,2745569.29
2014,花蓮縣,花蓮市,主勤里,是,否,73,1,38,79706000,1091863,972866.27,0.0,972866.27
2014,花蓮縣,花蓮市,主和里,否,否,115,7,58,202236500,1758578,1582788.28,0.0,1582788.28
2014,花蓮縣,花蓮市,主商里,是,是,92,8,43,1113751000,12105989,2344274.38,72800.0,2417074.38
2014,花蓮縣,花蓮市,主學里,是,否,92,8,41,149563000,1625684,1126888.44,0.0,1126888.44
2014,花蓮縣,花蓮市,主安里,是,否,82,5,39,257869000,3144743,1212349.24,0.0,1212349.24
2014,花蓮縣,花蓮市,主工里,是,是,76,5,37,215313000,2833065,1114545.55,0.0,1114545.55
2014,花蓮縣,花蓮市,主權里,否,否,189,11,104,337084000,1783513,2807069.12,0.0,2807069.12
2014,花蓮縣,花蓮市,主睦里,否,否,72,2,30,142831000,1983763,865119.76,0.0,865119.76
2014,花蓮縣,花蓮市,主義里,否,否,22,1,7,6406000,291181,169157.84,0.0,169157.84
2014,花蓮縣,花蓮市,主計里,是,否,60,5,22,166031000,2767183,708873.06,0.0,708873.06
2014,花蓮縣,花蓮市,主農里,否,否,114,7,60,173945900,1525841,1594528.77,0.0,1594528.77
2014,花蓮縣,花蓮市,國光里,否,否,67,4,29,63030000,940746,745125.21,0.0,745125.21
2014,花蓮縣,花蓮市,國威里,是,否,137,12,65,483003000,3525569,2085234.4,0.0,2085234.4
2014,花蓮縣,花蓮市,國安里,否,否,81,2,43,202476000,2499703,1237273.63,0.0,1237273.63
2014,花蓮縣,花蓮市,國富里,否,否,256,11,126,346211900,1352390,3325339.07,0.0,3325339.07
2014,花蓮縣,花蓮市,國強里,否,否,52,6,39,180804000,3477000,1118732.04,0.0,1118732.04
2014,花蓮縣,花蓮市,國慶里,否,否,80,5,52,2550538745,31881734,4297142.07,0.0,4297142.07
2014,花蓮縣,花蓮市,國治里,否,否,94,5,45,95525400,1016227,1153459.34,0.0,1153459.34
2014,花蓮縣,花蓮市,國盛里,否,否,149,9,79,394342000,2646590,2300282.47,0.0,2300282.47
2014,花蓮縣,花蓮市,國福里,否,否,24,2,13,18327000,763625,321961.5,0.0,321961.5
2014,花蓮縣,花蓮市,國聯里,否,否,265,12,164,1921218840,7249882,6114670.47,0.0,6114670.47
2014,花蓮縣,花蓮市,國興里,否,否,114,8,51,224295800,1967507,1448209.58,0.0,1448209.58
2014,花蓮縣,花蓮市,國華里,否,否,81,7,38,170404800,2103762,1083045.57,0.0,1083045.57
2014,花蓮縣,花蓮市,國裕里,否,否,227,17,146,1396268190,6150961,5062003.0,0.0,5062003.0
2014,花蓮縣,花蓮市,國防里,否,否,38,3,19,96596000,2542000,555363.53,0.0,555363.53
2014,花蓮縣,花蓮市,國風里,否,否,141,9,84,260210800,1845466,2252610.79,0.0,2252610.79
2014,花蓮縣,花蓮市,國魂里,否,否,102,11,57,862136300,8452316,2361369.18,0.0,2361369.18
2014,花蓮縣,花蓮市,市區其他未標示里,否,否,106,2,5,28984290,273436,150478.13,0.0,150478.13
2014,花蓮縣,花蓮市,民主里,是,是,87,7,12,134705000,1548333,440281.72,218400.0,658681.72
2014,花蓮縣,花蓮市,民享里,否,否,75,7,47,198931000,2652413,1325182.05,0.0,1325182.05
2014,花蓮縣,花蓮市,民勤里,否,否,86,3,43,206348000,2399395,1241977.27,0.0,1241977.27
2014,花蓮縣,花蓮市,民孝里,否,否,133,8,59,627596500,4718770,2122561.79,0.0,2122561.79
2014,花蓮縣,花蓮市,民德里,否,否,48,2,27,148046000,3084291,802293.73,0.0,802293.73
2014,花蓮縣,花蓮市,民心里,否,否,166,7,155,2486445500,14978587,6593814.46,0.0,6593814.46
2014,花蓮縣,花蓮市,民意里,否,否,45,3,25,320334000,7118533,965478.73,0.0,965478.73
2014,花蓮縣,花蓮市,民政里,否,否,80,5,40,212196848,2652460,1179921.22,0.0,1179921.22
2014,花蓮縣,花蓮市,民族里,是,是,75,1,30,383966350,5119551,1158046.71,291200.0,1449246.71
2014,花蓮縣,花蓮市,民有里,否,否,8,0,2,1165000,145625,47522.63,0.0,47522.63
2014,花蓮縣,花蓮市,民樂里,否,否,11,0,6,31497000,2863363,176584.24,0.0,176584.24
2014,花蓮縣,花蓮市,民權里,否,否,13,1,7,25694000,1976461,192588.56,0.0,192588.56
2014,花蓮縣,花蓮市,民治里,否,否,2,1,0,70000,35000,85.03,0.0,85.03
2014,花蓮縣,花蓮市,民生里,是,是,189,10,69,339913000,1798481,2003626.02,145600.0,2149226.02
2014,花蓮縣,花蓮市,民立里,否,否,44,1,29,216610140,4922957,931691.64,0.0,931691.64
2014,花蓮縣,花蓮市,民運里,否,否,109,5,43,360574000,3308018,1429328.28,0.0,1429328.28
2015,花蓮縣,花蓮市,主信里,否,否,57,4,29,112172000,1967929,727913.41,0.0,727913.41
2015,花蓮縣,花蓮市,主力里,是,否,178,13,105,403058000,2264370,2632040.43,0.0,2632040.43
2015,花蓮縣,花蓮市,主勤里,是,否,78,5,39,80257000,1028935,898562.6,0.0,898562.6
2015,花蓮縣,花蓮市,主和里,否,否,120,5,62,204926500,1707720,1516515.36,0.0,1516515.36
2015,花蓮縣,花蓮市,主商里,是,是,94,2,44,1113851000,11849478,2178549.21,102400.0,2280949.21
2015,花蓮縣,花蓮市,主學里,是,否,94,2,42,156046000,1660063,1046923.18,0.0,1046923.18
2015,花蓮縣,花蓮市,主安里,是,否,89,7,43,261739000,2940887,1187926.92,0.0,1187926.92
2015,花蓮縣,花蓮市,主工里,是,是,78,2,38,217313000,2786064,1033870.23,0.0,1033870.23
2015,花蓮縣,花蓮市,主權里,否,否,198,9,108,354832000,1792080,2639239.75,0.0,2639239.75
2015,花蓮縣,花蓮市,主睦里,否,否,76,4,31,143389000,1886697,804841.81,0.0,804841.81
2015,花蓮縣,花蓮市,主義里,否,否,24,2,8,6616000,275666,173112.12,0.0,173112.12
2015,花蓮縣,花蓮市,主計里,是,否,65,5,25,173241000,2665246,714635.08,0.0,714635.08
2015,花蓮縣,花蓮市,主農里,否,否,124,10,65,180151900,1452837,1550408.46,0.0,1550408.46
2015,花蓮縣,花蓮市,國光里,否,否,73,6,32,69630000,953835,741582.59,0.0,741582.59
2015,花蓮縣,花蓮市,國威里,是,否,149,12,74,486562000,3265516,2085461.75,0.0,2085461.75
2015,花蓮縣,花蓮市,國安里,否,否,84,3,46,203486000,2422452,1183712.91,0.0,1183712.91
2015,花蓮縣,花蓮市,國富里,否,否,270,14,132,355281900,1315858,3136496.04,0.0,3136496.04
2015,花蓮縣,花蓮市,國強里,否,否,55,3,40,188964000,3435709,1042997.05,0.0,1042997.05
2015,花蓮縣,花蓮市,國慶里,否,否,89,9,58,2551078745,28663806,4104254.86,0.0,4104254.86
2015,花蓮縣,花蓮市,國治里,否,否,100,6,46,96588400,965884,1062035.69,0.0,1062035.69
2015,花蓮縣,花蓮市,國盛里,否,否,154,5,84,399692000,2595402,2193557.89,0.0,2193557.89
2015,花蓮縣,花蓮市,國福里,否,否,27,3,16,18630000,690000,352368.57,0.0,352368.57
2015,花蓮縣,花蓮市,國聯里,否,否,288,23,180,2093911840,7270527,6108996.54,0.0,6108996.54
2015,花蓮縣,花蓮市,國興里,否,否,125,11,61,234708800,1877670,1529717.67,0.0,1529717.67
2015,花蓮縣,花蓮市,國華里,否,否,88,7,42,177422606,2016165,1071255.3,0.0,1071255.3
2015,花蓮縣,花蓮市,國裕里,否,否,238,11,156,1429368190,6005748,4855829.2,0.0,4855829.2
2015,花蓮縣,花蓮市,國防里,否,否,38,0,19,96596000,2542000,503207.13,0.0,503207.13
2015,花蓮縣,花蓮市,國風里,否,否,151,10,89,263415800,1744475,2141928.57,0.0,2141928.57
2015,花蓮縣,花蓮市,國魂里,否,否,111,9,62,864766300,7790687,2267584.31,0.0,2267584.31
2015,花蓮縣,花蓮市,市區其他未標示里,否,否,108,2,6,28987290,268400,157181.11,0.0,157181.11
2015,花蓮縣,花蓮市,民主里,是,是,159,72,13,138205000,869213,426382.93,307200.0,733582.93
2015,花蓮縣,花蓮市,民享里,否,否,78,3,47,199411000,2556551,1199772.17,0.0,1199772.17
2015,花蓮縣,花蓮市,民勤里,否,否,90,4,43,206698000,2296644,1125275.97,0.0,1125275.97
2015,花蓮縣,花蓮市,民孝里,否,否,139,6,63,630096500,4533068,2021166.85,0.0,2021166.85
2015,花蓮縣,花蓮市,民德里,否,否,48,0,27,148046000,3084291,727351.98,0.0,727351.98
2015,花蓮縣,花蓮市,民心里,否,否,168,2,157,2488445500,14812175,6082031.73,0.0,6082031.73
2015,花蓮縣,花蓮市,民意里,否,否,48,3,27,321634000,6700708,924940.18,0.0,924940.18
2015,花蓮縣,花蓮市,民政里,否,否,90,10,47,252856848,2809520,1260607.42,0.0,1260607.42
2015,花蓮縣,花蓮市,民族里,是,是,81,6,35,394369350,4868757,1173313.28,409600.0,1582913.28
2015,花蓮縣,花蓮市,民有里,否,否,8,0,2,1165000,145625,42721.42,0.0,42721.42
2015,花蓮縣,花蓮市,民樂里,否,否,11,0,6,31497000,2863363,160037.81,0.0,160037.81
2015,花蓮縣,花蓮市,民權里,否,否,13,0,7,25694000,1976461,174130.16,0.0,174130.16
2015,花蓮縣,花蓮市,民治里,否,否,2,0,0,70000,35000,79.68,0.0,79.68
2015,花蓮縣,花蓮市,民生里,是,是,205,16,74,344850000,1682195,1924156.71,204800.0,2128956.71
2015,花蓮縣,花蓮市,民立里,否,否,48,4,33,246510140,5135627,963615.78,0.0,963615.78
2015,花蓮縣,花蓮市,民運里,否,否,116,7,45,369261000,3183284,1351710.21,0.0,1351710.21
2016,花蓮縣,花蓮市,主信里,否,否,61,4,31,122525000,2008606,768112.62,0.0,768112.62
2016,花蓮縣,花蓮市,主力里,是,否,187,9,110,408437000,2184155,2695172.93,0.0,2695172.93
2016,花蓮縣,花蓮市,主勤里,是,否,84,6,41,82559000,982845,924146.64,0.0,924146.64
2016,花蓮縣,花蓮市,主和里,否,否,123,3,64,205706500,1672410,1531248.84,0.0,1531248.84
2016,花蓮縣,花蓮市,主商里,是,是,95,1,45,1114099000,11727357,2195571.22,0.0,2195571.22
2016,花蓮縣,花蓮市,主學里,是,否,103,9,46,160587000,1559097,1115283.83,0.0,1115283.83
2016,花蓮縣,花蓮市,主安里,是,否,98,9,48,264809000,2702132,1276004.71,0.0,1276004.71
2016,花蓮縣,花蓮市,主工里,是,是,85,7,39,242998000,2858800,1068886.38,0.0,1068886.38
2016,花蓮縣,花蓮市,主權里,否,否,204,6,111,364791000,1788191,2665014.66,0.0,2665014.66
2016,花蓮縣,花蓮市,主睦里,否,否,80,4,32,144617000,1807712,813826.39,0.0,813826.39
2016,花蓮縣,花蓮市,主義里,否,否,28,4,10,9266000,330928,212855.53,0.0,212855.53
2016,花蓮縣,花蓮市,主計里,是,否,69,4,25,173431000,2513492,705569.53,0.0,705569.53
2016,花蓮縣,花蓮市,主農里,否,否,129,5,68,180544900,1399572,1583072.82,0.0,1583072.82
2016,花蓮縣,花蓮市,國光里,否,否,82,9,36,74670000,910609,813960.94,0.0,813960.94
2016,花蓮縣,花蓮市,國威里,是,否,159,10,79,491328000,3090113,2164142.83,0.0,2164142.83
2016,花蓮縣,花蓮市,國安里,否,否,88,4,49,209606000,2381886,1232507.83,0.0,1232507.83
2016,花蓮縣,花蓮市,國富里,否,否,285,15,135,356263900,1250048,3140359.68,0.0,3140359.68
2016,花蓮縣,花蓮市,國強里,否,否,57,2,41,189264000,3320421,1047301.07,0.0,1047301.07
2016,花蓮縣,花蓮市,國慶里,否,否,90,1,59,2553078745,28367541,4139406.75,0.0,4139406.75
2016,花蓮縣,花蓮市,國治里,否,否,111,11,52,97956400,882490,1164294.88,0.0,1164294.88
2016,花蓮縣,花蓮市,國盛里,否,否,161,7,88,401945000,2496552,2242925.72,0.0,2242925.72
2016,花蓮縣,花蓮市,國福里,否,否,28,1,17,18830000,672500,365406.67,0.0,365406.67
2016,花蓮縣,花蓮市,國聯里,否,否,314,26,194,2165432840,6896282,6421176.98,0.0,6421176.98
2016,花蓮縣,花蓮市,國興里,否,否,134,9,64,235934800,1760707,1566137.08,0.0,1566137.08
2016,花蓮縣,花蓮市,國華里,否,否,92,4,42,177688606,1931397,1054157.35,0.0,1054157.35
2016,花蓮縣,花蓮市,國裕里,否,否,252,14,164,1451691190,5760679,4990923.04,0.0,4990923.04
2016,花蓮縣,花蓮市,國防里,否,否,39,1,20,96746000,2480666,515982.37,0.0,515982.37
2016,花蓮縣,花蓮市,國風里,否,否,161,10,92,276148800,1715209,2178601.47,0.0,2178601.47
2016,花蓮縣,花蓮市,國魂里,否,否,117,6,65,869826300,7434412,2317964.13,0.0,2317964.13
2016,花蓮縣,花蓮市,市區其他未標示里,否,否,110,2,7,29590290,269002,175664.64,0.0,175664.64
2016,花蓮縣,花蓮市,民主里,是,是,356,197,15,145609000,409014,471297.44,0.0,471297.44
2016,花蓮縣,花蓮市,民享里,否,否,81,3,50,211011000,2605074,1254345.53,0.0,1254345.53
2016,花蓮縣,花蓮市,民勤里,否,否,94,4,47,212147001,2256882,1195008.33,0.0,1195008.33
2016,花蓮縣,花蓮市,民孝里,否,否,143,4,65,636201500,4448961,2048324.2,0.0,2048324.2
2016,花蓮縣,花蓮市,民德里,否,否,55,7,33,174526000,3173200,868562.21,0.0,868562.21
2016,花蓮縣,花蓮市,民心里,否,否,175,7,162,2533943500,14479677,6199580.98,0.0,6199580.98
2016,花蓮縣,花蓮市,民意里,否,否,54,6,31,325552000,6028740,1002437.86,0.0,1002437.86
2016,花蓮縣,花蓮市,民政里,否,否,95,5,50,270447848,2846819,1322945.05,0.0,1322945.05
2016,花蓮縣,花蓮市,民族里,是,是,84,3,36,395429350,4707492,1184167.91,0.0,1184167.91
2016,花蓮縣,花蓮市,民有里,否,否,10,2,3,1375000,137500,62235.3,0.0,62235.3
2016,花蓮縣,花蓮市,民樂里,否,否,12,1,7,31997000,2666416,178442.36,0.0,178442.36
2016,花蓮縣,花蓮市,民權里,否,否,14,1,8,27694000,1978142,193692.13,0.0,193692.13
2016,花蓮縣,花蓮市,民治里,否,否,2,0,0,70000,35000,80.79,0.0,80.79
2016,花蓮縣,花蓮市,民生里,是,是,216,11,81,347833000,1610337,2038959.15,0.0,2038959.15
2016,花蓮縣,花蓮市,民立里,否,否,50,2,35,248510140,4970202,994383.82,0.0,994383.82
2016,花蓮縣,花蓮市,民運里,否,否,120,4,48,372119000,3100991,1399857.4,0.0,1399857.4
2017,花蓮縣,花蓮市,主信里,否,否,66,5,33,122960000,1863030,795485.92,0.0,795485.92
2017,花蓮縣,花蓮市,主力里,是,否,192,5,112,424017000,2208421,2707480.57,0.0,2707480.57
2017,花蓮縣,花蓮市,主勤里,是,否,91,7,42,83029000,912406,928536.66,0.0,928536.66
2017,花蓮縣,花蓮市,主和里,否,否,130,7,67,207426500,1595588,1566861.41,0.0,1566861.41
2017,花蓮縣,花蓮市,主商里,是,是,101,6,46,1115395000,11043514,2186932.56,0.0,2186932.56
2017,花蓮縣,花蓮市,主學里,是,否,110,7,49,163247000,1484063,1159100.63,0.0,1159100.63
2017,花蓮縣,花蓮市,主安里,是,否,103,5,50,270259000,2623873,1301162.06,0.0,1301162.06
2017,花蓮縣,花蓮市,主工里,是,是,89,4,40,244328000,2745258,1073044.49,0.0,1073044.49
2017,花蓮縣,花蓮市,主權里,否,否,220,16,117,368199000,1673631,2742986.43,0.0,2742986.43
2017,花蓮縣,花蓮市,主睦里,否,否,84,4,34,145120000,1727619,840643.69,0.0,840643.69
2017,花蓮縣,花蓮市,主義里,否,否,29,1,11,9366000,322965,229050.18,0.0,229050.18
2017,花蓮縣,花蓮市,主計里,是,否,72,3,27,176633000,2453236,737680.04,0.0,737680.04
2017,花蓮縣,花蓮市,主農里,否,否,136,7,71,203294900,1494815,1641544.41,0.0,1641544.41
2017,花蓮縣,花蓮市,國光里,否,否,83,1,36,74730000,900361,799956.81,0.0,799956.81
2017,花蓮縣,花蓮市,國威里,是,否,163,4,81,491878000,3017656,2169618.95,0.0,2169618.95
2017,花蓮縣,花蓮市,國安里,否,否,98,10,55,220819000,2253255,1343951.8,0.0,1343951.8
2017,花蓮縣,花蓮市,國富里,否,否,295,10,140,371148900,1258131,3202913.49,0.0,3202913.49
2017,花蓮縣,花蓮市,國強里,否,否,64,7,44,193394000,3021781,1094277.68,0.0,1094277.68
2017,花蓮縣,花蓮市,國慶里,否,否,95,5,61,2568191745,27033597,4143827.52,0.0,4143827.52
2017,花蓮縣,花蓮市,國治里,否,否,115,4,52,98254400,854386,1144428.1,0.0,1144428.1
2017,花蓮縣,花蓮市,國盛里,否,否,175,14,98,419603000,2397731,2424534.67,0.0,2424534.67
2017,花蓮縣,花蓮市,國福里,否,否,33,5,20,23610000,715454,423970.47,0.0,423970.47
2017,花蓮縣,花蓮市,國聯里,否,否,336,22,203,2172852840,6466823,6511088.51,0.0,6511088.51
2017,花蓮縣,花蓮市,國興里,否,否,139,5,66,236545800,1701768,1580266.21,0.0,1580266.21
2017,花蓮縣,花蓮市,國華里,否,否,99,7,43,179236606,1810470,1058259.13,0.0,1058259.13
2017,花蓮縣,花蓮市,國裕里,否,否,270,18,172,1468199190,5437774,5090990.83,0.0,5090990.83
2017,花蓮縣,花蓮市,國防里,否,否,43,4,23,98791000,2297465,569380.61,0.0,569380.61
2017,花蓮縣,花蓮市,國風里,否,否,175,14,97,291454800,1665456,2258335.03,0.0,2258335.03
2017,花蓮縣,花蓮市,國魂里,否,否,125,8,67,871691300,6973530,2325472.72,0.0,2325472.72
2017,花蓮縣,花蓮市,市區其他未標示里,否,否,112,2,9,34590290,308841,218156.4,0.0,218156.4
2017,花蓮縣,花蓮市,民主里,是,是,386,30,19,146297000,379007,544232.53,0.0,544232.53
2017,花蓮縣,花蓮市,民享里,否,否,91,10,59,216201000,2375835,1418079.32,0.0,1418079.32
2017,花蓮縣,花蓮市,民勤里,否,否,101,7,50,217791001,2156346,1241241.95,0.0,1241241.95
2017,花蓮縣,花蓮市,民孝里,否,否,145,2,66,637369500,4395651,2038019.49,0.0,2038019.49
2017,花蓮縣,花蓮市,民德里,否,否,58,3,35,192029000,3310844,914065.6,0.0,914065.6
2017,花蓮縣,花蓮市,民心里,否,否,177,2,164,2546015200,14384266,6163087.81,0.0,6163087.81
2017,花蓮縣,花蓮市,民意里,否,否,58,4,33,326267000,5625293,1027668.92,0.0,1027668.92
2017,花蓮縣,花蓮市,民政里,否,否,100,5,52,280807848,2808078,1352909.89,0.0,1352909.89
2017,花蓮縣,花蓮市,民族里,是,是,86,2,38,520629350,6053829,1348888.62,0.0,1348888.62
2017,花蓮縣,花蓮市,民有里,否,否,10,0,3,1375000,137500,61121.36,0.0,61121.36
2017,花蓮縣,花蓮市,民樂里,否,否,13,1,7,32097000,2469000,175608.27,0.0,175608.27
2017,花蓮縣,花蓮市,民權里,否,否,14,0,8,27694000,1978142,190430.26,0.0,190430.26
2017,花蓮縣,花蓮市,民治里,否,否,2,0,0,70000,35000,79.94,0.0,79.94
2017,花蓮縣,花蓮市,民生里,是,是,227,11,85,368784000,1624599,2108443.15,0.0,2108443.15
2017,花蓮縣,花蓮市,民立里,否,否,56,6,39,677210140,12093038,1547559.16,0.0,1547559.16
2017,花蓮縣,花蓮市,民運里,否,否,131,11,49,372983000,2847198,1398625.75,0.0,1398625.75
2018,花蓮縣,花蓮市,主信里,否,否,68,2,35,123660000,1818529,827334.07,0.0,827334.07
2018,花蓮縣,花蓮市,主力里,是,否,207,15,122,431989000,2086903,2884955.91,0.0,2884955.91
2018,花蓮縣,花蓮市,主勤里,是,否,92,1,43,83529000,907923,936458.65,0.0,936458.65
2018,花蓮縣,花蓮市,主和里,否,否,136,6,71,230094500,1691871,1654031.74,0.0,1654031.74
2018,花蓮縣,花蓮市,主商里,是,是,104,3,47,1115795000,10728798,2221585.16,144400.0,2365985.16
2018,花蓮縣,花蓮市,主學里,是,否,115,5,50,173457000,1508321,1178163.67,0.0,1178163.67
2018,花蓮縣,花蓮市,主安里,是,否,107,4,50,270539000,2528401,1291688.38,0.0,1291688.38
2018,花蓮縣,花蓮市,主工里,是,是,94,5,43,244988000,2606255,1125263.86,0.0,1125263.86
2018,花蓮縣,花蓮市,主權里,否,否,228,8,121,370049999,1623026,2793019.77,0.0,2793019.77
2018,花蓮縣,花蓮市,主睦里,否,否,89,5,36,150640000,1692584,878390.22,0.0,878390.22
2018,花蓮縣,花蓮市,主義里,否,否,31,2,13,9766000,315032,265005.44,0.0,265005.44
2018,花蓮縣,花蓮市,主計里,是,否,75,3,29,183733000,2449773,780542.19,0.0,780542.19
2018,花蓮縣,花蓮市,主農里,否,否,146,10,77,208829900,1430341,1746204.97,0.0,1746204.97
2018,花蓮縣,花蓮市,國光里,否,否,87,4,40,77430000,890000,870806.96,0.0,870806.96
2018,花蓮縣,花蓮市,國威里,是,否,177,14,86,492813000,2784254,2253845.21,0.0,2253845.21
2018,花蓮縣,花蓮市,國安里,否,否,104,6,56,225995000,2173028,1356639.4,0.0,1356639.4
2018,花蓮縣,花蓮市,國富里,否,否,311,16,152,382954900,1231366,3412813.96,0.0,3412813.96
2018,花蓮縣,花蓮市,國強里,否,否,68,4,45,195614000,2876676,1106540.55,0.0,1106540.55
2018,花蓮縣,花蓮市,國慶里,否,否,103,8,67,2569821745,24949725,4312010.85,0.0,4312010.85
2018,花蓮縣,花蓮市,國治里,否,否,120,5,55,99705400,830878,1189453.64,0.0,1189453.64
2018,花蓮縣,花蓮市,國盛里,否,否,191,16,107,451451000,2363617,2615115.67,0.0,2615115.67
2018,花蓮縣,花蓮市,國福里,否,否,33,0,20,23610000,715454,417740.16,0.0,417740.16
2018,花蓮縣,花蓮市,國聯里,否,否,358,22,217,2210500840,6174583,6817817.08,0.0,6817817.08
2018,花蓮縣,花蓮市,國興里,否,否,149,10,71,240158800,1611804,1665800.62,0.0,1665800.62
2018,花蓮縣,花蓮市,國華里,否,否,109,10,46,181169606,1662106,1109156.28,0.0,1109156.28
2018,花蓮縣,花蓮市,國裕里,否,否,289,19,183,1473297189,5097914,5292530.42,0.0,5292530.42
2018,花蓮縣,花蓮市,國防里,否,否,43,0,23,98791000,2297465,564174.22,0.0,564174.22
2018,花蓮縣,花蓮市,國風里,否,否,185,10,97,292357800,1580312,2234011.28,0.0,2234011.28
2018,花蓮縣,花蓮市,國魂里,否,否,130,5,70,886370300,6818233,2401953.99,0.0,2401953.99
2018,花蓮縣,花蓮市,市區其他未標示里,否,否,113,1,10,34790290,307878,235748.37,0.0,235748.37
2018,花蓮縣,花蓮市,民主里,是,是,393,7,22,153706000,391109,608883.57,433200.0,1042083.57
2018,花蓮縣,花蓮市,民享里,否,否,96,5,63,217079000,2261239,1482759.27,0.0,1482759.27
2018,花蓮縣,花蓮市,民勤里,否,否,107,6,52,225291001,2105523,1277789.89,0.0,1277789.89
2018,花蓮縣,花蓮市,民孝里,否,否,149,4,69,639019499,4288721,2093202.97,0.0,2093202.97
2018,花蓮縣,花蓮市,民德里,否,否,62,4,38,193345726,3118479,967342.13,0.0,967342.13
2018,花蓮縣,花蓮市,民心里,否,否,181,4,166,2547168200,14072752,6216670.65,0.0,6216670.65
2018,花蓮縣,花蓮市,民意里,否,否,60,2,34,329467000,5491116,1048491.91,0.0,1048491.91
2018,花蓮縣,花蓮市,民政里,否,否,108,8,57,290657848,2691276,1451760.72,0.0,1451760.72
2018,花蓮縣,花蓮市,民族里,是,是,92,6,39,525919350,5716514,1375750.1,577600.0,1953350.1
2018,花蓮縣,花蓮市,民有里,否,否,10,0,3,1375000,137500,60127.58,0.0,60127.58
2018,花蓮縣,花蓮市,民樂里,否,否,14,1,8,33097000,2364071,194755.16,0.0,194755.16
2018,花蓮縣,花蓮市,民權里,否,否,16,2,9,27704000,1731500,207955.31,0.0,207955.31
2018,花蓮縣,花蓮市,民治里,否,否,2,0,0,70000,35000,81.86,0.0,81.86
2018,花蓮縣,花蓮市,民生里,是,是,230,3,86,370837000,1612334,2111210.22,288800.0,2400010.22
2018,花蓮縣,花蓮市,民立里,否,否,57,1,39,677215140,11880967,1552670.77,0.0,1552670.77
2018,花蓮縣,花蓮市,民運里,否,否,137,6,50,373207000,2724138,1411745.2,0.0,1411745.2
2019,花蓮縣,花蓮市,主信里,否,否,71,3,37,134080000,1888450,864221.38,0.0,864221.38
2019,花蓮縣,花蓮市,主力里,是,否,216,9,125,434727000,2012625,2898034.68,0.0,2898034.68
2019,花蓮縣,花蓮市,主勤里,是,否,96,4,45,84289000,878010,957678.21,0.0,957678.21
2019,花蓮縣,花蓮市,主和里,否,否,140,4,74,230739500,1648139,1684077.59,0.0,1684077.59
2019,花蓮縣,花蓮市,主商里,是,是,108,4,49,1116025000,10333564,2257132.49,176400.0,2433532.49
2019,花蓮縣,花蓮市,主學里,是,否,120,5,52,173937000,1449475,1197390.71,0.0,1197390.71
2019,花蓮縣,花蓮市,主安里,是,否,111,4,52,271439000,2445396,1312987.57,0.0,1312987.57
2019,花蓮縣,花蓮市,主工里,是,是,98,4,46,246618000,2516510,1169193.98,0.0,1169193.98
2019,花蓮縣,花蓮市,主權里,否,否,252,24,132,374360999,1485559,2959892.92,0.0,2959892.92
2019,花蓮縣,花蓮市,主睦里,否,否,94,5,40,152328000,1620510,943039.02,0.0,943039.02
2019,花蓮縣,花蓮市,主義里,否,否,33,2,14,10166000,308060,278907.11,0.0,278907.11
2019,花蓮縣,花蓮市,主計里,是,否,79,4,31,184264000,2332455,809352.55,0.0,809352.55
2019,花蓮縣,花蓮市,主農里,否,否,161,15,82,217017900,1347937,1820297.74,0.0,1820297.74
2019,花蓮縣,花蓮市,國光里,否,否,90,3,42,77810000,864555,892813.71,0.0,892813.71
2019,花蓮縣,花蓮市,國威里,是,否,184,7,90,494689000,2688527,2301988.54,0.0,2301988.54
2019,花蓮縣,花蓮市,國安里,否,否,110,6,59,226953000,2063209,1393672.89,0.0,1393672.89
2019,花蓮縣,花蓮市,國富里,否,否,325,14,160,406169900,1249753,3531313.97,0.0,3531313.97
2019,花蓮縣,花蓮市,國強里,否,否,69,1,46,195664000,2835710,1108783.71,0.0,1108783.71
2019,花蓮縣,花蓮市,國慶里,否,否,109,6,69,2578944645,23660042,4372767.93,0.0,4372767.93
2019,花蓮縣,花蓮市,國治里,否,否,132,12,60,100556400,761790,1262880.08,0.0,1262880.08
2019,花蓮縣,花蓮市,國盛里,否,否,206,15,115,485225120,2355461,2767294.13,0.0,2767294.13
2019,花蓮縣,花蓮市,國福里,否,否,35,2,21,28310000,808857,433845.59,0.0,433845.59
2019,花蓮縣,花蓮市,國聯里,否,否,384,26,230,2236560840,5824377,7035669.31,0.0,7035669.31
2019,花蓮縣,花蓮市,國興里,否,否,165,16,83,245338800,1486901,1872935.59,0.0,1872935.59
2019,花蓮縣,花蓮市,國華里,否,否,117,8,48,182055606,1556030,1130771.87,0.0,1130771.87
2019,花蓮縣,花蓮市,國裕里,否,否,308,19,193,1506380077,4890844,5464720.13,0.0,5464720.13
2019,花蓮縣,花蓮市,國防里,否,否,45,2,24,101801000,2262244,578158.47,0.0,578158.47
2019,花蓮縣,花蓮市,國風里,否,否,195,10,101,308925800,1584234,2291421.94,0.0,2291421.94
2019,花蓮縣,花蓮市,國魂里,否,否,138,8,73,887298600,6429700,2443422.82,0.0,2443422.82
2019,花蓮縣,花蓮市,市區其他未標示里,否,否,116,3,11,34813290,300114,250945.46,0.0,250945.46
2019,花蓮縣,花蓮市,民主里,是,是,400,7,24,169022000,422555,657854.64,529200.0,1187054.64
2019,花蓮縣,花蓮市,民享里,否,否,103,7,64,219522000,2131281,1480167.97,0.0,1480167.97
2019,花蓮縣,花蓮市,民勤里,否,否,117,10,60,235499001,2012811,1422865.92,0.0,1422865.92
2019,花蓮縣,花蓮市,民孝里,否,否,157,8,75,640952499,4082499,2189480.78,0.0,2189480.78
2019,花蓮縣,花蓮市,民德里,否,否,66,4,41,231195726,3502965,1055604.4,0.0,1055604.4
2019,花蓮縣,花蓮市,民心里,否,否,181,0,166,2547168200,14072752,6184014.46,0.0,6184014.46
2019,花蓮縣,花蓮市,民意里,否,否,62,2,35,329970000,5322096,1058343.45,0.0,1058343.45
2019,花蓮縣,花蓮市,民政里,否,否,118,10,64,364252848,3086888,1651758.61,0.0,1651758.61
2019,花蓮縣,花蓮市,民族里,是,是,98,6,44,545707350,5568442,1485667.59,705600.0,2191267.59
2019,花蓮縣,花蓮市,民有里,否,否,10,0,3,1375000,137500,58813.28,0.0,58813.28
2019,花蓮縣,花蓮市,民樂里,否,否,17,3,9,33797000,1988058,211618.49,0.0,211618.49
2019,花蓮縣,花蓮市,民權里,否,否,16,0,9,27704000,1731500,204394.73,0.0,204394.73
2019,花蓮縣,花蓮市,民治里,否,否,2,0,0,70000,35000,82.99,0.0,82.99
2019,花蓮縣,花蓮市,民生里,是,是,240,10,88,376648000,1569366,2123918.9,352800.0,2476718.9
2019,花蓮縣,花蓮市,民立里,否,否,61,4,41,685563140,11238740,1594295.34,0.0,1594295.34
2019,花蓮縣,花蓮市,民運里,否,否,146,9,55,410894000,2814342,1535506.34,0.0,1535506.34
2020,花蓮縣,花蓮市,主信里,否,否,77,6,40,204763000,2659259,898838.16,0.0,898838.16
2020,花蓮縣,花蓮市,主力里,是,否,228,12,128,440392000,1931543,2641682.68,0.0,2641682.68
2020,花蓮縣,花蓮市,主勤里,是,否,99,3,46,84794000,856505,869129.01,0.0,869129.01
2020,花蓮縣,花蓮市,主和里,否,否,145,5,76,231059500,1593513,1535279.21,0.0,1535279.21
2020,花蓮縣,花蓮市,主商里,是,是,120,12,52,1118434000,9320283,2099073.22,132000.0,2231073.22
2020,花蓮縣,花蓮市,主學里,是,否,127,7,53,174607000,1374858,1085367.17,0.0,1085367.17
2020,花蓮縣,花蓮市,主安里,是,否,116,5,56,278237000,2398594,1249167.19,0.0,1249167.19
2020,花蓮縣,花蓮市,主工里,是,是,107,9,50,248866000,2325850,1115808.42,0.0,1115808.42
2020,花蓮縣,花蓮市,主權里,否,否,274,22,140,409313999,1493846,2810323.62,0.0,2810323.62
2020,花蓮縣,花蓮市,主睦里,否,否,96,2,40,152381000,1587302,841641.0,0.0,841641.0
2020,花蓮縣,花蓮市,主義里,否,否,37,4,16,10621000,287054,281698.33,0.0,281698.33
2020,花蓮縣,花蓮市,主計里,是,否,84,5,33,186616000,2221619,760853.82,0.0,760853.82
2020,花蓮縣,花蓮市,主農里,否,否,171,10,89,253532900,1482648,1779275.53,0.0,1779275.53
2020,花蓮縣,花蓮市,國光里,否,否,93,3,44,78830000,847634,828854.15,0.0,828854.15
2020,花蓮縣,花蓮市,國威里,是,否,201,17,99,500879000,2491935,2218171.8,0.0,2218171.8
2020,花蓮縣,花蓮市,國安里,否,否,116,6,64,236051000,2034922,1338153.79,0.0,1338153.79
2020,花蓮縣,花蓮市,國富里,否,否,338,13,164,409423900,1211313,3215595.14,0.0,3215595.14
2020,花蓮縣,花蓮市,國強里,否,否,75,6,51,198664000,2648853,1077872.96,0.0,1077872.96
2020,花蓮縣,花蓮市,國慶里,否,否,120,11,73,2583755645,21531297,4053600.67,0.0,4053600.67
2020,花蓮縣,花蓮市,國治里,否,否,141,9,62,116617400,827073,1173978.75,0.0,1173978.75
2020,花蓮縣,花蓮市,國盛里,否,否,227,21,124,495067120,2180912,2633858.5,0.0,2633858.5
2020,花蓮縣,花蓮市,國福里,否,否,37,2,22,28515000,770675,402525.1,0.0,402525.1
2020,花蓮縣,花蓮市,國聯里,否,否,407,23,245,2241111840,5506417,6583045.53,0.0,6583045.53
2020,花蓮縣,花蓮市,國興里,否,否,190,25,97,256976800,1352509,1918086.51,0.0,1918086.51
2020,花蓮縣,花蓮市,國華里,否,否,126,9,53,185885606,1475282,1097682.55,0.0,1097682.55
2020,花蓮縣,花蓮市,國裕里,否,否,328,20,202,1512776077,4612122,5061861.77,0.0,5061861.77
2020,花蓮縣,花蓮市,國防里,否,否,52,7,26,106712000,2052153,555435.54,0.0,555435.54
2020,花蓮縣,花蓮市,國風里,否,否,214,19,110,322369320,1506398,2208947.24,0.0,2208947.24
2020,花蓮縣,花蓮市,國魂里,否,否,148,10,80,929996600,6283760,2365990.66,0.0,2365990.66
2020,花蓮縣,花蓮市,市區其他未標示里,否,否,126,10,13,40282290,319700,263442.27,0.0,263442.27
2020,花蓮縣,花蓮市,民主里,是,是,409,9,24,170341000,416481,591150.94,396000.0,987150.94
2020,花蓮縣,花蓮市,民享里,否,否,111,8,69,259226000,2335369,1447865.7,0.0,1447865.7
2020,花蓮縣,花蓮市,民勤里,否,否,124,7,63,245657001,1981104,1331761.5,0.0,1331761.5
2020,花蓮縣,花蓮市,民孝里,否,否,163,6,77,641573499,3936033,2000410.62,0.0,2000410.62
2020,花蓮縣,花蓮市,民德里,否,否,70,4,43,232695726,3324224,979982.51,0.0,979982.51
2020,花蓮縣,花蓮市,民心里,否,否,183,2,167,2576368200,14078514,5632377.58,0.0,5632377.58
2020,花蓮縣,花蓮市,民意里,否,否,64,2,36,335170000,5237031,973707.44,0.0,973707.44
2020,花蓮縣,花蓮市,民政里,否,否,135,17,73,391895848,2902932,1660256.34,0.0,1660256.34
2020,花蓮縣,花蓮市,民族里,是,是,103,5,49,553027350,5369197,1431048.18,528000.0,1959048.18
2020,花蓮縣,花蓮市,民有里,否,否,14,4,4,2020000,144285,69730.94,0.0,69730.94
2020,花蓮縣,花蓮市,民樂里,否,否,21,4,13,39597000,1885571,262693.99,0.0,262693.99
2020,花蓮縣,花蓮市,民權里,否,否,19,3,11,28124000,1480210,216403.72,0.0,216403.72
2020,花蓮縣,花蓮市,民治里,否,否,2,0,0,70000,35000,76.43,0.0,76.43
2020,花蓮縣,花蓮市,民生里,是,是,254,14,90,378902000,1491740,1933050.37,264000.0,2197050.37
2020,花蓮縣,花蓮市,民立里,否,否,64,3,44,685863140,10716611,1491688.2,0.0,1491688.2
2020,花蓮縣,花蓮市,民運里,否,否,153,7,57,412410000,2695490,1412555.23,0.0,1412555.23
2021,花蓮縣,花蓮市,主信里,否,否,85,8,42,206083000,2424505,918513.33,0.0,918513.33
2021,花蓮縣,花蓮市,主力里,是,否,249,21,135,493155000,1980542,2763054.81,0.0,2763054.81
2021,花蓮縣,花蓮市,主勤里,是,否,114,15,52,87836000,770491,950067.66,0.0,950067.66
2021,花蓮縣,花蓮市,主和里,否,否,159,14,81,236497166,1487403,1591399.29,0.0,1591399.29
2021,花蓮縣,花蓮市,主商里,是,是,128,8,53,1119402000,8745328,2120244.3,0.0,2120244.3
2021,花蓮縣,花蓮市,主學里,是,否,137,10,57,176713000,1289875,1131381.78,0.0,1131381.78
2021,花蓮縣,花蓮市,主安里,是,否,123,7,58,278745000,2266219,1261884.7,0.0,1261884.7
2021,花蓮縣,花蓮市,主工里,是,是,116,9,53,256210888,2208714,1154774.38,0.0,1154774.38
2021,花蓮縣,花蓮市,主權里,否,否,301,27,153,419299599,1393021,2975310.51,0.0,2975310.51
2021,花蓮縣,花蓮市,主睦里,否,否,104,8,41,153184000,1472923,842965.14,0.0,842965.14
2021,花蓮縣,花蓮市,主義里,否,否,39,2,17,10851000,278230,290617.66,0.0,290617.66
2021,花蓮縣,花蓮市,主計里,是,否,93,9,35,192894000,2074129,789092.96,0.0,789092.96
2021,花蓮縣,花蓮市,主農里,否,否,181,10,95,277593900,1533667,1866702.78,0.0,1866702.78
2021,花蓮縣,花蓮市,國光里,否,否,94,1,44,78880000,839148,809000.62,0.0,809000.62
2021,花蓮縣,花蓮市,國威里,是,否,219,18,108,505578001,2308575,2334656.54,0.0,2334656.54
2021,花蓮縣,花蓮市,國安里,否,否,120,4,68,237651000,1980425,1379733.82,0.0,1379733.82
2021,花蓮縣,花蓮市,國富里,否,否,357,19,171,428739800,1200951,3280731.44,0.0,3280731.44
2021,花蓮縣,花蓮市,國強里,否,否,78,3,52,199172000,2553487,1074595.77,0.0,1074595.77
2021,花蓮縣,花蓮市,國慶里,否,否,123,3,75,2584215645,21009883,4119009.6,0.0,4119009.6
2021,花蓮縣,花蓮市,國治里,否,否,155,14,68,118535400,764744,1246504.32,0.0,1246504.32
2021,花蓮縣,花蓮市,國盛里,否,否,257,30,141,524448120,2040654,2896343.21,0.0,2896343.21
2021,花蓮縣,花蓮市,國福里,否,否,44,7,28,29407000,668340,491565.9,0.0,491565.9
2021,花蓮縣,花蓮市,國聯里,否,否,437,30,260,2260107840,5171871,6787026.39,0.0,6787026.39
2021,花蓮縣,花蓮市,國興里,否,否,208,18,112,279401800,1343277,2147205.84,0.0,2147205.84
2021,花蓮縣,花蓮市,國華里,否,否,146,20,63,197374606,1351880,1252778.96,0.0,1252778.96
2021,花蓮縣,花蓮市,國裕里,否,否,355,27,211,1536326077,4327679,5174803.97,0.0,5174803.97
2021,花蓮縣,花蓮市,國防里,否,否,55,3,28,106862000,1942945,578198.48,0.0,578198.48
2021,花蓮縣,花蓮市,國風里,否,否,227,13,112,323180320,1423701,2196171.64,0.0,2196171.64
2021,花蓮縣,花蓮市,國魂里,否,否,164,16,90,939255600,5727168,2524858.07,0.0,2524858.07
2021,花蓮縣,花蓮市,市區其他未標示里,否,否,136,10,14,40663290,298994,274818.69,0.0,274818.69
2021,花蓮縣,花蓮市,民主里,是,是,431,22,32,177928900,412828,723210.96,0.0,723210.96
2021,花蓮縣,花蓮市,民享里,否,否,121,10,74,270747000,2237578,1515038.73,0.0,1515038.73
2021,花蓮縣,花蓮市,民勤里,否,否,135,11,66,254225001,1883148,1365509.2,0.0,1365509.2
2021,花蓮縣,花蓮市,民孝里,否,否,176,13,84,650286499,3694809,2103361.87,0.0,2103361.87
2021,花蓮縣,花蓮市,民德里,否,否,80,10,48,233515726,2918946,1047483.93,0.0,1047483.93
2021,花蓮縣,花蓮市,民心里,否,否,189,6,173,2614611200,13833921,5758367.4,0.0,5758367.4
2021,花蓮縣,花蓮市,民意里,否,否,75,11,41,352327999,4697706,1065705.55,0.0,1065705.55
2021,花蓮縣,花蓮市,民政里,否,否,153,18,84,438330848,2864907,1866291.77,0.0,1866291.77
2021,花蓮縣,花蓮市,民族里,是,是,111,8,51,555640350,5005768,1456920.53,0.0,1456920.53
2021,花蓮縣,花蓮市,民有里,否,否,20,6,5,2628000,131400,84845.55,0.0,84845.55
2021,花蓮縣,花蓮市,民樂里,否,否,26,5,16,41156000,1582923,308132.25,0.0,308132.25
2021,花蓮縣,花蓮市,民權里,否,否,19,0,11,28124000,1480210,211649.94,0.0,211649.94
2021,花蓮縣,花蓮市,民治里,否,否,2,0,0,70000,35000,78.29,0.0,78.29
2021,花蓮縣,花蓮市,民生里,是,是,266,12,93,380045880,1428743,1948531.75,0.0,1948531.75
2021,花蓮縣,花蓮市,民立里,否,否,69,5,47,686813140,9953813,1538110.95,0.0,1538110.95
2021,花蓮縣,花蓮市,民運里,否,否,175,22,68,419159168,2395195,1582748.75,0.0,1582748.75
2022,花蓮縣,花蓮市,主信里,否,否,88,3,44,206483000,2346397,968272.98,0.0,968272.98
2022,花蓮縣,花蓮市,主力里,是,否,264,15,142,500435000,1895587,2929296.19,0.0,2929296.19
2022,花蓮縣,花蓮市,主勤里,是,否,121,7,55,88391000,730504,1010312.05,0.0,1010312.05
2022,花蓮縣,花蓮市,主和里,否,否,168,9,86,237749166,1415173,1697079.25,0.0,1697079.25
2022,花蓮縣,花蓮市,主商里,是,是,137,9,56,1120680000,8180145,2243477.84,0.0,2243477.84
2022,花蓮縣,花蓮市,主學里,是,否,148,11,61,179766000,1214635,1216860.41,0.0,1216860.41
2022,花蓮縣,花蓮市,主安里,是,否,133,10,61,280180000,2106616,1335211.74,0.0,1335211.74
2022,花蓮縣,花蓮市,主工里,是,是,121,5,57,260220888,2150585,1245786.79,0.0,1245786.79
2022,花蓮縣,花蓮市,主權里,否,否,321,20,163,474542599,1478325,3244755.98,0.0,3244755.98
2022,花蓮縣,花蓮市,主睦里,否,否,105,1,41,153384000,1460800,856263.35,0.0,856263.35
2022,花蓮縣,花蓮市,主義里,否,否,40,1,17,10951000,273775,292984.2,0.0,292984.2
2022,花蓮縣,花蓮市,主計里,是,否,100,7,38,194636000,1946360,855459.0,0.0,855459.0
2022,花蓮縣,花蓮市,主農里,否,否,192,11,102,287259900,1496145,2019036.14,0.0,2019036.14
2022,花蓮縣,花蓮市,國光里,否,否,107,13,51,83001000,775710,938058.74,0.0,938058.74
2022,花蓮縣,花蓮市,國威里,是,否,230,11,113,520241001,2261917,2474861.82,0.0,2474861.82
2022,花蓮縣,花蓮市,國安里,否,否,124,4,70,238011000,1919443,1433785.98,0.0,1433785.98
2022,花蓮縣,花蓮市,國富里,否,否,379,22,182,439424800,1159432,3516392.18,0.0,3516392.18
2022,花蓮縣,花蓮市,國強里,否,否,88,10,58,202097777,2296565,1193756.04,0.0,1193756.04
2022,花蓮縣,花蓮市,國慶里,否,否,128,5,79,2585865645,20202075,4349322.82,0.0,4349322.82
2022,花蓮縣,花蓮市,國治里,否,否,161,6,72,121400400,754039,1329295.03,0.0,1329295.03
2022,花蓮縣,花蓮市,國盛里,否,否,280,23,153,538250120,1922321,3155092.65,0.0,3155092.65
2022,花蓮縣,花蓮市,國福里,否,否,49,5,32,30457000,621571,563101.39,0.0,563101.39
2022,花蓮縣,花蓮市,國聯里,否,否,458,21,270,2268850840,4953822,7122425.78,0.0,7122425.78
2022,花蓮縣,花蓮市,國興里,否,否,224,16,118,283732800,1266664,2278480.85,0.0,2278480.85
2022,花蓮縣,花蓮市,國華里,否,否,158,12,68,202610606,1282345,1359111.65,0.0,1359111.65
2022,花蓮縣,花蓮市,國裕里,否,否,387,32,233,1566941077,4048943,5685551.9,0.0,5685551.9
2022,花蓮縣,花蓮市,國防里,否,否,59,4,31,116387000,1972661,647906.27,0.0,647906.27
2022,花蓮縣,花蓮市,國風里,否,否,247,20,121,332831320,1347495,2385775.37,0.0,2385775.37
2022,花蓮縣,花蓮市,國魂里,否,否,175,11,98,949943500,5428248,2734196.95,0.0,2734196.95
2022,花蓮縣,花蓮市,市區其他未標示里,否,否,145,9,18,41003290,282781,344879.97,0.0,344879.97
2022,花蓮縣,花蓮市,民主里,是,是,436,5,34,178598900,409630,770656.67,0.0,770656.67
2022,花蓮縣,花蓮市,民享里,否,否,128,7,77,272212000,2126656,1589422.25,0.0,1589422.25
2022,花蓮縣,花蓮市,民勤里,否,否,150,15,75,256513001,1710086,1537968.65,0.0,1537968.65
2022,花蓮縣,花蓮市,民孝里,否,否,186,10,92,665531499,3578126,2300128.65,0.0,2300128.65
2022,花蓮縣,花蓮市,民德里,否,否,88,8,51,234465726,2664383,1116580.18,0.0,1116580.18
2022,花蓮縣,花蓮市,民心里,否,否,194,5,176,2677411200,13801088,6055307.84,0.0,6055307.84
2022,花蓮縣,花蓮市,民意里,否,否,78,3,44,357027999,4577282,1145710.4,0.0,1145710.4
2022,花蓮縣,花蓮市,民政里,否,否,164,11,88,442891848,2700560,1971817.57,0.0,1971817.57
2022,花蓮縣,花蓮市,民族里,是,是,119,8,55,590973350,4966162,1602672.58,0.0,1602672.58
2022,花蓮縣,花蓮市,民有里,否,否,21,1,5,2678000,127523,85531.97,0.0,85531.97
2022,花蓮縣,花蓮市,民樂里,否,否,28,2,18,41454000,1480500,345411.19,0.0,345411.19
2022,花蓮縣,花蓮市,民權里,否,否,23,4,11,28477000,1238130,214790.24,0.0,214790.24
2022,花蓮縣,花蓮市,民治里,否,否,2,0,0,70000,35000,82.5,0.0,82.5
2022,花蓮縣,花蓮市,民生里,是,是,277,11,97,380880880,1375021,2047005.4,0.0,2047005.4
2022,花蓮縣,花蓮市,民立里,否,否,75,6,50,717713140,9569508,1669676.79,0.0,1669676.79
2022,花蓮縣,花蓮市,民運里,否,否,184,9,74,425312056,2311478,1720445.8,0.0,1720445.8
2023,花蓮縣,花蓮市,主信里,否,否,92,4,44,206863000,2248510,954754.34,0.0,954754.34
2023,花蓮縣,花蓮市,主力里,是,否,282,18,148,503155000,1784237,2979681.22,0.0,2979681.22
2023,花蓮縣,花蓮市,主勤里,是,否,136,15,60,95756000,704088,1077783.87,0.0,1077783.87
2023,花蓮縣,花蓮市,主和里,否,否,182,14,94,241696054,1328000,1798816.59,0.0,1798816.59
2023,花蓮縣,花蓮市,主商里,是,是,153,16,63,1124116000,7347163,2363024.85,216000.0,2579024.85
2023,花蓮縣,花蓮市,主學里,是,否,163,15,65,234156000,1436539,1324494.15,0.0,1324494.15
2023,花蓮縣,花蓮市,主安里,是,否,146,13,69,294626999,2017993,1461413.09,0.0,1461413.09
2023,花蓮縣,花蓮市,主工里,是,是,128,7,61,263890888,2061647,1296092.4,0.0,1296092.4
2023,花蓮縣,花蓮市,主權里,否,否,347,26,175,486577599,1402240,3392904.16,0.0,3392904.16
2023,花蓮縣,花蓮市,主睦里,否,否,111,6,44,159582000,1437675,897875.56,0.0,897875.56
2023,花蓮縣,花蓮市,主義里,否,否,41,1,18,12151000,296365,303394.57,0.0,303394.57
2023,花蓮縣,花蓮市,主計里,是,否,107,7,41,196181000,1833467,893774.46,0.0,893774.46
2023,花蓮縣,花蓮市,主農里,否,否,204,12,108,313359900,1536077,2109632.12,0.0,2109632.12
2023,花蓮縣,花蓮市,國光里,否,否,113,6,55,83911000,742575,983318.58,0.0,983318.58
2023,花蓮縣,花蓮市,國威里,是,否,240,10,115,526962001,2195675,2478896.45,0.0,2478896.45
2023,花蓮縣,花蓮市,國安里,否,否,129,5,73,248709000,1927976,1470346.65,0.0,1470346.65
2023,花蓮縣,花蓮市,國富里,否,否,404,25,190,445762800,1103373,3584451.66,0.0,3584451.66
2023,花蓮縣,花蓮市,國強里,否,否,91,3,59,202347777,2223601,1189970.04,0.0,1189970.04
2023,花蓮縣,花蓮市,國慶里,否,否,133,5,82,2587415645,19454252,4428186.5,0.0,4428186.5
2023,花蓮縣,花蓮市,國治里,否,否,173,12,82,145900400,843354,1491056.96,0.0,1491056.96
2023,花蓮縣,花蓮市,國盛里,否,否,304,24,164,546542000,1797835,3288566.19,0.0,3288566.19
2023,花蓮縣,花蓮市,國福里,否,否,53,4,34,31057000,585981,582829.03,0.0,582829.03
2023,花蓮縣,花蓮市,國聯里,否,否,496,38,292,2313729840,4664777,7468008.72,0.0,7468008.72
2023,花蓮縣,花蓮市,國興里,否,否,248,24,131,298402800,1203237,2460631.62,0.0,2460631.62
2023,花蓮縣,花蓮市,國華里,否,否,172,14,72,205050606,1192154,1401782.68,0.0,1401782.68
2023,花蓮縣,花蓮市,國裕里,否,否,413,26,251,1594092077,3859787,5944518.62,0.0,5944518.62
2023,花蓮縣,花蓮市,國防里,否,否,64,5,32,116993000,1828015,654123.24,0.0,654123.24
2023,花蓮縣,花蓮市,國風里,否,否,275,28,128,344471220,1252622,2467922.18,0.0,2467922.18
2023,花蓮縣,花蓮市,國魂里,否,否,195,20,109,961868500,4932658,2905827.61,0.0,2905827.61
2023,花蓮縣,花蓮市,市區其他未標示里,否,否,156,11,24,44763290,286944,438885.97,0.0,438885.97
2023,花蓮縣,花蓮市,民主里,是,是,438,2,34,178798900,408216,760561.73,648000.0,1408561.73
2023,花蓮縣,花蓮市,民享里,否,否,137,9,82,296942000,2167459,1672759.18,0.0,1672759.18
2023,花蓮縣,花蓮市,民勤里,否,否,165,15,84,260056001,1576096,1660471.85,0.0,1660471.85
2023,花蓮縣,花蓮市,民孝里,否,否,196,10,101,673231499,3434854,2430253.54,0.0,2430253.54
2023,花蓮縣,花蓮市,民德里,否,否,94,6,55,251435726,2674848,1184849.91,0.0,1184849.91
2023,花蓮縣,花蓮市,民心里,否,否,203,9,185,2685568000,13229399,6198709.3,0.0,6198709.3
2023,花蓮縣,花蓮市,民意里,否,否,85,7,46,359040999,4224011,1169909.98,0.0,1169909.98
2023,花蓮縣,花蓮市,民政里,否,否,174,10,94,475480736,2732647,2080058.29,0.0,2080058.29
2023,花蓮縣,花蓮市,民族里,是,是,126,7,58,591858350,4697288,1642505.97,864000.0,2506505.97
2023,花蓮縣,花蓮市,民有里,否,否,24,3,6,9528000,397000,107721.12,0.0,107721.12
2023,花蓮縣,花蓮市,民樂里,否,否,29,1,19,41654000,1436344,354929.68,0.0,354929.68
2023,花蓮縣,花蓮市,民權里,否,否,24,1,11,28487000,1186958,210744.53,0.0,210744.53
2023,花蓮縣,花蓮市,民治里,否,否,2,0,0,70000,35000,84.21,0.0,84.21
2023,花蓮縣,花蓮市,民生里,是,是,291,14,100,382898880,1315803,2064941.82,432000.0,2496941.82
2023,花蓮縣,花蓮市,民立里,否,否,84,9,54,727801140,8664299,1741871.74,0.0,1741871.74
2023,花蓮縣,花蓮市,民運里,否,否,202,18,80,451548056,2235386,1826663.09,0.0,1826663.09
2024,花蓮縣,花蓮市,主信里,否,否,102,10,44,208787000,2046931,936655.84,0.0,936655.84
2024,花蓮縣,花蓮市,主力里,是,否,300,18,159,509932000,1699773,3085203.61,0.0,3085203.61
2024,花蓮縣,花蓮市,主勤里,是,否,142,6,63,97802000,688746,1094754.93,0.0,1094754.93
2024,花蓮縣,花蓮市,主和里,否,否,193,11,102,249757054,1294078,1884423.21,0.0,1884423.21
2024,花蓮縣,花蓮市,主商里,是,是,169,16,69,1129856000,6685538,2451698.94,133400.0,2585098.94
2024,花蓮縣,花蓮市,主學里,是,否,173,10,70,243036000,1404832,1380971.18,0.0,1380971.18
2024,花蓮縣,花蓮市,主安里,是,否,151,5,74,301066999,1993821,1513951.75,0.0,1513951.75
2024,花蓮縣,花蓮市,主工里,是,是,139,11,66,275890888,1984826,1359310.34,0.0,1359310.34
2024,花蓮縣,花蓮市,主權里,否,否,367,20,183,496183499,1351998,3439778.95,0.0,3439778.95
2024,花蓮縣,花蓮市,主睦里,否,否,115,4,47,161012000,1400104,924566.47,0.0,924566.47
2024,花蓮縣,花蓮市,主義里,否,否,45,4,19,12651000,281133,309532.13,0.0,309532.13
2024,花蓮縣,花蓮市,主計里,是,否,113,6,44,202256000,1789876,928656.48,0.0,928656.48
2024,花蓮縣,花蓮市,主農里,否,否,220,16,117,345679899,1571272,2234046.68,0.0,2234046.68
2024,花蓮縣,花蓮市,國光里,否,否,120,7,62,90671000,755591,1070545.05,0.0,1070545.05
2024,花蓮縣,花蓮市,國威里,是,否,260,20,121,532931001,2049734,2525299.85,0.0,2525299.85
2024,花蓮縣,花蓮市,國安里,否,否,133,4,74,249208999,1873751,1450434.54,0.0,1450434.54
2024,花蓮縣,花蓮市,國富里,否,否,436,32,207,472108800,1082818,3781706.46,0.0,3781706.46
2024,花蓮縣,花蓮市,國強里,否,否,97,6,62,203155777,2094389,1208319.74,0.0,1208319.74
2024,花蓮縣,花蓮市,國慶里,否,否,142,9,88,2597414644,18291652,4543245.0,0.0,4543245.0
2024,花蓮縣,花蓮市,國治里,否,否,183,10,85,147308400,804963,1495855.51,0.0,1495855.51
2024,花蓮縣,花蓮市,國盛里,否,否,331,27,181,563274900,1701736,3491003.24,0.0,3491003.24
2024,花蓮縣,花蓮市,國福里,否,否,56,3,36,32503000,580410,596933.01,0.0,596933.01
2024,花蓮縣,花蓮市,國聯里,否,否,536,40,315,2322825840,4333630,7719886.57,0.0,7719886.57
2024,花蓮縣,花蓮市,國興里,否,否,269,21,143,301200800,1119705,2581933.52,0.0,2581933.52
2024,花蓮縣,花蓮市,國華里,否,否,193,21,81,213362494,1105505,1514858.03,0.0,1514858.03
2024,花蓮縣,花蓮市,國裕里,否,否,436,23,267,1685960077,3866880,6197004.71,0.0,6197004.71
2024,花蓮縣,花蓮市,國防里,否,否,67,3,33,118993000,1776014,656441.65,0.0,656441.65
2024,花蓮縣,花蓮市,國風里,否,否,302,27,145,353868108,1171748,2677393.24,0.0,2677393.24
2024,花蓮縣,花蓮市,國魂里,否,否,204,9,116,978056500,4794394,2993124.63,0.0,2993124.63
2024,花蓮縣,花蓮市,市區其他未標示里,否,否,172,16,34,46883290,272577,583595.17,0.0,583595.17
2024,花蓮縣,花蓮市,民主里,是,是,455,17,39,184759900,406065,829848.63,400200.0,1230048.63
2024,花蓮縣,花蓮市,民享里,否,否,149,12,87,299703500,2011432,1713464.78,0.0,1713464.78
2024,花蓮縣,花蓮市,民勤里,否,否,179,14,90,262184001,1464715,1713936.65,0.0,1713936.65
2024,花蓮縣,花蓮市,民孝里,否,否,208,12,105,675391499,3247074,2452179.74,0.0,2452179.74
2024,花蓮縣,花蓮市,民德里,否,否,103,9,62,253830726,2464375,1270387.91,0.0,1270387.91
2024,花蓮縣,花蓮市,民心里,否,否,209,6,190,2701371000,12925220,6249087.21,0.0,6249087.21
2024,花蓮縣,花蓮市,民意里,否,否,93,8,50,360873999,3880365,1215790.22,0.0,1215790.22
2024,花蓮縣,花蓮市,民政里,否,否,189,15,102,478916736,2533950,2165104.77,0.0,2165104.77
2024,花蓮縣,花蓮市,民族里,是,是,132,6,60,594209350,4501585,1656342.48,533600.0,2189942.48
2024,花蓮縣,花蓮市,民有里,否,否,27,3,6,9838000,364370,104903.6,0.0,104903.6
2024,花蓮縣,花蓮市,民樂里,否,否,31,2,21,41804000,1348516,376190.83,0.0,376190.83
2024,花蓮縣,花蓮市,民權里,否,否,26,2,12,28655000,1102115,220804.95,0.0,220804.95
2024,花蓮縣,花蓮市,民治里,否,否,2,0,0,70000,35000,85.74,0.0,85.74
2024,花蓮縣,花蓮市,民生里,是,是,314,23,109,422611023,1345894,2204469.22,266800.0,2471269.22
2024,花蓮縣,花蓮市,民立里,否,否,90,6,59,729869140,8109657,1807026.98,0.0,1807026.98
2024,花蓮縣,花蓮市,民運里,否,否,216,14,85,468488056,2168926,1889245.85,0.0,1889245.85
2025,花蓮縣,花蓮市,主信里,否,否,108,6,49,216087000,2000805,1000052.69,0.0,1000052.69
2025,花蓮縣,花蓮市,主力里,是,否,314,14,166,524178000,1669356,3129203.19,0.0,3129203.19
2025,花蓮縣,花蓮市,主勤里,是,否,152,10,66,98952000,651000,1107905.02,0.0,1107905.02
2025,花蓮縣,花蓮市,主和里,否,否,206,13,108,277773054,1348412,1957131.71,0.0,1957131.71
2025,花蓮縣,花蓮市,主商里,是,是,184,15,75,1132055999,6152478,2528054.73,195000.0,2723054.73
2025,花蓮縣,花蓮市,主學里,是,否,182,9,70,244476000,1343274,1348714.79,0.0,1348714.79
2025,花蓮縣,花蓮市,主安里,是,否,160,9,82,304446999,1902793,1602402.69,0.0,1602402.69
2025,花蓮縣,花蓮市,主工里,是,是,145,6,69,277168888,1911509,1374486.08,0.0,1374486.08
2025,花蓮縣,花蓮市,主權里,否,否,388,21,192,525263387,1353771,3518483.23,0.0,3518483.23
2025,花蓮縣,花蓮市,主睦里,否,否,122,7,48,162616000,1332918,918578.96,0.0,918578.96
2025,花蓮縣,花蓮市,主義里,否,否,47,2,20,13001000,276617,314588.87,0.0,314588.87
2025,花蓮縣,花蓮市,主計里,是,否,123,10,49,204601000,1663422,985756.49,0.0,985756.49
2025,花蓮縣,花蓮市,主農里,否,否,232,12,123,348377899,1501628,2268816.21,0.0,2268816.21
2025,花蓮縣,花蓮市,國光里,否,否,128,8,66,93871000,733367,1101580.88,0.0,1101580.88
2025,花蓮縣,花蓮市,國威里,是,否,272,12,126,535436001,1968514,2546401.61,0.0,2546401.61
2025,花蓮縣,花蓮市,國安里,否,否,137,4,75,250361999,1827459,1430642.63,0.0,1430642.63
2025,花蓮縣,花蓮市,國富里,否,否,452,16,213,475306800,1051563,3769631.45,0.0,3769631.45
2025,花蓮縣,花蓮市,國強里,否,否,105,8,66,205334377,1955565,1240315.25,0.0,1240315.25
2025,花蓮縣,花蓮市,國慶里,否,否,146,4,90,2597967644,17794298,4576426.31,0.0,4576426.31
2025,花蓮縣,花蓮市,國治里,否,否,203,20,94,152328400,750386,1592110.46,0.0,1592110.46
2025,花蓮縣,花蓮市,國盛里,否,否,371,40,204,581879900,1568409,3767995.92,0.0,3767995.92
2025,花蓮縣,花蓮市,國福里,否,否,63,7,39,33455000,531031,623533.86,0.0,623533.86
2025,花蓮縣,花蓮市,國聯里,否,否,569,33,338,2327546540,4090591,7940089.91,0.0,7940089.91
2025,花蓮縣,花蓮市,國興里,否,否,284,15,152,302968800,1066791,2644987.33,0.0,2644987.33
2025,花蓮縣,花蓮市,國華里,否,否,215,22,89,224068494,1042179,1606800.97,0.0,1606800.97
2025,花蓮縣,花蓮市,國裕里,否,否,473,37,289,1717026077,3630076,6449100.38,0.0,6449100.38
2025,花蓮縣,花蓮市,國防里,否,否,71,4,35,122093000,1719619,674176.92,0.0,674176.92
2025,花蓮縣,花蓮市,國風里,否,否,317,15,152,355704108,1122094,2710625.03,0.0,2710625.03
2025,花蓮縣,花蓮市,國魂里,否,否,217,13,122,979366499,4513209,3039264.18,0.0,3039264.18
2025,花蓮縣,花蓮市,市區其他未標示里,否,否,185,13,45,47043290,254288,729968.8,0.0,729968.8
2025,花蓮縣,花蓮市,民主里,是,是,475,20,42,186215900,392033,858430.78,585000.0,1443430.78
2025,花蓮縣,花蓮市,民享里,否,否,159,10,90,301163500,1894110,1717678.64,0.0,1717678.64
2025,花蓮縣,花蓮市,民勤里,否,否,202,23,106,265564001,1314673,1912094.85,0.0,1912094.85
2025,花蓮縣,花蓮市,民孝里,否,否,221,13,115,682641499,3088875,2565499.03,0.0,2565499.03
2025,花蓮縣,花蓮市,民德里,否,否,110,7,65,254463726,2313306,1286544.4,0.0,1286544.4
2025,花蓮縣,花蓮市,民心里,否,否,214,5,193,2703681000,12634023,6244799.89,0.0,6244799.89
2025,花蓮縣,花蓮市,民意里,否,否,106,13,58,363908999,3433103,1318324.45,0.0,1318324.45
2025,花蓮縣,花蓮市,民政里,否,否,204,15,109,488204624,2393159,2233968.5,0.0,2233968.5
2025,花蓮縣,花蓮市,民族里,是,是,141,9,62,610352350,4328740,1684744.83,780000.0,2464744.83
2025,花蓮縣,花蓮市,民有里,否,否,29,2,7,11898000,410275,119251.45,0.0,119251.45
2025,花蓮縣,花蓮市,民樂里,否,否,34,3,24,42902000,1261823,411486.94,0.0,411486.94
2025,花蓮縣,花蓮市,民權里,否,否,29,3,13,29005000,1000172,230066.01,0.0,230066.01
2025,花蓮縣,花蓮市,民治里,否,否,2,0,0,70000,35000,87.13,0.0,87.13
2025,花蓮縣,花蓮市,民生里,是,是,329,15,113,424384023,1289921,2214214.74,390000.0,2604214.74
2025,花蓮縣,花蓮市,民立里,否,否,94,4,60,730457140,7770820,1804394.15,0.0,1804394.15
2025,花蓮縣,花蓮市,民運里,否,否,228,12,88,472093056,2070583,1900587.67,0.0,1900587.67
2026,花蓮縣,花蓮市,主信里,否,否,111,3,49,216447000,1949972,997422.06,0.0,997422.06
2026,花蓮縣,花蓮市,主力里,是,否,324,10,171,525927999,1623234,3189300.22,0.0,3189300.22
2026,花蓮縣,花蓮市,主勤里,是,否,159,7,69,99828000,627849,1144115.49,0.0,1144115.49
2026,花蓮縣,花蓮市,主和里,否,否,211,5,110,278224054,1318597,1975246.57,0.0,1975246.57
2026,花蓮縣,花蓮市,主商里,是,是,194,10,77,1138135999,5866680,2581281.6,213200.0,2794481.6
2026,花蓮縣,花蓮市,主學里,是,否,193,11,75,255465999,1323658,1430320.18,0.0,1430320.18
2026,花蓮縣,花蓮市,主安里,是,否,168,8,86,305674999,1819494,1656288.09,0.0,1656288.09
2026,花蓮縣,花蓮市,主工里,是,是,146,1,70,277368888,1899786,1384432.98,0.0,1384432.98
2026,花蓮縣,花蓮市,主權里,否,否,408,20,202,531823387,1303488,3653829.06,0.0,3653829.06
2026,花蓮縣,花蓮市,主睦里,否,否,126,4,49,163026000,1293857,929548.09,0.0,929548.09
2026,花蓮縣,花蓮市,主義里,否,否,53,6,26,14801000,279264,402127.98,0.0,402127.98
2026,花蓮縣,花蓮市,主計里,是,否,133,10,57,205511000,1545195,1101472.76,0.0,1101472.76
2026,花蓮縣,花蓮市,主農里,否,否,244,12,132,355937899,1458761,2398335.66,0.0,2398335.66
2026,花蓮縣,花蓮市,國光里,否,否,132,4,67,94235000,713901,1107522.96,0.0,1107522.96
2026,花蓮縣,花蓮市,國威里,是,否,285,13,131,537104001,1884575,2613772.81,0.0,2613772.81
2026,花蓮縣,花蓮市,國安里,否,否,140,3,77,251661999,1797585,1454973.37,0.0,1454973.37
2026,花蓮縣,花蓮市,國富里,否,否,471,19,222,480523800,1020220,3883513.98,0.0,3883513.98
2026,花蓮縣,花蓮市,國強里,否,否,109,4,67,205924377,1889214,1249429.74,0.0,1249429.74
2026,花蓮縣,花蓮市,國慶里,否,否,151,5,92,2598567644,17209057,4657978.53,0.0,4657978.53
2026,花蓮縣,花蓮市,國治里,否,否,215,12,99,153318400,713108,1654372.94,0.0,1654372.94
2026,花蓮縣,花蓮市,國盛里,否,否,395,24,216,588249900,1489240,3931926.16,0.0,3931926.16
2026,花蓮縣,花蓮市,國福里,否,否,67,4,40,34045000,508134,632982.88,0.0,632982.88
2026,花蓮縣,花蓮市,國聯里,否,否,585,16,347,2332471540,3987130,8079400.51,0.0,8079400.51
2026,花蓮縣,花蓮市,國興里,否,否,298,14,157,308458800,1035096,2706590.58,0.0,2706590.58
2026,花蓮縣,花蓮市,國華里,否,否,227,12,93,229251494,1009918,1662390.56,0.0,1662390.56
2026,花蓮縣,花蓮市,國裕里,否,否,496,23,304,1732116077,3492169,6682663.17,0.0,6682663.17
2026,花蓮縣,花蓮市,國防里,否,否,72,1,36,122193000,1697125,686006.49,0.0,686006.49
2026,花蓮縣,花蓮市,國風里,否,否,328,11,158,358552108,1093146,2784979.73,0.0,2784979.73
2026,花蓮縣,花蓮市,國魂里,否,否,221,4,124,981083554,4439292,3074668.14,0.0,3074668.14
2026,花蓮縣,花蓮市,市區其他未標示里,否,否,193,8,52,50646290,262416,830993.74,0.0,830993.74
2026,花蓮縣,花蓮市,民主里,是,是,498,23,44,188376900,378266,888041.76,639600.0,1527641.76
2026,花蓮縣,花蓮市,民享里,否,否,172,13,98,310773500,1806822,1839684.1,0.0,1839684.1
2026,花蓮縣,花蓮市,民勤里,否,否,216,14,117,268703001,1243995,2066351.85,0.0,2066351.85
2026,花蓮縣,花蓮市,民孝里,否,否,226,5,117,683541499,3024519,2593424.29,0.0,2593424.29
2026,花蓮縣,花蓮市,民德里,否,否,118,8,70,263738726,2235073,1367115.2,0.0,1367115.2
2026,花蓮縣,花蓮市,民心里,否,否,219,5,197,2804431000,12805621,6467571.44,0.0,6467571.44
2026,花蓮縣,花蓮市,民意里,否,否,111,5,63,364657999,3285207,1392135.8,0.0,1392135.8
2026,花蓮縣,花蓮市,民政里,否,否,216,12,113,494074624,2287382,2293724.72,0.0,2293724.72
2026,花蓮縣,花蓮市,民族里,是,是,146,5,64,610562350,4181933,1719312.39,852800.0,2572112.39
2026,花蓮縣,花蓮市,民有里,否,否,33,4,9,13168000,399030,149419.17,0.0,149419.17
2026,花蓮縣,花蓮市,民樂里,否,否,35,1,25,43151000,1232885,423404.85,0.0,423404.85
2026,花蓮縣,花蓮市,民權里,否,否,29,0,13,29005000,1000172,228513.55,0.0,228513.55
2026,花蓮縣,花蓮市,民治里,否,否,2,0,0,70000,35000,88.94,0.0,88.94
2026,花蓮縣,花蓮市,民生里,是,是,339,10,116,425685023,1255708,2251061.95,426400.0,2677461.95
2026,花蓮縣,花蓮市,民立里,否,否,95,1,61,730457140,7689022,1827415.01,0.0,1827415.01
2026,花蓮縣,花蓮市,民運里,否,否,233,5,91,482641056,2071420,1954847.94,0.0,1954847.94
