統一編號,總機構統一編號,營業人名稱,營業地址,縣市,鄉鎮市區,里別,商圈分類,是否為金三角商圈,是否為東大門周邊,資本額,設立年份,組織別名稱,使用統一發票,是否開立發票,主要行業代號,主要行業名稱
42078211,80304384,日月亭股份有限公司節約街營業所,花蓮縣花蓮市三民街３８巷１０號後面空地停車場,花蓮縣,花蓮市,主商里,金三角與東大門核心交會商圈,是,是,0.0,2015,其他,Y,1,524100,停車場管理
94720951,,攤販,花蓮縣花蓮市上美崙基泰市場７號攤位,花蓮縣,花蓮市,民立里,花蓮市一般行政區,否,否,1000.0,1973,獨資,N,0,472311,水產品零售
61376995,,攤販－王允仕,花蓮縣花蓮市中原路４３６號騎樓前,花蓮縣,花蓮市,主權里,花蓮市一般行政區,否,否,10000.0,2026,獨資,N,0,561200,餐食攤販
60277498,86711789,國雲公寓大廈管理維護股份有限公司花蓮中央場,花蓮縣花蓮市中央路三段８４４號,花蓮縣,花蓮市,國興里,花蓮市一般行政區,否,否,0.0,2025,其他,Y,1,524100,停車場管理
60205256,52492792,悠勢科技股份有限公司安盛中央停車場,花蓮縣花蓮市中央路三段８４４號旁,花蓮縣,花蓮市,國興里,花蓮市一般行政區,否,否,0.0,2025,其他,Y,1,524100,停車場管理
31532299,80118614,成佳財企業有限公司花蓮分店,花蓮縣花蓮市中央路３段７０７號停車場,花蓮縣,花蓮市,市區其他未標示里,花蓮市一般行政區,否,否,0.0,2011,其他,Y,1,524100,停車場管理
70961347,,攤販－文建檳榔,花蓮縣花蓮市中央路４段４２６號,花蓮縣,花蓮市,市區其他未標示里,花蓮市一般行政區,否,否,3000.0,1999,獨資,N,0,472936,檳榔零售
64805469,,長隆商號,花蓮縣花蓮市中山市場８號,花蓮縣,花蓮市,主商里,金三角與東大門核心交會商圈,是,是,5000.0,1988,獨資,N,0,472211,畜肉零售
08145768,,創健商號,花蓮縣花蓮市中山路零售市場攤位１４號,花蓮縣,花蓮市,市區其他未標示里,花蓮市一般行政區,否,否,5000.0,1987,獨資,N,0,454214,農產品（家畜及家禽肉品）批發市場承銷
26778321,,崧園小吃,花蓮縣花蓮市中山路１段２０５－１號,花蓮縣,花蓮市,市區其他未標示里,花蓮市一般行政區,否,否,3000.0,2011,獨資,N,0,561113,麵店、小吃店
95221799,27856324,全國專業開發管理股份有限公司花蓮停車場,花蓮縣花蓮市中山路３０３及３０５號房地,花蓮縣,花蓮市,市區其他未標示里,花蓮市一般行政區,否,否,0.0,2024,其他,Y,1,524100,停車場管理
60205093,52492792,悠勢科技股份有限公司安盛中山停車場,花蓮縣花蓮市中山路４１２巷１８號旁,花蓮縣,花蓮市,市區其他未標示里,花蓮市一般行政區,否,否,0.0,2025,其他,Y,1,524100,停車場管理
92655878,28858068,台灣普客二四股份有限公司花蓮延平街停車場,花蓮縣花蓮市中山路４７５－９號旁,花蓮縣,花蓮市,市區其他未標示里,花蓮市一般行政區,否,否,0.0,2023,其他,Y,1,524100,停車場管理
94745313,,信志猪肉商號,花蓮縣花蓮市中山零售市場豬肉類第４７號攤位,花蓮縣,花蓮市,市區其他未標示里,花蓮市一般行政區,否,否,3000.0,1978,獨資,N,0,454214,農產品（家畜及家禽肉品）批發市場承銷
08132004,,政發商號,花蓮縣花蓮市中山零售市塲猪肉攤１號,花蓮縣,花蓮市,市區其他未標示里,花蓮市一般行政區,否,否,5000.0,1986,獨資,N,0,454214,農產品（家畜及家禽肉品）批發市場承銷
93000547,,嫺媽雞蛋糕,花蓮縣花蓮市中正路２１０號前（中正國小前）,花蓮縣,花蓮市,市區其他未標示里,花蓮市一般行政區,否,否,10000.0,2023,獨資,N,0,561200,餐食攤販
45118665,,全莉精品服飾有限公司,花蓮縣花蓮市中正路５２８號,花蓮縣,花蓮市,市區其他未標示里,花蓮市一般行政區,否,否,600000.0,2016,有限公司,Y,1,473211,服裝零售
62078256,22555003,統一超商股份有限公司花蓮縣第一二○分公司,花蓮縣花蓮市中正路５４３號,花蓮縣,花蓮市,市區其他未標示里,花蓮市一般行政區,否,否,0.0,2026,本國公司設立之分公司,Y,1,471112,直營連鎖式便利商店
85288460,80738683,台灣國際開發事業有限公司花蓮醫院停車場,花蓮縣花蓮市中正路６００號２樓,花蓮縣,花蓮市,市區其他未標示里,花蓮市一般行政區,否,否,0.0,2019,其他,Y,1,524100,停車場管理
15781313,,攤販－張秀美０９３３４８２８１７,花蓮縣花蓮市中美一街旁,花蓮縣,花蓮市,市區其他未標示里,花蓮市一般行政區,否,否,3000.0,2002,獨資,N,0,959916,衣服修改
60323985,,元廣勝工程有限公司,花蓮縣花蓮市中美七街１３１號１樓,花蓮縣,花蓮市,市區其他未標示里,花蓮市一般行政區,否,否,2000000.0,2026,有限公司,Y,1,434013,房屋設備安裝工程
60097361,16766579,誼光國際公寓大廈管理維護股份有限公司叭叭房花蓮中美停車場,花蓮縣花蓮市中美二街４－１號旁空地,花蓮縣,花蓮市,市區其他未標示里,花蓮市一般行政區,否,否,0.0,2024,其他,Y,1,524100,停車場管理
00053369,,尾川房屋仲介有限公司,花蓮縣花蓮市中美路２４６號１樓,花蓮縣,花蓮市,市區其他未標示里,花蓮市一般行政區,否,否,1500000.0,2024,有限公司,Y,1,681211,不動產仲介
70960918,,攤販－莊秀蘭,花蓮縣花蓮市中美路２８１號門前,花蓮縣,花蓮市,市區其他未標示里,花蓮市一般行政區,否,否,3000.0,1999,獨資,N,0,472936,檳榔零售
60396728,,海光映所有限公司,花蓮縣花蓮市中美路９３巷２號６樓之２,花蓮縣,花蓮市,市區其他未標示里,花蓮市一般行政區,否,否,1600000.0,2026,有限公司,Y,1,760199,其他攝影
95209681,,女仕女事工坊,花蓮縣花蓮市中華路１４４號,花蓮縣,花蓮市,市區其他未標示里,花蓮市一般行政區,否,否,10000.0,2025,獨資,N,0,474399,其他家飾品零售
87515510,,小白米蛋糕,花蓮縣花蓮市中華路１４４號旁,花蓮縣,花蓮市,市區其他未標示里,花蓮市一般行政區,否,否,3000.0,2020,獨資,N,0,486111,食品零售攤販
92777160,,拉坯空間工作室,花蓮縣花蓮市中華路１４４號旁,花蓮縣,花蓮市,市區其他未標示里,花蓮市一般行政區,否,否,50000.0,2023,獨資,N,0,486999,未分類其他零售攤販
93493205,,磐石系統模板股份有限公司,花蓮縣花蓮市中華路１８６號１樓,花蓮縣,花蓮市,市區其他未標示里,花蓮市一般行政區,否,否,1000000.0,2023,股份有限公司,Y,1,452000,綜合商品批發
61482530,52715750,百里亭股份有限公司花蓮中華停車場,花蓮縣花蓮市中華路３６９號和３７３－１號後方空地,花蓮縣,花蓮市,市區其他未標示里,花蓮市一般行政區,否,否,0.0,2026,其他,Y,1,524100,停車場管理
94305103,,裕成行,花蓮縣花蓮市主信里上海街１５３號,花蓮縣,花蓮市,主信里,花蓮市一般行政區,否,否,3000.0,1977,獨資,N,0,485212,宗教、喪葬用品零售
31795068,,合垣工程行,花蓮縣花蓮市主信里上海街１５３號１樓,花蓮縣,花蓮市,主信里,花蓮市一般行政區,否,否,200000.0,2013,獨資,Y,1,410011,房屋修繕
92636063,,剛門企業社,花蓮縣花蓮市主信里上海街１８２號１樓,花蓮縣,花蓮市,主信里,花蓮市一般行政區,否,否,100000.0,2023,獨資,N,0,561115,餐廳
91151884,,顯鈴美髮工作室,花蓮縣花蓮市主信里上海街１８５號１樓,花蓮縣,花蓮市,主信里,花蓮市一般行政區,否,否,10000.0,2021,獨資,N,0,962299,其他美容美體服務
94799984,,大同事務機工業有限公司,花蓮縣花蓮市主信里上海街１８６號,花蓮縣,花蓮市,主信里,花蓮市一般行政區,否,否,7000000.0,1982,有限公司,Y,1,474999,未分類其他家用器具及用品零售
60375723,,漢喬投資有限公司,花蓮縣花蓮市主信里上海街１８７號１樓,花蓮縣,花蓮市,主信里,花蓮市一般行政區,否,否,6000000.0,2025,有限公司,Y,1,649911,投資有價證券
60249819,,蜜珍花薯特產店,花蓮縣花蓮市主信里上海街２１２號１樓,花蓮縣,花蓮市,主信里,花蓮市一般行政區,否,否,20000.0,2026,獨資,N,0,471999,未分類其他綜合商品零售
53511847,,台灣協易投資有限公司,花蓮縣花蓮市主信里上海街２２０號,花蓮縣,花蓮市,主信里,花蓮市一般行政區,否,否,1100000.0,2011,有限公司,Y,1,649999,其他未分類金融服務
93050659,,感覺良好商行,花蓮縣花蓮市主信里上海街２２０號,花蓮縣,花蓮市,主信里,花蓮市一般行政區,否,否,200000.0,2024,獨資,N,0,563199,其他飲料店
95800431,,滋美食品行,花蓮縣花蓮市主信里中正路３９８號―樓,花蓮縣,花蓮市,主信里,花蓮市一般行政區,否,否,20000.0,1995,獨資,N,0,472921,糖果餅乾零售
87350518,,臻品牛排,花蓮縣花蓮市主信里中正路４１４號,花蓮縣,花蓮市,主信里,花蓮市一般行政區,否,否,88000.0,2020,獨資,N,0,561113,麵店、小吃店
70969066,,蜀辣小吃店,花蓮縣花蓮市主信里中正路４２５號１樓,花蓮縣,花蓮市,主信里,花蓮市一般行政區,否,否,3000.0,2000,獨資,N,0,561113,麵店、小吃店
18048012,,東威企業社,花蓮縣花蓮市主信里中正路４２８號１樓,花蓮縣,花蓮市,主信里,花蓮市一般行政區,否,否,3000000.0,2000,獨資,Y,1,464211,電子器材、電子設備批發
09927353,,美琪投注站,花蓮縣花蓮市主信里中正路４３１號１樓,花蓮縣,花蓮市,主信里,花蓮市一般行政區,否,否,50000.0,2006,獨資,N,0,920011,彩券銷售
92638365,,彩運旺彩券行,花蓮縣花蓮市主信里中正路４３１號１樓,花蓮縣,花蓮市,主信里,花蓮市一般行政區,否,否,80000.0,2023,獨資,N,0,920011,彩券銷售
94058709,,正東行,花蓮縣花蓮市主信里中正路４３３號,花蓮縣,花蓮市,主信里,花蓮市一般行政區,否,否,2000.0,1977,獨資,N,0,485222,寵物飼品零售
41463481,,金茂攝影,花蓮縣花蓮市主信里中正路４３５號１樓,花蓮縣,花蓮市,主信里,花蓮市一般行政區,否,否,249000.0,2015,獨資,Y,1,474922,照相器材零售
08143038,,麗名刻印社,花蓮縣花蓮市主信里中正路４３６號１樓,花蓮縣,花蓮市,主信里,花蓮市一般行政區,否,否,3000.0,1987,獨資,N,0,969018,刻印章
94829143,,中英鐘錶眼鏡行,花蓮縣花蓮市主信里中正路４４０號,花蓮縣,花蓮市,主信里,花蓮市一般行政區,否,否,5000.0,1983,獨資,N,0,474412,眼鏡及其零配件零售
42596565,,洄瀾灣有限公司,花蓮縣花蓮市主信里中華路１４１號１樓,花蓮縣,花蓮市,主信里,花蓮市一般行政區,否,否,1000000.0,2015,有限公司,Y,1,472921,糖果餅乾零售
49770482,,數一薯名產,花蓮縣花蓮市主信里中華路１４３號１樓,花蓮縣,花蓮市,主信里,花蓮市一般行政區,否,否,100000.0,2016,獨資,N,0,472921,糖果餅乾零售
42602124,,花蓮薯道行有限公司,花蓮縣花蓮市主信里中華路１４５號１樓,花蓮縣,花蓮市,主信里,花蓮市一般行政區,否,否,1000000.0,2015,有限公司,Y,1,472921,糖果餅乾零售
94659941,,億發有限公司,花蓮縣花蓮市主信里中華路１６５號,花蓮縣,花蓮市,主信里,花蓮市一般行政區,否,否,22000000.0,1975,有限公司,Y,1,461211,水泥及水泥製品批發
22104205,,義楨建材有限公司,花蓮縣花蓮市主信里中華路１６５號１樓,花蓮縣,花蓮市,主信里,花蓮市一般行政區,否,否,10000000.0,1986,有限公司,Y,1,461211,水泥及水泥製品批發
94153605,,亞細亞餅行,花蓮縣花蓮市主信里中華路１７９號,花蓮縣,花蓮市,主信里,花蓮市一般行政區,否,否,5000.0,1977,獨資,N,0,089111,糕餅麵包製造
49755551,,好巧木工坊,花蓮縣花蓮市主信里中華路１８７號,花蓮縣,花蓮市,主信里,花蓮市一般行政區,否,否,248000.0,2016,獨資,Y,1,464411,辦公室家具批發
87351299,,一九三早餐,花蓮縣花蓮市主信里中華路１８９號１樓,花蓮縣,花蓮市,主信里,花蓮市一般行政區,否,否,50000.0,2021,獨資,N,0,561111,早餐店
94824040,,大振帆布行,花蓮縣花蓮市主信里中華路１８９－１號１樓,花蓮縣,花蓮市,主信里,花蓮市一般行政區,否,否,20000.0,1983,獨資,Y,1,115113,帆布製品製造
94309305,,新東陽鐵店,花蓮縣花蓮市主信里中華路１９５號,花蓮縣,花蓮市,主信里,花蓮市一般行政區,否,否,3000.0,1977,獨資,N,0,481014,居家修繕用品零售
12255365,,仙兵實業股份有限公司,花蓮縣花蓮市主信里仁愛街３７號１樓,花蓮縣,花蓮市,主信里,花蓮市一般行政區,否,否,10000000.0,1979,股份有限公司,Y,1,239912,瀝青混凝土料製造
92639218,,南日商號,花蓮縣花蓮市主信里仁愛街４５號１樓,花蓮縣,花蓮市,主信里,花蓮市一般行政區,否,否,150000.0,2023,獨資,N,0,563199,其他飲料店
94799106,,日新行,花蓮縣花蓮市主信里仁愛街４７號,花蓮縣,花蓮市,主信里,花蓮市一般行政區,否,否,1000000.0,1982,合夥,Y,1,474114,通用電池零售
94759006,,新豐玻璃行,花蓮縣花蓮市主信里仁愛街６０之３號,花蓮縣,花蓮市,主信里,花蓮市一般行政區,否,否,48000.0,1979,獨資,Y,1,485213,鏡子零售
93048628,,洗洗澡寵工坊,花蓮縣花蓮市主信里仁愛街６８―５號１樓,花蓮縣,花蓮市,主信里,花蓮市一般行政區,否,否,200000.0,2024,獨資,N,0,969021,寵物照顧及訓練
31798699,,自然休閒企業社,花蓮縣花蓮市主信里仁愛街７２號,花蓮縣,花蓮市,主信里,花蓮市一般行政區,否,否,100000.0,2013,合夥,Y,1,476299,其他運動用品及器材零售
28062744,,液香號有限公司,花蓮縣花蓮市主信里信義街４２號１樓,花蓮縣,花蓮市,主信里,花蓮市一般行政區,否,否,500000.0,2005,有限公司,Y,1,561113,麵店、小吃店
20050858,,柏如藝品店,花蓮縣花蓮市主信里信義街４６－１號,花蓮縣,花蓮市,主信里,花蓮市一般行政區,否,否,10000.0,1996,獨資,N,0,485218,雕塑品零售
49772257,,尼克炸雞,花蓮縣花蓮市主信里信義街４８號,花蓮縣,花蓮市,主信里,花蓮市一般行政區,否,否,5000.0,2016,獨資,N,0,561113,麵店、小吃店
94764394,,品悅文旅旅館,花蓮縣花蓮市主信里南京街１５５號,花蓮縣,花蓮市,主信里,花蓮市一般行政區,否,否,30000.0,1979,獨資,Y,1,551012,旅館
94106809,,岐安堂藥行,花蓮縣花蓮市主信里南京街１５９號,花蓮縣,花蓮市,主信里,花蓮市一般行政區,否,否,30000.0,1977,獨資,Y,1,457111,中藥批發
49778554,,蘭印藝廊,花蓮縣花蓮市主信里南京街１６３號,花蓮縣,花蓮市,主信里,花蓮市一般行政區,否,否,30000.0,2017,獨資,Y,1,485311,中古藝術品零售
93049387,,尤娌美髮沙龍,花蓮縣花蓮市主信里南京街１６７號１樓,花蓮縣,花蓮市,主信里,花蓮市一般行政區,否,否,50000.0,2024,獨資,N,0,962111,美髮院及髮廊
92090112,,仁德中藥房,花蓮縣花蓮市主信里南京街１７３號１樓,花蓮縣,花蓮市,主信里,花蓮市一般行政區,否,否,3000.0,1994,獨資,N,0,475111,中藥零售
67938651,84218848,敦陽科技股份有限公司花蓮辦事處,花蓮縣花蓮市主信里南京街１７５號,花蓮縣,花蓮市,主信里,花蓮市一般行政區,否,否,0.0,1998,其他,Y,1,483111,電腦及電腦週邊設備零售
64804692,,南京街早點,花蓮縣花蓮市主信里南京街１８５號,花蓮縣,花蓮市,主信里,花蓮市一般行政區,否,否,3000.0,1988,獨資,N,0,561200,餐食攤販
85406537,,有限責任花蓮縣松竹生命禮儀服務勞動合作社,花蓮縣花蓮市主信里南京街１８９－１號１樓,花蓮縣,花蓮市,主信里,花蓮市一般行政區,否,否,195000.0,2020,合作社,Y,1,963015,殯葬禮儀服務
91590069,,艾菲特運動企業社,花蓮縣花蓮市主信里南京街１９１號５樓之２３,花蓮縣,花蓮市,主信里,花蓮市一般行政區,否,否,200000.0,2022,獨資,N,0,931999,未分類其他運動服務
91904744,,東佳企業社,花蓮縣花蓮市主信里南京街１９１號６樓之１０,花蓮縣,花蓮市,主信里,花蓮市一般行政區,否,否,200000.0,2022,獨資,Y,1,433111,水電工程
50731494,,文創青旅服務企業社,花蓮縣花蓮市主信里南京街１９１號６樓之２３,花蓮縣,花蓮市,主信里,花蓮市一般行政區,否,否,200000.0,2017,獨資,N,0,932999,未分類其他娛樂及休閒服務
31694857,,泛藝術商行,花蓮縣花蓮市主信里南京街１９１號７樓之７,花蓮縣,花蓮市,主信里,花蓮市一般行政區,否,否,230000.0,2012,獨資,N,0,472923,罐頭食品零售
91156163,,享宴時尚美學,花蓮縣花蓮市主信里南京街１９３號１樓,花蓮縣,花蓮市,主信里,花蓮市一般行政區,否,否,100000.0,2021,獨資,N,0,962299,其他美容美體服務
87352635,,目顏美學館,花蓮縣花蓮市主信里南京街１９３－２號１樓,花蓮縣,花蓮市,主信里,花蓮市一般行政區,否,否,60000.0,2021,獨資,N,0,473212,內衣零售
20067176,,周記筒仔米糕,花蓮縣花蓮市主信里南京街１９５號１樓,花蓮縣,花蓮市,主信里,花蓮市一般行政區,否,否,3000.0,1998,獨資,N,0,561113,麵店、小吃店
85208712,,古今工程行,花蓮縣花蓮市主信里南京街２０３號５樓之１２,花蓮縣,花蓮市,主信里,花蓮市一般行政區,否,否,220000.0,2019,獨資,Y,1,439099,未分類其他專門營造
54541587,,東陽國際旅行社有限公司,花蓮縣花蓮市主信里南京街２０９號１樓,花蓮縣,花蓮市,主信里,花蓮市一般行政區,否,否,6000000.0,2013,有限公司,Y,1,790011,旅行業
21540236,,菊川和風洋食堂,花蓮縣花蓮市主信里南京街２１１號１樓,花蓮縣,花蓮市,主信里,花蓮市一般行政區,否,否,60000.0,2005,獨資,N,0,561115,餐廳
87552367,70369154,俥亭停車事業股份有限公司花蓮民生營業所,花蓮縣花蓮市主信里南京街２２１號旁空地停車場,花蓮縣,花蓮市,主信里,花蓮市一般行政區,否,否,0.0,2021,其他,Y,1,524100,停車場管理
95175079,,欣娜美甲,花蓮縣花蓮市主信里忠孝街６０―４號,花蓮縣,花蓮市,主信里,花蓮市一般行政區,否,否,14000.0,2024,獨資,N,0,962299,其他美容美體服務
15783353,,東韻電器行,花蓮縣花蓮市主信里忠孝街６４號１樓,花蓮縣,花蓮市,主信里,花蓮市一般行政區,否,否,210000.0,2003,獨資,Y,1,474199,其他家用電器零售
83215323,,翔耀國際開發有限公司,花蓮縣花蓮市主信里忠孝街６４號２樓,花蓮縣,花蓮市,主信里,花蓮市一般行政區,否,否,1000000.0,2021,有限公司,Y,1,669199,其他投資顧問
94833385,,花蓮堂西藥房,花蓮縣花蓮市主信里忠孝街６９巷２號１樓,花蓮縣,花蓮市,主信里,花蓮市一般行政區,否,否,5000.0,1984,獨資,N,0,475112,西藥零售
53999925,,福品旅店有限公司,花蓮縣花蓮市主信里忠孝街７３號,花蓮縣,花蓮市,主信里,花蓮市一般行政區,否,否,5000000.0,2012,有限公司,Y,1,551012,旅館
94844067,,尖端勃肯鞋專賣店,花蓮縣花蓮市主信里忠孝街７４號１樓,花蓮縣,花蓮市,主信里,花蓮市一般行政區,否,否,20000.0,1984,獨資,Y,1,473312,鞋類及其配件（真皮鞋類及其配件除外）零售
64800008,,祥大機車行,花蓮縣花蓮市主信里忠孝街７５號,花蓮縣,花蓮市,主信里,花蓮市一般行政區,否,否,7000.0,1987,獨資,N,0,484314,機車零件、機車百貨零售
41464539,,珈琲花咖啡館,花蓮縣花蓮市主信里忠孝街７９號１樓,花蓮縣,花蓮市,主信里,花蓮市一般行政區,否,否,200000.0,2015,獨資,N,0,563112,咖啡館
49780593,,大好丼飯專賣店,花蓮縣花蓮市主信里忠孝街８３號,花蓮縣,花蓮市,主信里,花蓮市一般行政區,否,否,100000.0,2017,合夥,N,0,561113,麵店、小吃店
91154432,,小廢柴餐館,花蓮縣花蓮市主信里明義街７５號１樓,花蓮縣,花蓮市,主信里,花蓮市一般行政區,否,否,50000.0,2021,獨資,N,0,561115,餐廳
93054727,,早晚在一起早餐店,花蓮縣花蓮市主信里明義街７７號１樓,花蓮縣,花蓮市,主信里,花蓮市一般行政區,否,否,1000000.0,2024,獨資,N,0,472926,冰品零售
93051361,,香榭理髮,花蓮縣花蓮市主信里明義街７７－１號,花蓮縣,花蓮市,主信里,花蓮市一般行政區,否,否,100000.0,2024,獨資,N,0,962112,理髮店
94843222,,富泰名產行,花蓮縣花蓮市主信里明義街８１―１號１樓,花蓮縣,花蓮市,主信里,花蓮市一般行政區,否,否,3000.0,1984,獨資,N,0,472999,未分類其他食品、飲料及菸草製品零售
55947819,,慢且洄瀾文旅有限公司,花蓮縣花蓮市主信里明義街８５號,花蓮縣,花蓮市,主信里,花蓮市一般行政區,否,否,10000000.0,2016,有限公司,Y,1,551012,旅館
95209654,,散步實業,花蓮縣花蓮市主信里００４鄰忠孝街７０號,花蓮縣,花蓮市,主信里,花蓮市一般行政區,否,否,200000.0,2025,獨資,N,0,563112,咖啡館
42958475,,建程開發企業有限公司,花蓮縣花蓮市主信里００６鄰忠孝街６０―１號１樓,花蓮縣,花蓮市,主信里,花蓮市一般行政區,否,否,500000.0,2018,有限公司,Y,1,681113,不動產轉租賃
89287533,28519027,大晟資產管理顧問股份有限公司花蓮分公司,花蓮縣花蓮市主信里００６鄰忠孝街６０―１號１樓,花蓮縣,花蓮市,主信里,花蓮市一般行政區,否,否,0.0,2022,本國公司設立之分公司,Y,1,689113,租賃住宅代管
83128658,,臻翫達國際航空事業股份有限公司,花蓮縣花蓮市主信里０１１鄰中正路４４６號４樓,花蓮縣,花蓮市,主信里,花蓮市一般行政區,否,否,250000.0,2020,股份有限公司,Y,1,485299,未分類其他全新商品零售
60261073,60685810,好時光教育有限公司附設私立好時光英文文理短期補習班,花蓮縣花蓮市主信里０１３鄰中正路４２２號,花蓮縣,花蓮市,主信里,花蓮市一般行政區,否,否,0.0,2025,其他,Y,1,859511,課業輔導及補習教學
60685810,,好時光教育有限公司,花蓮縣花蓮市主信里０１３鄰中正路４２２號,花蓮縣,花蓮市,主信里,花蓮市一般行政區,否,否,100000.0,2025,有限公司,Y,1,859511,課業輔導及補習教學
87351122,,陳君佳造型工作室,花蓮縣花蓮市主信里０１５鄰中正路４２６―１號,花蓮縣,花蓮市,主信里,花蓮市一般行政區,否,否,50000.0,2021,獨資,N,0,969011,美姿禮儀造型設計
54990768,,富貴土地興業有限公司,花蓮縣花蓮市主信里０１５鄰中正路４２６―２號３樓,花蓮縣,花蓮市,主信里,花蓮市一般行政區,否,否,10000000.0,2019,有限公司,Y,1,670012,不動產投資開發
94813260,,銓泰名產,花蓮縣花蓮市主信里０１５鄰中正路４２６號１樓,花蓮縣,花蓮市,主信里,花蓮市一般行政區,否,否,5000.0,1979,獨資,N,0,472921,糖果餅乾零售
87349837,,美果攝影,花蓮縣花蓮市主信里０１５鄰中正路４２６－１號,花蓮縣,花蓮市,主信里,花蓮市一般行政區,否,否,50000.0,2020,獨資,N,0,760199,其他攝影
61335828,54774092,池上飯包股份有限公司花蓮中華店,花蓮縣花蓮市主信里０１５鄰中華路１９１號,花蓮縣,花蓮市,主信里,花蓮市一般行政區,否,否,0.0,2025,其他,Y,1,561112,便當、自助餐店
60249796,,中華水煎包,花蓮縣花蓮市主信里０１５鄰中華路１９３號,花蓮縣,花蓮市,主信里,花蓮市一般行政區,否,否,100000.0,2026,獨資,N,0,561111,早餐店
20064826,,麥德加食品行,花蓮縣花蓮市主信里０１６鄰中正路４１６號１樓,花蓮縣,花蓮市,主信里,花蓮市一般行政區,否,否,8000.0,1997,獨資,N,0,561113,麵店、小吃店
93054254,,美雞商行,花蓮縣花蓮市主信里０１６鄰中正路４１８號１樓,花蓮縣,花蓮市,主信里,花蓮市一般行政區,否,否,200000.0,2024,獨資,N,0,561113,麵店、小吃店
60483125,,確餒有限公司,花蓮縣花蓮市主信里０１８鄰中正路４２９號,花蓮縣,花蓮市,主信里,花蓮市一般行政區,否,否,1000000.0,2025,有限公司,Y,1,561112,便當、自助餐店
82184414,,一起商行,花蓮縣花蓮市主信里０１８鄰中正路４２９號２樓,花蓮縣,花蓮市,主信里,花蓮市一般行政區,否,否,200000.0,2019,獨資,N,0,561112,便當、自助餐店
82159365,,深夜食堂,花蓮縣花蓮市主信里０１８鄰中正路４３９號１樓,花蓮縣,花蓮市,主信里,花蓮市一般行政區,否,否,200000.0,2018,獨資,Y,1,561113,麵店、小吃店
49780284,,親愛的小籠湯包,花蓮縣花蓮市主信里０１９鄰中正路４１７號１樓,花蓮縣,花蓮市,主信里,花蓮市一般行政區,否,否,5000.0,2017,獨資,N,0,561113,麵店、小吃店
95189159,,來買肉肉冷凍食品行,花蓮縣花蓮市主信里０１９鄰中華路１８７號,花蓮縣,花蓮市,主信里,花蓮市一般行政區,否,否,10000.0,2024,獨資,N,0,472311,水產品零售
95174368,,花蓮吳家麵店,花蓮縣花蓮市主信里０１９鄰信義街５２號１樓,花蓮縣,花蓮市,主信里,花蓮市一般行政區,否,否,100000.0,2024,獨資,N,0,561113,麵店、小吃店
92641235,,丸子蔬食,花蓮縣花蓮市主信里０１９鄰信義街５４號１樓,花蓮縣,花蓮市,主信里,花蓮市一般行政區,否,否,50000.0,2023,獨資,N,0,561115,餐廳
87366650,,慮園民宿,花蓮縣花蓮市主信里０２０鄰中華路１６９號,花蓮縣,花蓮市,主信里,花蓮市一般行政區,否,否,100000.0,2020,獨資,N,0,551013,民宿
59268279,,肉肉豐盛餐飲有限公司,花蓮縣花蓮市主信里０２０鄰中華路１８３號１樓,花蓮縣,花蓮市,主信里,花蓮市一般行政區,否,否,100000.0,2017,有限公司,Y,1,561115,餐廳
24350548,,𩢴程物流有限公司,花蓮縣花蓮市主信里１１鄰中正路４４６號１樓,花蓮縣,花蓮市,主信里,花蓮市一般行政區,否,否,250000.0,2009,有限公司,Y,1,472999,未分類其他食品、飲料及菸草製品零售
28951233,,璿霖投資有限公司,花蓮縣花蓮市主信里１１鄰中正路４４６號２樓,花蓮縣,花蓮市,主信里,花蓮市一般行政區,否,否,4500000.0,2008,有限公司,N,0,649911,投資有價證券
24350694,,臻馥裕有限公司,花蓮縣花蓮市主信里１１鄰中正路４４６號３樓,花蓮縣,花蓮市,主信里,花蓮市一般行政區,否,否,250000.0,2009,有限公司,Y,1,454999,未分類其他食品批發
97045714,,後山廣播電台股份有限公司,花蓮縣花蓮市主信里１１鄰中正路４４６號５樓,花蓮縣,花蓮市,主信里,花蓮市一般行政區,否,否,12000000.0,1998,股份有限公司,Y,1,601011,廣播電台經營
64818099,,正安鎖具行,花蓮縣花蓮市主信里１４鄰中正路４４１號,花蓮縣,花蓮市,主信里,花蓮市一般行政區,否,否,5000.0,1989,獨資,N,0,959917,開鎖及配鎖
94819362,,易生藥局,花蓮縣花蓮市主信里１４鄰中正路４４３號,花蓮縣,花蓮市,主信里,花蓮市一般行政區,否,否,10000.0,1983,獨資,N,0,475112,西藥零售
94667739,,明進鐘錶眼鏡行,花蓮縣花蓮市主信里１４鄰中華路１６３號,花蓮縣,花蓮市,主信里,花蓮市一般行政區,否,否,3000.0,1977,獨資,N,0,464915,醫療機械設備批發
28988702,23060248,全家便利商店股份有限公司花蓮正義分公司,花蓮縣花蓮市主信里１９鄰中正路４１３號﹒４１５號１樓,花蓮縣,花蓮市,主信里,花蓮市一般行政區,否,否,0.0,2009,本國公司設立之分公司,Y,1,471113,加盟連鎖式便利商店（有商品進、銷貨行為）
13962036,,三好海產,花蓮縣花蓮市主信里１９鄰中正路４１９號,花蓮縣,花蓮市,主信里,花蓮市一般行政區,否,否,3000.0,2001,獨資,N,0,561113,麵店、小吃店
94641197,,永興五金行,花蓮縣花蓮市主信里１９鄰信義街５０號,花蓮縣,花蓮市,主信里,花蓮市一般行政區,否,否,3000.0,1977,獨資,N,0,474928,小件家用器皿零售
09654297,,伯爵男飾,花蓮縣花蓮市主信里５鄰中華路１７３號１樓,花蓮縣,花蓮市,主信里,花蓮市一般行政區,否,否,10000.0,2006,獨資,N,0,473211,服裝零售
24855441,,床之戀有限公司,花蓮縣花蓮市主信里５鄰南京街２０３號１１樓之１５,花蓮縣,花蓮市,主信里,花蓮市一般行政區,否,否,500000.0,2014,有限公司,Y,1,474311,寢具零售
93056513,,鴻展健康工作室,花蓮縣花蓮市主信里５鄰南京街２０３號４樓之７,花蓮縣,花蓮市,主信里,花蓮市一般行政區,否,否,50000.0,2024,獨資,N,0,969015,推拿按摩服務
83402917,,睿新營造有限公司,花蓮縣花蓮市主信里５鄰南京街２０３號６樓之１２,花蓮縣,花蓮市,主信里,花蓮市一般行政區,否,否,70000000.0,2020,有限公司,Y,1,429099,未分類其他土木工程
86110863,,永耀營造有限公司,花蓮縣花蓮市主信里５鄰南京街２０３號６樓之１２,花蓮縣,花蓮市,主信里,花蓮市一般行政區,否,否,25000000.0,1991,有限公司,Y,1,410099,其他建築工程
25094004,,台廚食品工業股份有限公司,花蓮縣花蓮市主信里５鄰南京街２０３號９樓之９,花蓮縣,花蓮市,主信里,花蓮市一般行政區,否,否,500000.0,2009,股份有限公司,Y,1,453112,豆類、麥類及其他雜糧批發
60249347,,沅動森商行,花蓮縣花蓮市主信里５鄰南京街２０５號１樓,花蓮縣,花蓮市,主信里,花蓮市一般行政區,否,否,240000.0,2026,獨資,N,0,563199,其他飲料店
15798285,,花蓮二手店,花蓮縣花蓮市主力里中和街１５３號,花蓮縣,花蓮市,主力里,金三角商圈,是,否,10000.0,2003,獨資,N,0,485399,其他中古商品（汽機車及其零配件除外）零售
20061573,,陞達輪胎行,花蓮縣花蓮市主力里中和街１７１號１樓,花蓮縣,花蓮市,主力里,金三角商圈,是,否,200000.0,1997,獨資,Y,1,465315,汽車輪胎批發
70630396,,立名營造有限公司,花蓮縣花蓮市主力里中和街１７５巷１０號１樓,花蓮縣,花蓮市,主力里,金三角商圈,是,否,15000000.0,1999,有限公司,Y,1,410099,其他建築工程
92535558,,新創團隊工程,花蓮縣花蓮市主力里中和街１７５巷６號１樓,花蓮縣,花蓮市,主力里,金三角商圈,是,否,200000.0,2023,獨資,Y,1,434014,防水工程
49762201,,竑運企業社,花蓮縣花蓮市主力里中和街１７５巷８號１樓,花蓮縣,花蓮市,主力里,金三角商圈,是,否,200000.0,2016,獨資,Y,1,461214,砂石批發
72849996,,森永自助洗衣,花蓮縣花蓮市主力里中和街１９３號１樓,花蓮縣,花蓮市,主力里,金三角商圈,是,否,100000.0,2018,獨資,N,0,961012,自助洗衣店
94662354,,東洋醫療器材行,花蓮縣花蓮市主力里中和街２０２號,花蓮縣,花蓮市,主力里,金三角商圈,是,否,105000.0,1978,獨資,Y,1,474924,家用光學產品零售
85207713,,好樹涼糖日式甜品店,花蓮縣花蓮市主力里中和街２０５號１樓,花蓮縣,花蓮市,主力里,金三角商圈,是,否,50000.0,2019,獨資,N,0,563199,其他飲料店
93052426,,惠明藝術工作室,花蓮縣花蓮市主力里中和街２１４巷１２號１樓,花蓮縣,花蓮市,主力里,金三角商圈,是,否,200000.0,2024,獨資,N,0,859213,音樂教學
92642348,,苔痕工作室,花蓮縣花蓮市主力里中和街２１４巷２０號１樓,花蓮縣,花蓮市,主力里,金三角商圈,是,否,3000.0,2024,獨資,N,0,487199,其他電子購物及郵購
91592685,,享佳車業,花蓮縣花蓮市主力里中和街２１４巷２２號,花蓮縣,花蓮市,主力里,金三角商圈,是,否,200000.0,2022,獨資,Y,1,484112,中古汽車零售
31790394,,永村土木包工業,花蓮縣花蓮市主力里中和街２１４巷２２號１樓,花蓮縣,花蓮市,主力里,金三角商圈,是,否,1000000.0,2012,獨資,Y,1,429099,未分類其他土木工程
91153335,,新銳誠工程行,花蓮縣花蓮市主力里中和街２１４巷３８號１樓,花蓮縣,花蓮市,主力里,金三角商圈,是,否,200000.0,2021,獨資,Y,1,439099,未分類其他專門營造
64814967,,丹菱美容,花蓮縣花蓮市主力里中和街２２６號,花蓮縣,花蓮市,主力里,金三角商圈,是,否,3000.0,1989,獨資,N,0,962111,美髮院及髮廊
64811455,,闔家歡麵食館,花蓮縣花蓮市主力里中和街２２８﹒２３０號１樓,花蓮縣,花蓮市,主力里,金三角商圈,是,否,480000.0,1988,合夥,Y,1,561115,餐廳
96800466,,東馳國際科技有限公司,花蓮縣花蓮市主力里中和街２４０號１樓,花蓮縣,花蓮市,主力里,金三角商圈,是,否,1000000.0,2024,有限公司,Y,1,620199,其他電腦程式設計
78838187,,紅星髮型設計,花蓮縣花蓮市主力里中和路２１４巷２１號,花蓮縣,花蓮市,主力里,金三角商圈,是,否,3000.0,1993,獨資,N,0,962111,美髮院及髮廊
67946483,,宏安文物精品社,花蓮縣花蓮市主力里中和路２１４巷２３號,花蓮縣,花蓮市,主力里,金三角商圈,是,否,10000.0,1999,獨資,N,0,485217,手工藝品零售
86946884,,上可電腦有限公司,花蓮縣花蓮市主力里中和路２４０號,花蓮縣,花蓮市,主力里,金三角商圈,是,否,3000000.0,1992,有限公司,Y,1,483111,電腦及電腦週邊設備零售
91151929,,倉佑家餐館,花蓮縣花蓮市主力里中福路１９９巷１６號１樓,花蓮縣,花蓮市,主力里,金三角商圈,是,否,80000.0,2021,獨資,N,0,561111,早餐店
76965881,,正隆帆布鐵架行,花蓮縣花蓮市主力里中福路１９９巷６號,花蓮縣,花蓮市,主力里,金三角商圈,是,否,3000.0,1991,獨資,Y,1,115114,睡袋、帳篷、雨篷、遮陽篷製造
34887288,,寶雅商務旅店,花蓮縣花蓮市主力里中福路２０２號,花蓮縣,花蓮市,主力里,金三角商圈,是,否,200000.0,2010,獨資,Y,1,551012,旅館
61338867,,晶有加水站,花蓮縣花蓮市主力里中福路２０２號騎樓,花蓮縣,花蓮市,主力里,金三角商圈,是,否,3000.0,2025,獨資,N,0,472937,飲用淨水零售（自助加水站）
80080878,,形色設計室內裝修有限公司,花蓮縣花蓮市主力里中福路２０４號１樓,花蓮縣,花蓮市,主力里,金三角商圈,是,否,2000000.0,2002,有限公司,Y,1,434015,室內裝修工程
37947582,,楓樺民宿,花蓮縣花蓮市主力里中福路２０５號,花蓮縣,花蓮市,主力里,金三角商圈,是,否,20000.0,2013,獨資,N,0,551013,民宿
13977299,,天地工程行,花蓮縣花蓮市主力里中福路２０７號１樓,花蓮縣,花蓮市,主力里,金三角商圈,是,否,200000.0,2002,獨資,Y,1,410011,房屋修繕
10507007,,福源海鮮小吃店,花蓮縣花蓮市主力里中福路２０８號１樓,花蓮縣,花蓮市,主力里,金三角商圈,是,否,30000.0,2007,獨資,N,0,561115,餐廳
94799788,,錦信行,花蓮縣花蓮市主力里中福路２１０號１樓,花蓮縣,花蓮市,主力里,金三角商圈,是,否,1007000.0,1982,獨資,Y,1,464913,消防設備批發
94845523,,全玟企業有限公司,花蓮縣花蓮市主力里中福路２１２號,花蓮縣,花蓮市,主力里,金三角商圈,是,否,1000000.0,1985,有限公司,Y,1,481014,居家修繕用品零售
94664487,,新光汽車電機行,花蓮縣花蓮市主力里中福路２１９號,花蓮縣,花蓮市,主力里,金三角商圈,是,否,40000.0,1976,合夥,Y,1,474114,通用電池零售
94003000,,又一新洗染店,花蓮縣花蓮市主力里中福路２２０號,花蓮縣,花蓮市,主力里,金三角商圈,是,否,3000.0,1977,獨資,N,0,961099,其他洗衣服務
09999996,,一新企業社,花蓮縣花蓮市主力里中福路２２０號１樓,花蓮縣,花蓮市,主力里,金三角商圈,是,否,10000.0,2006,獨資,N,0,471999,未分類其他綜合商品零售
82884113,86711789,國雲公寓大廈管理維護股份有限公司花蓮分公司,花蓮縣花蓮市主力里中福路２２２號１樓,花蓮縣,花蓮市,主力里,金三角商圈,是,否,0.0,2019,本國公司設立之分公司,Y,1,524100,停車場管理
09642357,,日新汽車材料行,花蓮縣花蓮市主力里中福路２２７號１樓,花蓮縣,花蓮市,主力里,金三角商圈,是,否,300000.0,2006,獨資,Y,1,465311,汽車零件、汽車百貨批發
92638267,,超靚顏美容企業社,花蓮縣花蓮市主力里中福路２３０號,花蓮縣,花蓮市,主力里,金三角商圈,是,否,50000.0,2023,獨資,N,0,475299,其他化粧品零售
49767233,,花崗早餐,花蓮縣花蓮市主力里中福路２３１號１樓,花蓮縣,花蓮市,主力里,金三角商圈,是,否,100000.0,2016,獨資,N,0,561111,早餐店
20066612,94174806,有限責任花蓮第二信用合作社主里分社,花蓮縣花蓮市主力里中福路２３２號,花蓮縣,花蓮市,主力里,金三角商圈,是,否,0.0,1997,合作社,N,0,641300,信用合作社
31791062,,江記排骨飯,花蓮縣花蓮市主力里中福路２３３號１樓,花蓮縣,花蓮市,主力里,金三角商圈,是,否,3000.0,2012,獨資,N,0,561112,便當、自助餐店
92637730,,錢來爺彩券行,花蓮縣花蓮市主力里中福路２４１號１樓,花蓮縣,花蓮市,主力里,金三角商圈,是,否,100000.0,2023,獨資,N,0,920011,彩券銷售
92640600,,發達運動彩券行,花蓮縣花蓮市主力里中福路２４１號１樓,花蓮縣,花蓮市,主力里,金三角商圈,是,否,100000.0,2023,獨資,N,0,920011,彩券銷售
60252996,,天岳工程行,花蓮縣花蓮市主力里中福路２４１號２樓,花蓮縣,花蓮市,主力里,金三角商圈,是,否,200000.0,2026,獨資,Y,1,439099,未分類其他專門營造
91153834,,悅羊食品商行,花蓮縣花蓮市主力里中福路２４１號２樓,花蓮縣,花蓮市,主力里,金三角商圈,是,否,50000.0,2021,獨資,N,0,472113,醃漬蔬果零售
91156121,,大偉滷味專賣店,花蓮縣花蓮市主力里中華路１９８號,花蓮縣,花蓮市,主力里,金三角商圈,是,否,120000.0,2021,獨資,N,0,561113,麵店、小吃店
18045253,,尚茗茶藝,花蓮縣花蓮市主力里中華路２０２號,花蓮縣,花蓮市,主力里,金三角商圈,是,否,5000.0,2000,獨資,N,0,472915,茶葉零售
20062496,,財團法人太魯閣之音廣播事業基金會,花蓮縣花蓮市主力里中華路２１２號９樓之１,花蓮縣,花蓮市,主力里,金三角商圈,是,否,5000000.0,1997,其他,Y,1,601011,廣播電台經營
91595070,,慶記蔘藥行,花蓮縣花蓮市主力里中華路２１６號１樓,花蓮縣,花蓮市,主力里,金三角商圈,是,否,100000.0,2022,獨資,N,0,475111,中藥零售
94770543,,慶欣機車行,花蓮縣花蓮市主力里中華路２２０號１樓,花蓮縣,花蓮市,主力里,金三角商圈,是,否,490000.0,1985,獨資,Y,1,451099,其他商品批發經紀
87335334,,滿碗香庭園餐廳,花蓮縣花蓮市主力里中華路２２６號,花蓮縣,花蓮市,主力里,金三角商圈,是,否,50000.0,2020,獨資,N,0,561115,餐廳
54008155,,花蓮假期有限公司,花蓮縣花蓮市主力里中華路２３１號,花蓮縣,花蓮市,主力里,金三角商圈,是,否,44200000.0,2012,有限公司,Y,1,551012,旅館
92640051,,金錢豹投注站,花蓮縣花蓮市主力里中華路２３３號１樓,花蓮縣,花蓮市,主力里,金三角商圈,是,否,50000.0,2023,獨資,N,0,920011,彩券銷售
60251461,,新恩眼鏡行,花蓮縣花蓮市主力里中華路２４１號１樓,花蓮縣,花蓮市,主力里,金三角商圈,是,否,100000.0,2026,獨資,Y,1,474412,眼鏡及其零配件零售
95046646,,山琳文旅民宿,花蓮縣花蓮市主力里中華路２５１－６號,花蓮縣,花蓮市,主力里,金三角商圈,是,否,3000.0,2024,獨資,N,0,551013,民宿
90719003,,荳饗有限公司,花蓮縣花蓮市主力里中華路２５３號,花蓮縣,花蓮市,主力里,金三角商圈,是,否,100000.0,2021,有限公司,Y,1,089111,糕餅麵包製造
94042904,,中華豆腐工廠,花蓮縣花蓮市主力里中華路２５３號,花蓮縣,花蓮市,主力里,金三角商圈,是,否,490000.0,1977,獨資,Y,1,083019,其他豆類加工食品製造
94313103,,福春鐵工廠,花蓮縣花蓮市主力里中華路２５７號,花蓮縣,花蓮市,主力里,金三角商圈,是,否,10000.0,1977,獨資,N,0,251199,其他金屬刀具及手工具製造
94639827,,日進五金鐵材行,花蓮縣花蓮市主力里中華路２６１號,花蓮縣,花蓮市,主力里,金三角商圈,是,否,200000.0,1977,獨資,Y,1,461517,金屬手工具批發
82292814,,鈞華麵食店,花蓮縣花蓮市主力里中華路２６４―５號１樓,花蓮縣,花蓮市,主力里,金三角商圈,是,否,200000.0,2018,獨資,Y,1,561113,麵店、小吃店
08144304,,順光佛像店,花蓮縣花蓮市主力里中華路２６４之１及２６４之２號,花蓮縣,花蓮市,主力里,金三角商圈,是,否,3000.0,1987,合夥,N,0,485217,手工藝品零售
91353925,,爪爪癢選物販賣,花蓮縣花蓮市主力里中華路２６６―２號１樓,花蓮縣,花蓮市,主力里,金三角商圈,是,否,5000.0,2021,獨資,N,0,932414,夾娃娃機店
49742352,,花蓮綠動車業,花蓮縣花蓮市主力里中華路２６６、２６６－１號１樓,花蓮縣,花蓮市,主力里,金三角商圈,是,否,200000.0,2016,獨資,Y,1,484211,全新機車零售
49778251,,銅板百貨行,花蓮縣花蓮市主力里中華路２６８之２號,花蓮縣,花蓮市,主力里,金三角商圈,是,否,10000.0,2017,獨資,N,0,471999,未分類其他綜合商品零售
91598415,,樂上禾商行,花蓮縣花蓮市主力里中華路２６８－１號１樓,花蓮縣,花蓮市,主力里,金三角商圈,是,否,200000.0,2023,獨資,Y,1,563115,手搖飲店
78843148,,利華寢具行,花蓮縣花蓮市主力里中華路２７０－１－２及２７２號,花蓮縣,花蓮市,主力里,金三角商圈,是,否,3000.0,1993,獨資,N,0,456311,寢具批發
18050157,,吉上美生活精品居,花蓮縣花蓮市主力里中華路２７４號１樓,花蓮縣,花蓮市,主力里,金三角商圈,是,否,3000.0,2000,獨資,N,0,474927,陶瓷器皿及餐具零售
41458781,,展鋐企業社,花蓮縣花蓮市主力里中華路２７６―１５號,花蓮縣,花蓮市,主力里,金三角商圈,是,否,100000.0,2015,獨資,Y,1,474113,家用空調設備及其零件零售
91321749,,品屏藝術美學苑,花蓮縣花蓮市主力里中華路２７６―２號,花蓮縣,花蓮市,主力里,金三角商圈,是,否,50000.0,2021,獨資,N,0,962211,美甲美睫服務
60161638,,潘的店大腸蚵仔麵線,花蓮縣花蓮市主力里中華路２７６―７號１樓,花蓮縣,花蓮市,主力里,金三角商圈,是,否,50000.0,2025,獨資,N,0,561113,麵店、小吃店
93056773,,家簡成廚企業社,花蓮縣花蓮市主力里中華路２７６之１３號２樓,花蓮縣,花蓮市,主力里,金三角商圈,是,否,100000.0,2024,獨資,N,0,562099,其他外燴及團膳承包
94625942,,美立珍商號,花蓮縣花蓮市主力里中華路２７６之８號,花蓮縣,花蓮市,主力里,金三角商圈,是,否,3000.0,1977,獨資,N,0,472999,未分類其他食品、飲料及菸草製品零售
15790116,,華慶美而美早餐店,花蓮縣花蓮市主力里中華路２７６號１樓,花蓮縣,花蓮市,主力里,金三角商圈,是,否,10000.0,2003,獨資,N,0,561111,早餐店
82183533,,相樂貿易企業,花蓮縣花蓮市主力里中華路２７８―１０號１樓,花蓮縣,花蓮市,主力里,金三角商圈,是,否,2000000.0,2019,獨資,Y,1,461999,未分類其他建材批發
41464735,,肯尼髮型,花蓮縣花蓮市主力里中華路２７８―３號１樓,花蓮縣,花蓮市,主力里,金三角商圈,是,否,30000.0,2015,獨資,N,0,962111,美髮院及髮廊
85211097,,聚屋早午餐,花蓮縣花蓮市主力里中華路２７８、２８０號１樓,花蓮縣,花蓮市,主力里,金三角商圈,是,否,20000.0,2020,獨資,N,0,561115,餐廳
58665948,,相樂貿易有限公司,花蓮縣花蓮市主力里中華路２７８－１０號１樓,花蓮縣,花蓮市,主力里,金三角商圈,是,否,500000.0,2017,有限公司,Y,1,461999,未分類其他建材批發
64804861,,合成電器行,花蓮縣花蓮市主力里中華路２７９號,花蓮縣,花蓮市,主力里,金三角商圈,是,否,40000.0,1988,獨資,Y,1,474199,其他家用電器零售
09995020,,郁強企業社,花蓮縣花蓮市主力里中華路２８３―１號１樓,花蓮縣,花蓮市,主力里,金三角商圈,是,否,480000.0,2006,獨資,Y,1,471114,加盟連鎖式便利商店（無商品進、銷貨行為）
95208682,,東緝食廠,花蓮縣花蓮市主力里中華路２８６號,花蓮縣,花蓮市,主力里,金三角商圈,是,否,238000.0,2024,獨資,N,0,561115,餐廳
94216806,,建德興企業有限公司,花蓮縣花蓮市主力里中華路２８８號,花蓮縣,花蓮市,主力里,金三角商圈,是,否,5000000.0,1968,有限公司,Y,1,481014,居家修繕用品零售
93050399,,瀧寅企業社,花蓮縣花蓮市主力里中華路２８９號１樓,花蓮縣,花蓮市,主力里,金三角商圈,是,否,200000.0,2024,獨資,Y,1,561115,餐廳
37993543,,歐璨企業社,花蓮縣花蓮市主力里中華路２９３號１樓,花蓮縣,花蓮市,主力里,金三角商圈,是,否,150000.0,2013,獨資,N,0,471999,未分類其他綜合商品零售
94394174,,緯達機車店,花蓮縣花蓮市主力里中華路２９４之１號１樓,花蓮縣,花蓮市,主力里,金三角商圈,是,否,3000.0,1978,獨資,N,0,959100,機車維修
94256406,,國際鐘錶眼鏡行,花蓮縣花蓮市主力里中華路２９４號,花蓮縣,花蓮市,主力里,金三角商圈,是,否,9000.0,1977,獨資,N,0,474411,鐘錶及其零配件零售
95800066,,信康藥局,花蓮縣花蓮市主力里中華路２９５號１樓,花蓮縣,花蓮市,主力里,金三角商圈,是,否,200000.0,1995,合夥,Y,1,475112,西藥零售
89581487,,豐禾興實業有限公司,花蓮縣花蓮市主力里中華路２９６之２號,花蓮縣,花蓮市,主力里,金三角商圈,是,否,10000000.0,1995,有限公司,Y,1,089111,糕餅麵包製造
94813938,,弘昌裝潢行,花蓮縣花蓮市主力里中華路２９９號,花蓮縣,花蓮市,主力里,金三角商圈,是,否,200000.0,1983,獨資,Y,1,474399,其他家飾品零售
50741015,,泉天夏精緻茶飲,花蓮縣花蓮市主力里中華路３０１號１樓,花蓮縣,花蓮市,主力里,金三角商圈,是,否,20000.0,2017,獨資,N,0,563115,手搖飲店
53980284,29129201,富野大飯店股份有限公司花蓮分公司,花蓮縣花蓮市主力里中華路３０２－１號,花蓮縣,花蓮市,主力里,金三角商圈,是,否,0.0,2012,本國公司設立之分公司,Y,1,551011,觀光旅館
10597632,,牛牛皮鞋,花蓮縣花蓮市主力里中華路３０３號１樓,花蓮縣,花蓮市,主力里,金三角商圈,是,否,200000.0,2008,獨資,Y,1,473312,鞋類及其配件（真皮鞋類及其配件除外）零售
72850183,,立日心食品行,花蓮縣花蓮市主力里中華路３０７號１樓,花蓮縣,花蓮市,主力里,金三角商圈,是,否,5000.0,2018,獨資,N,0,563115,手搖飲店
60600469,22006252,全國電子股份有限公司花蓮縣第十二分公司,花蓮縣花蓮市主力里中華路３１０號,花蓮縣,花蓮市,主力里,金三角商圈,是,否,0.0,2025,本國公司設立之分公司,Y,1,474199,其他家用電器零售
94382706,,慶春號,花蓮縣花蓮市主力里中華路３１１號,花蓮縣,花蓮市,主力里,金三角商圈,是,否,200000.0,1977,獨資,N,0,089111,糕餅麵包製造
16355554,,雅記食品有限公司,花蓮縣花蓮市主力里中華路３１７巷１號,花蓮縣,花蓮市,主力里,金三角商圈,是,否,1000000.0,1997,有限公司,Y,1,472921,糖果餅乾零售
91158599,,麥斯特索爾工作室,花蓮縣花蓮市主力里中華路３１７巷２－３號１樓,花蓮縣,花蓮市,主力里,金三角商圈,是,否,100000.0,2021,獨資,N,0,931219,健身中心
96788929,,洛獅資本有限公司,花蓮縣花蓮市主力里中華路３２１號,花蓮縣,花蓮市,主力里,金三角商圈,是,否,2700000.0,2025,有限公司,Y,1,483111,電腦及電腦週邊設備零售
91595135,,將宇機車行,花蓮縣花蓮市主力里中華路３２２號１樓,花蓮縣,花蓮市,主力里,金三角商圈,是,否,248000.0,2022,獨資,N,0,959100,機車維修
85205551,,米那淪企業,花蓮縣花蓮市主力里中華路３２３號１樓,花蓮縣,花蓮市,主力里,金三角商圈,是,否,200000.0,2019,獨資,Y,1,563115,手搖飲店
09915461,,中華美容髮藝,花蓮縣花蓮市主力里中華路３２５―１號１樓,花蓮縣,花蓮市,主力里,金三角商圈,是,否,490000.0,2006,獨資,N,0,962299,其他美容美體服務
26658085,,貝殼早餐屋,花蓮縣花蓮市主力里中華路３２５―１２號,花蓮縣,花蓮市,主力里,金三角商圈,是,否,3000.0,2011,獨資,N,0,561111,早餐店
85208570,,米恩時尚殿堂,花蓮縣花蓮市主力里中華路３２５―１４號,花蓮縣,花蓮市,主力里,金三角商圈,是,否,180000.0,2019,獨資,N,0,962299,其他美容美體服務
30209553,,風速直排輪專賣店,花蓮縣花蓮市主力里中華路３２５―４號１樓,花蓮縣,花蓮市,主力里,金三角商圈,是,否,50000.0,2010,獨資,N,0,476299,其他運動用品及器材零售
28715180,,向上之星通運有限公司,花蓮縣花蓮市主力里中華路３２５―５號,花蓮縣,花蓮市,主力里,金三角商圈,是,否,50000000.0,2007,有限公司,Y,1,493912,遊覽車客運
80042354,,海洋旅行社有限公司,花蓮縣花蓮市主力里中華路３２５―５號２樓,花蓮縣,花蓮市,主力里,金三角商圈,是,否,6000000.0,2003,有限公司,Y,1,790011,旅行業
82178969,,足康足體養生館,花蓮縣花蓮市主力里中華路３２５―６號,花蓮縣,花蓮市,主力里,金三角商圈,是,否,200000.0,2019,合夥,N,0,969015,推拿按摩服務
09953823,,東茂犬貓用品店,花蓮縣花蓮市主力里中華路３２５―７號１樓,花蓮縣,花蓮市,主力里,金三角商圈,是,否,7000.0,2006,獨資,N,0,485221,寵物用品零售
92634543,,嗨微笑早午餐,花蓮縣花蓮市主力里中華路３２５之３號１樓,花蓮縣,花蓮市,主力里,金三角商圈,是,否,50000.0,2023,獨資,N,0,561111,早餐店
10633341,,華廈美而美忠孝店,花蓮縣花蓮市主力里中華路３２５號１樓,花蓮縣,花蓮市,主力里,金三角商圈,是,否,3000.0,2008,獨資,N,0,561111,早餐店
94839212,,向上育樂事業股份有限公司,花蓮縣花蓮市主力里中華路３２５－５號１樓,花蓮縣,花蓮市,主力里,金三角商圈,是,否,3000000.0,1984,股份有限公司,Y,1,932999,未分類其他娛樂及休閒服務
49787688,,花蓮承東餐飲店,花蓮縣花蓮市主力里中華路３２７號１樓,花蓮縣,花蓮市,主力里,金三角商圈,是,否,60000.0,2016,獨資,N,0,561111,早餐店
94650580,,泰源五金行,花蓮縣花蓮市主力里中華路３２８號,花蓮縣,花蓮市,主力里,金三角商圈,是,否,100000.0,1975,獨資,Y,1,481014,居家修繕用品零售
92560922,,安抓撕工作室,花蓮縣花蓮市主力里中華路３２９―７號１樓,花蓮縣,花蓮市,主力里,金三角商圈,是,否,50000.0,2022,獨資,N,0,962299,其他美容美體服務
76967092,03707901,台灣中油股份有限公司油品行銷事業部東區營業處中華路加油站,花蓮縣花蓮市主力里中華路３３３之１號,花蓮縣,花蓮市,主力里,金三角商圈,是,否,0.0,1991,其他,Y,1,482111,汽油零售
76965159,,尚品汽車裝璜行,花蓮縣花蓮市主力里中華路３３４號,花蓮縣,花蓮市,主力里,金三角商圈,是,否,50000.0,1991,獨資,N,0,484311,汽車零件、汽車百貨零售
26794146,,仁康運動器材企業社,花蓮縣花蓮市主力里中華路３３５―６號１樓,花蓮縣,花蓮市,主力里,金三角商圈,是,否,240000.0,2012,獨資,Y,1,458299,其他運動用品及器材批發
94834820,,裕豐商行,花蓮縣花蓮市主力里中華路３３５之１２號,花蓮縣,花蓮市,主力里,金三角商圈,是,否,9000.0,1984,獨資,N,0,473111,絲織、麻織、棉織、毛織品零售
93056470,,宇翔企業,花蓮縣花蓮市主力里中華路３３５之１４號１樓,花蓮縣,花蓮市,主力里,金三角商圈,是,否,230000.0,2024,獨資,Y,1,484314,機車零件、機車百貨零售
60248804,,淨妍美學館,花蓮縣花蓮市主力里中華路３３５－１３號１樓,花蓮縣,花蓮市,主力里,金三角商圈,是,否,80000.0,2025,獨資,N,0,962211,美甲美睫服務
70625128,,蒲原企業有限公司,花蓮縣花蓮市主力里中華路３３５－２號,花蓮縣,花蓮市,主力里,金三角商圈,是,否,5000000.0,1999,有限公司,Y,1,431014,檔土支撐及土方挖填工程
08121668,03741302,中華郵政股份有限公司花蓮中華路郵局,花蓮縣花蓮市主力里中華路３３５－５號,花蓮縣,花蓮市,主力里,金三角商圈,是,否,0.0,2003,其他,Y,1,641500,郵政儲金匯兌
87343664,,千里寵物店,花蓮縣花蓮市主力里中華路３５０號１樓,花蓮縣,花蓮市,主力里,金三角商圈,是,否,10000.0,2020,獨資,N,0,969021,寵物照顧及訓練
87352781,,金豐鳥園,花蓮縣花蓮市主力里中華路３５８－１號１樓,花蓮縣,花蓮市,主力里,金三角商圈,是,否,10000.0,2021,獨資,N,0,485220,寵物零售
94771775,,德興汽車電機行,花蓮縣花蓮市主力里和平街５２５號,花蓮縣,花蓮市,主力里,金三角商圈,是,否,8000.0,1980,獨資,Y,1,951199,其他汽車維修
19531128,,良友行,花蓮縣花蓮市主力里和平路４０５巷２０號,花蓮縣,花蓮市,主力里,金三角商圈,是,否,10000.0,1996,獨資,N,0,453212,種苗批發
99773061,,尚美寢俱店,花蓮縣花蓮市主力里和平路４０９號１樓,花蓮縣,花蓮市,主力里,金三角商圈,是,否,3000.0,2004,獨資,N,0,474311,寢具零售
91596578,,昌記小火鍋,花蓮縣花蓮市主力里和平路４１１號,花蓮縣,花蓮市,主力里,金三角商圈,是,否,50000.0,2022,獨資,N,0,561115,餐廳
82178715,,邱記傳統豆花,花蓮縣花蓮市主力里和平路４２３號,花蓮縣,花蓮市,主力里,金三角商圈,是,否,3000.0,2019,獨資,N,0,563199,其他飲料店
20052716,,寶貝園童裝,花蓮縣花蓮市主力里和平路４２５號１樓,花蓮縣,花蓮市,主力里,金三角商圈,是,否,5000.0,1997,獨資,N,0,473211,服裝零售
91596676,,天業飲品店,花蓮縣花蓮市主力里和平路４５５號,花蓮縣,花蓮市,主力里,金三角商圈,是,否,80000.0,2022,獨資,N,0,563199,其他飲料店
26796030,,蓮心素食,花蓮縣花蓮市主力里和平路４５７號,花蓮縣,花蓮市,主力里,金三角商圈,是,否,5000.0,2012,獨資,N,0,561113,麵店、小吃店
91589627,,誠越室內設計,花蓮縣花蓮市主力里和平路４６５號１樓,花蓮縣,花蓮市,主力里,金三角商圈,是,否,249000.0,2022,獨資,Y,1,434011,室內裝潢工程
20061671,,花滿庭烘焙專賣店,花蓮縣花蓮市主力里和平路４６７號,花蓮縣,花蓮市,主力里,金三角商圈,是,否,20000.0,1997,獨資,Y,1,472922,西點麵包零售
31791921,,龍城油漆工程行,花蓮縣花蓮市主力里和平路４９３巷３８號１樓,花蓮縣,花蓮市,主力里,金三角商圈,是,否,30000.0,2012,獨資,Y,1,434012,油漆粉刷、壁飾（紙）黏貼工程
93051849,,承宥機電工作室,花蓮縣花蓮市主力里和平路４９３巷４０號,花蓮縣,花蓮市,主力里,金三角商圈,是,否,400000.0,2024,獨資,Y,1,433111,水電工程
41465592,,程和企業社,花蓮縣花蓮市主力里和平路４９３巷４６號１樓,花蓮縣,花蓮市,主力里,金三角商圈,是,否,249000.0,2016,獨資,Y,1,433111,水電工程
72848461,,程美土木包工業,花蓮縣花蓮市主力里和平路４９３巷４６號１樓,花蓮縣,花蓮市,主力里,金三角商圈,是,否,1500000.0,2018,獨資,Y,1,429099,未分類其他土木工程
41487097,,蔥香大雞排,花蓮縣花蓮市主力里和平路５０１號１樓,花蓮縣,花蓮市,主力里,金三角商圈,是,否,3000.0,2015,獨資,N,0,561113,麵店、小吃店
72850281,,爪力全開企業社,花蓮縣花蓮市主力里和平路５０３號１樓,花蓮縣,花蓮市,主力里,金三角商圈,是,否,50000.0,2018,獨資,N,0,932414,夾娃娃機店
42974763,,全日宏有限公司,花蓮縣花蓮市主力里和平路５１１號１樓,花蓮縣,花蓮市,主力里,金三角商圈,是,否,500000.0,2018,有限公司,Y,1,484111,全新汽車零售
41007631,,靚亮精品服飾,花蓮縣花蓮市主力里和平路５１９號１樓,花蓮縣,花蓮市,主力里,金三角商圈,是,否,100000.0,2014,獨資,N,0,473211,服裝零售
26503506,,天安居民宿,花蓮縣花蓮市主力里國風街２１巷１７號,花蓮縣,花蓮市,主力里,金三角商圈,是,否,10000.0,2010,獨資,N,0,551013,民宿
20061378,,新爽機車行,花蓮縣花蓮市主力里林森路１４號１樓,花蓮縣,花蓮市,主力里,金三角商圈,是,否,200000.0,1997,獨資,Y,1,484211,全新機車零售
92642086,,足林養生館,花蓮縣花蓮市主力里林森路１６號,花蓮縣,花蓮市,主力里,金三角商圈,是,否,10000.0,2024,獨資,N,0,969015,推拿按摩服務
94829713,,明德水電行,花蓮縣花蓮市主力里林森路１７號,花蓮縣,花蓮市,主力里,金三角商圈,是,否,48000.0,1984,獨資,Y,1,461599,其他金屬建材批發
60247360,,宏旺工程行,花蓮縣花蓮市主力里林森路１８號１樓,花蓮縣,花蓮市,主力里,金三角商圈,是,否,248000.0,2025,獨資,Y,1,410099,其他建築工程
90848533,,鼎耀興建設有限公司,花蓮縣花蓮市主力里林森路１８號１樓,花蓮縣,花蓮市,主力里,金三角商圈,是,否,50000000.0,2021,有限公司,Y,1,670012,不動產投資開發
55897199,,晶有建設有限公司,花蓮縣花蓮市主力里林森路１９號１樓,花蓮縣,花蓮市,主力里,金三角商圈,是,否,3000000.0,2016,有限公司,Y,1,670012,不動產投資開發
31796545,,雅瑟髮藝美學館,花蓮縣花蓮市主力里林森路２０號１樓,花蓮縣,花蓮市,主力里,金三角商圈,是,否,30000.0,2013,獨資,N,0,962111,美髮院及髮廊
04801242,,肯鼎有限公司,花蓮縣花蓮市主力里林森路２４號１樓,花蓮縣,花蓮市,主力里,金三角商圈,是,否,600000.0,1979,有限公司,Y,1,481014,居家修繕用品零售
41016667,,莞莞媽手作打皂房,花蓮縣花蓮市主力里林森路２６號１樓,花蓮縣,花蓮市,主力里,金三角商圈,是,否,30000.0,2015,獨資,N,0,487199,其他電子購物及郵購
91150415,,家仁企業社,花蓮縣花蓮市主力里林森路３２巷１號７樓之１,花蓮縣,花蓮市,主力里,金三角商圈,是,否,200000.0,2021,獨資,Y,1,474113,家用空調設備及其零件零售
61298274,70393302,博客停車場開發股份有限公司藏居林森場,花蓮縣花蓮市主力里林森路３３號,花蓮縣,花蓮市,主力里,金三角商圈,是,否,0.0,2025,其他,Y,1,524100,停車場管理
49913566,,屋宅速修工程行,花蓮縣花蓮市主力里林森路３９號,花蓮縣,花蓮市,主力里,金三角商圈,是,否,490000.0,2005,獨資,Y,1,434011,室內裝潢工程
82179340,,花蓮智力棋牌社,花蓮縣花蓮市主力里林森路４０號１樓,花蓮縣,花蓮市,主力里,金三角商圈,是,否,5000.0,2019,獨資,N,0,932999,未分類其他娛樂及休閒服務
91152005,,鈺風企業社,花蓮縣花蓮市主力里林森路４７號１樓,花蓮縣,花蓮市,主力里,金三角商圈,是,否,200000.0,2021,獨資,N,0,952312,家用電器維修
91255804,,三井自助洗衣坊,花蓮縣花蓮市主力里林森路５號,花蓮縣,花蓮市,主力里,金三角商圈,是,否,8000.0,2021,獨資,N,0,961012,自助洗衣店
09744468,,三井鞋坊,花蓮縣花蓮市主力里林森路５號１樓,花蓮縣,花蓮市,主力里,金三角商圈,是,否,100000.0,2006,獨資,Y,1,473312,鞋類及其配件（真皮鞋類及其配件除外）零售
09868707,,泳輝輪胎商行,花蓮縣花蓮市主力里林森路５５號１樓,花蓮縣,花蓮市,主力里,金三角商圈,是,否,450000.0,2007,獨資,Y,1,465315,汽車輪胎批發
31793462,,勝豐整復推拿養生館,花蓮縣花蓮市主力里林森路５５號１樓,花蓮縣,花蓮市,主力里,金三角商圈,是,否,200000.0,2013,獨資,N,0,969015,推拿按摩服務
56681083,,晴阡建設股份有限公司,花蓮縣花蓮市主力里林森路５８號,花蓮縣,花蓮市,主力里,金三角商圈,是,否,15000000.0,2017,股份有限公司,Y,1,681211,不動產仲介
53005216,16740494,全聯實業股份有限公司花蓮林森分公司,花蓮縣花蓮市主力里林森路６９、７１號,花蓮縣,花蓮市,主力里,金三角商圈,是,否,0.0,2011,本國公司設立之分公司,Y,1,471916,超級市場
91594157,,桐花小廚,花蓮縣花蓮市主力里林森路７２―１號,花蓮縣,花蓮市,主力里,金三角商圈,是,否,3000.0,2022,獨資,N,0,561115,餐廳
60246518,,繆斯室內裝修業,花蓮縣花蓮市主力里林森路７９號１樓,花蓮縣,花蓮市,主力里,金三角商圈,是,否,200000.0,2025,獨資,Y,1,439099,未分類其他專門營造
91346447,,重飛／Ｇｏ　Ａｒｏｕｎｄ民宿,花蓮縣花蓮市主力里林森路８０號,花蓮縣,花蓮市,主力里,金三角商圈,是,否,100000.0,2021,獨資,N,0,551013,民宿
94755418,,蕭氏企業有限公司,花蓮縣花蓮市主力里林森路８２號,花蓮縣,花蓮市,主力里,金三角商圈,是,否,29990000.0,1979,有限公司,Y,1,481014,居家修繕用品零售
54536705,,欣榮節能科技工程有限公司,花蓮縣花蓮市主力里林森路８３號,花蓮縣,花蓮市,主力里,金三角商圈,是,否,200000.0,2013,有限公司,Y,1,433900,其他建築設備安裝
10636142,,左岸精品建材行,花蓮縣花蓮市主力里林森路８７號,花蓮縣,花蓮市,主力里,金三角商圈,是,否,5000.0,2008,獨資,Y,1,461312,瓷磚批發
15783558,,興達電機行,花蓮縣花蓮市主力里榮正街１２０﹒１２２號,花蓮縣,花蓮市,主力里,金三角商圈,是,否,220000.0,2004,獨資,Y,1,474199,其他家用電器零售
50697931,,吉元成土木包工業,花蓮縣花蓮市主力里榮正街１２４號１樓,花蓮縣,花蓮市,主力里,金三角商圈,是,否,1200000.0,2016,獨資,Y,1,429099,未分類其他土木工程
00135019,,思爾奇影像工作室有限公司,花蓮縣花蓮市主力里榮正街１３２號１樓,花蓮縣,花蓮市,主力里,金三角商圈,是,否,50000.0,2024,有限公司,Y,1,731099,其他廣告服務
42945634,,麒翼實業有限公司,花蓮縣花蓮市主力里榮正街１３４號１樓,花蓮縣,花蓮市,主力里,金三角商圈,是,否,3500000.0,2018,有限公司,Y,1,483111,電腦及電腦週邊設備零售
60247137,,凱勤企業社,花蓮縣花蓮市主力里榮正街１３４號１樓,花蓮縣,花蓮市,主力里,金三角商圈,是,否,200000.0,2025,獨資,Y,1,464111,電腦及電腦週邊設備批發
92097810,,全美裝潢行,花蓮縣花蓮市主力里榮正街１３８號,花蓮縣,花蓮市,主力里,金三角商圈,是,否,5000.0,1995,獨資,N,0,474315,窗簾零售
13960425,,和信冷凍工程行,花蓮縣花蓮市主力里榮正街１６巷１３號１樓,花蓮縣,花蓮市,主力里,金三角商圈,是,否,200000.0,2001,獨資,Y,1,433211,冷凍、通風、空調系統裝修工程
85367767,,有一間民宿,花蓮縣花蓮市主力里榮正街３０號,花蓮縣,花蓮市,主力里,金三角商圈,是,否,50000.0,2020,獨資,N,0,551013,民宿
13006409,,聯合菸酒有限公司,花蓮縣花蓮市主力里榮正街５４號１樓,花蓮縣,花蓮市,主力里,金三角商圈,是,否,5000000.0,2002,有限公司,Y,1,472913,菸酒零售
27595757,,聯喬菸酒有限公司,花蓮縣花蓮市主力里榮正街５４號２樓,花蓮縣,花蓮市,主力里,金三角商圈,是,否,3000000.0,2005,有限公司,Y,1,454611,國產菸酒批發
84570736,,雯強有限公司,花蓮縣花蓮市主力里榮正街５８號１樓,花蓮縣,花蓮市,主力里,金三角商圈,是,否,51700000.0,1993,有限公司,Y,1,456999,未分類其他家用器具及用品批發
60348584,,庭昱投資開發有限公司,花蓮縣花蓮市主力里榮正街５８號２樓,花蓮縣,花蓮市,主力里,金三角商圈,是,否,10700000.0,2025,有限公司,N,0,649911,投資有價證券
00085904,,昱庭物流開發有限公司,花蓮縣花蓮市主力里榮正街５８號３樓,花蓮縣,花蓮市,主力里,金三角商圈,是,否,1000000.0,2024,有限公司,Y,1,529099,未分類其他運輸輔助
20051028,,榮正行,花蓮縣花蓮市主力里榮正街６６號,花蓮縣,花蓮市,主力里,金三角商圈,是,否,4900000.0,1997,獨資,Y,1,456112,家用照明設備批發
09957980,,瑋辰企業社,花蓮縣花蓮市主力里榮正街６６號１樓,花蓮縣,花蓮市,主力里,金三角商圈,是,否,1000000.0,2006,獨資,Y,1,434013,房屋設備安裝工程
31751809,,蘇老師飛行工作室,花蓮縣花蓮市主力里榮正街６８號,花蓮縣,花蓮市,主力里,金三角商圈,是,否,10000.0,2012,獨資,N,0,476299,其他運動用品及器材零售
40980156,,柏陽飛行工作室,花蓮縣花蓮市主力里榮正街６８號２樓,花蓮縣,花蓮市,主力里,金三角商圈,是,否,3000.0,2014,獨資,N,0,476299,其他運動用品及器材零售
26130611,,沙力登美髮工作室,花蓮縣花蓮市主力里榮正街７８巷１３號１樓,花蓮縣,花蓮市,主力里,金三角商圈,是,否,50000.0,2009,獨資,N,0,962111,美髮院及髮廊
97393374,,鴻揚營造有限公司,花蓮縣花蓮市主力里榮正街７８巷１５號,花蓮縣,花蓮市,主力里,金三角商圈,是,否,3800000.0,1997,有限公司,Y,1,429099,未分類其他土木工程
93049865,,利宏企業社,花蓮縣花蓮市主力里榮正街７８巷１５號１樓,花蓮縣,花蓮市,主力里,金三角商圈,是,否,2000000.0,2024,獨資,Y,1,461400,漆料及塗料批發
87349870,,品香茶業行,花蓮縣花蓮市主力里榮正街７８巷１７號１樓,花蓮縣,花蓮市,主力里,金三角商圈,是,否,200000.0,2020,獨資,N,0,472915,茶葉零售
41234381,,牛轉乾坤民宿,花蓮縣花蓮市主力里榮正街７８巷２０號,花蓮縣,花蓮市,主力里,金三角商圈,是,否,300000.0,2014,獨資,N,0,551013,民宿
08130152,,美屋行,花蓮縣花蓮市主力里榮正街７８巷７―１號１樓,花蓮縣,花蓮市,主力里,金三角商圈,是,否,3000.0,1986,獨資,N,0,474399,其他家飾品零售
94826146,,利台行,花蓮縣花蓮市主力里榮正街７８巷８號,花蓮縣,花蓮市,主力里,金三角商圈,是,否,3000.0,1983,獨資,N,0,485299,未分類其他全新商品零售
49746189,,蛋糕甜創意蛋糕工坊,花蓮縣花蓮市主力里榮正街７８巷９之１號１樓,花蓮縣,花蓮市,主力里,金三角商圈,是,否,50000.0,2016,獨資,N,0,472922,西點麵包零售
82194172,,山禾早點,花蓮縣花蓮市主力里鎮國街１號１樓,花蓮縣,花蓮市,主力里,金三角商圈,是,否,30000.0,2018,獨資,N,0,561111,早餐店
55790669,,東鼎營造工程有限公司,花蓮縣花蓮市主力里鎮國街１１號１樓,花蓮縣,花蓮市,主力里,金三角商圈,是,否,29500000.0,1991,有限公司,Y,1,439099,未分類其他專門營造
86610311,,薪峰有限公司,花蓮縣花蓮市主力里鎮國街１２０巷１３號１樓,花蓮縣,花蓮市,主力里,金三角商圈,是,否,5000000.0,1992,有限公司,Y,1,484311,汽車零件、汽車百貨零售
76966609,,信銘汽車材料行,花蓮縣花蓮市主力里鎮國街１２０巷６號,花蓮縣,花蓮市,主力里,金三角商圈,是,否,200000.0,1991,獨資,Y,1,484311,汽車零件、汽車百貨零售
94646926,,福星行有限公司,花蓮縣花蓮市主力里鎮國街１２６號,花蓮縣,花蓮市,主力里,金三角商圈,是,否,3000000.0,1974,有限公司,Y,1,461515,建材五金（螺絲、螺帽、鉚釘等金屬製品）批發
15780150,,康馨藥局,花蓮縣花蓮市主力里鎮國街１３號１樓,花蓮縣,花蓮市,主力里,金三角商圈,是,否,100000.0,2002,獨資,N,0,475112,西藥零售
31419959,,康馨企業,花蓮縣花蓮市主力里鎮國街１３號２樓,花蓮縣,花蓮市,主力里,金三角商圈,是,否,200000.0,2006,獨資,Y,1,472933,保健營養食品零售
94641393,,陽光形象廣告社,花蓮縣花蓮市主力里鎮國街３８號,花蓮縣,花蓮市,主力里,金三角商圈,是,否,100000.0,1977,獨資,Y,1,731013,公開展示廣告
99998907,,杏星有限公司,花蓮縣花蓮市主力里鎮國街５１號,花蓮縣,花蓮市,主力里,金三角商圈,是,否,100000.0,2024,有限公司,Y,1,711299,其他工程服務及相關技術顧問
93057576,,于緁企業社,花蓮縣花蓮市主力里鎮國街５４巷３―７號,花蓮縣,花蓮市,主力里,金三角商圈,是,否,240000.0,2024,獨資,Y,1,481014,居家修繕用品零售
20054405,,迪笛美容名店,花蓮縣花蓮市主力里鎮國街５４巷３號１樓,花蓮縣,花蓮市,主力里,金三角商圈,是,否,50000.0,1997,獨資,N,0,962111,美髮院及髮廊
41017125,,新富興機械工程行,花蓮縣花蓮市主力里鎮國街５４巷４０號１樓,花蓮縣,花蓮市,主力里,金三角商圈,是,否,246000.0,2015,合夥,Y,1,439014,起重工程
92539148,,福仲日料所,花蓮縣花蓮市主力里鎮國街５４巷４３號１樓,花蓮縣,花蓮市,主力里,金三角商圈,是,否,100000.0,2023,獨資,N,0,561113,麵店、小吃店
78047023,,永霖企業社,花蓮縣花蓮市主力里鎮國街５４巷８號１樓,花蓮縣,花蓮市,主力里,金三角商圈,是,否,6000.0,1992,獨資,N,0,820912,文件打字、撰稿及速記等服務
92538730,,真打麵屋,花蓮縣花蓮市主力里鎮國街６０號１樓,花蓮縣,花蓮市,主力里,金三角商圈,是,否,100000.0,2023,獨資,N,0,561113,麵店、小吃店
60249085,,糯米音樂工作室,花蓮縣花蓮市主力里鎮國街６３號１樓,花蓮縣,花蓮市,主力里,金三角商圈,是,否,50000.0,2025,獨資,N,0,859213,音樂教學
76969015,,花蓮縣體育會游泳委員會花蓮四季游泳會,花蓮縣花蓮市主力里鎮國街６４號,花蓮縣,花蓮市,主力里,金三角商圈,是,否,3000.0,1991,其他,N,0,931218,游泳池
91150359,,樂高室內裝修,花蓮縣花蓮市主力里鎮國街６６巷１８號１樓,花蓮縣,花蓮市,主力里,金三角商圈,是,否,600000.0,2021,獨資,Y,1,434015,室內裝修工程
37996696,,柏皓土木包工業,花蓮縣花蓮市主力里鎮國街６７號１樓,花蓮縣,花蓮市,主力里,金三角商圈,是,否,3000000.0,2013,獨資,Y,1,429099,未分類其他土木工程
41015251,,駿奕企業社,花蓮縣花蓮市主力里鎮國街６７號１樓,花蓮縣,花蓮市,主力里,金三角商圈,是,否,3000.0,2015,獨資,N,0,483112,電腦套裝軟體零售
60250028,,一心泡泡冰,花蓮縣花蓮市主力里鎮國街７２－３號１樓,花蓮縣,花蓮市,主力里,金三角商圈,是,否,50000.0,2026,獨資,N,0,472926,冰品零售
08140383,,松德企業社,花蓮縣花蓮市主力里鎮國街７５號,花蓮縣,花蓮市,主力里,金三角商圈,是,否,4000.0,1987,獨資,N,0,959100,機車維修
72846111,,匯德車業,花蓮縣花蓮市主力里鎮國街７７號１樓,花蓮縣,花蓮市,主力里,金三角商圈,是,否,200000.0,2018,獨資,Y,1,484211,全新機車零售
94027179,,元泰五金行,花蓮縣花蓮市主力里鎮國街８０號,花蓮縣,花蓮市,主力里,金三角商圈,是,否,100000.0,1971,獨資,Y,1,481014,居家修繕用品零售
94748515,,協合號,花蓮縣花蓮市主力里鎮國街８６號１樓,花蓮縣,花蓮市,主力里,金三角商圈,是,否,3000.0,1978,獨資,N,0,454214,農產品（家畜及家禽肉品）批發市場承銷
94758718,,長宏製版彩藝社,花蓮縣花蓮市主力里鎮國街８９號,花蓮縣,花蓮市,主力里,金三角商圈,是,否,5000.0,1979,獨資,Y,1,591112,廣告影片製作
62249131,,承晞有限公司,花蓮縣花蓮市主力里鎮國街９號１樓,花蓮縣,花蓮市,主力里,金三角商圈,是,否,500000.0,2026,有限公司,Y,1,681211,不動產仲介
64803053,,東宏五金行,花蓮縣花蓮市主力里鎮國街９１號,花蓮縣,花蓮市,主力里,金三角商圈,是,否,35000.0,1988,獨資,Y,1,481014,居家修繕用品零售
94774800,,代有汽材五金行,花蓮縣花蓮市主力里鎮國街９３號,花蓮縣,花蓮市,主力里,金三角商圈,是,否,30000.0,1980,獨資,Y,1,484311,汽車零件、汽車百貨零售
60086456,,芬芳花苑,花蓮縣花蓮市主力里００１鄰中華路２４９號,花蓮縣,花蓮市,主力里,金三角商圈,是,否,3000.0,2024,獨資,N,0,485111,切花、盆栽零售
85212151,,東傑茶園,花蓮縣花蓮市主力里００１鄰和平路４２７號,花蓮縣,花蓮市,主力里,金三角商圈,是,否,30000.0,2020,獨資,N,0,563115,手搖飲店
91156706,,金玉豐精品企業社,花蓮縣花蓮市主力里００１鄰和平路４２７號,花蓮縣,花蓮市,主力里,金三角商圈,是,否,200000.0,2021,獨資,N,0,485216,礦物（寶石、貴金屬除外）零售
67941023,,東華美食,花蓮縣花蓮市主力里００２鄰中華路２５１―５號１樓,花蓮縣,花蓮市,主力里,金三角商圈,是,否,2400000.0,1998,獨資,N,0,561113,麵店、小吃店
89162800,,齊食股份有限公司,花蓮縣花蓮市主力里００２鄰中華路２６９號,花蓮縣,花蓮市,主力里,金三角商圈,是,否,500000.0,2023,股份有限公司,Y,1,561115,餐廳
83157007,,齊力創新管理顧問有限公司,花蓮縣花蓮市主力里００２鄰中華路２６９號１樓,花蓮縣,花蓮市,主力里,金三角商圈,是,否,3000000.0,2020,有限公司,Y,1,702099,其他管理顧問
90339469,,齊成文創股份有限公司,花蓮縣花蓮市主力里００２鄰中華路２６９號１樓,花蓮縣,花蓮市,主力里,金三角商圈,是,否,3000000.0,2022,股份有限公司,Y,1,471999,未分類其他綜合商品零售
87346509,,昱瑔選物販賣機,花蓮縣花蓮市主力里００３鄰中華路２７７號１樓,花蓮縣,花蓮市,主力里,金三角商圈,是,否,5000.0,2020,獨資,N,0,932414,夾娃娃機店
91152912,,婕希時尚美學,花蓮縣花蓮市主力里００３鄰中華路２７７號２樓,花蓮縣,花蓮市,主力里,金三角商圈,是,否,240000.0,2021,獨資,N,0,962299,其他美容美體服務
16710864,,瑩隆石業股份有限公司,花蓮縣花蓮市主力里００３鄰和平路４９７號１樓,花蓮縣,花蓮市,主力里,金三角商圈,是,否,8000000.0,2000,股份有限公司,Y,1,234011,石材家具及其製品製造
94031293,,貞傳地產有限公司,花蓮縣花蓮市主力里００４鄰中華路２９７號１樓,花蓮縣,花蓮市,主力里,金三角商圈,是,否,500000.0,2023,有限公司,Y,1,681211,不動產仲介
94740725,,鎖匙大王,花蓮縣花蓮市主力里００４鄰中華路３０９號１樓,花蓮縣,花蓮市,主力里,金三角商圈,是,否,3000.0,1985,獨資,N,0,959917,開鎖及配鎖
72848342,,雅記商行,花蓮縣花蓮市主力里００４鄰中華路３１５號１樓,花蓮縣,花蓮市,主力里,金三角商圈,是,否,200000.0,2018,獨資,Y,1,472921,糖果餅乾零售
92773354,,巷弄里歐民宿,花蓮縣花蓮市主力里００４鄰中華路３１７巷２－２號,花蓮縣,花蓮市,主力里,金三角商圈,是,否,100000.0,2023,獨資,N,0,551013,民宿
94378415,,輝國汽車貨運有限公司,花蓮縣花蓮市主力里００５鄰中華路３２９號,花蓮縣,花蓮市,主力里,金三角商圈,是,否,5500000.0,1972,有限公司,Y,1,494011,汽車貨櫃貨運
91339874,,進澤電機五金行,花蓮縣花蓮市主力里００５鄰榮正街５０號１樓,花蓮縣,花蓮市,主力里,金三角商圈,是,否,240000.0,2021,獨資,Y,1,461515,建材五金（螺絲、螺帽、鉚釘等金屬製品）批發
28792550,,傑盟行銷有限公司,花蓮縣花蓮市主力里００５鄰榮正街５２號４樓之７,花蓮縣,花蓮市,主力里,金三角商圈,是,否,1000000.0,2007,有限公司,Y,1,669199,其他投資顧問
41463671,,謙兒美妝,花蓮縣花蓮市主力里００５鄰榮正街７６－１號１樓,花蓮縣,花蓮市,主力里,金三角商圈,是,否,100000.0,2015,獨資,N,0,962299,其他美容美體服務
87348339,,相信團隊工作室,花蓮縣花蓮市主力里００５鄰榮正街７６－１號１樓,花蓮縣,花蓮市,主力里,金三角商圈,是,否,100000.0,2020,獨資,N,0,932999,未分類其他娛樂及休閒服務
92536830,,鼎立鷹架工程行,花蓮縣花蓮市主力里００５鄰榮正街７６－１號１樓,花蓮縣,花蓮市,主力里,金三角商圈,是,否,200000.0,2023,獨資,Y,1,439014,起重工程
91931313,,滿圓飯糰,花蓮縣花蓮市主力里００５鄰榮正街７８巷３―１號１樓,花蓮縣,花蓮市,主力里,金三角商圈,是,否,300000.0,2022,獨資,N,0,561111,早餐店
60094152,53391147,胖叔叔烘焙屋有限公司二九六號店,花蓮縣花蓮市主力里００６鄰中華路２９６號１樓,花蓮縣,花蓮市,主力里,金三角商圈,是,否,0.0,2024,其他,Y,1,472922,西點麵包零售
34892584,,食舍海鮮餐廳,花蓮縣花蓮市主力里００６鄰中華路３０６號１樓,花蓮縣,花蓮市,主力里,金三角商圈,是,否,5000.0,2011,獨資,Y,1,561115,餐廳
91597437,,小田日式拉麵,花蓮縣花蓮市主力里００６鄰中華路３４４號,花蓮縣,花蓮市,主力里,金三角商圈,是,否,200000.0,2022,獨資,N,0,561115,餐廳
13977093,,芋圓屋,花蓮縣花蓮市主力里００６鄰和平路４５１，４５３號１樓,花蓮縣,花蓮市,主力里,金三角商圈,是,否,100000.0,2002,獨資,N,0,561113,麵店、小吃店
95215614,,廣品商行,花蓮縣花蓮市主力里００６鄰和平路５１３號,花蓮縣,花蓮市,主力里,金三角商圈,是,否,10000.0,2025,獨資,N,0,561115,餐廳
12781016,,育匠室內裝修有限公司,花蓮縣花蓮市主力里００６鄰林森路７７號,花蓮縣,花蓮市,主力里,金三角商圈,是,否,5000000.0,2001,有限公司,Y,1,434015,室內裝修工程
41762544,,愛上巴黎民宿,花蓮縣花蓮市主力里００７鄰中華路２４２號,花蓮縣,花蓮市,主力里,金三角商圈,是,否,100000.0,2015,獨資,N,0,551013,民宿
34892389,,鮮達仁日式小吃店,花蓮縣花蓮市主力里００７鄰中華路２５０號１樓,花蓮縣,花蓮市,主力里,金三角商圈,是,否,3000.0,2011,獨資,N,0,561115,餐廳
82176483,,迅翃通訊行,花蓮縣花蓮市主力里００７鄰中華路２５６－１號１樓,花蓮縣,花蓮市,主力里,金三角商圈,是,否,68000.0,2018,獨資,Y,1,483212,手機及手機週邊零配件零售
82176717,,真香烤肉便當,花蓮縣花蓮市主力里００８鄰和平路４２５一２號,花蓮縣,花蓮市,主力里,金三角商圈,是,否,10000.0,2018,獨資,N,0,561113,麵店、小吃店
85212645,,愛洗自助洗衣坊,花蓮縣花蓮市主力里００９鄰中華路２１４號１樓,花蓮縣,花蓮市,主力里,金三角商圈,是,否,100000.0,2019,獨資,N,0,961012,自助洗衣店
41015506,,陽陞不銹鋼,花蓮縣花蓮市主力里００９鄰中華路３３９號１樓,花蓮縣,花蓮市,主力里,金三角商圈,是,否,50000.0,2015,獨資,Y,1,474213,廚櫃零售
42008721,89447644,鼎美股份有限公司花蓮和平店,花蓮縣花蓮市主力里０１０鄰和平路４４７、４４９號,花蓮縣,花蓮市,主力里,金三角商圈,是,否,0.0,2015,其他,Y,1,476399,其他玩具及娛樂用品零售
72846787,,泰多車行,花蓮縣花蓮市主力里０１３鄰和平路５１１號１樓,花蓮縣,花蓮市,主力里,金三角商圈,是,否,249000.0,2018,獨資,Y,1,451099,其他商品批發經紀
92535847,,阿興炒飯,花蓮縣花蓮市主力里０１３鄰和平路５２１號,花蓮縣,花蓮市,主力里,金三角商圈,是,否,20000.0,2023,獨資,N,0,561113,麵店、小吃店
60249472,,恩澤緻研企業社,花蓮縣花蓮市主力里０１３鄰和平路５２７號１樓,花蓮縣,花蓮市,主力里,金三角商圈,是,否,200000.0,2026,獨資,Y,1,487212,多層次傳銷（商品銷貨收入）
80403146,,東方水姑娘食品股份有限公司,花蓮縣花蓮市主力里０１５鄰中華路３３５―９號,花蓮縣,花蓮市,主力里,金三角商圈,是,否,1000000.0,2003,股份有限公司,Y,1,472999,未分類其他食品、飲料及菸草製品零售
60543453,54184960,雀客國際酒店股份有限公司花蓮林森分公司,花蓮縣花蓮市主力里０１５鄰林森路３３號,花蓮縣,花蓮市,主力里,金三角商圈,是,否,0.0,2025,本國公司設立之分公司,Y,1,551012,旅館
10663111,,東霖設計藝術傢飾坊,花蓮縣花蓮市主力里０１５鄰林森路４３號１樓,花蓮縣,花蓮市,主力里,金三角商圈,是,否,80000.0,2008,獨資,N,0,474399,其他家飾品零售
90667960,,晉沁康恩有限公司,花蓮縣花蓮市主力里０１５鄰林森路５３巷１０號１樓,花蓮縣,花蓮市,主力里,金三角商圈,是,否,100000.0,2022,有限公司,Y,1,454920,保健營養食品批發
89141643,,彤劃室內裝修設計有限公司,花蓮縣花蓮市主力里０１５鄰榮正街２００號１樓,花蓮縣,花蓮市,主力里,金三角商圈,是,否,1000000.0,2022,有限公司,Y,1,434015,室內裝修工程
92638885,,幼幼小舖,花蓮縣花蓮市主力里０１６鄰鎮國街１１８號１樓,花蓮縣,花蓮市,主力里,金三角商圈,是,否,200000.0,2023,獨資,N,0,471999,未分類其他綜合商品零售
24856933,,使特靈衛材有限公司,花蓮縣花蓮市主力里０１６鄰鎮國街１２０巷１７號１樓,花蓮縣,花蓮市,主力里,金三角商圈,是,否,2000000.0,2014,有限公司,Y,1,461313,衛浴設備批發
60252004,,花蓮恩典空手道館,花蓮縣花蓮市主力里０１６鄰鎮國街１２０巷５號１樓,花蓮縣,花蓮市,主力里,金三角商圈,是,否,50000.0,2026,獨資,N,0,859399,其他運動及休閒教育
94761397,,昆成實業有限公司,花蓮縣花蓮市主力里０１６鄰鎮國街１２２號,花蓮縣,花蓮市,主力里,金三角商圈,是,否,10000000.0,1979,有限公司,Y,1,464319,建築及礦業用機械批發
50730636,,髮進化沙龍,花蓮縣花蓮市主力里０１６鄰鎮國街１２４號１樓,花蓮縣,花蓮市,主力里,金三角商圈,是,否,50000.0,2017,獨資,N,0,962112,理髮店
54782092,,新創國際整合行銷有限公司,花蓮縣花蓮市主力里０１６鄰鎮國街６６巷１８號１樓,花蓮縣,花蓮市,主力里,金三角商圈,是,否,2000000.0,2014,有限公司,Y,1,740911,企業識別標誌設計
54523526,,富品行銷股份有限公司,花蓮縣花蓮市主力里０１６鄰鎮國街６６巷２號１樓,花蓮縣,花蓮市,主力里,金三角商圈,是,否,8000000.0,2013,股份有限公司,Y,1,454999,未分類其他食品批發
67937631,,蝶織坊髮型工作室,花蓮縣花蓮市主力里０１６鄰鎮國街６８號１樓,花蓮縣,花蓮市,主力里,金三角商圈,是,否,100000.0,1998,獨資,N,0,962111,美髮院及髮廊
00106458,,同原建設有限公司,花蓮縣花蓮市主力里０１６鄰鎮國街８５號１樓,花蓮縣,花蓮市,主力里,金三角商圈,是,否,1000000.0,2024,有限公司,Y,1,670012,不動產投資開發
42574128,,東浩建設有限公司,花蓮縣花蓮市主力里０１６鄰鎮國街８５號１樓,花蓮縣,花蓮市,主力里,金三角商圈,是,否,15000000.0,2015,有限公司,Y,1,670012,不動產投資開發
31791909,,活水窗簾家飾館,花蓮縣花蓮市主力里０１７鄰林森路６５號１樓,花蓮縣,花蓮市,主力里,金三角商圈,是,否,30000.0,2012,獨資,N,0,474399,其他家飾品零售
91151012,,莉莉美甲工作室,花蓮縣花蓮市主力里０１７鄰林森路７５號１樓,花蓮縣,花蓮市,主力里,金三角商圈,是,否,50000.0,2021,獨資,N,0,962211,美甲美睫服務
87347818,,享瘦輕食餐盒,花蓮縣花蓮市主力里０１８鄰中華路３２４號１樓,花蓮縣,花蓮市,主力里,金三角商圈,是,否,200000.0,2020,獨資,N,0,561115,餐廳
39951581,,明豐不銹鋼調理行,花蓮縣花蓮市主力里０１８鄰中華路３５６號１樓,花蓮縣,花蓮市,主力里,金三角商圈,是,否,200000.0,2014,獨資,Y,1,434013,房屋設備安裝工程
41467682,,髮創館,花蓮縣花蓮市主力里０１８鄰中華路３５８號１樓,花蓮縣,花蓮市,主力里,金三角商圈,是,否,320000.0,2016,獨資,N,0,962111,美髮院及髮廊
61455463,,巷口食堂企業社,花蓮縣花蓮市主力里０１８鄰中華路３５８－２號１樓,花蓮縣,花蓮市,主力里,金三角商圈,是,否,100000.0,2026,獨資,N,0,561113,麵店、小吃店
61455560,,拾芮手作工坊,花蓮縣花蓮市主力里０１９鄰中和街１９０號八樓之１,花蓮縣,花蓮市,主力里,金三角商圈,是,否,200000.0,2026,獨資,N,0,475212,香皂、沐浴乳、洗面皂零售
76955981,,中誠企業,花蓮縣花蓮市主力里０１９鄰中華路３２５―８號１樓,花蓮縣,花蓮市,主力里,金三角商圈,是,否,3200000.0,1990,獨資,Y,1,434011,室內裝潢工程
83549031,,洄瀾臻柏園股份有限公司,花蓮縣花蓮市主力里０２０鄰中和街２３０號１樓,花蓮縣,花蓮市,主力里,金三角商圈,是,否,1000000.0,2020,股份有限公司,Y,1,432000,庭園景觀工程
72849784,,聖樺企業社,花蓮縣花蓮市主力里０２０鄰中和街２３４號１樓,花蓮縣,花蓮市,主力里,金三角商圈,是,否,1000000.0,2018,獨資,Y,1,410099,其他建築工程
42790097,,皓大有限公司,花蓮縣花蓮市主力里０２０鄰中和街２３８號１樓,花蓮縣,花蓮市,主力里,金三角商圈,是,否,360000.0,2018,有限公司,Y,1,234011,石材家具及其製品製造
60235744,,喔尼穿戴甲專賣店,花蓮縣花蓮市主力里０２１鄰中和街１９１巷６號３樓,花蓮縣,花蓮市,主力里,金三角商圈,是,否,5000.0,2025,獨資,N,0,487199,其他電子購物及郵購
90067282,,茉藏有限公司,花蓮縣花蓮市主力里０２１鄰中和街２１７號９樓之一,花蓮縣,花蓮市,主力里,金三角商圈,是,否,1600000.0,2022,有限公司,Y,1,487199,其他電子購物及郵購
60252428,,緣緣手作工作室,花蓮縣花蓮市主力里０２１鄰榮正街９８號２樓,花蓮縣,花蓮市,主力里,金三角商圈,是,否,100000.0,2026,獨資,N,0,473999,未分類其他服飾品零售
41016370,,風動廣告設計,花蓮縣花蓮市主力里０２３鄰榮正街２０６號１樓,花蓮縣,花蓮市,主力里,金三角商圈,是,否,50000.0,2015,獨資,N,0,731011,廣告代理商
96865761,,富誠生物科技有限公司,花蓮縣花蓮市主力里０２３鄰榮正街２０６號１樓,花蓮縣,花蓮市,主力里,金三角商圈,是,否,5000000.0,1996,有限公司,Y,1,475113,醫療耗材零售
60249228,,綠興植保企業社,花蓮縣花蓮市主力里０２４鄰林森路３２巷１號４樓之２,花蓮縣,花蓮市,主力里,金三角商圈,是,否,249999.0,2026,獨資,Y,1,011999,未分類其他農作物栽培
91155328,,初英食堂,花蓮縣花蓮市主力里０２４鄰林森路３２巷３號３樓之２,花蓮縣,花蓮市,主力里,金三角商圈,是,否,10000.0,2021,獨資,N,0,561115,餐廳
91155994,,侑營行,花蓮縣花蓮市主力里０２４鄰林森路３２巷３號７樓之２,花蓮縣,花蓮市,主力里,金三角商圈,是,否,200000.0,2021,獨資,Y,1,454400,冷凍調理食品批發
92640279,,錡發樂透彩,花蓮縣花蓮市主力里０２４鄰林森路３４號１樓,花蓮縣,花蓮市,主力里,金三角商圈,是,否,50000.0,2023,獨資,N,0,920011,彩券銷售
91598506,,全球棋牌社,花蓮縣花蓮市主力里０２４鄰林森路６８號,花蓮縣,花蓮市,主力里,金三角商圈,是,否,100000.0,2023,獨資,N,0,932999,未分類其他娛樂及休閒服務
08130863,,香根藝坊,花蓮縣花蓮市主力里１鄰中華路２２７之１號,花蓮縣,花蓮市,主力里,金三角商圈,是,否,6000.0,1986,獨資,N,0,472915,茶葉零售
83013564,,熊爪股份有限公司,花蓮縣花蓮市主力里１鄰中華路２３７號,花蓮縣,花蓮市,主力里,金三角商圈,是,否,100000.0,2023,股份有限公司,Y,1,582011,遊戲軟體出版
28716765,16301262,里仁事業股份有限公司花蓮分公司,花蓮縣花蓮市主力里１鄰中華路２４３號,花蓮縣,花蓮市,主力里,金三角商圈,是,否,0.0,2007,本國公司設立之分公司,Y,1,452000,綜合商品批發
94839450,,台大育樂股份有限公司,花蓮縣花蓮市主力里１鄰中華路３２５－５號１樓,花蓮縣,花蓮市,主力里,金三角商圈,是,否,3000000.0,1984,股份有限公司,Y,1,932999,未分類其他娛樂及休閒服務
18050950,70788522,大同綜合訊電股份有限公司花蓮分公司中山展售中心,花蓮縣花蓮市主力里１鄰和平街４１５號,花蓮縣,花蓮市,主力里,金三角商圈,是,否,0.0,2000,其他,Y,1,474199,其他家用電器零售
23962372,,康巧實業股份有限公司,花蓮縣花蓮市主力里１鄰榮正街５８號２樓,花蓮縣,花蓮市,主力里,金三角商圈,是,否,5000000.0,1991,股份有限公司,Y,1,456999,未分類其他家用器具及用品批發
31795047,,加美工作室,花蓮縣花蓮市主力里１０鄰鎮國街２１號１樓,花蓮縣,花蓮市,主力里,金三角商圈,是,否,60000.0,2013,獨資,Y,1,962299,其他美容美體服務
90310694,,憬緻有限公司,花蓮縣花蓮市主力里１３鄰和平路５２７號１樓,花蓮縣,花蓮市,主力里,金三角商圈,是,否,100000.0,2022,有限公司,Y,1,454999,未分類其他食品批發
83549193,,木甜企業有限公司,花蓮縣花蓮市主力里１３鄰和平路５２９號１樓及和平路５３５巷１號２樓,花蓮縣,花蓮市,主力里,金三角商圈,是,否,1000000.0,2020,有限公司,Y,1,563199,其他飲料店
42758527,,安虹旅行社有限公司,花蓮縣花蓮市主力里１６鄰鎮國街６２號１樓,花蓮縣,花蓮市,主力里,金三角商圈,是,否,6000000.0,2015,有限公司,Y,1,790011,旅行業
76959754,,七小福食品店,花蓮縣花蓮市主力里１６鄰鎮國街６６巷３２號,花蓮縣,花蓮市,主力里,金三角商圈,是,否,5000.0,1990,獨資,N,0,472911,調理包食品零售
26703568,,吾髮吾天,花蓮縣花蓮市主力里１６鄰鎮國街７２號１樓,花蓮縣,花蓮市,主力里,金三角商圈,是,否,150000.0,2011,獨資,N,0,962111,美髮院及髮廊
23716983,,禹升實業有限公司,花蓮縣花蓮市主力里１７鄰林森路８１號,花蓮縣,花蓮市,主力里,金三角商圈,是,否,3000000.0,1990,有限公司,Y,1,461312,瓷磚批發
26788355,,弘宇蛋糕專賣店,花蓮縣花蓮市主力里１８鄰中華路３３０號１樓,花蓮縣,花蓮市,主力里,金三角商圈,是,否,200000.0,2011,獨資,Y,1,472922,西點麵包零售
29478381,,二輪坊機車行,花蓮縣花蓮市主力里１８鄰中華路３５４號,花蓮縣,花蓮市,主力里,金三角商圈,是,否,5000.0,2005,獨資,N,0,484314,機車零件、機車百貨零售
99454524,,惠豐服裝,花蓮縣花蓮市主力里１８鄰中華路３５８－１號,花蓮縣,花蓮市,主力里,金三角商圈,是,否,6000.0,2004,獨資,N,0,473211,服裝零售
26126356,,麵,花蓮縣花蓮市主力里２鄰中華路２６３號１樓,花蓮縣,花蓮市,主力里,金三角商圈,是,否,20000.0,2009,獨資,N,0,561113,麵店、小吃店
31471928,,自食齊力工作室,花蓮縣花蓮市主力里２鄰中華路２６９號,花蓮縣,花蓮市,主力里,金三角商圈,是,否,5000.0,2007,獨資,N,0,740913,包裝設計
15793964,,昌記食品,花蓮縣花蓮市主力里２０鄰中和路２１４巷１５號１樓,花蓮縣,花蓮市,主力里,金三角商圈,是,否,200000.0,2003,合夥,Y,1,454999,未分類其他食品批發
10518530,,日勝眼鏡,花蓮縣花蓮市主力里２２鄰中華路３３７號１樓,花蓮縣,花蓮市,主力里,金三角商圈,是,否,3000.0,2008,獨資,N,0,474412,眼鏡及其零配件零售
94642132,,順盟實業有限公司,花蓮縣花蓮市主力里２２鄰榮正街１４０號１樓,花蓮縣,花蓮市,主力里,金三角商圈,是,否,3000000.0,1974,有限公司,Y,1,481014,居家修繕用品零售
53639540,,麗晶歐化廚具有限公司,花蓮縣花蓮市主力里２４鄰林森路３６及３８號１樓,花蓮縣,花蓮市,主力里,金三角商圈,是,否,900000.0,2011,有限公司,Y,1,474999,未分類其他家用器具及用品零售
54781039,,正文水電工程有限公司,花蓮縣花蓮市主力里２９鄰鎮國街３３號１樓,花蓮縣,花蓮市,主力里,金三角商圈,是,否,2000000.0,2014,有限公司,Y,1,433111,水電工程
27230271,22555003,統一超商股份有限公司花蓮縣第五十六分公司,花蓮縣花蓮市主力里３鄰中華路２８３－１號１樓,花蓮縣,花蓮市,主力里,金三角商圈,是,否,0.0,2004,本國公司設立之分公司,Y,1,471113,加盟連鎖式便利商店（有商品進、銷貨行為）
18048651,,慈昕素食館８５２９１５９,花蓮縣花蓮市主力里３鄰中華路２８７號１樓,花蓮縣,花蓮市,主力里,金三角商圈,是,否,10000.0,2000,獨資,N,0,561113,麵店、小吃店
30209478,,太夆音響電業行,花蓮縣花蓮市主力里５鄰中華路３３５―１號１樓,花蓮縣,花蓮市,主力里,金三角商圈,是,否,240000.0,2010,合夥,Y,1,474199,其他家用電器零售
16924866,,宏暐室內裝修設計有限公司,花蓮縣花蓮市主力里５鄰榮正街１４２號１樓,花蓮縣,花蓮市,主力里,金三角商圈,是,否,1000000.0,1999,有限公司,Y,1,434011,室內裝潢工程
99792692,,永貞書局,花蓮縣花蓮市主力里５鄰榮正街６４號１樓,花蓮縣,花蓮市,主力里,金三角商圈,是,否,200000.0,2004,獨資,Y,1,458111,文具批發
08139267,,佳人紙藝畫坊,花蓮縣花蓮市主力里５鄰榮正街７４號,花蓮縣,花蓮市,主力里,金三角商圈,是,否,3000.0,1987,獨資,N,0,469923,紙張（板）批發
79971752,,向上租賃有限公司,花蓮縣花蓮市主力里６鄰中華路３２５－５號１樓,花蓮縣,花蓮市,主力里,金三角商圈,是,否,5000000.0,2002,有限公司,Y,1,493911,附駕駛之小客車租賃
30202714,,大丞電訊企業社,花蓮縣花蓮市主力里７鄰中和街１７５巷８號１樓,花蓮縣,花蓮市,主力里,金三角商圈,是,否,200000.0,2009,獨資,Y,1,433117,電纜裝修工程
66951819,,南泰五金行,花蓮縣花蓮市主力里７鄰中華路２６０及２６２號１樓,花蓮縣,花蓮市,主力里,金三角商圈,是,否,2000000.0,2005,獨資,Y,1,469925,基本金屬批發
92638978,,泰合小吃,花蓮縣花蓮市主勤里中正路４６６號１樓,花蓮縣,花蓮市,主勤里,金三角商圈,是,否,100000.0,2023,獨資,N,0,561111,早餐店
41485942,,睿宸商行,花蓮縣花蓮市主勤里中正路４７４號１樓,花蓮縣,花蓮市,主勤里,金三角商圈,是,否,100000.0,2015,獨資,N,0,483212,手機及手機週邊零配件零售
82178927,,職牛商號,花蓮縣花蓮市主勤里中正路４７４號２樓,花蓮縣,花蓮市,主勤里,金三角商圈,是,否,50000.0,2019,獨資,Y,1,561115,餐廳
92626023,53619707,優尼聖企業股份有限公司花蓮六店,花蓮縣花蓮市主勤里中正路４７６號,花蓮縣,花蓮市,主勤里,金三角商圈,是,否,0.0,2023,其他,Y,1,455211,服裝批發
92096431,,山丹綠野妍坊,花蓮縣花蓮市主勤里中正路４８８號,花蓮縣,花蓮市,主勤里,金三角商圈,是,否,3000.0,1995,獨資,N,0,485111,切花、盆栽零售
94785314,,耀翊企業股份有限公司,花蓮縣花蓮市主勤里中正路４９５號,花蓮縣,花蓮市,主勤里,金三角商圈,是,否,25000000.0,1981,股份有限公司,Y,1,551012,旅館
34872757,43460094,黛安芬國際股份有限公司花蓮中正直營店,花蓮縣花蓮市主勤里中正路４９９號１樓,花蓮縣,花蓮市,主勤里,金三角商圈,是,否,0.0,2010,其他,Y,1,455212,內衣批發
50740830,,咩咩工作室,花蓮縣花蓮市主勤里中正路５０１號１樓,花蓮縣,花蓮市,主勤里,金三角商圈,是,否,50000.0,2017,獨資,N,0,487199,其他電子購物及郵購
95082760,84614919,艾思妮國際股份有限公司花蓮店,花蓮縣花蓮市主勤里中正路５０１號１樓,花蓮縣,花蓮市,主勤里,金三角商圈,是,否,0.0,2024,其他,Y,1,473212,內衣零售
87324857,85110443,媽媽餵股份有限公司花蓮門市,花蓮縣花蓮市主勤里中正路５０７號,花蓮縣,花蓮市,主勤里,金三角商圈,是,否,0.0,2020,其他,Y,1,455999,未分類其他服飾品批發
18045964,97179430,遠傳電信股份有限公司花蓮中正門市,花蓮縣花蓮市主勤里中正路５０９號,花蓮縣,花蓮市,主勤里,金三角商圈,是,否,0.0,2000,其他,Y,1,483212,手機及手機週邊零配件零售
85207050,,日光視所眼鏡行,花蓮縣花蓮市主勤里中正路５１９號１樓,花蓮縣,花蓮市,主勤里,金三角商圈,是,否,200000.0,2019,獨資,Y,1,474412,眼鏡及其零配件零售
80338814,96989783,老牛皮國際股份有限公司第一三○分公司,花蓮縣花蓮市主勤里中正路５２１號１樓,花蓮縣,花蓮市,主勤里,金三角商圈,是,否,0.0,2002,本國公司設立之分公司,Y,1,473311,真皮鞋類及其配件零售
90078318,23224657,台灣屈臣氏個人用品商店股份有限公司新花中二分公司,花蓮縣花蓮市主勤里中正路５２３號１、２樓,花蓮縣,花蓮市,主勤里,金三角商圈,是,否,0.0,2022,本國公司設立之分公司,Y,1,471999,未分類其他綜合商品零售
91340247,24351482,臻好翫休閒運動事業有限公司博愛門市,花蓮縣花蓮市主勤里中華路１０１號,花蓮縣,花蓮市,主勤里,金三角商圈,是,否,0.0,2021,其他,Y,1,471999,未分類其他綜合商品零售
09898625,,郭榮市餅店,花蓮縣花蓮市主勤里中華路１０３號１樓,花蓮縣,花蓮市,主勤里,金三角商圈,是,否,480000.0,2007,獨資,Y,1,472919,肉鬆、肉乾、火腿、臘味零售
94817189,,正興茶莊,花蓮縣花蓮市主勤里中華路１０５號,花蓮縣,花蓮市,主勤里,金三角商圈,是,否,40000.0,1983,獨資,Y,1,472915,茶葉零售
94782175,,慶和布莊,花蓮縣花蓮市主勤里中華路１１１－１號１樓,花蓮縣,花蓮市,主勤里,金三角商圈,是,否,8000.0,1980,獨資,N,0,473111,絲織、麻織、棉織、毛織品零售
94756009,,勤工鐘錶眼鏡行,花蓮縣花蓮市主勤里中華路１１９號,花蓮縣,花蓮市,主勤里,金三角商圈,是,否,200000.0,1979,獨資,Y,1,474411,鐘錶及其零配件零售
15781236,94852164,宗泰食品股份有限公司中華二店,花蓮縣花蓮市主勤里中華路１２３號１樓,花蓮縣,花蓮市,主勤里,金三角商圈,是,否,0.0,2002,其他,Y,1,472921,糖果餅乾零售
37999238,,藍色卡杜拉咖啡館,花蓮縣花蓮市主勤里中華路６８號１樓,花蓮縣,花蓮市,主勤里,金三角商圈,是,否,200000.0,2014,獨資,N,0,563112,咖啡館
93057864,,恆宇商行,花蓮縣花蓮市主勤里中華路７６號１樓,花蓮縣,花蓮市,主勤里,金三角商圈,是,否,1398000.0,2024,合夥,Y,1,563115,手搖飲店
41463124,,立佳髮型店,花蓮縣花蓮市主勤里中華路７８號１樓,花蓮縣,花蓮市,主勤里,金三角商圈,是,否,50000.0,2015,獨資,N,0,962111,美髮院及髮廊
94668104,,勝德商號,花蓮縣花蓮市主勤里中華路８２號,花蓮縣,花蓮市,主勤里,金三角商圈,是,否,9000.0,1976,獨資,Y,1,481014,居家修繕用品零售
28365774,,花蓮薯道食品有限公司,花蓮縣花蓮市主勤里中華路８４―１號１樓,花蓮縣,花蓮市,主勤里,金三角商圈,是,否,500000.0,2006,有限公司,Y,1,472921,糖果餅乾零售
92639499,,發發公益彩券行,花蓮縣花蓮市主勤里中華路８８號１樓,花蓮縣,花蓮市,主勤里,金三角商圈,是,否,100000.0,2023,獨資,N,0,920011,彩券銷售
91592881,,芮杉通訊行,花蓮縣花蓮市主勤里中華路９０號１樓,花蓮縣,花蓮市,主勤里,金三角商圈,是,否,200000.0,2022,獨資,Y,1,483212,手機及手機週邊零配件零售
99836381,,文正銀樓,花蓮縣花蓮市主勤里中華路９１號１樓,花蓮縣,花蓮市,主勤里,金三角商圈,是,否,300000.0,2004,獨資,Y,1,474511,金（銀）飾零售
78847019,,回春堂,花蓮縣花蓮市主勤里中華路９７號１樓,花蓮縣,花蓮市,主勤里,金三角商圈,是,否,3000.0,1993,獨資,N,0,475111,中藥零售
15793367,,建裕行（８３２３５７０）,花蓮縣花蓮市主勤里南京街２１３號,花蓮縣,花蓮市,主勤里,金三角商圈,是,否,5000.0,2003,獨資,N,0,472913,菸酒零售
08121554,03741302,中華郵政股份有限公司花蓮南京街郵局,花蓮縣花蓮市主勤里南京街２２１號,花蓮縣,花蓮市,主勤里,金三角商圈,是,否,0.0,2002,其他,Y,1,641500,郵政儲金匯兌
94799062,,印象服飾,花蓮縣花蓮市主勤里南京街２３３號,花蓮縣,花蓮市,主勤里,金三角商圈,是,否,3000.0,1982,獨資,N,0,473999,未分類其他服飾品零售
20059083,,加南美地花坊,花蓮縣花蓮市主勤里南京街２７８號,花蓮縣,花蓮市,主勤里,金三角商圈,是,否,5000.0,1997,獨資,N,0,485111,切花、盆栽零售
61410754,,沐哺商行,花蓮縣花蓮市主勤里南京街２７８號,花蓮縣,花蓮市,主勤里,金三角商圈,是,否,80000.0,2026,獨資,N,0,473211,服裝零售
92638914,,三原色精緻美甲工作室,花蓮縣花蓮市主勤里南京街２７８號,花蓮縣,花蓮市,主勤里,金三角商圈,是,否,10000.0,2023,獨資,N,0,962299,其他美容美體服務
08133947,,大眾鐘錶眼鏡行,花蓮縣花蓮市主勤里南京街２８６號１樓,花蓮縣,花蓮市,主勤里,金三角商圈,是,否,30000.0,1986,獨資,N,0,474412,眼鏡及其零配件零售
60247278,,微光理髮廳,花蓮縣花蓮市主勤里南京街２８８號１樓,花蓮縣,花蓮市,主勤里,金三角商圈,是,否,200000.0,2025,獨資,N,0,962111,美髮院及髮廊
90006835,,裕辰豐實業有限公司,花蓮縣花蓮市主勤里南京街２８８號１樓,花蓮縣,花蓮市,主勤里,金三角商圈,是,否,5000000.0,2023,有限公司,Y,1,429099,未分類其他土木工程
82183560,,寧昕商行,花蓮縣花蓮市主勤里南京街２９０巷２０號１樓,花蓮縣,花蓮市,主勤里,金三角商圈,是,否,10000.0,2019,獨資,N,0,472112,水果零售
49751730,,錢塘皮革工作室,花蓮縣花蓮市主勤里南京街２９０巷６號１樓、２樓,花蓮縣,花蓮市,主勤里,金三角商圈,是,否,200000.0,2016,獨資,N,0,469917,手工藝品批發
08127207,,酒富商號,花蓮縣花蓮市主勤里南京街２９０巷８號１樓,花蓮縣,花蓮市,主勤里,金三角商圈,是,否,200000.0,1986,獨資,Y,1,472913,菸酒零售
30204902,,巧鉅實業社,花蓮縣花蓮市主勤里南京街３０６巷１號１樓,花蓮縣,花蓮市,主勤里,金三角商圈,是,否,2000000.0,2009,獨資,Y,1,483111,電腦及電腦週邊設備零售
15781539,,萬年電機修理所,花蓮縣花蓮市主勤里南京街３０８號,花蓮縣,花蓮市,主勤里,金三角商圈,是,否,100000.0,2002,獨資,N,0,476211,非電動自行車及非電動自行車零件零售
94393479,,龍鳳禮品社,花蓮縣花蓮市主勤里南京街３１２巷１１號,花蓮縣,花蓮市,主勤里,金三角商圈,是,否,3000.0,1977,獨資,N,0,485299,未分類其他全新商品零售
94657991,,新豪華百貨行,花蓮縣花蓮市主勤里南京街３１２巷２號,花蓮縣,花蓮市,主勤里,金三角商圈,是,否,5000.0,1977,獨資,N,0,473999,未分類其他服飾品零售
91388261,,Ｃａｆｅ　Ｃｏｐｉｔａ,花蓮縣花蓮市主勤里博愛街１０５號,花蓮縣,花蓮市,主勤里,金三角商圈,是,否,200000.0,2021,獨資,N,0,563112,咖啡館
91154051,,柒壹柒工作室,花蓮縣花蓮市主勤里博愛街１０７號１樓,花蓮縣,花蓮市,主勤里,金三角商圈,是,否,180000.0,2021,獨資,N,0,962299,其他美容美體服務
61457103,,藝點心意創藝工作室,花蓮縣花蓮市主勤里博愛街１０９號,花蓮縣,花蓮市,主勤里,金三角商圈,是,否,100000.0,2026,合夥,N,0,474512,珠寶零售
50745201,,迷妳商行,花蓮縣花蓮市主勤里博愛街１０９號１樓,花蓮縣,花蓮市,主勤里,金三角商圈,是,否,10000.0,2017,獨資,N,0,473999,未分類其他服飾品零售
87347057,,迷妳民宿,花蓮縣花蓮市主勤里博愛街１０９號２、３樓,花蓮縣,花蓮市,主勤里,金三角商圈,是,否,5000.0,2020,獨資,N,0,551013,民宿
87351663,,夫婦韓食堂,花蓮縣花蓮市主勤里博愛街１１７號１樓,花蓮縣,花蓮市,主勤里,金三角商圈,是,否,30000.0,2021,獨資,N,0,561115,餐廳
09639579,,環球企業社,花蓮縣花蓮市主勤里博愛街１１９巷３號１樓,花蓮縣,花蓮市,主勤里,金三角商圈,是,否,460000.0,2006,獨資,Y,1,476111,文具零售
95214896,,幸福電料行,花蓮縣花蓮市主勤里博愛街１１９巷９號１樓,花蓮縣,花蓮市,主勤里,金三角商圈,是,否,100000.0,2025,獨資,N,0,474111,家用照明設備零售
08134925,,中正體育教育用品社,花蓮縣花蓮市主勤里博愛街１２１號,花蓮縣,花蓮市,主勤里,金三角商圈,是,否,240000.0,1986,獨資,Y,1,476299,其他運動用品及器材零售
41463779,,明星公益彩券行,花蓮縣花蓮市主勤里博愛街１２３號１樓,花蓮縣,花蓮市,主勤里,金三角商圈,是,否,3000.0,2015,獨資,N,0,920011,彩券銷售
70670185,,金雄寰菸酒有限公司,花蓮縣花蓮市主勤里博愛街１３５號,花蓮縣,花蓮市,主勤里,金三角商圈,是,否,1000000.0,1999,有限公司,Y,1,472913,菸酒零售
92636991,,愛特歐企業社,花蓮縣花蓮市主勤里博愛街１４３號１樓,花蓮縣,花蓮市,主勤里,金三角商圈,是,否,100000.0,2023,獨資,N,0,563199,其他飲料店
91388190,,成大皮件行,花蓮縣花蓮市主勤里博愛街１５１號１樓,花蓮縣,花蓮市,主勤里,金三角商圈,是,否,3000.0,2021,獨資,N,0,473311,真皮鞋類及其配件零售
26792127,,博愛街黑白切小吃店,花蓮縣花蓮市主勤里博愛街１６１號１樓,花蓮縣,花蓮市,主勤里,金三角商圈,是,否,80000.0,2012,獨資,Y,1,561113,麵店、小吃店
94141904,,五霸焦糖包心粉圓,花蓮縣花蓮市主勤里博愛街１６５號,花蓮縣,花蓮市,主勤里,金三角商圈,是,否,3000.0,1977,獨資,N,0,472914,飲料零售
91153530,,精美鐘錶眼鏡行,花蓮縣花蓮市主勤里博愛街１６７號１樓,花蓮縣,花蓮市,主勤里,金三角商圈,是,否,248000.0,2021,獨資,Y,1,474411,鐘錶及其零配件零售
91159886,,小村日料理屋,花蓮縣花蓮市主勤里博愛街１７５號,花蓮縣,花蓮市,主勤里,金三角商圈,是,否,100000.0,2022,獨資,N,0,561115,餐廳
72845555,,樂津廚坊,花蓮縣花蓮市主勤里博愛街１８５號１樓,花蓮縣,花蓮市,主勤里,金三角商圈,是,否,500000.0,2018,獨資,Y,1,561115,餐廳
49776015,,胖鬍子鐵板燒,花蓮縣花蓮市主勤里博愛街１９１號１樓,花蓮縣,花蓮市,主勤里,金三角商圈,是,否,249000.0,2016,獨資,Y,1,561113,麵店、小吃店
34885063,,聲子樂集,花蓮縣花蓮市主勤里博愛街１９９號,花蓮縣,花蓮市,主勤里,金三角商圈,是,否,1000.0,2021,其他,N,0,902011,劇團
10552142,,聲子藝文工作坊,花蓮縣花蓮市主勤里博愛街１９９號１樓,花蓮縣,花蓮市,主勤里,金三角商圈,是,否,200000.0,2008,獨資,Y,1,476314,樂器零售
30208371,,林閒工作室,花蓮縣花蓮市主勤里博愛街２０１號５樓,花蓮縣,花蓮市,主勤里,金三角商圈,是,否,100000.0,2010,獨資,N,0,485311,中古藝術品零售
34764482,,魯可攝影工作室,花蓮縣花蓮市主勤里博愛街２０１號５樓,花蓮縣,花蓮市,主勤里,金三角商圈,是,否,240000.0,2010,獨資,N,0,760199,其他攝影
24531921,,秀橋企業有限公司,花蓮縣花蓮市主勤里博愛街２０３號,花蓮縣,花蓮市,主勤里,金三角商圈,是,否,1000000.0,2009,有限公司,Y,1,473299,其他服裝及其配件零售
91150365,,阿健髮藝,花蓮縣花蓮市主勤里博愛街２０７—１號２樓,花蓮縣,花蓮市,主勤里,金三角商圈,是,否,100000.0,2021,獨資,N,0,962111,美髮院及髮廊
09884679,,大土豆傳統豆花店,花蓮縣花蓮市主勤里博愛街２０７―１號１樓,花蓮縣,花蓮市,主勤里,金三角商圈,是,否,30000.0,2007,獨資,N,0,563199,其他飲料店
78838911,,一往情深咖啡屋,花蓮縣花蓮市主勤里成功街２２５號,花蓮縣,花蓮市,主勤里,金三角商圈,是,否,3000.0,1993,獨資,N,0,563199,其他飲料店
93049078,,坤昇企業社,花蓮縣花蓮市主勤里成功街２３３號１樓,花蓮縣,花蓮市,主勤里,金三角商圈,是,否,248000.0,2024,獨資,Y,1,433111,水電工程
90786804,,春峯有限公司,花蓮縣花蓮市主勤里成功街２４１號,花蓮縣,花蓮市,主勤里,金三角商圈,是,否,30000.0,2021,有限公司,Y,1,454999,未分類其他食品批發
50746980,,昭和伍捌商行,花蓮縣花蓮市主勤里成功街３０６號１樓,花蓮縣,花蓮市,主勤里,金三角商圈,是,否,200000.0,2017,獨資,N,0,563199,其他飲料店
94644363,,花蓮公正當舖,花蓮縣花蓮市主勤里成功街３０８號,花蓮縣,花蓮市,主勤里,金三角商圈,是,否,1500000.0,1977,獨資,N,0,649611,典當服務
87353682,,泰哥企業社,花蓮縣花蓮市主勤里成功街３２２號１樓,花蓮縣,花蓮市,主勤里,金三角商圈,是,否,200000.0,2021,獨資,N,0,563199,其他飲料店
92638626,,財神旺彩券行,花蓮縣花蓮市主勤里福建街４０７號１樓,花蓮縣,花蓮市,主勤里,金三角商圈,是,否,50000.0,2023,獨資,N,0,920011,彩券銷售
94836968,,燕銘書廊,花蓮縣花蓮市主勤里節約街２號,花蓮縣,花蓮市,主勤里,金三角商圈,是,否,5000.0,1984,獨資,N,0,476399,其他玩具及娛樂用品零售
60248065,,鐵道麵館,花蓮縣花蓮市主勤里節約街８號,花蓮縣,花蓮市,主勤里,金三角商圈,是,否,100000.0,2025,獨資,N,0,561113,麵店、小吃店
78030418,,攤販,花蓮縣花蓮市主勤里自由街１０６號,花蓮縣,花蓮市,主勤里,金三角商圈,是,否,3000.0,1992,獨資,N,0,561200,餐食攤販
94806394,,永盛塑膠裝璜行,花蓮縣花蓮市主勤里自由街１１４號,花蓮縣,花蓮市,主勤里,金三角商圈,是,否,2000000.0,1982,獨資,Y,1,481014,居家修繕用品零售
41466972,,依美服飾店,花蓮縣花蓮市主勤里自由街１１８號,花蓮縣,花蓮市,主勤里,金三角商圈,是,否,3000.0,2016,獨資,N,0,473211,服裝零售
49779028,,阿貝企業社,花蓮縣花蓮市主勤里自由街１２０號１樓,花蓮縣,花蓮市,主勤里,金三角商圈,是,否,1500000.0,2016,獨資,Y,1,561113,麵店、小吃店
61398055,54669129,亞洲藏壽司股份有限公司花蓮自由店,花蓮縣花蓮市主勤里自由街２０號,花蓮縣,花蓮市,主勤里,金三角商圈,是,否,0.0,2026,其他,Y,1,561115,餐廳
60246502,,白清舍餐飲店,花蓮縣花蓮市主勤里自由街２２之２號,花蓮縣,花蓮市,主勤里,金三角商圈,是,否,200000.0,2025,獨資,N,0,561115,餐廳
26789782,,自由運動用品,花蓮縣花蓮市主勤里自由街２２－１號,花蓮縣,花蓮市,主勤里,金三角商圈,是,否,200000.0,2011,獨資,N,0,476299,其他運動用品及器材零售
94827004,,學友電綉社,花蓮縣花蓮市主勤里自由街３３號,花蓮縣,花蓮市,主勤里,金三角商圈,是,否,3000.0,1983,獨資,N,0,473999,未分類其他服飾品零售
10618340,,黑馬一號平價西服,花蓮縣花蓮市主勤里自由街３４號１樓,花蓮縣,花蓮市,主勤里,金三角商圈,是,否,10000.0,2008,獨資,N,0,121015,梭織服裝訂製
39955186,,優水加水站,花蓮縣花蓮市主勤里自由街３６號騎樓,花蓮縣,花蓮市,主勤里,金三角商圈,是,否,300000.0,2013,獨資,N,0,472937,飲用淨水零售（自助加水站）
15782087,,三葉,花蓮縣花蓮市主勤里自由街５２號１樓,花蓮縣,花蓮市,主勤里,金三角商圈,是,否,3000.0,2003,獨資,N,0,561113,麵店、小吃店
91591399,,鰕丼天婦羅,花蓮縣花蓮市主勤里自由街６６號１樓,花蓮縣,花蓮市,主勤里,金三角商圈,是,否,200000.0,2022,獨資,N,0,561115,餐廳
20065472,94186401,有限責任花蓮第一信用合作社自由分社,花蓮縣花蓮市主勤里自由街７２號,花蓮縣,花蓮市,主勤里,金三角商圈,是,否,0.0,1997,其他,N,0,641300,信用合作社
42155477,,家畇素食鍋燒,花蓮縣花蓮市主勤里自由街９０號,花蓮縣,花蓮市,主勤里,金三角商圈,是,否,150000.0,2015,獨資,N,0,561113,麵店、小吃店
91150843,,小雅名品,花蓮縣花蓮市主勤里自由街９２號１樓,花蓮縣,花蓮市,主勤里,金三角商圈,是,否,150000.0,2021,獨資,Y,1,474512,珠寶零售
50743597,,虫二企業社,花蓮縣花蓮市主勤里自由街９４號１號,花蓮縣,花蓮市,主勤里,金三角商圈,是,否,100000.0,2017,獨資,N,0,563114,飲酒店
94787164,,錦泰布行,花蓮縣花蓮市主勤里自由街９６號１樓,花蓮縣,花蓮市,主勤里,金三角商圈,是,否,8000.0,1981,獨資,N,0,473111,絲織、麻織、棉織、毛織品零售
60159844,53536349,日藥本舖股份有限公司花蓮中正門市,花蓮縣花蓮市主勤里００１鄰中正路４７０號１樓,花蓮縣,花蓮市,主勤里,金三角商圈,是,否,0.0,2025,其他,Y,1,475112,西藥零售
94729545,,現代劉世企業有限公司,花蓮縣花蓮市主勤里００１鄰中正路４７０號１樓,花蓮縣,花蓮市,主勤里,金三角商圈,是,否,6600000.0,1977,有限公司,Y,1,474922,照相器材零售
60249846,,璟陞企業社,花蓮縣花蓮市主勤里００２鄰中華路６６號１樓,花蓮縣,花蓮市,主勤里,金三角商圈,是,否,248000.0,2026,獨資,Y,1,563115,手搖飲店
90482730,,將門燒肉有限公司,花蓮縣花蓮市主勤里００３鄰中華路８４號１、２樓,花蓮縣,花蓮市,主勤里,金三角商圈,是,否,1500000.0,2021,有限公司,Y,1,561115,餐廳
93049696,,直火串燒,花蓮縣花蓮市主勤里００３鄰中華路９８號１樓,花蓮縣,花蓮市,主勤里,金三角商圈,是,否,50000.0,2024,獨資,N,0,561115,餐廳
60280711,53378117,誠和品牌行銷股份有限公司形象營業所,花蓮縣花蓮市主勤里００４鄰中華路１００號１樓,花蓮縣,花蓮市,主勤里,金三角商圈,是,否,0.0,2025,其他,Y,1,472921,糖果餅乾零售
93514193,,太平洋左岸有限公司,花蓮縣花蓮市主勤里００４鄰中華路１１３號１樓,花蓮縣,花蓮市,主勤里,金三角商圈,是,否,1000000.0,2023,有限公司,Y,1,472921,糖果餅乾零售
82182099,,品富企業社,花蓮縣花蓮市主勤里００４鄰自由街１００號,花蓮縣,花蓮市,主勤里,金三角商圈,是,否,500000.0,2019,獨資,N,0,731099,其他廣告服務
41461483,,金元山銀樓,花蓮縣花蓮市主勤里００５鄰中華路１１１號１樓,花蓮縣,花蓮市,主勤里,金三角商圈,是,否,248000.0,2015,獨資,Y,1,474511,金（銀）飾零售
53391147,,胖叔叔烘焙屋有限公司,花蓮縣花蓮市主勤里００５鄰中華路１１５號,花蓮縣,花蓮市,主勤里,金三角商圈,是,否,1000000.0,2011,有限公司,Y,1,472922,西點麵包零售
94380600,,德利食品行,花蓮縣花蓮市主勤里００５鄰中華路９３號１樓,花蓮縣,花蓮市,主勤里,金三角商圈,是,否,10000.0,1977,獨資,Y,1,472999,未分類其他食品、飲料及菸草製品零售
93773515,,華德企管顧問有限公司,花蓮縣花蓮市主勤里００６鄰南京街２３１號,花蓮縣,花蓮市,主勤里,金三角商圈,是,否,200000.0,2023,有限公司,Y,1,701000,企業總管理機構
60252314,,光榮絨語坊,花蓮縣花蓮市主勤里００６鄰博愛街１４９號,花蓮縣,花蓮市,主勤里,金三角商圈,是,否,100000.0,2026,獨資,N,0,561113,麵店、小吃店
60248157,,真芝烘焙工作室,花蓮縣花蓮市主勤里００６鄰博愛街１５５號,花蓮縣,花蓮市,主勤里,金三角商圈,是,否,100000.0,2025,獨資,N,0,089111,糕餅麵包製造
92535918,,煙花企業社,花蓮縣花蓮市主勤里００６鄰博愛街１５５號１樓,花蓮縣,花蓮市,主勤里,金三角商圈,是,否,5000.0,2023,獨資,N,0,561113,麵店、小吃店
93048057,,拿莫好洗衣店,花蓮縣花蓮市主勤里００８鄰南京街２１５號１樓,花蓮縣,花蓮市,主勤里,金三角商圈,是,否,200000.0,2024,獨資,N,0,961012,自助洗衣店
93052805,,慕歆烘焙工作室,花蓮縣花蓮市主勤里００９鄰南京街２８２號１樓,花蓮縣,花蓮市,主勤里,金三角商圈,是,否,150000.0,2024,獨資,N,0,472922,西點麵包零售
94038021,,順寶德開發有限公司,花蓮縣花蓮市主勤里００９鄰南京街２９２號４樓之２,花蓮縣,花蓮市,主勤里,金三角商圈,是,否,500000.0,2023,有限公司,Y,1,670012,不動產投資開發
21514223,,向日葵金店,花蓮縣花蓮市主勤里００９鄰南京街２９８號,花蓮縣,花蓮市,主勤里,金三角商圈,是,否,240000.0,2005,獨資,Y,1,474511,金（銀）飾零售
92536711,,吉珖通訊行,花蓮縣花蓮市主勤里００９鄰南京街３０２號１樓,花蓮縣,花蓮市,主勤里,金三角商圈,是,否,100000.0,2023,獨資,N,0,483212,手機及手機週邊零配件零售
72612606,,香榭雅居民宿,花蓮縣花蓮市主勤里００９鄰南京街３０６巷１０號,花蓮縣,花蓮市,主勤里,金三角商圈,是,否,10000.0,2017,獨資,N,0,551013,民宿
95211027,,極祥企業社,花蓮縣花蓮市主勤里００９鄰南京街３０６巷３號,花蓮縣,花蓮市,主勤里,金三角商圈,是,否,200000.0,2025,獨資,Y,1,483111,電腦及電腦週邊設備零售
84874512,,榮璟營造有限公司,花蓮縣花蓮市主勤里００９鄰南京街３１２巷１５號,花蓮縣,花蓮市,主勤里,金三角商圈,是,否,15000000.0,1994,有限公司,Y,1,410013,住宅營建
86976205,,元鼎營造有限公司,花蓮縣花蓮市主勤里００９鄰南京街３１２巷１５號１樓,花蓮縣,花蓮市,主勤里,金三角商圈,是,否,10000000.0,1993,有限公司,Y,1,410013,住宅營建
97188677,,托馬斯國際旅行社有限公司,花蓮縣花蓮市主勤里００９鄰南京街３１２巷５號,花蓮縣,花蓮市,主勤里,金三角商圈,是,否,6000000.0,1996,有限公司,Y,1,790011,旅行業
92636887,,鴻運電腦投注站,花蓮縣花蓮市主勤里００９鄰博愛街１４５號１樓,花蓮縣,花蓮市,主勤里,金三角商圈,是,否,50000.0,2023,獨資,N,0,920011,彩券銷售
60250272,,潤善秀皮膚管理商行,花蓮縣花蓮市主勤里０１０鄰博愛街１３９號１樓,花蓮縣,花蓮市,主勤里,金三角商圈,是,否,100000.0,2026,獨資,N,0,962299,其他美容美體服務
41466446,,珈琲宅工作室,花蓮縣花蓮市主勤里０１２鄰成功街２９８號１樓,花蓮縣,花蓮市,主勤里,金三角商圈,是,否,200000.0,2016,獨資,N,0,563199,其他飲料店
72708383,,星妍商行,花蓮縣花蓮市主勤里０１２鄰成功街３０２號,花蓮縣,花蓮市,主勤里,金三角商圈,是,否,100000.0,2017,獨資,N,0,487199,其他電子購物及郵購
49736295,,半寓空間咖啡館,花蓮縣花蓮市主勤里０１２鄰成功街３１６號,花蓮縣,花蓮市,主勤里,金三角商圈,是,否,150000.0,2016,獨資,N,0,563112,咖啡館
94830541,,國王光學眼鏡有限公司,花蓮縣花蓮市主勤里０１３鄰博愛街１０９―１號,花蓮縣,花蓮市,主勤里,金三角商圈,是,否,2000000.0,1984,有限公司,Y,1,474412,眼鏡及其零配件零售
92536304,,獅速商行,花蓮縣花蓮市主勤里０１３鄰成功街３００巷７號１樓,花蓮縣,花蓮市,主勤里,金三角商圈,是,否,50000.0,2023,獨資,N,0,487115,經營網路購物（服飾類商品）
95213165,,莉茉商行,花蓮縣花蓮市主勤里０１３鄰成功街３００巷７號１樓,花蓮縣,花蓮市,主勤里,金三角商圈,是,否,50000.0,2025,獨資,N,0,487115,經營網路購物（服飾類商品）
91157917,,五米停留坊,花蓮縣花蓮市主勤里０１３鄰節約街６號,花蓮縣,花蓮市,主勤里,金三角商圈,是,否,200000.0,2021,獨資,Y,1,561115,餐廳
61455772,,思輯企業社,花蓮縣花蓮市主勤里０１４鄰博愛街１１９巷５號１樓,花蓮縣,花蓮市,主勤里,金三角商圈,是,否,248000.0,2026,獨資,Y,1,485299,未分類其他全新商品零售
13970612,,鏈州瓦斯行,花蓮縣花蓮市主勤里０１４鄰博愛街８９號１樓,花蓮縣,花蓮市,主勤里,金三角商圈,是,否,499000.0,2002,獨資,Y,1,482912,桶裝瓦斯零售
91590151,,彭派冷熱部,花蓮縣花蓮市主勤里０１５鄰自由街２８―１號１樓,花蓮縣,花蓮市,主勤里,金三角商圈,是,否,50000.0,2022,獨資,N,0,561113,麵店、小吃店
87368377,,博客來民宿,花蓮縣花蓮市主勤里０１７鄰博愛街６５號,花蓮縣,花蓮市,主勤里,金三角商圈,是,否,500000.0,2020,獨資,N,0,551013,民宿
94663543,,龍信托運行,花蓮縣花蓮市主勤里０１７鄰博愛街６９巷１號,花蓮縣,花蓮市,主勤里,金三角商圈,是,否,5000.0,1977,獨資,N,0,523112,陸上行李包裹託運
95210673,,光輝老宅商號,花蓮縣花蓮市主勤里０１７鄰博愛街７５號,花蓮縣,花蓮市,主勤里,金三角商圈,是,否,200000.0,2025,獨資,N,0,563199,其他飲料店
91151738,,南島百合商號,花蓮縣花蓮市主勤里０１７鄰博愛街７５號１樓,花蓮縣,花蓮市,主勤里,金三角商圈,是,否,100000.0,2021,獨資,N,0,561115,餐廳
72820203,30896187,星裕國際股份有限公司花蓮中正門市,花蓮縣花蓮市主勤里０２２鄰中正路４８０號,花蓮縣,花蓮市,主勤里,金三角商圈,是,否,0.0,2017,其他,Y,1,473211,服裝零售
91615287,22938620,元亨股份有限公司花蓮營業所,花蓮縣花蓮市主勤里０２２鄰中正路５０５號１樓,花蓮縣,花蓮市,主勤里,金三角商圈,是,否,0.0,2022,其他,Y,1,473999,未分類其他服飾品零售
18062533,,仁愛眼鏡行,花蓮縣花蓮市主勤里１鄰中正路４９０號１樓,花蓮縣,花蓮市,主勤里,金三角商圈,是,否,200000.0,2001,獨資,Y,1,474412,眼鏡及其零配件零售
09640766,,愛上晴兒國際髮型名店,花蓮縣花蓮市主勤里１鄰中正路４９０號２樓,花蓮縣,花蓮市,主勤里,金三角商圈,是,否,1000000.0,2006,獨資,N,0,962111,美髮院及髮廊
31796144,,潔淇企業社,花蓮縣花蓮市主勤里１鄰自由街１０４號,花蓮縣,花蓮市,主勤里,金三角商圈,是,否,50000.0,2013,獨資,N,0,473211,服裝零售
94171408,,花蓮文具店,花蓮縣花蓮市主勤里１０鄰博愛街１３９及１４１號,花蓮縣,花蓮市,主勤里,金三角商圈,是,否,3000.0,1986,獨資,Y,1,476112,書籍、雜誌零售
70959594,,全民通信行,花蓮縣花蓮市主勤里１１鄰中正路４９３號１樓,花蓮縣,花蓮市,主勤里,金三角商圈,是,否,200000.0,1999,獨資,Y,1,483212,手機及手機週邊零配件零售
26705708,,美珠髮廊,花蓮縣花蓮市主勤里１４鄰中正路４９３號２樓,花蓮縣,花蓮市,主勤里,金三角商圈,是,否,30000.0,2011,獨資,N,0,962111,美髮院及髮廊
91159984,,厚點甜咖啡廳,花蓮縣花蓮市主勤里１４鄰成功街３００巷１３－１號１樓,花蓮縣,花蓮市,主勤里,金三角商圈,是,否,5000.0,2022,獨資,N,0,563199,其他飲料店
91158991,,陸口壹家民宿,花蓮縣花蓮市主勤里１４鄰成功街３００巷１３－１號２、３、４樓,花蓮縣,花蓮市,主勤里,金三角商圈,是,否,100000.0,2021,獨資,N,0,551013,民宿
92641853,,莯莯咖啡店,花蓮縣花蓮市主勤里２１鄰博愛街１９７號１樓,花蓮縣,花蓮市,主勤里,金三角商圈,是,否,100000.0,2023,獨資,N,0,563112,咖啡館
37831196,12228473,神腦國際企業股份有限公司花蓮中華門市,花蓮縣花蓮市主勤里４鄰中華路１１７號,花蓮縣,花蓮市,主勤里,金三角商圈,是,否,0.0,2012,其他,Y,1,483212,手機及手機週邊零配件零售
09895459,,張三ㄟ厝民宿,花蓮縣花蓮市主勤里４鄰自由街１０２號,花蓮縣,花蓮市,主勤里,金三角商圈,是,否,60000.0,2007,獨資,N,0,551013,民宿
31791133,,龍氏服飾商行,花蓮縣花蓮市主勤里４鄰自由街９８號１樓,花蓮縣,花蓮市,主勤里,金三角商圈,是,否,60000.0,2012,獨資,N,0,473999,未分類其他服飾品零售
70971611,89581487,豐禾興實業有限公司中華店,花蓮縣花蓮市主勤里５鄰中華路１０７號１樓,花蓮縣,花蓮市,主勤里,金三角商圈,是,否,0.0,2000,其他,Y,1,089111,糕餅麵包製造
31530953,53378117,誠和品牌行銷股份有限公司中華營業所,花蓮縣花蓮市主勤里５鄰中華路９５號１樓,花蓮縣,花蓮市,主勤里,金三角商圈,是,否,0.0,2011,其他,Y,1,472921,糖果餅乾零售
08719785,,東俱企業社,花蓮縣花蓮市主勤里６鄰博愛街１４７號１樓,花蓮縣,花蓮市,主勤里,金三角商圈,是,否,5000.0,2005,獨資,N,0,476399,其他玩具及娛樂用品零售
78046544,,女優精品服飾店,花蓮縣花蓮市主勤里８鄰中華路６８號１樓,花蓮縣,花蓮市,主勤里,金三角商圈,是,否,5000.0,1992,獨資,N,0,473211,服裝零售
34895077,,樂遊時尚戶外休閒旅遊用品店,花蓮縣花蓮市主勤里８鄰南京街２１７號１樓,花蓮縣,花蓮市,主勤里,金三角商圈,是,否,248000.0,2011,獨資,Y,1,473999,未分類其他服飾品零售
94833792,,金王童裝,花蓮縣花蓮市主勤里９鄰南京街２９０巷１號,花蓮縣,花蓮市,主勤里,金三角商圈,是,否,6000.0,1984,獨資,Y,1,473211,服裝零售
34892796,,髮秀工作坊,花蓮縣花蓮市主勤里９鄰南京街２９６號,花蓮縣,花蓮市,主勤里,金三角商圈,是,否,3000.0,2011,獨資,N,0,962111,美髮院及髮廊
92536310,,向上企業社,花蓮縣花蓮市主和里中和街１０５號１樓,花蓮縣,花蓮市,主和里,花蓮市一般行政區,否,否,200000.0,2023,獨資,Y,1,483112,電腦套裝軟體零售
91322178,,好運商行,花蓮縣花蓮市主和里中和街２３號１樓,花蓮縣,花蓮市,主和里,花蓮市一般行政區,否,否,5000.0,2021,獨資,N,0,487199,其他電子購物及郵購
30366758,,和聯企業社,花蓮縣花蓮市主和里中和街２５號１樓,花蓮縣,花蓮市,主和里,花蓮市一般行政區,否,否,200000.0,2009,獨資,Y,1,471114,加盟連鎖式便利商店（無商品進、銷貨行為）
41010538,,全翰企業社,花蓮縣花蓮市主和里中和街４２號１樓,花蓮縣,花蓮市,主和里,花蓮市一般行政區,否,否,200000.0,2014,獨資,Y,1,483212,手機及手機週邊零配件零售
94826624,,東慶西藥房,花蓮縣花蓮市主和里中和街４９號,花蓮縣,花蓮市,主和里,花蓮市一般行政區,否,否,5000.0,1983,獨資,N,0,475112,西藥零售
20051131,,正記商行,花蓮縣花蓮市主和里中和街６４號１樓,花蓮縣,花蓮市,主和里,花蓮市一般行政區,否,否,5000.0,1997,獨資,N,0,454214,農產品（家畜及家禽肉品）批發市場承銷
13975855,,葉太行,花蓮縣花蓮市主和里中和街７６號１樓,花蓮縣,花蓮市,主和里,花蓮市一般行政區,否,否,248000.0,2002,獨資,Y,1,469923,紙張（板）批發
22770235,,巨辰有限公司,花蓮縣花蓮市主和里中和街８５號,花蓮縣,花蓮市,主和里,花蓮市一般行政區,否,否,1000000.0,1988,有限公司,Y,1,481014,居家修繕用品零售
94800461,,隆昌行,花蓮縣花蓮市主和里中和街８９號１樓,花蓮縣,花蓮市,主和里,花蓮市一般行政區,否,否,8000.0,1982,獨資,N,0,472921,糖果餅乾零售
41010262,,誠達商行,花蓮縣花蓮市主和里中和街９９號１樓,花蓮縣,花蓮市,主和里,花蓮市一般行政區,否,否,200000.0,2014,獨資,Y,1,472211,畜肉零售
96849812,,大福肉品有限公司,花蓮縣花蓮市主和里中和街９９號１樓,花蓮縣,花蓮市,主和里,花蓮市一般行政區,否,否,6000000.0,2024,有限公司,Y,1,472211,畜肉零售
26791035,,臻宣美髮,花蓮縣花蓮市主和里中強街１３７號１樓,花蓮縣,花蓮市,主和里,花蓮市一般行政區,否,否,3000.0,2012,獨資,N,0,962111,美髮院及髮廊
53499230,,曜菁生技有限公司,花蓮縣花蓮市主和里中強街１６７號１樓,花蓮縣,花蓮市,主和里,花蓮市一般行政區,否,否,1000000.0,2011,有限公司,Y,1,457112,西藥批發
50746308,,牽引者工作室,花蓮縣花蓮市主和里中福路１００號１樓,花蓮縣,花蓮市,主和里,花蓮市一般行政區,否,否,10000.0,2017,獨資,Y,1,760199,其他攝影
94620566,,大昌米行,花蓮縣花蓮市主和里中福路１０７號,花蓮縣,花蓮市,主和里,花蓮市一般行政區,否,否,6000.0,1977,獨資,N,0,472924,米零售
41458522,,惠昇商行,花蓮縣花蓮市主和里中福路１０９巷８號１樓,花蓮縣,花蓮市,主和里,花蓮市一般行政區,否,否,240000.0,2015,獨資,Y,1,454512,食用油脂批發
93057560,,瀚伃企業社,花蓮縣花蓮市主和里中福路１１２號,花蓮縣,花蓮市,主和里,花蓮市一般行政區,否,否,230000.0,2024,獨資,Y,1,454700,非酒精飲料批發
37781560,,亮亮檳榔,花蓮縣花蓮市主和里中福路１１２號１樓前騎樓,花蓮縣,花蓮市,主和里,花蓮市一般行政區,否,否,5000.0,2012,獨資,N,0,472936,檳榔零售
12648138,,家禾通信有限公司,花蓮縣花蓮市主和里中福路１１７號,花蓮縣,花蓮市,主和里,花蓮市一般行政區,否,否,5000000.0,2000,有限公司,Y,1,433112,電路工程
60252525,,寓義餐廳,花蓮縣花蓮市主和里中福路１５號１樓,花蓮縣,花蓮市,主和里,花蓮市一般行政區,否,否,10000.0,2026,獨資,N,0,561113,麵店、小吃店
91592480,,振楊商號,花蓮縣花蓮市主和里中福路１８號１樓,花蓮縣,花蓮市,主和里,花蓮市一般行政區,否,否,150000.0,2022,獨資,N,0,561112,便當、自助餐店
93048726,,高謙企業社,花蓮縣花蓮市主和里中福路２３號１樓,花蓮縣,花蓮市,主和里,花蓮市一般行政區,否,否,200000.0,2024,獨資,Y,1,494099,其他汽車貨運
92091739,,正大製版社,花蓮縣花蓮市主和里中福路３８號１樓,花蓮縣,花蓮市,主和里,花蓮市一般行政區,否,否,50000.0,1994,獨資,N,0,820300,影印服務
37996252,,祥金投注站,花蓮縣花蓮市主和里中福路４９號１樓,花蓮縣,花蓮市,主和里,花蓮市一般行政區,否,否,3000.0,2013,獨資,N,0,920011,彩券銷售
92638338,,錢虎投注站,花蓮縣花蓮市主和里中福路４９號１樓,花蓮縣,花蓮市,主和里,花蓮市一般行政區,否,否,50000.0,2023,獨資,N,0,920011,彩券銷售
20064564,,廣益蔘藥行,花蓮縣花蓮市主和里中福路５８號,花蓮縣,花蓮市,主和里,花蓮市一般行政區,否,否,3000.0,1997,獨資,N,0,475111,中藥零售
91154658,,冠一食品行,花蓮縣花蓮市主和里中福路６８號１樓,花蓮縣,花蓮市,主和里,花蓮市一般行政區,否,否,20000.0,2021,獨資,N,0,487114,經營網路購物（食品、飲料類商品）
92637817,,冠林食品行,花蓮縣花蓮市主和里中福路６８號２樓,花蓮縣,花蓮市,主和里,花蓮市一般行政區,否,否,20000.0,2023,獨資,N,0,472999,未分類其他食品、飲料及菸草製品零售
25152587,,商正食品有限公司,花蓮縣花蓮市主和里中福路７７號１樓,花蓮縣,花蓮市,主和里,花蓮市一般行政區,否,否,9000000.0,2010,有限公司,Y,1,454999,未分類其他食品批發
54334145,,正忠食品有限公司,花蓮縣花蓮市主和里中福路７７號２樓,花蓮縣,花蓮市,主和里,花蓮市一般行政區,否,否,8500000.0,2013,有限公司,Y,1,454999,未分類其他食品批發
94811615,,佳美食品行,花蓮縣花蓮市主和里中福路７８號,花蓮縣,花蓮市,主和里,花蓮市一般行政區,否,否,3000.0,1982,獨資,N,0,472922,西點麵包零售
72802401,,品味東岸咖啡館,花蓮縣花蓮市主和里中福路７９號１樓,花蓮縣,花蓮市,主和里,花蓮市一般行政區,否,否,200000.0,2017,獨資,N,0,563112,咖啡館
41463686,,優美廣告,花蓮縣花蓮市主和里中福路８０號１樓,花蓮縣,花蓮市,主和里,花蓮市一般行政區,否,否,200000.0,2015,獨資,Y,1,731013,公開展示廣告
94787024,,雅泰清潔服務社,花蓮縣花蓮市主和里中福路８０號１樓,花蓮縣,花蓮市,主和里,花蓮市一般行政區,否,否,5000000.0,1981,獨資,Y,1,812100,建築物一般清潔服務
31798311,,勝翔機械企業社,花蓮縣花蓮市主和里中福路８２號,花蓮縣,花蓮市,主和里,花蓮市一般行政區,否,否,240000.0,2013,獨資,Y,1,340017,通用機械設備維修及安裝
26649116,,泰泰廚房泰緬料理,花蓮縣花蓮市主和里中福路９號１樓,花蓮縣,花蓮市,主和里,花蓮市一般行政區,否,否,50000.0,2011,獨資,N,0,561113,麵店、小吃店
94849513,,國際洗衣店,花蓮縣花蓮市主和里中福路９２號,花蓮縣,花蓮市,主和里,花蓮市一般行政區,否,否,5000.0,1985,獨資,N,0,961099,其他洗衣服務
34893900,,玄通佛俱商行,花蓮縣花蓮市主和里中福路９２－１號,花蓮縣,花蓮市,主和里,花蓮市一般行政區,否,否,249000.0,2011,獨資,Y,1,485218,雕塑品零售
94824962,,向上傳播事業有限公司,花蓮縣花蓮市主和里中福路９８號,花蓮縣,花蓮市,主和里,花蓮市一般行政區,否,否,5000000.0,1983,有限公司,Y,1,591199,其他影片及電視節目製作
87346206,,帆榮工程行,花蓮縣花蓮市主和里南京街１４６號１樓,花蓮縣,花蓮市,主和里,花蓮市一般行政區,否,否,200000.0,2020,獨資,Y,1,410011,房屋修繕
94760355,,大永發建材行,花蓮縣花蓮市主和里南京街２號,花蓮縣,花蓮市,主和里,花蓮市一般行政區,否,否,1000000.0,1979,獨資,Y,1,461111,木材批發
64808249,,安平菓菜行,花蓮縣花蓮市主和里南京街８２巷２弄７號１樓,花蓮縣,花蓮市,主和里,花蓮市一般行政區,否,否,50000.0,1988,獨資,N,0,454115,農產品（果菜）批發市場承銷
87347346,,安瑞菓菜行,花蓮縣花蓮市主和里南京街８２巷２弄８號１樓,花蓮縣,花蓮市,主和里,花蓮市一般行政區,否,否,100000.0,2020,獨資,N,0,472111,蔬菜零售
80116382,,蓮天企業有限公司,花蓮縣花蓮市主和里南京街８２巷８號１樓,花蓮縣,花蓮市,主和里,花蓮市一般行政區,否,否,1000000.0,2003,有限公司,Y,1,340015,電力機械器材及設備維修及安裝
31791181,,泰勝工程企業社,花蓮縣花蓮市主和里南京街８６－１號,花蓮縣,花蓮市,主和里,花蓮市一般行政區,否,否,3200000.0,2012,獨資,Y,1,461313,衛浴設備批發
49934823,,花蓮玫瑰石藝舘,花蓮縣花蓮市主和里南濱路７７號,花蓮縣,花蓮市,主和里,花蓮市一般行政區,否,否,1000000.0,2005,合夥,Y,1,485216,礦物（寶石、貴金屬除外）零售
24647388,53051745,朝麗旅館經營管理顧問股份有限公司星空海藍分公司,花蓮縣花蓮市主和里和平路２１７號,花蓮縣,花蓮市,主和里,花蓮市一般行政區,否,否,0.0,2014,本國公司設立之分公司,Y,1,551012,旅館
20059035,,博愛園藝造景種苗,花蓮縣花蓮市主和里和平路２２５號１樓,花蓮縣,花蓮市,主和里,花蓮市一般行政區,否,否,240000.0,1997,獨資,Y,1,485111,切花、盆栽零售
82317012,,國太車業,花蓮縣花蓮市主和里和平路２４３號,花蓮縣,花蓮市,主和里,花蓮市一般行政區,否,否,68000.0,2018,獨資,N,0,959100,機車維修
60250836,,愛朱家小吃,花蓮縣花蓮市主和里和平路２５１號,花蓮縣,花蓮市,主和里,花蓮市一般行政區,否,否,3000.0,2026,獨資,N,0,561113,麵店、小吃店
94046009,,日新玫瑰鮮花店,花蓮縣花蓮市主和里和平路２６５―１號,花蓮縣,花蓮市,主和里,花蓮市一般行政區,否,否,2000.0,1977,獨資,N,0,485111,切花、盆栽零售
60246263,,吉林車業,花蓮縣花蓮市主和里和平路２６７號,花蓮縣,花蓮市,主和里,花蓮市一般行政區,否,否,200000.0,2025,獨資,N,0,959100,機車維修
85208776,,蜜斯蜜複合式餐廳,花蓮縣花蓮市主和里和平路２６９號,花蓮縣,花蓮市,主和里,花蓮市一般行政區,否,否,240000.0,2019,獨資,Y,1,561115,餐廳
29361489,,泛亞不動產企業,花蓮縣花蓮市主和里和平路２７１號１樓,花蓮縣,花蓮市,主和里,花蓮市一般行政區,否,否,450000.0,2005,合夥,Y,1,681211,不動產仲介
16642037,,宏煒營造股份有限公司,花蓮縣花蓮市主和里和平路２７１號２樓,花蓮縣,花蓮市,主和里,花蓮市一般行政區,否,否,3600000.0,1998,股份有限公司,Y,1,410013,住宅營建
70968910,,鉅昇室內裝修工程行,花蓮縣花蓮市主和里和平路２７５號,花蓮縣,花蓮市,主和里,花蓮市一般行政區,否,否,200000.0,2000,獨資,Y,1,434011,室內裝潢工程
67931236,,第一豬腳大王,花蓮縣花蓮市主和里和平路２８３號,花蓮縣,花蓮市,主和里,花蓮市一般行政區,否,否,3000.0,1998,獨資,N,0,561113,麵店、小吃店
10616069,,同花順便利商店,花蓮縣花蓮市主和里和平路２９１號,花蓮縣,花蓮市,主和里,花蓮市一般行政區,否,否,20000.0,2008,獨資,Y,1,471999,未分類其他綜合商品零售
91597149,,大田鴨肉飯,花蓮縣花蓮市主和里和平路３１１號１樓,花蓮縣,花蓮市,主和里,花蓮市一般行政區,否,否,50000.0,2022,獨資,N,0,561113,麵店、小吃店
31426754,,南濱棒壘球打擊場,花蓮縣花蓮市主和里和平路５５號,花蓮縣,花蓮市,主和里,花蓮市一般行政區,否,否,1000000.0,2006,獨資,N,0,932414,夾娃娃機店
60777445,,橋豆製所有限公司,花蓮縣花蓮市主和里和平路５５號,花蓮縣,花蓮市,主和里,花蓮市一般行政區,否,否,500000.0,2025,有限公司,Y,1,487114,經營網路購物（食品、飲料類商品）
90420876,90413376,玉里橋頭臭豆腐有限公司花蓮分公司,花蓮縣花蓮市主和里和平路５５號,花蓮縣,花蓮市,主和里,花蓮市一般行政區,否,否,0.0,2021,本國公司設立之分公司,Y,1,561115,餐廳
91153779,,韓記鳳林碳烤玉米,花蓮縣花蓮市主和里和平路５５號,花蓮縣,花蓮市,主和里,花蓮市一般行政區,否,否,150000.0,2021,獨資,N,0,472999,未分類其他食品、飲料及菸草製品零售
91262501,,邱家麵線,花蓮縣花蓮市主和里和平路５５號,花蓮縣,花蓮市,主和里,花蓮市一般行政區,否,否,100000.0,2021,獨資,N,0,561200,餐食攤販
91593328,,海冰灣小吃店,花蓮縣花蓮市主和里和平路９１號１樓,花蓮縣,花蓮市,主和里,花蓮市一般行政區,否,否,249000.0,2022,獨資,Y,1,561115,餐廳
78835560,,東港魚行,花蓮縣花蓮市主和里和平路９１－１號,花蓮縣,花蓮市,主和里,花蓮市一般行政區,否,否,10000.0,1993,獨資,N,0,472911,調理包食品零售
92535781,,瑞龍廣告工程行,花蓮縣花蓮市主和里廣東街１０７號,花蓮縣,花蓮市,主和里,花蓮市一般行政區,否,否,250000.0,2023,獨資,Y,1,731099,其他廣告服務
41016907,,上緯企業社,花蓮縣花蓮市主和里廣東街２９號１樓,花蓮縣,花蓮市,主和里,花蓮市一般行政區,否,否,200000.0,2015,合夥,Y,1,433211,冷凍、通風、空調系統裝修工程
91029929,,朴妝國際貿易有限公司,花蓮縣花蓮市主和里廣東街３６號１樓,花蓮縣,花蓮市,主和里,花蓮市一般行政區,否,否,666666.0,2021,有限公司,Y,1,410099,其他建築工程
30320830,,大成魚行,花蓮縣花蓮市主和里廣東街４１號１樓,花蓮縣,花蓮市,主和里,花蓮市一般行政區,否,否,20000.0,2009,獨資,N,0,472311,水產品零售
91591320,,立和工程行,花蓮縣花蓮市主和里廣東街４１號１樓,花蓮縣,花蓮市,主和里,花蓮市一般行政區,否,否,200000.0,2022,獨資,Y,1,433211,冷凍、通風、空調系統裝修工程
18054371,,龍山食品店,花蓮縣花蓮市主和里廣東街４９號１樓,花蓮縣,花蓮市,主和里,花蓮市一般行政區,否,否,3000.0,2001,獨資,N,0,472999,未分類其他食品、飲料及菸草製品零售
94805515,,花蓮通計程車行,花蓮縣花蓮市主和里廣東街７５號１樓,花蓮縣,花蓮市,主和里,花蓮市一般行政區,否,否,1600000.0,1982,獨資,N,0,493200,計程車客運
60385264,,德譽達有限公司,花蓮縣花蓮市主和里廣東街９０號１樓,花蓮縣,花蓮市,主和里,花蓮市一般行政區,否,否,100000.0,2025,有限公司,Y,1,452000,綜合商品批發
60405058,,祐霆控股興業有限公司,花蓮縣花蓮市主和里廣東街９０號２樓,花蓮縣,花蓮市,主和里,花蓮市一般行政區,否,否,10880000.0,2025,有限公司,N,0,649911,投資有價證券
60475125,,婁高有限公司,花蓮縣花蓮市主和里廣東街９０號２樓,花蓮縣,花蓮市,主和里,花蓮市一般行政區,否,否,15000000.0,2025,有限公司,N,0,649911,投資有價證券
20050822,,五路發號,花蓮縣花蓮市主和里廣東街９３號,花蓮縣,花蓮市,主和里,花蓮市一般行政區,否,否,5000.0,1996,獨資,N,0,472211,畜肉零售
13966672,,佳鑫豬肉店,花蓮縣花蓮市主和里廣東街９３號１樓,花蓮縣,花蓮市,主和里,花蓮市一般行政區,否,否,3000.0,2002,獨資,N,0,472211,畜肉零售
95808969,,五路發號,花蓮縣花蓮市主和里廣東街９３號１樓,花蓮縣,花蓮市,主和里,花蓮市一般行政區,否,否,5000.0,1996,獨資,N,0,472211,畜肉零售
28336152,,全國救護車有限公司,花蓮縣花蓮市主和里成功街１３８號１樓,花蓮縣,花蓮市,主和里,花蓮市一般行政區,否,否,2100000.0,2006,有限公司,Y,1,493911,附駕駛之小客車租賃
42969157,,萊德營造有限公司,花蓮縣花蓮市主和里成功街１３８號１樓,花蓮縣,花蓮市,主和里,花蓮市一般行政區,否,否,12000000.0,2018,有限公司,Y,1,410013,住宅營建
72781980,,成功１６８民宿,花蓮縣花蓮市主和里成功街１６８號,花蓮縣,花蓮市,主和里,花蓮市一般行政區,否,否,200000.0,2017,獨資,N,0,551013,民宿
34894605,,毅達工程行,花蓮縣花蓮市主和里成功街１９巷２１號１樓,花蓮縣,花蓮市,主和里,花蓮市一般行政區,否,否,248000.0,2011,獨資,Y,1,431011,建築鋼架組立
92639081,,毅達企業社,花蓮縣花蓮市主和里成功街１９巷２１號１樓,花蓮縣,花蓮市,主和里,花蓮市一般行政區,否,否,200000.0,2023,獨資,Y,1,487115,經營網路購物（服飾類商品）
84856599,,信恩消防器材興業有限公司,花蓮縣花蓮市主和里成功街３０號,花蓮縣,花蓮市,主和里,花蓮市一般行政區,否,否,1000000.0,1994,有限公司,Y,1,464913,消防設備批發
26134341,,陳家麵店,花蓮縣花蓮市主和里成功街３３號,花蓮縣,花蓮市,主和里,花蓮市一般行政區,否,否,3000.0,2009,獨資,N,0,561113,麵店、小吃店
82347310,,和氣超商,花蓮縣花蓮市主和里成功街３５號１樓,花蓮縣,花蓮市,主和里,花蓮市一般行政區,否,否,200000.0,2019,獨資,Y,1,471913,雜貨店
34894865,,中華樂器社,花蓮縣花蓮市主和里成功街４１―１號１樓,花蓮縣,花蓮市,主和里,花蓮市一般行政區,否,否,200000.0,2011,獨資,Y,1,458314,樂器批發
94844720,,正興汽車企業社,花蓮縣花蓮市主和里成功街４２號,花蓮縣,花蓮市,主和里,花蓮市一般行政區,否,否,6000.0,1984,獨資,N,0,951199,其他汽車維修
21503957,,郁豐蔬菜行,花蓮縣花蓮市主和里成功街４３號,花蓮縣,花蓮市,主和里,花蓮市一般行政區,否,否,300000.0,2005,獨資,N,0,454111,蔬菜批發
37993966,,名豐蔬菜行,花蓮縣花蓮市主和里成功街４３號,花蓮縣,花蓮市,主和里,花蓮市一般行政區,否,否,200000.0,2013,獨資,N,0,472111,蔬菜零售
28384787,,奕成門業有限公司,花蓮縣花蓮市主和里成功街５號１樓,花蓮縣,花蓮市,主和里,花蓮市一般行政區,否,否,3500000.0,2006,有限公司,Y,1,461511,金屬門窗批發
53999559,,大花蓮環衛病媒防治有限公司,花蓮縣花蓮市主和里成功街５０號１樓,花蓮縣,花蓮市,主和里,花蓮市一般行政區,否,否,1000000.0,2012,有限公司,Y,1,812100,建築物一般清潔服務
72845817,,藝馨室內裝修企業社,花蓮縣花蓮市主和里成功街５１號１樓,花蓮縣,花蓮市,主和里,花蓮市一般行政區,否,否,200000.0,2018,獨資,Y,1,474213,廚櫃零售
10506936,,足健能量養生館,花蓮縣花蓮市主和里成功街５３號１樓,花蓮縣,花蓮市,主和里,花蓮市一般行政區,否,否,100000.0,2007,獨資,N,0,969015,推拿按摩服務
66990799,,建興科技,花蓮縣花蓮市主和里成功街５５號１樓,花蓮縣,花蓮市,主和里,花蓮市一般行政區,否,否,450000.0,2006,獨資,Y,1,483111,電腦及電腦週邊設備零售
90784518,,方舟資產投資股份有限公司,花蓮縣花蓮市主和里成功街６０號,花蓮縣,花蓮市,主和里,花蓮市一般行政區,否,否,1680000.0,2021,股份有限公司,Y,1,469199,其他回收物料批發
10560543,,好旺蒜頭雞,花蓮縣花蓮市主和里成功街７６號,花蓮縣,花蓮市,主和里,花蓮市一般行政區,否,否,3000.0,2008,獨資,N,0,561113,麵店、小吃店
09886521,,史坦登水電工程行,花蓮縣花蓮市主和里成功街９１號,花蓮縣,花蓮市,主和里,花蓮市一般行政區,否,否,2000000.0,2007,獨資,Y,1,433212,管道工程
60251498,,允山企業社,花蓮縣花蓮市主和里成功街９１號,花蓮縣,花蓮市,主和里,花蓮市一般行政區,否,否,100000.0,2026,獨資,Y,1,433111,水電工程
72847907,,本然精品店,花蓮縣花蓮市主和里成功街９７號,花蓮縣,花蓮市,主和里,花蓮市一般行政區,否,否,200000.0,2018,獨資,N,0,471999,未分類其他綜合商品零售
08139702,,泓達水電行,花蓮縣花蓮市主和里文光街１７號１樓,花蓮縣,花蓮市,主和里,花蓮市一般行政區,否,否,5000000.0,1987,獨資,Y,1,433111,水電工程
91594282,,給點麵子中式早午餐,花蓮縣花蓮市主和里文光街２８號,花蓮縣,花蓮市,主和里,花蓮市一般行政區,否,否,200000.0,2022,獨資,N,0,561113,麵店、小吃店
18055239,,永展禮品行,花蓮縣花蓮市主和里文光街３７號,花蓮縣,花蓮市,主和里,花蓮市一般行政區,否,否,240000.0,2001,獨資,N,0,474999,未分類其他家用器具及用品零售
94779170,,大榮機械工程行,花蓮縣花蓮市主和里文光街５３號,花蓮縣,花蓮市,主和里,花蓮市一般行政區,否,否,60000.0,1980,獨資,Y,1,439099,未分類其他專門營造
95213995,,昱星行,花蓮縣花蓮市主和里文光街６０號,花蓮縣,花蓮市,主和里,花蓮市一般行政區,否,否,200000.0,2025,獨資,Y,1,454999,未分類其他食品批發
78042505,,崇豪水電工程行,花蓮縣花蓮市主和里文光街７５號,花蓮縣,花蓮市,主和里,花蓮市一般行政區,否,否,1000000.0,1992,獨資,Y,1,433111,水電工程
92638750,,叄山企業社,花蓮縣花蓮市主和里福建一街２２號１樓,花蓮縣,花蓮市,主和里,花蓮市一般行政區,否,否,100000.0,2023,獨資,N,0,485216,礦物（寶石、貴金屬除外）零售
60246670,,熱線新聞網企業社,花蓮縣花蓮市主和里福建三街１０號１樓,花蓮縣,花蓮市,主和里,花蓮市一般行政區,否,否,240000.0,2025,獨資,Y,1,731099,其他廣告服務
30161306,,點子廣告社,花蓮縣花蓮市主和里福建二街１號１樓,花蓮縣,花蓮市,主和里,花蓮市一般行政區,否,否,30000.0,2008,獨資,N,0,731099,其他廣告服務
30202587,,昇琳機車社,花蓮縣花蓮市主和里福建街１６３號,花蓮縣,花蓮市,主和里,花蓮市一般行政區,否,否,50000.0,2009,獨資,N,0,484212,中古機車零售
41465333,,覓食工作室,花蓮縣花蓮市主和里福建街１７５巷６號１樓,花蓮縣,花蓮市,主和里,花蓮市一般行政區,否,否,50000.0,2015,獨資,N,0,472922,西點麵包零售
18061627,,美靚坊精品店,花蓮縣花蓮市主和里福建街１７６號,花蓮縣,花蓮市,主和里,花蓮市一般行政區,否,否,10000.0,2001,獨資,N,0,473211,服裝零售
85207164,,家胖商行,花蓮縣花蓮市主和里福建街１７８號１樓,花蓮縣,花蓮市,主和里,花蓮市一般行政區,否,否,10000.0,2020,獨資,N,0,487199,其他電子購物及郵購
91154361,,買佳商行,花蓮縣花蓮市主和里福建街１７８號１樓,花蓮縣,花蓮市,主和里,花蓮市一般行政區,否,否,10000.0,2021,獨資,N,0,487199,其他電子購物及郵購
78030493,,世界通訊器材行,花蓮縣花蓮市主和里福建街１８８號１樓,花蓮縣,花蓮市,主和里,花蓮市一般行政區,否,否,500000.0,1991,合夥,Y,1,433112,電路工程
72781406,,福建街香腸,花蓮縣花蓮市主和里福建街２０５號１樓,花蓮縣,花蓮市,主和里,花蓮市一般行政區,否,否,100000.0,2017,獨資,N,0,561113,麵店、小吃店
45884097,,麥栗在地有限公司,花蓮縣花蓮市主和里福建街２０８號１樓,花蓮縣,花蓮市,主和里,花蓮市一般行政區,否,否,200000.0,2016,有限公司,Y,1,434015,室內裝修工程
94757794,,合衆水電材料行,花蓮縣花蓮市主和里福建街２１２號,花蓮縣,花蓮市,主和里,花蓮市一般行政區,否,否,3000.0,1979,獨資,N,0,481014,居家修繕用品零售
49967886,,富懋香紙舖,花蓮縣花蓮市主和里福建街２１５號１樓,花蓮縣,花蓮市,主和里,花蓮市一般行政區,否,否,20000.0,2005,獨資,N,0,485212,宗教、喪葬用品零售
31795715,,鎧斯企業社,花蓮縣花蓮市主和里福建街２１６巷１弄１１號１樓,花蓮縣,花蓮市,主和里,花蓮市一般行政區,否,否,200000.0,2013,獨資,Y,1,473999,未分類其他服飾品零售
94659098,,裕興號,花蓮縣花蓮市主和里福建街２１６巷１弄１１號１樓,花蓮縣,花蓮市,主和里,花蓮市一般行政區,否,否,6000.0,1977,獨資,N,0,472111,蔬菜零售
92537296,,銓勝工程行,花蓮縣花蓮市主和里福建街２１６巷１弄２號１樓,花蓮縣,花蓮市,主和里,花蓮市一般行政區,否,否,238000.0,2023,獨資,Y,1,410012,鐵皮屋搭建
56632871,,后山源生物科技有限公司,花蓮縣花蓮市主和里福建街２１６巷１０號１樓,花蓮縣,花蓮市,主和里,花蓮市一般行政區,否,否,1000000.0,2017,有限公司,Y,1,475212,香皂、沐浴乳、洗面皂零售
42591301,,上辰有限公司,花蓮縣花蓮市主和里福建街２１６巷１２號１樓,花蓮縣,花蓮市,主和里,花蓮市一般行政區,否,否,2000000.0,2015,有限公司,Y,1,433900,其他建築設備安裝
60250370,,小饞貓坊,花蓮縣花蓮市主和里福建街２１９號１樓,花蓮縣,花蓮市,主和里,花蓮市一般行政區,否,否,100000.0,2026,獨資,N,0,487114,經營網路購物（食品、飲料類商品）
30209012,,禾豐企業社,花蓮縣花蓮市主和里福建街２２７號１樓,花蓮縣,花蓮市,主和里,花蓮市一般行政區,否,否,200000.0,2010,獨資,Y,1,060099,未分類砂、石採取及其他礦業
91596253,,欣軒企業,花蓮縣花蓮市主和里福建街２２８巷２弄１號１樓,花蓮縣,花蓮市,主和里,花蓮市一般行政區,否,否,200000.0,2022,獨資,Y,1,471114,加盟連鎖式便利商店（無商品進、銷貨行為）
93049181,,莉欣企業,花蓮縣花蓮市主和里福建街２２８巷２弄１號１樓,花蓮縣,花蓮市,主和里,花蓮市一般行政區,否,否,200000.0,2024,獨資,Y,1,471114,加盟連鎖式便利商店（無商品進、銷貨行為）
60253643,,永捷工程行,花蓮縣花蓮市主和里福建街２３２號１樓,花蓮縣,花蓮市,主和里,花蓮市一般行政區,否,否,238000.0,2026,獨資,Y,1,439099,未分類其他專門營造
83493178,,昊田股份有限公司,花蓮縣花蓮市主和里福建街２３８號,花蓮縣,花蓮市,主和里,花蓮市一般行政區,否,否,200000.0,2019,股份有限公司,Y,1,760999,其他未分類專業、科學及技術服務
15784698,,奇昱鑫水電工程行,花蓮縣花蓮市主和里福建街２４８號１樓,花蓮縣,花蓮市,主和里,花蓮市一般行政區,否,否,1500000.0,2003,獨資,Y,1,433111,水電工程
78045405,,勁成通信消防器材行,花蓮縣花蓮市主和里福建街２４９號１樓,花蓮縣,花蓮市,主和里,花蓮市一般行政區,否,否,3000000.0,1992,獨資,Y,1,433115,消防警報設備裝修工程
94300114,,大鑫汽車行,花蓮縣花蓮市主和里福建街２６０號,花蓮縣,花蓮市,主和里,花蓮市一般行政區,否,否,800000.0,1977,獨資,N,0,493200,計程車客運
72845892,,宥成企業,花蓮縣花蓮市主和里福建街２６０號１樓,花蓮縣,花蓮市,主和里,花蓮市一般行政區,否,否,200000.0,2018,獨資,Y,1,340015,電力機械器材及設備維修及安裝
94762425,,安家不銹鋼廚具行,花蓮縣花蓮市主和里福建街２６２號１樓,花蓮縣,花蓮市,主和里,花蓮市一般行政區,否,否,9000.0,1979,獨資,Y,1,952312,家用電器維修
10681069,,海濱民宿,花蓮縣花蓮市主和里福建街２７１號,花蓮縣,花蓮市,主和里,花蓮市一般行政區,否,否,3000.0,2008,獨資,N,0,551013,民宿
94730472,,金同利商號,花蓮縣花蓮市主和里福建街２７９號,花蓮縣,花蓮市,主和里,花蓮市一般行政區,否,否,7000.0,1977,獨資,N,0,472913,菸酒零售
95208402,,玲利果菜行,花蓮縣花蓮市主和里福德二街１５號１樓,花蓮縣,花蓮市,主和里,花蓮市一般行政區,否,否,3000.0,2024,獨資,N,0,472111,蔬菜零售
31798327,,薪盛蔬菜行,花蓮縣花蓮市主和里福德二街２號１樓,花蓮縣,花蓮市,主和里,花蓮市一般行政區,否,否,50000.0,2013,獨資,N,0,472111,蔬菜零售
94272877,,大馥有限公司,花蓮縣花蓮市主和里福德四街２２號１樓,花蓮縣,花蓮市,主和里,花蓮市一般行政區,否,否,2000000.0,2023,有限公司,Y,1,670012,不動產投資開發
91156662,,芊芃髮廊,花蓮縣花蓮市主和里福德２街１２－１號１樓,花蓮縣,花蓮市,主和里,花蓮市一般行政區,否,否,3000.0,2021,獨資,N,0,962111,美髮院及髮廊
92090226,,日春藥草行,花蓮縣花蓮市主和里花蓮市和平路３１３號１樓,花蓮縣,花蓮市,主和里,花蓮市一般行政區,否,否,3000.0,1994,獨資,N,0,475199,其他藥品及醫療用品零售
10624981,,振宇汽車材料行,花蓮縣花蓮市主和里重慶路１５５號,花蓮縣,花蓮市,主和里,花蓮市一般行政區,否,否,100000.0,2008,獨資,N,0,484311,汽車零件、汽車百貨零售
02789931,,永良菜行,花蓮縣花蓮市主和里重慶路１５７號,花蓮縣,花蓮市,主和里,花蓮市一般行政區,否,否,3500.0,2013,獨資,N,0,472111,蔬菜零售
49774213,,照豫坊餐飲店,花蓮縣花蓮市主和里重慶路１６３號１樓,花蓮縣,花蓮市,主和里,花蓮市一般行政區,否,否,80000.0,2016,獨資,N,0,561111,早餐店
10504070,,鈞琳魚行,花蓮縣花蓮市主和里重慶路１６９號１樓,花蓮縣,花蓮市,主和里,花蓮市一般行政區,否,否,5000.0,2007,獨資,N,0,472311,水產品零售
95215207,,青禾香所手作坊,花蓮縣花蓮市主和里重慶路１８３號,花蓮縣,花蓮市,主和里,花蓮市一般行政區,否,否,100000.0,2025,獨資,N,0,487199,其他電子購物及郵購
54802317,,富溙建設開發有限公司,花蓮縣花蓮市主和里重慶路１８３號１樓,花蓮縣,花蓮市,主和里,花蓮市一般行政區,否,否,3000000.0,2014,有限公司,Y,1,439099,未分類其他專門營造
54811723,,三陸工程有限公司,花蓮縣花蓮市主和里重慶路１８３號１樓,花蓮縣,花蓮市,主和里,花蓮市一般行政區,否,否,1000000.0,2014,有限公司,Y,1,439099,未分類其他專門營造
95210884,,立威特文創工作室,花蓮縣花蓮市主和里重慶路１８３號１樓,花蓮縣,花蓮市,主和里,花蓮市一般行政區,否,否,100000.0,2025,獨資,N,0,473211,服裝零售
87364294,,嫻隆商號,花蓮縣花蓮市主和里重慶路１８９號１樓,花蓮縣,花蓮市,主和里,花蓮市一般行政區,否,否,10000.0,2020,獨資,N,0,563199,其他飲料店
86369406,,台雄建設有限公司,花蓮縣花蓮市主和里重慶路１９３號,花蓮縣,花蓮市,主和里,花蓮市一般行政區,否,否,25000000.0,1991,有限公司,Y,1,681111,自有不動產買賣
50743301,,育圓小吃店,花蓮縣花蓮市主和里重慶路１９５巷６號,花蓮縣,花蓮市,主和里,花蓮市一般行政區,否,否,10000.0,2017,獨資,N,0,561113,麵店、小吃店
10525217,,長虹文具行,花蓮縣花蓮市主和里重慶路１９５巷９號１樓,花蓮縣,花蓮市,主和里,花蓮市一般行政區,否,否,3000.0,2008,獨資,N,0,476111,文具零售
31794906,,射手生存遊戲戶外用品專賣店,花蓮縣花蓮市主和里重慶路２２３巷６號,花蓮縣,花蓮市,主和里,花蓮市一般行政區,否,否,50000.0,2013,獨資,N,0,476299,其他運動用品及器材零售
92524383,,阿朱雞肉,花蓮縣花蓮市主和里重慶路２２５號對面鐵皮屋,花蓮縣,花蓮市,主和里,花蓮市一般行政區,否,否,3000.0,2022,獨資,N,0,472212,禽肉零售
53137173,,麗圓開發股份有限公司,花蓮縣花蓮市主和里重慶路２２５號１樓,花蓮縣,花蓮市,主和里,花蓮市一般行政區,否,否,30000000.0,2010,股份有限公司,Y,1,670012,不動產投資開發
60276358,,李記花蓮扁食,花蓮縣花蓮市主和里重慶路２３１號,花蓮縣,花蓮市,主和里,花蓮市一般行政區,否,否,100000.0,2025,獨資,N,0,561113,麵店、小吃店
42986563,,昇宏資訊有限公司,花蓮縣花蓮市主和里重慶路２３７號１樓,花蓮縣,花蓮市,主和里,花蓮市一般行政區,否,否,10000000.0,2018,有限公司,Y,1,483111,電腦及電腦週邊設備零售
30201341,,天恩蔬果,花蓮縣花蓮市主和里重慶路２５０巷２１號,花蓮縣,花蓮市,主和里,花蓮市一般行政區,否,否,80000.0,2009,獨資,N,0,472111,蔬菜零售
93056210,,英泰工程行,花蓮縣花蓮市主和里重慶路２５０巷２３號,花蓮縣,花蓮市,主和里,花蓮市一般行政區,否,否,248000.0,2024,獨資,Y,1,461511,金屬門窗批發
00029431,,鎧慶事業有限公司,花蓮縣花蓮市主和里重慶路２５０巷９號１樓,花蓮縣,花蓮市,主和里,花蓮市一般行政區,否,否,100000.0,2024,有限公司,Y,1,410011,房屋修繕
24243148,,榮橋建設有限公司,花蓮縣花蓮市主和里重慶路２５０巷９號１樓,花蓮縣,花蓮市,主和里,花蓮市一般行政區,否,否,2000000.0,2008,有限公司,Y,1,670012,不動產投資開發
90405636,,金盈源投資有限公司,花蓮縣花蓮市主和里重慶路２５０巷９號１樓,花蓮縣,花蓮市,主和里,花蓮市一般行政區,否,否,500000.0,2021,有限公司,N,0,649911,投資有價證券
90870534,,雅筑居卓越開發建設有限公司,花蓮縣花蓮市主和里重慶路２５０巷９號１樓,花蓮縣,花蓮市,主和里,花蓮市一般行政區,否,否,2000000.0,2021,有限公司,Y,1,670012,不動產投資開發
64819317,,根來名品店,花蓮縣花蓮市主和里重慶路２５１號１樓,花蓮縣,花蓮市,主和里,花蓮市一般行政區,否,否,45000.0,1989,獨資,N,0,473211,服裝零售
16402970,,旅路股份有限公司,花蓮縣花蓮市主和里重慶路２５５號,花蓮縣,花蓮市,主和里,花蓮市一般行政區,否,否,25000000.0,1999,股份有限公司,Y,1,551012,旅館
95211342,,長工工坊,花蓮縣花蓮市主和里００１鄰和平路２３５號,花蓮縣,花蓮市,主和里,花蓮市一般行政區,否,否,228000.0,2025,獨資,Y,1,469912,宗教、喪葬用品批發
92560232,22555003,統一超商股份有限公司花蓮縣第七門市,花蓮縣花蓮市主和里００２鄰和平路２５９號,花蓮縣,花蓮市,主和里,花蓮市一般行政區,否,否,0.0,2022,其他,Y,1,471112,直營連鎖式便利商店
92635206,,欣儀企業社,花蓮縣花蓮市主和里００２鄰和平路２５９號,花蓮縣,花蓮市,主和里,花蓮市一般行政區,否,否,200000.0,2023,獨資,Y,1,471114,加盟連鎖式便利商店（無商品進、銷貨行為）
60244906,,貳寶日式創意料理,花蓮縣花蓮市主和里００４鄰和平路２８５號１樓,花蓮縣,花蓮市,主和里,花蓮市一般行政區,否,否,168000.0,2025,獨資,N,0,561113,麵店、小吃店
00229156,,嘉捷生技有限公司,花蓮縣花蓮市主和里０１５鄰福建街２４７號１樓,花蓮縣,花蓮市,主和里,花蓮市一般行政區,否,否,1000000.0,2024,有限公司,Y,1,464915,醫療機械設備批發
95214349,,成源工程行,花蓮縣花蓮市主和里０１６鄰中強街１３９號１樓,花蓮縣,花蓮市,主和里,花蓮市一般行政區,否,否,200000.0,2025,獨資,Y,1,410099,其他建築工程
41190187,,米噹泰式烤肉,花蓮縣花蓮市主和里０２１鄰重慶路２２１－２號,花蓮縣,花蓮市,主和里,花蓮市一般行政區,否,否,3000.0,2014,獨資,Y,1,561113,麵店、小吃店
85208804,,木瓜山咖啡,花蓮縣花蓮市主和里０２２鄰中福路１７號１樓,花蓮縣,花蓮市,主和里,花蓮市一般行政區,否,否,5000.0,2019,獨資,N,0,563112,咖啡館
91153052,,舍匠室內裝修工程行,花蓮縣花蓮市主和里０２２鄰中福路１７號２樓,花蓮縣,花蓮市,主和里,花蓮市一般行政區,否,否,200000.0,2021,獨資,Y,1,433900,其他建築設備安裝
92634683,,鑫旺菓菜行,花蓮縣花蓮市主和里０２２鄰中福路２５號１樓,花蓮縣,花蓮市,主和里,花蓮市一般行政區,否,否,5888.0,2023,獨資,N,0,454111,蔬菜批發
41006984,,印相媒體工作室,花蓮縣花蓮市主和里０２３鄰中福路４２號１樓,花蓮縣,花蓮市,主和里,花蓮市一般行政區,否,否,50000.0,2014,獨資,N,0,760113,代客攝影（結婚攝影除外）
45101720,,法老王整合行銷有限公司,花蓮縣花蓮市主和里０２３鄰中福路４２號１樓,花蓮縣,花蓮市,主和里,花蓮市一般行政區,否,否,500000.0,2016,有限公司,Y,1,731099,其他廣告服務
57555303,,鑫一機械有限公司,花蓮縣花蓮市主和里０２３鄰中福路４６號１樓,花蓮縣,花蓮市,主和里,花蓮市一般行政區,否,否,200000.0,2017,有限公司,Y,1,293999,未分類其他通用機械設備製造
92536326,,黃家手作美食坊,花蓮縣花蓮市主和里０２３鄰中福路４６號１樓,花蓮縣,花蓮市,主和里,花蓮市一般行政區,否,否,200000.0,2023,獨資,N,0,561113,麵店、小吃店
83628823,54856208,悅樂飯店事業股份有限公司花蓮分公司,花蓮縣花蓮市主和里０２５鄰中福路１２２號,花蓮縣,花蓮市,主和里,花蓮市一般行政區,否,否,0.0,2020,本國公司設立之分公司,Y,1,551011,觀光旅館
27910170,,詩曼企業有限公司,花蓮縣花蓮市主和里０３５鄰中強街１５１號１樓,花蓮縣,花蓮市,主和里,花蓮市一般行政區,否,否,1000000.0,2005,有限公司,Y,1,472922,西點麵包零售
92535500,,泰美味食品行,花蓮縣花蓮市主和里０３７鄰重慶路２０５巷６號１樓,花蓮縣,花蓮市,主和里,花蓮市一般行政區,否,否,230000.0,2023,獨資,Y,1,454400,冷凍調理食品批發
95046940,,特翊企業社,花蓮縣花蓮市主和里０４４鄰重慶路２３６－１號,花蓮縣,花蓮市,主和里,花蓮市一般行政區,否,否,50000.0,2024,獨資,N,0,951200,汽車美容
18057969,,安卡拉護膚坊,花蓮縣花蓮市主和里１３鄰成功街１１號１樓,花蓮縣,花蓮市,主和里,花蓮市一般行政區,否,否,20000.0,2001,獨資,N,0,962299,其他美容美體服務
29322326,,好好傳媒社,花蓮縣花蓮市主和里１４鄰福建三街１０號１樓,花蓮縣,花蓮市,主和里,花蓮市一般行政區,否,否,300000.0,2004,獨資,Y,1,731011,廣告代理商
26127947,,福建外燴小吃,花蓮縣花蓮市主和里１５鄰福建街２５９號,花蓮縣,花蓮市,主和里,花蓮市一般行政區,否,否,3000.0,2009,獨資,N,0,561113,麵店、小吃店
84087640,,釱文齒輪機械有限公司,花蓮縣花蓮市主和里１６鄰中強街１３９號,花蓮縣,花蓮市,主和里,花蓮市一般行政區,否,否,1000000.0,1992,有限公司,Y,1,464999,未分類其他機械器具批發
15796646,,宅急修土木包工業,花蓮縣花蓮市主和里２０鄰福建街２１６巷１弄２號１樓,花蓮縣,花蓮市,主和里,花蓮市一般行政區,否,否,1200000.0,2003,合夥,Y,1,429099,未分類其他土木工程
12901217,,曾記𫃎糬股份有限公司,花蓮縣花蓮市主和里２１鄰廣東街９６及９８號１樓,花蓮縣,花蓮市,主和里,花蓮市一般行政區,否,否,29000000.0,2001,股份有限公司,Y,1,089199,其他烘焙炊蒸食品製造
18064976,,凱麗髮型設計店,花蓮縣花蓮市主和里２２鄰中福路１８號１樓,花蓮縣,花蓮市,主和里,花蓮市一般行政區,否,否,3000.0,2001,獨資,N,0,962111,美髮院及髮廊
31792956,,台原傳統整復推拿所,花蓮縣花蓮市主和里２３鄰中福路５８號,花蓮縣,花蓮市,主和里,花蓮市一般行政區,否,否,5000.0,2012,獨資,N,0,969015,推拿按摩服務
31789951,,金捷滿企業社,花蓮縣花蓮市主和里２５鄰南京街７０號,花蓮縣,花蓮市,主和里,花蓮市一般行政區,否,否,2600000.0,2012,獨資,Y,1,060099,未分類砂、石採取及其他礦業
95094180,,蒲公英の家民宿,花蓮縣花蓮市主和里２９鄰成功街４６－３號,花蓮縣,花蓮市,主和里,花蓮市一般行政區,否,否,30000.0,2024,獨資,N,0,551013,民宿
92643156,,日光漫旅民宿,花蓮縣花蓮市主和里２９鄰成功街４６－５號,花蓮縣,花蓮市,主和里,花蓮市一般行政區,否,否,5000.0,2023,獨資,N,0,551013,民宿
93584325,93610554,瑞塔五維度有限公司花蓮分公司,花蓮縣花蓮市主和里２９鄰成功街４６－６號１樓,花蓮縣,花蓮市,主和里,花蓮市一般行政區,否,否,0.0,2024,本國公司設立之分公司,Y,1,473311,真皮鞋類及其配件零售
20067181,,福安魷魚𥺧店,花蓮縣花蓮市主和里３鄰福建街２８４號,花蓮縣,花蓮市,主和里,花蓮市一般行政區,否,否,3000.0,1998,獨資,N,0,561113,麵店、小吃店
21554934,,集源工程行,花蓮縣花蓮市主和里３鄰重慶路２２５號１樓,花蓮縣,花蓮市,主和里,花蓮市一般行政區,否,否,3000000.0,2005,獨資,Y,1,429099,未分類其他土木工程
87351988,,永峰洋商行,花蓮縣花蓮市主和里３４鄰福建街１５９號１樓,花蓮縣,花蓮市,主和里,花蓮市一般行政區,否,否,100000.0,2021,獨資,N,0,551013,民宿
31768581,,吉家室內裝潢工程行,花蓮縣花蓮市主和里３７鄰重慶路２０５巷１７號１樓,花蓮縣,花蓮市,主和里,花蓮市一般行政區,否,否,100000.0,2012,獨資,Y,1,434011,室內裝潢工程
30197563,,璨隆資訊社,花蓮縣花蓮市主和里３７鄰重慶路２０５巷１９號１樓,花蓮縣,花蓮市,主和里,花蓮市一般行政區,否,否,245000.0,2009,獨資,Y,1,464111,電腦及電腦週邊設備批發
91277928,,曾傳𫃎糬,花蓮縣花蓮市主和里３７鄰重慶路２０９號,花蓮縣,花蓮市,主和里,花蓮市一般行政區,否,否,3000.0,2021,獨資,N,0,472921,糖果餅乾零售
09651783,,馬丁貝克企業社,花蓮縣花蓮市主和里４鄰中福路８３號１樓,花蓮縣,花蓮市,主和里,花蓮市一般行政區,否,否,10000.0,2006,獨資,N,0,475299,其他化粧品零售
19536279,,本立堂青草店,花蓮縣花蓮市主和里４鄰和平路３５８號１樓,花蓮縣,花蓮市,主和里,花蓮市一般行政區,否,否,10000.0,1996,獨資,N,0,472915,茶葉零售
31480314,,魚豐小吃,花蓮縣花蓮市主和里４鄰福建街２８９號,花蓮縣,花蓮市,主和里,花蓮市一般行政區,否,否,3000.0,2007,獨資,N,0,561115,餐廳
94775580,,開雲工程行,花蓮縣花蓮市主和里６鄰和平路２７９號,花蓮縣,花蓮市,主和里,花蓮市一般行政區,否,否,1200000.0,1980,獨資,Y,1,254911,金屬裁剪、焊接處理
92638490,,鼎味馨鍋物,花蓮縣花蓮市主和里７鄰和平路３０７號,花蓮縣,花蓮市,主和里,花蓮市一般行政區,否,否,248000.0,2023,合夥,Y,1,561115,餐廳
80130624,,慶豐鋼鋁有限公司,花蓮縣花蓮市主和里７鄰重慶路２５０巷９號１樓,花蓮縣,花蓮市,主和里,花蓮市一般行政區,否,否,3000000.0,2003,有限公司,Y,1,434013,房屋設備安裝工程
91595064,,冠彰工程企業社,花蓮縣花蓮市主和里８鄰南京街８６號５樓之２,花蓮縣,花蓮市,主和里,花蓮市一般行政區,否,否,200000.0,2022,獨資,Y,1,434013,房屋設備安裝工程
20050251,,芙芙屋傢飾精品,花蓮縣花蓮市主商里―心街２號,花蓮縣,花蓮市,主商里,金三角與東大門核心交會商圈,是,是,3000.0,1996,獨資,N,0,474399,其他家飾品零售
78032577,,若石健康器材行,花蓮縣花蓮市主商里―心街６號,花蓮縣,花蓮市,主商里,金三角與東大門核心交會商圈,是,是,3000.0,1991,獨資,N,0,476299,其他運動用品及器材零售
92093130,,―心犬舍,花蓮縣花蓮市主商里―心街８號―樓,花蓮縣,花蓮市,主商里,金三角與東大門核心交會商圈,是,是,3000.0,1994,獨資,N,0,485221,寵物用品零售
70969740,,十三盧比企業社,花蓮縣花蓮市主商里一心街１３號１樓,花蓮縣,花蓮市,主商里,金三角與東大門核心交會商圈,是,是,200000.0,2000,獨資,N,0,473211,服裝零售
31792631,,里漏珠寶工作室,花蓮縣花蓮市主商里一心街１４號,花蓮縣,花蓮市,主商里,金三角與東大門核心交會商圈,是,是,3000.0,2012,獨資,N,0,485216,礦物（寶石、貴金屬除外）零售
87353304,,魔魔爪選物販賣機店,花蓮縣花蓮市主商里一心街１４號,花蓮縣,花蓮市,主商里,金三角與東大門核心交會商圈,是,是,80000.0,2021,獨資,N,0,932414,夾娃娃機店
60248419,,東岸梵天藝術紋身,花蓮縣花蓮市主商里一心街１８號,花蓮縣,花蓮市,主商里,金三角與東大門核心交會商圈,是,是,120000.0,2025,獨資,N,0,969017,紋身、紋眉服務
26793456,,花妹服飾,花蓮縣花蓮市主商里一心街２１號,花蓮縣,花蓮市,主商里,金三角與東大門核心交會商圈,是,是,30000.0,2012,獨資,N,0,473211,服裝零售
87347198,,容茹企業社,花蓮縣花蓮市主商里一心街２１號１樓,花蓮縣,花蓮市,主商里,金三角與東大門核心交會商圈,是,是,10000.0,2020,獨資,N,0,471999,未分類其他綜合商品零售
26788854,,銀工坊,花蓮縣花蓮市主商里一心街２２號１樓,花蓮縣,花蓮市,主商里,金三角與東大門核心交會商圈,是,是,150000.0,2011,獨資,N,0,474511,金（銀）飾零售
91154215,,采紅服飾,花蓮縣花蓮市主商里一心街２３號１樓,花蓮縣,花蓮市,主商里,金三角與東大門核心交會商圈,是,是,50000.0,2021,獨資,N,0,473211,服裝零售
60253714,,玥禾美學工作室,花蓮縣花蓮市主商里一心街２６號,花蓮縣,花蓮市,主商里,金三角與東大門核心交會商圈,是,是,100000.0,2026,獨資,N,0,969017,紋身、紋眉服務
85422353,,花凜和服屋,花蓮縣花蓮市主商里一心街３０號,花蓮縣,花蓮市,主商里,金三角與東大門核心交會商圈,是,是,30000.0,2020,獨資,N,0,773014,禮服及服裝出租
41010087,,豆和菓子日式手工點心坊,花蓮縣花蓮市主商里一心街４４號１樓,花蓮縣,花蓮市,主商里,金三角與東大門核心交會商圈,是,是,50000.0,2014,獨資,N,0,472922,西點麵包零售
50746692,,宥楹服飾店,花蓮縣花蓮市主商里一心街５２號,花蓮縣,花蓮市,主商里,金三角與東大門核心交會商圈,是,是,248000.0,2017,獨資,N,0,473211,服裝零售
87346135,,噗噗小鋪,花蓮縣花蓮市主商里一心街５２號,花蓮縣,花蓮市,主商里,金三角與東大門核心交會商圈,是,是,80000.0,2020,獨資,N,0,473299,其他服裝及其配件零售
31438317,,長陽度量衡器行,花蓮縣花蓮市主商里一心街５６―１號,花蓮縣,花蓮市,主商里,金三角與東大門核心交會商圈,是,是,30000.0,2007,獨資,N,0,464999,未分類其他機械器具批發
61335427,,攤販－傅玉英,花蓮縣花蓮市主商里一心街５６號（前面）,花蓮縣,花蓮市,主商里,金三角與東大門核心交會商圈,是,是,50000.0,2025,獨資,N,0,561200,餐食攤販
50739897,,希諾手機殼專賣店,花蓮縣花蓮市主商里一心街５８號,花蓮縣,花蓮市,主商里,金三角與東大門核心交會商圈,是,是,500000.0,2017,獨資,N,0,483299,其他通訊設備零售
87349034,,薪膳商行,花蓮縣花蓮市主商里一心街６２號右側門前,花蓮縣,花蓮市,主商里,金三角與東大門核心交會商圈,是,是,50000.0,2020,獨資,N,0,563115,手搖飲店
09618602,80511709,阿瘦實業股份有限公司花蓮中正店,花蓮縣花蓮市主商里中正路５００號,花蓮縣,花蓮市,主商里,金三角與東大門核心交會商圈,是,是,0.0,2006,其他,Y,1,473311,真皮鞋類及其配件零售
93049598,,天樂樂園,花蓮縣花蓮市主商里中正路５０８號,花蓮縣,花蓮市,主商里,金三角與東大門核心交會商圈,是,是,200000.0,2024,獨資,Y,1,932414,夾娃娃機店
93053430,,鴻羽通訊行,花蓮縣花蓮市主商里中正路５１２號１樓,花蓮縣,花蓮市,主商里,金三角與東大門核心交會商圈,是,是,100000.0,2024,獨資,N,0,483212,手機及手機週邊零配件零售
22788122,,東集企業股份有限公司,花蓮縣花蓮市主商里中正路５１６號,花蓮縣,花蓮市,主商里,金三角與東大門核心交會商圈,是,是,9361000.0,1988,股份有限公司,Y,1,670012,不動產投資開發
62056464,,沐光會館有限公司,花蓮縣花蓮市主商里中正路５１６號,花蓮縣,花蓮市,主商里,金三角與東大門核心交會商圈,是,是,5000000.0,2026,有限公司,Y,1,962111,美髮院及髮廊
26789592,,時尚專業髮型,花蓮縣花蓮市主商里中正路５１６號２樓,花蓮縣,花蓮市,主商里,金三角與東大門核心交會商圈,是,是,100000.0,2011,獨資,Y,1,475211,洗髮精、潤髮精零售
93057301,,露西服飾,花蓮縣花蓮市主商里中正路５１８號１樓,花蓮縣,花蓮市,主商里,金三角與東大門核心交會商圈,是,是,100000.0,2024,獨資,N,0,473211,服裝零售
64811722,,滿庭芳花藝,花蓮縣花蓮市主商里中正路５２５號―樓,花蓮縣,花蓮市,主商里,金三角與東大門核心交會商圈,是,是,350000.0,1988,獨資,Y,1,485111,切花、盆栽零售
91152602,,靖翔禮儀社,花蓮縣花蓮市主商里中正路５２５號１樓,花蓮縣,花蓮市,主商里,金三角與東大門核心交會商圈,是,是,200000.0,2021,獨資,Y,1,963015,殯葬禮儀服務
31619295,53619707,優尼聖企業股份有限公司花蓮三店,花蓮縣花蓮市主商里中正路５２７號,花蓮縣,花蓮市,主商里,金三角與東大門核心交會商圈,是,是,0.0,2011,其他,Y,1,476212,登山用品、露營用品零售
60250097,,壹參希科技館,花蓮縣花蓮市主商里中正路５２９號１樓,花蓮縣,花蓮市,主商里,金三角與東大門核心交會商圈,是,是,50000.0,2026,獨資,Y,1,483212,手機及手機週邊零配件零售
15796815,89390754,英屬維京群島商利時有限公司台灣分公司花蓮中正門市部,花蓮縣花蓮市主商里中正路５３１號１樓,花蓮縣,花蓮市,主商里,金三角與東大門核心交會商圈,是,是,0.0,2003,其他,Y,1,473211,服裝零售
67931735,16168362,京華世界鑽石股份有限公司花蓮門市,花蓮縣花蓮市主商里中正路５４９之３號,花蓮縣,花蓮市,主商里,金三角與東大門核心交會商圈,是,是,0.0,1998,其他,Y,1,474512,珠寶零售
95205518,00106491,亞諾有限公司花蓮店,花蓮縣花蓮市主商里中正路５４９號,花蓮縣,花蓮市,主商里,金三角與東大門核心交會商圈,是,是,0.0,2024,其他,Y,1,474511,金（銀）飾零售
60247848,,來財小吃店,花蓮縣花蓮市主商里中華路１８號及２０號１樓,花蓮縣,花蓮市,主商里,金三角與東大門核心交會商圈,是,是,100000.0,2025,獨資,N,0,561113,麵店、小吃店
34945484,,家傳本舖,花蓮縣花蓮市主商里中華路２２號,花蓮縣,花蓮市,主商里,金三角與東大門核心交會商圈,是,是,20000.0,2010,獨資,N,0,472999,未分類其他食品、飲料及菸草製品零售
19530021,,健康早點店,花蓮縣花蓮市主商里中華路２４之１號,花蓮縣,花蓮市,主商里,金三角與東大門核心交會商圈,是,是,3000.0,1996,獨資,N,0,561113,麵店、小吃店
85361449,54250320,意祥酒業有限公司中華店,花蓮縣花蓮市主商里中華路２８號１樓,花蓮縣,花蓮市,主商里,金三角與東大門核心交會商圈,是,是,0.0,2020,其他,Y,1,472913,菸酒零售
94663446,,金玉珍銀樓,花蓮縣花蓮市主商里中華路３８號,花蓮縣,花蓮市,主商里,金三角與東大門核心交會商圈,是,是,150000.0,1976,獨資,Y,1,474511,金（銀）飾零售
91274339,,程謙飲料店,花蓮縣花蓮市主商里中華路３９號右後側,花蓮縣,花蓮市,主商里,金三角與東大門核心交會商圈,是,是,8000.0,2021,獨資,N,0,472914,飲料零售
91344412,,東岸邵禡社,花蓮縣花蓮市主商里中華路３９號右後側（之９）,花蓮縣,花蓮市,主商里,金三角與東大門核心交會商圈,是,是,100000.0,2021,獨資,N,0,563200,調理飲料攤販
94665649,,通進食品行,花蓮縣花蓮市主商里中華路４１號,花蓮縣,花蓮市,主商里,金三角與東大門核心交會商圈,是,是,29000.0,1976,獨資,N,0,472921,糖果餅乾零售
95209768,,初見眼鏡行,花蓮縣花蓮市主商里中華路４４號１樓,花蓮縣,花蓮市,主商里,金三角與東大門核心交會商圈,是,是,200000.0,2025,獨資,Y,1,474412,眼鏡及其零配件零售
49766001,,伊志商行,花蓮縣花蓮市主商里中華路４５號１樓,花蓮縣,花蓮市,主商里,金三角與東大門核心交會商圈,是,是,248000.0,2016,獨資,Y,1,563115,手搖飲店
95211526,,伴杯蒔光商行,花蓮縣花蓮市主商里中華路４８號,花蓮縣,花蓮市,主商里,金三角與東大門核心交會商圈,是,是,150000.0,2025,獨資,Y,1,563115,手搖飲店
93054563,,粉圓霸夾寶樂園,花蓮縣花蓮市主商里中華路４９號１樓,花蓮縣,花蓮市,主商里,金三角與東大門核心交會商圈,是,是,50000.0,2024,獨資,N,0,932414,夾娃娃機店
20060791,,鈺發銀樓,花蓮縣花蓮市主商里中華路５０號１樓,花蓮縣,花蓮市,主商里,金三角與東大門核心交會商圈,是,是,200000.0,1997,獨資,Y,1,474511,金（銀）飾零售
94835172,,恆進行,花蓮縣花蓮市主商里中華路５３號,花蓮縣,花蓮市,主商里,金三角與東大門核心交會商圈,是,是,9000.0,1984,獨資,N,0,472925,豆類、麥類及其他雜糧零售
50744293,,一青苑手工茶殿,花蓮縣花蓮市主商里中華路５５號１樓,花蓮縣,花蓮市,主商里,金三角與東大門核心交會商圈,是,是,248000.0,2017,獨資,Y,1,563115,手搖飲店
94781128,,安信銀樓,花蓮縣花蓮市主商里中華路５７號１樓,花蓮縣,花蓮市,主商里,金三角與東大門核心交會商圈,是,是,200000.0,1980,獨資,Y,1,474511,金（銀）飾零售
50745271,,喜樂冰品,花蓮縣花蓮市主商里中華路５９號１樓,花蓮縣,花蓮市,主商里,金三角與東大門核心交會商圈,是,是,100000.0,2017,獨資,N,0,563199,其他飲料店
39950128,,金正興銀樓,花蓮縣花蓮市主商里中華路６０號１樓,花蓮縣,花蓮市,主商里,金三角與東大門核心交會商圈,是,是,249000.0,2014,獨資,Y,1,474511,金（銀）飾零售
94654381,,中成布行,花蓮縣花蓮市主商里中華路６１號,花蓮縣,花蓮市,主商里,金三角與東大門核心交會商圈,是,是,3000.0,1977,獨資,N,0,473111,絲織、麻織、棉織、毛織品零售
61457223,,寄語商行,花蓮縣花蓮市主商里中華路６３號２樓,花蓮縣,花蓮市,主商里,金三角與東大門核心交會商圈,是,是,100000.0,2026,合夥,N,0,487114,經營網路購物（食品、飲料類商品）
94261702,,惠比須餅舖,花蓮縣花蓮市主商里中華路６５號,花蓮縣,花蓮市,主商里,金三角與東大門核心交會商圈,是,是,3000.0,1977,獨資,Y,1,089111,糕餅麵包製造
91594706,,花樣精品服飾,花蓮縣花蓮市主商里中華路６７號１樓,花蓮縣,花蓮市,主商里,金三角與東大門核心交會商圈,是,是,200000.0,2022,獨資,Y,1,473211,服裝零售
78852201,,亞龍銀樓,花蓮縣花蓮市主商里中華路６９號１樓,花蓮縣,花蓮市,主商里,金三角與東大門核心交會商圈,是,是,1000000.0,1994,獨資,Y,1,474511,金（銀）飾零售
94788699,,金記銀樓,花蓮縣花蓮市主商里中華路７３號,花蓮縣,花蓮市,主商里,金三角與東大門核心交會商圈,是,是,150000.0,1981,獨資,Y,1,474511,金（銀）飾零售
20059963,,炫金店,花蓮縣花蓮市主商里中華路７５號,花蓮縣,花蓮市,主商里,金三角與東大門核心交會商圈,是,是,200000.0,1997,獨資,Y,1,474511,金（銀）飾零售
94633197,,金峯銀樓,花蓮縣花蓮市主商里中華路７７號,花蓮縣,花蓮市,主商里,金三角與東大門核心交會商圈,是,是,150000.0,1974,獨資,Y,1,474511,金（銀）飾零售
37931441,,永明鐘錶眼鏡行,花蓮縣花蓮市主商里中華路７９―１號１樓及８１號１樓,花蓮縣,花蓮市,主商里,金三角與東大門核心交會商圈,是,是,240000.0,2012,獨資,Y,1,474412,眼鏡及其零配件零售
18049504,,金旺珠寶銀樓,花蓮縣花蓮市主商里中華路７９－２號１樓,花蓮縣,花蓮市,主商里,金三角與東大門核心交會商圈,是,是,200000.0,2000,獨資,Y,1,474511,金（銀）飾零售
31797137,,娣亞精品服飾,花蓮縣花蓮市主商里中華路８３號１樓,花蓮縣,花蓮市,主商里,金三角與東大門核心交會商圈,是,是,50000.0,2013,獨資,Y,1,473211,服裝零售
92639934,,富國彩券行,花蓮縣花蓮市主商里中華路８５號１樓,花蓮縣,花蓮市,主商里,金三角與東大門核心交會商圈,是,是,50000.0,2023,獨資,N,0,920011,彩券銷售
92640587,,強棒出擊運動彩券行,花蓮縣花蓮市主商里中華路８５號１樓,花蓮縣,花蓮市,主商里,金三角與東大門核心交會商圈,是,是,50000.0,2023,獨資,N,0,920011,彩券銷售
08121816,,湘品旅館,花蓮縣花蓮市主商里光復街１３―３﹒１３－４﹒１３－５﹒１３－６號,花蓮縣,花蓮市,主商里,金三角與東大門核心交會商圈,是,是,45000.0,1985,合夥,Y,1,551012,旅館
92640361,,金禾室內空間設計企業社,花蓮縣花蓮市主商里光復街２號１樓,花蓮縣,花蓮市,主商里,金三角與東大門核心交會商圈,是,是,230000.0,2023,獨資,Y,1,434011,室內裝潢工程
10656934,,福華小吃店,花蓮縣花蓮市主商里光復街２８―１號１樓,花蓮縣,花蓮市,主商里,金三角與東大門核心交會商圈,是,是,3000.0,2008,獨資,N,0,561113,麵店、小吃店
90140973,,淨然國際有限公司,花蓮縣花蓮市主商里光復街２８號１樓,花蓮縣,花蓮市,主商里,金三角與東大門核心交會商圈,是,是,250000.0,2022,有限公司,Y,1,487199,其他電子購物及郵購
34474619,,光昇營造股份有限公司,花蓮縣花蓮市主商里光復街３０號１樓,花蓮縣,花蓮市,主商里,金三角與東大門核心交會商圈,是,是,35000000.0,1985,股份有限公司,Y,1,429099,未分類其他土木工程
91596710,,小巷子食堂,花蓮縣花蓮市主商里光復街３５號１樓,花蓮縣,花蓮市,主商里,金三角與東大門核心交會商圈,是,是,60000.0,2022,獨資,N,0,561115,餐廳
20067160,94174806,有限責任花蓮第二信用合作社營業部,花蓮縣花蓮市主商里光復街３６號,花蓮縣,花蓮市,主商里,金三角與東大門核心交會商圈,是,是,0.0,1998,合作社,N,0,641300,信用合作社
94174806,,有限責任花蓮第二信用合作社,花蓮縣花蓮市主商里光復街３６號,花蓮縣,花蓮市,主商里,金三角與東大門核心交會商圈,是,是,987515000.0,1946,合作社,Y,1,641300,信用合作社
26124408,,空間髮型設計,花蓮縣花蓮市主商里光復街４３號,花蓮縣,花蓮市,主商里,金三角與東大門核心交會商圈,是,是,100000.0,2009,獨資,N,0,962111,美髮院及髮廊
90604071,90602355,小鹿壹號股份有限公司花蓮光復分公司,花蓮縣花蓮市主商里光復街４５號,花蓮縣,花蓮市,主商里,金三角與東大門核心交會商圈,是,是,0.0,2022,本國公司設立之分公司,Y,1,551012,旅館
94767744,,金本大旅社有限公司,花蓮縣花蓮市主商里光復街４５號,花蓮縣,花蓮市,主商里,金三角與東大門核心交會商圈,是,是,3680000.0,1980,有限公司,Y,1,551012,旅館
41009429,,艾萊實業,花蓮縣花蓮市主商里光復街４５號１樓,花蓮縣,花蓮市,主商里,金三角與東大門核心交會商圈,是,是,50000.0,2014,獨資,Y,1,962299,其他美容美體服務
66960514,,美人衣,花蓮縣花蓮市主商里光復街４６號１樓,花蓮縣,花蓮市,主商里,金三角與東大門核心交會商圈,是,是,450000.0,2006,獨資,N,0,473211,服裝零售
61456110,,中華炸雞,花蓮縣花蓮市主商里光復街４９號,花蓮縣,花蓮市,主商里,金三角與東大門核心交會商圈,是,是,150000.0,2026,獨資,N,0,561113,麵店、小吃店
93048015,,雞白郎拉麵,花蓮縣花蓮市主商里光復街５０號,花蓮縣,花蓮市,主商里,金三角與東大門核心交會商圈,是,是,80000.0,2024,獨資,N,0,561113,麵店、小吃店
91154334,,騏瑞髮廊,花蓮縣花蓮市主商里光復街５１號１樓,花蓮縣,花蓮市,主商里,金三角與東大門核心交會商圈,是,是,200000.0,2021,獨資,N,0,962111,美髮院及髮廊
60251504,,鑫鑫沙龍小吃店,花蓮縣花蓮市主商里光復街５２－１號１樓,花蓮縣,花蓮市,主商里,金三角與東大門核心交會商圈,是,是,100000.0,2026,獨資,N,0,561113,麵店、小吃店
31609769,,媽媽廚房小吃店,花蓮縣花蓮市主商里光復街５３號１樓,花蓮縣,花蓮市,主商里,金三角與東大門核心交會商圈,是,是,3000.0,2011,獨資,N,0,561113,麵店、小吃店
50746948,,貼心店家企業社,花蓮縣花蓮市主商里光復街５５號１樓,花蓮縣,花蓮市,主商里,金三角與東大門核心交會商圈,是,是,100000.0,2017,獨資,N,0,473299,其他服裝及其配件零售
41463010,,百瑩精品服飾,花蓮縣花蓮市主商里光復街６０號１樓,花蓮縣,花蓮市,主商里,金三角與東大門核心交會商圈,是,是,100000.0,2015,獨資,N,0,473211,服裝零售
87346894,,夾去配商行,花蓮縣花蓮市主商里光復街６０號１樓,花蓮縣,花蓮市,主商里,金三角與東大門核心交會商圈,是,是,30000.0,2020,獨資,N,0,932414,夾娃娃機店
08146871,,花蓮縣福州同鄉會,花蓮縣花蓮市主商里光復街６０號２樓,花蓮縣,花蓮市,主商里,金三角與東大門核心交會商圈,是,是,3000.0,1955,其他,N,0,681112,自有不動產租賃
93049582,,悅海樂園,花蓮縣花蓮市主商里光復街６１號,花蓮縣,花蓮市,主商里,金三角與東大門核心交會商圈,是,是,200000.0,2024,獨資,Y,1,932414,夾娃娃機店
20063621,,光復街軍用品社,花蓮縣花蓮市主商里光復街６８號,花蓮縣,花蓮市,主商里,金三角與東大門核心交會商圈,是,是,50000.0,1997,獨資,N,0,473211,服裝零售
94766055,,金蓬萊銀樓,花蓮縣花蓮市主商里南京街２４１號,花蓮縣,花蓮市,主商里,金三角與東大門核心交會商圈,是,是,150000.0,1983,獨資,Y,1,474511,金（銀）飾零售
20056190,,中山天然水晶,花蓮縣花蓮市主商里南京街２５３號１樓,花蓮縣,花蓮市,主商里,金三角與東大門核心交會商圈,是,是,30000.0,1997,獨資,N,0,485216,礦物（寶石、貴金屬除外）零售
94803636,,德昌精品店,花蓮縣花蓮市主商里南京街３１８號,花蓮縣,花蓮市,主商里,金三角與東大門核心交會商圈,是,是,10000.0,1982,獨資,N,0,473211,服裝零售
91151316,,楷宇文創設計,花蓮縣花蓮市主商里南京街３２０號,花蓮縣,花蓮市,主商里,金三角與東大門核心交會商圈,是,是,100000.0,2021,獨資,N,0,740912,商業設計
72847174,,沛歐代服飾店,花蓮縣花蓮市主商里南京街３２２號１樓,花蓮縣,花蓮市,主商里,金三角與東大門核心交會商圈,是,是,200000.0,2018,合夥,N,0,473999,未分類其他服飾品零售
76957411,,東禾禮品社,花蓮縣花蓮市主商里南京街３２６號,花蓮縣,花蓮市,主商里,金三角與東大門核心交會商圈,是,是,49000.0,1990,獨資,N,0,485299,未分類其他全新商品零售
85210941,,不正坊,花蓮縣花蓮市主商里南京街３２８號１樓,花蓮縣,花蓮市,主商里,金三角與東大門核心交會商圈,是,是,58000.0,2020,獨資,N,0,472922,西點麵包零售
60247777,,巴各浪餐酒館,花蓮縣花蓮市主商里南京街３３０號,花蓮縣,花蓮市,主商里,金三角與東大門核心交會商圈,是,是,100000.0,2025,獨資,N,0,561115,餐廳
94853781,,萬昌鐘錶眼鏡行,花蓮縣花蓮市主商里南京街３４０號,花蓮縣,花蓮市,主商里,金三角與東大門核心交會商圈,是,是,20000.0,1985,獨資,N,0,474411,鐘錶及其零配件零售
26788799,,史迪奇服飾,花蓮縣花蓮市主商里南京街３４２號１樓,花蓮縣,花蓮市,主商里,金三角與東大門核心交會商圈,是,是,240000.0,2011,獨資,N,0,473211,服裝零售
94837066,,一流冷飲店,花蓮縣花蓮市主商里南京街３４６號,花蓮縣,花蓮市,主商里,金三角與東大門核心交會商圈,是,是,5000.0,1984,獨資,N,0,563199,其他飲料店
78854616,,沙樂美銀樓,花蓮縣花蓮市主商里博愛街１０４之１號１樓,花蓮縣,花蓮市,主商里,金三角與東大門核心交會商圈,是,是,300000.0,1994,獨資,Y,1,474511,金（銀）飾零售
87350411,,咪咪小舖,花蓮縣花蓮市主商里博愛街１０６號１樓,花蓮縣,花蓮市,主商里,金三角與東大門核心交會商圈,是,是,50000.0,2020,獨資,N,0,473999,未分類其他服飾品零售
92534805,,今天吃素御便當,花蓮縣花蓮市主商里博愛街１１０－１號１樓,花蓮縣,花蓮市,主商里,金三角與東大門核心交會商圈,是,是,5000.0,2023,獨資,N,0,561112,便當、自助餐店
27447594,,佩蒂宅有限公司,花蓮縣花蓮市主商里博愛街１３０號１樓,花蓮縣,花蓮市,主商里,金三角與東大門核心交會商圈,是,是,1000000.0,2004,有限公司,Y,1,475299,其他化粧品零售
31797426,,巴仕達義大利麵,花蓮縣花蓮市主商里博愛街１３２號,花蓮縣,花蓮市,主商里,金三角與東大門核心交會商圈,是,是,50000.0,2013,獨資,Y,1,561115,餐廳
94196908,,新味醬油食品工廠,花蓮縣花蓮市主商里博愛街１３４號,花蓮縣,花蓮市,主商里,金三角與東大門核心交會商圈,是,是,1000000.0,1977,獨資,Y,1,472920,調味料零售
31795840,,黑芭比企業,花蓮縣花蓮市主商里博愛街１４６號,花蓮縣,花蓮市,主商里,金三角與東大門核心交會商圈,是,是,200000.0,2013,獨資,N,0,563199,其他飲料店
93054331,,初樂美學空間,花蓮縣花蓮市主商里博愛街１４６號１樓,花蓮縣,花蓮市,主商里,金三角與東大門核心交會商圈,是,是,200000.0,2024,獨資,N,0,962211,美甲美睫服務
61456224,,茉莉花美學會舘,花蓮縣花蓮市主商里博愛街１４６號２樓,花蓮縣,花蓮市,主商里,金三角與東大門核心交會商圈,是,是,100000.0,2026,獨資,N,0,475299,其他化粧品零售
94238533,83155731,政宗燒肉股份有限公司花蓮分公司,花蓮縣花蓮市主商里博愛街１４８―１號１樓,花蓮縣,花蓮市,主商里,金三角與東大門核心交會商圈,是,是,0.0,2023,本國公司設立之分公司,Y,1,561115,餐廳
92637751,,黑框活動企劃,花蓮縣花蓮市主商里博愛街１４８―２號２樓,花蓮縣,花蓮市,主商里,金三角與東大門核心交會商圈,是,是,100000.0,2023,獨資,N,0,969099,未分類其他個人服務
34887718,,富鼎實業,花蓮縣花蓮市主商里博愛街１５４號１樓,花蓮縣,花蓮市,主商里,金三角與東大門核心交會商圈,是,是,100000.0,2010,獨資,N,0,473214,真皮皮包、手提包零售
72817571,,尤大廚私房麵館,花蓮縣花蓮市主商里博愛街２４巷３７號１樓,花蓮縣,花蓮市,主商里,金三角與東大門核心交會商圈,是,是,100000.0,2017,獨資,N,0,561113,麵店、小吃店
91589788,,鼎鮮果菜行,花蓮縣花蓮市主商里博愛街３６號,花蓮縣,花蓮市,主商里,金三角與東大門核心交會商圈,是,是,100000.0,2022,獨資,N,0,472111,蔬菜零售
91907257,,明美學,花蓮縣花蓮市主商里博愛街３８號１樓,花蓮縣,花蓮市,主商里,金三角與東大門核心交會商圈,是,是,28000.0,2022,獨資,N,0,962111,美髮院及髮廊
94172906,,育樂社,花蓮縣花蓮市主商里博愛街８０號１樓,花蓮縣,花蓮市,主商里,金三角與東大門核心交會商圈,是,是,2000000.0,1963,獨資,Y,1,476399,其他玩具及娛樂用品零售
87353780,,鬥旺咖啡烘焙坊,花蓮縣花蓮市主商里博愛街８２號１樓,花蓮縣,花蓮市,主商里,金三角與東大門核心交會商圈,是,是,230000.0,2021,獨資,N,0,561115,餐廳
93055535,,雅硯美學工作室,花蓮縣花蓮市主商里博愛街８４號１樓,花蓮縣,花蓮市,主商里,金三角與東大門核心交會商圈,是,是,100000.0,2024,獨資,N,0,962299,其他美容美體服務
94201108,,英美針車行,花蓮縣花蓮市主商里博愛街９０號,花蓮縣,花蓮市,主商里,金三角與東大門核心交會商圈,是,是,4000.0,1977,獨資,N,0,464999,未分類其他機械器具批發
92537541,,嘎勒美髮工作室,花蓮縣花蓮市主商里博愛街９６號,花蓮縣,花蓮市,主商里,金三角與東大門核心交會商圈,是,是,10000.0,2023,獨資,N,0,962111,美髮院及髮廊
37861347,,阿香虱目魚,花蓮縣花蓮市主商里福建街４４５號１樓,花蓮縣,花蓮市,主商里,金三角與東大門核心交會商圈,是,是,50000.0,2012,獨資,N,0,561113,麵店、小吃店
72850085,,中山選物販賣機,花蓮縣花蓮市主商里００１鄰中華路４７號,花蓮縣,花蓮市,主商里,金三角與東大門核心交會商圈,是,是,200000.0,2018,獨資,N,0,932414,夾娃娃機店
60250786,,放羊的孩子企業社,花蓮縣花蓮市主商里００２鄰光復街２０號,花蓮縣,花蓮市,主商里,金三角與東大門核心交會商圈,是,是,80000.0,2026,獨資,N,0,563114,飲酒店
60253088,,沐森禾院沙龍,花蓮縣花蓮市主商里００２鄰光復街２２號１樓,花蓮縣,花蓮市,主商里,金三角與東大門核心交會商圈,是,是,200000.0,2026,獨資,N,0,962111,美髮院及髮廊
92536058,,赤物餐飲企業,花蓮縣花蓮市主商里００２鄰光復街２４號,花蓮縣,花蓮市,主商里,金三角與東大門核心交會商圈,是,是,1500000.0,2023,合夥,Y,1,561117,吃到飽餐廳
95214615,,洋齊餐飲企業,花蓮縣花蓮市主商里００２鄰光復街２４號,花蓮縣,花蓮市,主商里,金三角與東大門核心交會商圈,是,是,200000.0,2025,獨資,Y,1,561115,餐廳
92635368,,甜心店家企業社,花蓮縣花蓮市主商里００３鄰光復街５５號,花蓮縣,花蓮市,主商里,金三角與東大門核心交會商圈,是,是,100000.0,2023,獨資,N,0,487115,經營網路購物（服飾類商品）
54538014,,囍築生活傢俱館有限公司,花蓮縣花蓮市主商里００３鄰光復街５７號１樓,花蓮縣,花蓮市,主商里,金三角與東大門核心交會商圈,是,是,3600000.0,2013,有限公司,Y,1,474211,國產家用家具零售
94262189,,將門火鍋堂有限公司,花蓮縣花蓮市主商里００５鄰中華路５４號,花蓮縣,花蓮市,主商里,金三角與東大門核心交會商圈,是,是,1000000.0,2023,有限公司,Y,1,561115,餐廳
60253361,,興龍樂園,花蓮縣花蓮市主商里００６鄰中正路５４１號１、２樓,花蓮縣,花蓮市,主商里,金三角與東大門核心交會商圈,是,是,200000.0,2026,獨資,N,0,932414,夾娃娃機店
82338494,24860042,寶勁國際有限公司花蓮一店,花蓮縣花蓮市主商里００６鄰中正路５４５號,花蓮縣,花蓮市,主商里,金三角與東大門核心交會商圈,是,是,0.0,2019,其他,Y,1,473312,鞋類及其配件（真皮鞋類及其配件除外）零售
20066471,,愛美視光學眼鏡行,花蓮縣花蓮市主商里００６鄰中正路５４７號１樓,花蓮縣,花蓮市,主商里,金三角與東大門核心交會商圈,是,是,200000.0,1997,獨資,Y,1,474412,眼鏡及其零配件零售
39951533,,谷慕斯小吃店,花蓮縣花蓮市主商里００６鄰博愛街１０８號,花蓮縣,花蓮市,主商里,金三角與東大門核心交會商圈,是,是,200000.0,2014,獨資,Y,1,561115,餐廳
31588315,,花蓮縣原住民族生活產業協會,花蓮縣花蓮市主商里００６鄰博愛街１１６號１樓,花蓮縣,花蓮市,主商里,金三角與東大門核心交會商圈,是,是,3000.0,2011,其他,N,0,485217,手工藝品零售
60247875,,桃十八企業社,花蓮縣花蓮市主商里００６鄰博愛街１１６號１樓,花蓮縣,花蓮市,主商里,金三角與東大門核心交會商圈,是,是,30000.0,2025,獨資,N,0,473211,服裝零售
72898601,46121127,科訊工坊有限公司花忠店,花蓮縣花蓮市主商里００７鄰中正路４９８號,花蓮縣,花蓮市,主商里,金三角與東大門核心交會商圈,是,是,0.0,2018,其他,Y,1,483212,手機及手機週邊零配件零售
92538746,,星鹿工作室,花蓮縣花蓮市主商里００７鄰博愛街１２０號１樓,花蓮縣,花蓮市,主商里,金三角與東大門核心交會商圈,是,是,50000.0,2023,獨資,N,0,561115,餐廳
92637422,,匠傳藝術工作坊,花蓮縣花蓮市主商里００７鄰博愛街１２６號１樓,花蓮縣,花蓮市,主商里,金三角與東大門核心交會商圈,是,是,100000.0,2023,獨資,Y,1,410099,其他建築工程
10665053,,歌羅日式髮藝,花蓮縣花蓮市主商里００７鄰博愛街１２６－１號,花蓮縣,花蓮市,主商里,金三角與東大門核心交會商圈,是,是,3000.0,2008,獨資,N,0,962111,美髮院及髮廊
78047071,,萬安堂中藥舖,花蓮縣花蓮市主商里００８鄰中正路５１４號１樓,花蓮縣,花蓮市,主商里,金三角與東大門核心交會商圈,是,是,3000.0,1992,獨資,N,0,472935,青草零售
91596937,,伍壹肆小吃部,花蓮縣花蓮市主商里００８鄰中正路５１４號２樓,花蓮縣,花蓮市,主商里,金三角與東大門核心交會商圈,是,是,10000.0,2022,獨資,N,0,563114,飲酒店
30206541,,美準鐘錶眼鏡行,花蓮縣花蓮市主商里００９鄰中華路８７號１樓,花蓮縣,花蓮市,主商里,金三角與東大門核心交會商圈,是,是,50000.0,2010,獨資,N,0,474411,鐘錶及其零配件零售
87349230,,礎嚴選生活瓷器行,花蓮縣花蓮市主商里００９鄰博愛街８８號１樓,花蓮縣,花蓮市,主商里,金三角與東大門核心交會商圈,是,是,50000.0,2020,獨資,N,0,474927,陶瓷器皿及餐具零售
41010713,,晴天娃娃童裝,花蓮縣花蓮市主商里０１１鄰博愛街１００號１樓,花蓮縣,花蓮市,主商里,金三角與東大門核心交會商圈,是,是,100000.0,2014,獨資,N,0,473211,服裝零售
24626237,16071698,天加股份有限公司花蓮分公司,花蓮縣花蓮市主商里０１１鄰博愛街６８號,花蓮縣,花蓮市,主商里,金三角與東大門核心交會商圈,是,是,0.0,2014,本國公司設立之分公司,Y,1,551012,旅館
92538470,,金星韓食館,花蓮縣花蓮市主商里０１１鄰博愛街８６號１樓,花蓮縣,花蓮市,主商里,金三角與東大門核心交會商圈,是,是,20000.0,2023,獨資,N,0,561115,餐廳
83237467,,新味貿易有限公司,花蓮縣花蓮市主商里０１３鄰博愛街５６號４樓之１,花蓮縣,花蓮市,主商里,金三角與東大門核心交會商圈,是,是,2000000.0,2020,有限公司,Y,1,454999,未分類其他食品批發
10696106,,水晶能量館,花蓮縣花蓮市主商里０１３鄰博愛街５６號４樓之２,花蓮縣,花蓮市,主商里,金三角與東大門核心交會商圈,是,是,150000.0,2008,獨資,N,0,485217,手工藝品零售
95210792,,玥影舞台服裝用品工作室,花蓮縣花蓮市主商里０１３鄰博愛街５６號７樓之３,花蓮縣,花蓮市,主商里,金三角與東大門核心交會商圈,是,是,249999.0,2025,獨資,N,0,773099,其他個人及家庭用品租賃
95210358,,海王子企業社,花蓮縣花蓮市主商里０１５鄰光復街１６號,花蓮縣,花蓮市,主商里,金三角與東大門核心交會商圈,是,是,200000.0,2025,獨資,N,0,561115,餐廳
91596704,,韓粿蔬食,花蓮縣花蓮市主商里０１５鄰光復街２―１號,花蓮縣,花蓮市,主商里,金三角與東大門核心交會商圈,是,是,30000.0,2022,獨資,N,0,561115,餐廳
85210034,,東尼斯美容養生館,花蓮縣花蓮市主商里０１６鄰福建街４３９號１樓,花蓮縣,花蓮市,主商里,金三角與東大門核心交會商圈,是,是,200000.0,2019,合夥,Y,1,475299,其他化粧品零售
41012070,,敏娜服飾行,花蓮縣花蓮市主商里０１７鄰光復街５６號,花蓮縣,花蓮市,主商里,金三角與東大門核心交會商圈,是,是,50000.0,2014,獨資,N,0,473211,服裝零售
41008478,,采緹精品屋,花蓮縣花蓮市主商里０１７鄰光復街５６號１樓,花蓮縣,花蓮市,主商里,金三角與東大門核心交會商圈,是,是,249000.0,2014,獨資,Y,1,475299,其他化粧品零售
87350138,,存嶸商號,花蓮縣花蓮市主商里０１９鄰中華路２６號１樓,花蓮縣,花蓮市,主商里,金三角與東大門核心交會商圈,是,是,50000.0,2020,獨資,Y,1,563115,手搖飲店
60206086,,立康藥妝,花蓮縣花蓮市主商里０１９鄰中華路３４號１樓,花蓮縣,花蓮市,主商里,金三角與東大門核心交會商圈,是,是,200000.0,2025,獨資,Y,1,475112,西藥零售
82178948,,等一下服飾,花蓮縣花蓮市主商里０２２鄰中正路５５１巷１５號１樓,花蓮縣,花蓮市,主商里,金三角與東大門核心交會商圈,是,是,20000.0,2019,獨資,N,0,473999,未分類其他服飾品零售
60248945,,心蘋服飾企業,花蓮縣花蓮市主商里０２２鄰中正路５５１巷１９號,花蓮縣,花蓮市,主商里,金三角與東大門核心交會商圈,是,是,200000.0,2025,獨資,N,0,473211,服裝零售
94247667,,療域股份有限公司,花蓮縣花蓮市主商里０２２鄰中正路５５１巷２１號２樓,花蓮縣,花蓮市,主商里,金三角與東大門核心交會商圈,是,是,1000.0,2023,股份有限公司,Y,1,561115,餐廳
92635064,,博愛燒肉工房,花蓮縣花蓮市主商里０２３鄰博愛街１３６號,花蓮縣,花蓮市,主商里,金三角與東大門核心交會商圈,是,是,200000.0,2023,合夥,Y,1,561115,餐廳
96770028,,呷天下有限公司,花蓮縣花蓮市主商里０２３鄰博愛街１４４號１樓,花蓮縣,花蓮市,主商里,金三角與東大門核心交會商圈,是,是,2000000.0,2024,有限公司,Y,1,561113,麵店、小吃店
93049746,,麵屋心本店,花蓮縣花蓮市主商里０２３鄰博愛街１５０號１樓,花蓮縣,花蓮市,主商里,金三角與東大門核心交會商圈,是,是,200000.0,2024,獨資,N,0,561115,餐廳
37995752,,豪發投注站,花蓮縣花蓮市主商里１鄰中華路４７號,花蓮縣,花蓮市,主商里,金三角與東大門核心交會商圈,是,是,3000.0,2013,獨資,N,0,920011,彩券銷售
99439003,,人體藝術精品館,花蓮縣花蓮市主商里１鄰中華路５３－１號１樓,花蓮縣,花蓮市,主商里,金三角與東大門核心交會商圈,是,是,200000.0,2004,獨資,N,0,473299,其他服裝及其配件零售
29131662,,阿思瑪麗景大飯店股份有限公司,花蓮縣花蓮市主商里１１鄰博愛街６８號,花蓮縣,花蓮市,主商里,金三角與東大門核心交會商圈,是,是,60000000.0,2010,股份有限公司,Y,1,551012,旅館
92537628,,沐食堂,花蓮縣花蓮市主商里１１鄰博愛街７６號１樓,花蓮縣,花蓮市,主商里,金三角與東大門核心交會商圈,是,是,20000.0,2023,獨資,N,0,561115,餐廳
94833596,,光文社,花蓮縣花蓮市主商里１１鄰博愛街７８號,花蓮縣,花蓮市,主商里,金三角與東大門核心交會商圈,是,是,9000.0,1984,獨資,Y,1,476111,文具零售
95215810,,極炙牛排,花蓮縣花蓮市主商里１５鄰福町路３１號,花蓮縣,花蓮市,主商里,金三角與東大門核心交會商圈,是,是,200000.0,2025,獨資,Y,1,561115,餐廳
60245932,,豪味鍋物,花蓮縣花蓮市主商里１５鄰福町路３３號,花蓮縣,花蓮市,主商里,金三角與東大門核心交會商圈,是,是,100000.0,2025,獨資,Y,1,561115,餐廳
93054613,,星星親子樂園選物販賣店,花蓮縣花蓮市主商里１５鄰福町路３５號,花蓮縣,花蓮市,主商里,金三角與東大門核心交會商圈,是,是,200000.0,2024,獨資,N,0,932414,夾娃娃機店
37996210,,宇宙先進小百貨,花蓮縣花蓮市主商里１７鄰光復街５４號１樓,花蓮縣,花蓮市,主商里,金三角與東大門核心交會商圈,是,是,50000.0,2013,獨資,N,0,473215,皮包、手提包（真皮皮包、手提包除外）零售
94667082,,至寶金銀珠寶行,花蓮縣花蓮市主商里１８鄰光復街４２號,花蓮縣,花蓮市,主商里,金三角與東大門核心交會商圈,是,是,150000.0,1976,獨資,Y,1,474511,金（銀）飾零售
94792477,,沙樂美電料廚具行,花蓮縣花蓮市主商里２鄰光復街２８號,花蓮縣,花蓮市,主商里,金三角與東大門核心交會商圈,是,是,9000.0,1981,獨資,Y,1,474115,家用排油煙機零售
80595051,89430806,笑笑笑國際股份有限公司花蓮中正分公司,花蓮縣花蓮市主商里２２鄰中正路５３５號,花蓮縣,花蓮市,主商里,金三角與東大門核心交會商圈,是,是,0.0,2003,本國公司設立之分公司,Y,1,471112,直營連鎖式便利商店
49913670,,南法香頌坊,花蓮縣花蓮市主商里２２鄰中正路５５１巷１７號１樓,花蓮縣,花蓮市,主商里,金三角與東大門核心交會商圈,是,是,200000.0,2005,獨資,N,0,474999,未分類其他家用器具及用品零售
30206459,,耀沅企業社,花蓮縣花蓮市主商里２２鄰中正路５５１巷２１號１樓,花蓮縣,花蓮市,主商里,金三角與東大門核心交會商圈,是,是,10000.0,2010,獨資,N,0,473211,服裝零售
10060272,,石門舊書舖子,花蓮縣花蓮市主商里３鄰光復街５７號１樓,花蓮縣,花蓮市,主商里,金三角與東大門核心交會商圈,是,是,3000.0,2007,獨資,N,0,485399,其他中古商品（汽機車及其零配件除外）零售
00025771,,綺鑫有限公司,花蓮縣花蓮市主商里５鄰中華路５６號１樓,花蓮縣,花蓮市,主商里,金三角與東大門核心交會商圈,是,是,300000.0,2024,有限公司,Y,1,473212,內衣零售
10092648,,尚美珠寶,花蓮縣花蓮市主商里７鄰中正路４９４號１樓,花蓮縣,花蓮市,主商里,金三角與東大門核心交會商圈,是,是,2000000.0,2007,獨資,Y,1,681112,自有不動產租賃
93567352,,浩晶有限公司,花蓮縣花蓮市主商里７鄰中正路４９４號１樓,花蓮縣,花蓮市,主商里,金三角與東大門核心交會商圈,是,是,2000000.0,2024,有限公司,Y,1,483212,手機及手機週邊零配件零售
91605345,,市中心民宿,花蓮縣花蓮市主商里７鄰中正路４９４號２樓,花蓮縣,花蓮市,主商里,金三角與東大門核心交會商圈,是,是,600000.0,2022,獨資,N,0,551013,民宿
30203299,,三隻無尾熊西式料理,花蓮縣花蓮市主商里７鄰博愛街１２２號,花蓮縣,花蓮市,主商里,金三角與東大門核心交會商圈,是,是,3000.0,2009,獨資,N,0,561115,餐廳
31797002,,瑞寶企業社,花蓮縣花蓮市主商里８鄰中正路５０６號１樓,花蓮縣,花蓮市,主商里,金三角與東大門核心交會商圈,是,是,200000.0,2013,獨資,Y,1,473312,鞋類及其配件（真皮鞋類及其配件除外）零售
37750721,,花草空間,花蓮縣花蓮市主商里８鄰博愛街１４０號１樓,花蓮縣,花蓮市,主商里,金三角與東大門核心交會商圈,是,是,400000.0,2012,獨資,N,0,563112,咖啡館
70972597,,名家服飾,花蓮縣花蓮市主商里９鄰中華路８７號１樓,花蓮縣,花蓮市,主商里,金三角與東大門核心交會商圈,是,是,50000.0,2000,獨資,Y,1,473999,未分類其他服飾品零售
70965435,,金典鐘錶銀樓,花蓮縣花蓮市主商里９鄰博愛街８８號１樓,花蓮縣,花蓮市,主商里,金三角與東大門核心交會商圈,是,是,600000.0,1999,獨資,N,0,474411,鐘錶及其零配件零售
87353022,,和平楊虱目魚專賣店,花蓮縣花蓮市主學里上海街１３２號１樓,花蓮縣,花蓮市,主學里,金三角商圈,是,否,100000.0,2021,獨資,N,0,561115,餐廳
87344087,,天堂寵物樂園,花蓮縣花蓮市主學里上海街３０號１樓,花蓮縣,花蓮市,主學里,金三角商圈,是,否,60000.0,2020,獨資,N,0,963016,寵物屍體處理
82177624,,波奇企業社,花蓮縣花蓮市主學里上海街６１號１樓,花蓮縣,花蓮市,主學里,金三角商圈,是,否,100000.0,2018,獨資,N,0,471999,未分類其他綜合商品零售
01822406,,上海動物醫院,花蓮縣花蓮市主學里上海街６３號,花蓮縣,花蓮市,主學里,金三角商圈,是,否,5000.0,2013,獨資,N,0,475114,動物藥品零售
94836854,,坤泰服裝行,花蓮縣花蓮市主學里上海街８０號,花蓮縣,花蓮市,主學里,金三角商圈,是,否,5000.0,1984,獨資,N,0,473211,服裝零售
54779049,,立益騰工程有限公司,花蓮縣花蓮市主學里中和街１０４號１樓,花蓮縣,花蓮市,主學里,金三角商圈,是,否,1500000.0,2014,有限公司,Y,1,434014,防水工程
55884151,,樂沛生技有限公司,花蓮縣花蓮市主學里中和街１１６號１樓,花蓮縣,花蓮市,主學里,金三角商圈,是,否,2000000.0,2016,有限公司,Y,1,457113,醫療耗材批發
31792843,,澎風水煎包,花蓮縣花蓮市主學里中和街１１８號,花蓮縣,花蓮市,主學里,金三角商圈,是,否,5000.0,2012,獨資,N,0,561115,餐廳
82183837,,黑糖屋甜品店,花蓮縣花蓮市主學里中和街１１９號,花蓮縣,花蓮市,主學里,金三角商圈,是,否,100000.0,2019,獨資,N,0,563199,其他飲料店
31798213,,大陸妹果菜行,花蓮縣花蓮市主學里中和街１２２―１號,花蓮縣,花蓮市,主學里,金三角商圈,是,否,150000.0,2013,獨資,N,0,472111,蔬菜零售
91593538,,匠塗匠作工作坊,花蓮縣花蓮市主學里中和街１２２號１樓,花蓮縣,花蓮市,主學里,金三角商圈,是,否,200000.0,2022,獨資,Y,1,434012,油漆粉刷、壁飾（紙）黏貼工程
92539409,,沿杉戶外活動社,花蓮縣花蓮市主學里中和街１２６號,花蓮縣,花蓮市,主學里,金三角商圈,是,否,220000.0,2023,獨資,N,0,931912,水域運動服務
50746784,,莉華餐飲,花蓮縣花蓮市主學里中和街１３１號１樓,花蓮縣,花蓮市,主學里,金三角商圈,是,否,5000.0,2017,獨資,N,0,561113,麵店、小吃店
10628451,,辛光汽車電機行,花蓮縣花蓮市主學里中和街１３７號,花蓮縣,花蓮市,主學里,金三角商圈,是,否,3000.0,2008,獨資,N,0,484311,汽車零件、汽車百貨零售
76955716,,齊香行,花蓮縣花蓮市主學里中和街１４６號,花蓮縣,花蓮市,主學里,金三角商圈,是,否,5000.0,1990,獨資,Y,1,472914,飲料零售
93052586,,德脩生技藥品行,花蓮縣花蓮市主學里中和街１５２號１樓,花蓮縣,花蓮市,主學里,金三角商圈,是,否,200000.0,2024,獨資,Y,1,457112,西藥批發
37996366,,運糧企業社,花蓮縣花蓮市主學里中和街１６８號１樓,花蓮縣,花蓮市,主學里,金三角商圈,是,否,200000.0,2013,獨資,Y,1,494099,其他汽車貨運
87429661,,双擊刺青,花蓮縣花蓮市主學里中和街１８２－１號１樓,花蓮縣,花蓮市,主學里,金三角商圈,是,否,80000.0,2020,獨資,N,0,969017,紋身、紋眉服務
19530660,,美綺彩色快速沖印,花蓮縣花蓮市主學里中正路２１８號,花蓮縣,花蓮市,主學里,金三角商圈,是,否,200000.0,1996,獨資,Y,1,760112,相片沖洗
93054091,,餐聯設備顧問企業社,花蓮縣花蓮市主學里中正路２２１號２樓,花蓮縣,花蓮市,主學里,金三角商圈,是,否,100000.0,2024,獨資,Y,1,702099,其他管理顧問
94250901,,陳家園葯房,花蓮縣花蓮市主學里中正路２２３號,花蓮縣,花蓮市,主學里,金三角商圈,是,否,2000.0,1977,獨資,N,0,475111,中藥零售
31793033,,陳家園傳統整復推拿所,花蓮縣花蓮市主學里中正路２２３號１樓,花蓮縣,花蓮市,主學里,金三角商圈,是,否,3000.0,2012,獨資,N,0,869919,國術損傷接骨、國術推拿服務
91151553,,天成事業,花蓮縣花蓮市主學里中正路２２３號１樓,花蓮縣,花蓮市,主學里,金三角商圈,是,否,50000.0,2021,獨資,N,0,485212,宗教、喪葬用品零售
16699045,,世通遊覽車客運股份有限公司,花蓮縣花蓮市主學里中正路２２４號,花蓮縣,花蓮市,主學里,金三角商圈,是,否,50000000.0,1998,股份有限公司,Y,1,493912,遊覽車客運
70825667,16740494,全聯實業股份有限公司花蓮中正分公司,花蓮縣花蓮市主學里中正路２３０號１樓,花蓮縣,花蓮市,主學里,金三角商圈,是,否,0.0,2001,本國公司設立之分公司,Y,1,471999,未分類其他綜合商品零售
78845363,,華廈美而美速食店,花蓮縣花蓮市主學里中正路２３１號１樓,花蓮縣,花蓮市,主學里,金三角商圈,是,否,300000.0,1993,獨資,Y,1,561111,早餐店
60249655,,陸肆貳商行,花蓮縣花蓮市主學里中正路２３１號２樓,花蓮縣,花蓮市,主學里,金三角商圈,是,否,200000.0,2026,獨資,Y,1,454999,未分類其他食品批發
95212004,,隨馨飯盒,花蓮縣花蓮市主學里中正路２３９號,花蓮縣,花蓮市,主學里,金三角商圈,是,否,150000.0,2025,獨資,N,0,561112,便當、自助餐店
87344018,,康健企業社,花蓮縣花蓮市主學里中正路２４７號１樓,花蓮縣,花蓮市,主學里,金三角商圈,是,否,50000.0,2020,獨資,Y,1,472933,保健營養食品零售
08722310,,宏珵工程行,花蓮縣花蓮市主學里中正路２４９巷４８號１樓,花蓮縣,花蓮市,主學里,金三角商圈,是,否,490000.0,2005,獨資,Y,1,433111,水電工程
50747411,,東台灣深度玩家自由行,花蓮縣花蓮市主學里中正路２４９巷７０號１樓,花蓮縣,花蓮市,主學里,金三角商圈,是,否,100000.0,2017,獨資,N,0,932999,未分類其他娛樂及休閒服務
72850120,,無慮小舖,花蓮縣花蓮市主學里中正路２５０號１樓,花蓮縣,花蓮市,主學里,金三角商圈,是,否,50000.0,2018,獨資,N,0,487199,其他電子購物及郵購
85213573,,無敵好夾選物販賣機,花蓮縣花蓮市主學里中正路２５０號１樓,花蓮縣,花蓮市,主學里,金三角商圈,是,否,100000.0,2019,獨資,N,0,932414,夾娃娃機店
87346992,,秉益選物販賣店,花蓮縣花蓮市主學里中正路２５０號１樓,花蓮縣,花蓮市,主學里,金三角商圈,是,否,50000.0,2020,獨資,N,0,932414,夾娃娃機店
49763095,,鴻海科技車業,花蓮縣花蓮市主學里中正路２５１號,花蓮縣,花蓮市,主學里,金三角商圈,是,否,248000.0,2016,獨資,N,0,772999,未分類其他運輸工具租賃
50745080,,馨韻髮藝,花蓮縣花蓮市主學里中正路２５２號１樓,花蓮縣,花蓮市,主學里,金三角商圈,是,否,5000.0,2017,獨資,N,0,962112,理髮店
91664081,,小太羊藥局,花蓮縣花蓮市主學里中正路２５４號１樓,花蓮縣,花蓮市,主學里,金三角商圈,是,否,200000.0,2022,獨資,N,0,475112,西藥零售
49750227,,花蓮慶祥慶典商行,花蓮縣花蓮市主學里中正路２５５號１樓,花蓮縣,花蓮市,主學里,金三角商圈,是,否,5000.0,2016,獨資,N,0,472999,未分類其他食品、飲料及菸草製品零售
87353563,,芯維科技企業社,花蓮縣花蓮市主學里中正路２５６號１樓,花蓮縣,花蓮市,主學里,金三角商圈,是,否,200000.0,2021,獨資,N,0,952200,通訊傳播設備維修
20064847,,俊達車業行,花蓮縣花蓮市主學里中正路２５８之２號,花蓮縣,花蓮市,主學里,金三角商圈,是,否,50000.0,1997,獨資,Y,1,451099,其他商品批發經紀
61455288,,發發發彩券行,花蓮縣花蓮市主學里中正路２５８號１樓,花蓮縣,花蓮市,主學里,金三角商圈,是,否,50000.0,2026,獨資,N,0,920011,彩券銷售
13968242,,梁家沙發,花蓮縣花蓮市主學里中正路２５９號,花蓮縣,花蓮市,主學里,金三角商圈,是,否,3000.0,2002,獨資,N,0,959999,其他未分類個人及家庭用品維修
27240600,23060248,全家便利商店股份有限公司花蓮中福分公司,花蓮縣花蓮市主學里中正路２６８號１樓,花蓮縣,花蓮市,主學里,金三角商圈,是,否,0.0,2004,本國公司設立之分公司,Y,1,471113,加盟連鎖式便利商店（有商品進、銷貨行為）
67940397,,佑倡電器工程行,花蓮縣花蓮市主學里中正路２６９號１樓,花蓮縣,花蓮市,主學里,金三角商圈,是,否,6500000.0,1998,合夥,Y,1,474199,其他家用電器零售
97248470,,新毅格有限公司,花蓮縣花蓮市主學里中正路２８０號,花蓮縣,花蓮市,主學里,金三角商圈,是,否,2000000.0,1996,有限公司,Y,1,551012,旅館
09977402,,百漢中藥行,花蓮縣花蓮市主學里中正路２８０號１樓,花蓮縣,花蓮市,主學里,金三角商圈,是,否,60000.0,2006,獨資,N,0,475111,中藥零售
92639940,,時來運轉小吃店,花蓮縣花蓮市主學里中正路２８６號１樓,花蓮縣,花蓮市,主學里,金三角商圈,是,否,100000.0,2023,獨資,N,0,561113,麵店、小吃店
10637037,,三兄弟魷魚焿,花蓮縣花蓮市主學里中正路２９０號,花蓮縣,花蓮市,主學里,金三角商圈,是,否,3000.0,2008,獨資,N,0,561113,麵店、小吃店
97398694,,花東輪胎有限公司,花蓮縣花蓮市主學里中正路２９７號―樓,花蓮縣,花蓮市,主學里,金三角商圈,是,否,1500000.0,1997,有限公司,Y,1,484315,汽車輪胎零售
13968398,,第一電阻企業社,花蓮縣花蓮市主學里中正路３０４號,花蓮縣,花蓮市,主學里,金三角商圈,是,否,5000.0,2002,獨資,N,0,952312,家用電器維修
92536233,,正大中藥行,花蓮縣花蓮市主學里中正路３０９號,花蓮縣,花蓮市,主學里,金三角商圈,是,否,230000.0,2023,獨資,N,0,475111,中藥零售
78033822,,天心食品,花蓮縣花蓮市主學里中正路３１３號,花蓮縣,花蓮市,主學里,金三角商圈,是,否,200000.0,1991,獨資,Y,1,472922,西點麵包零售
61456104,,國𡺨工程行,花蓮縣花蓮市主學里中正路３１５巷１１號１樓,花蓮縣,花蓮市,主學里,金三角商圈,是,否,230000.0,2026,獨資,Y,1,410011,房屋修繕
92536965,,立佳禮品行,花蓮縣花蓮市主學里中正路３１５巷２４號,花蓮縣,花蓮市,主學里,金三角商圈,是,否,50000.0,2023,獨資,N,0,485111,切花、盆栽零售
60252829,,林家古早味油條,花蓮縣花蓮市主學里中正路３１５巷３號,花蓮縣,花蓮市,主學里,金三角商圈,是,否,50000.0,2026,獨資,N,0,561113,麵店、小吃店
60267652,,３２１公寓民宿,花蓮縣花蓮市主學里中正路３２１號,花蓮縣,花蓮市,主學里,金三角商圈,是,否,200000.0,2025,獨資,N,0,551013,民宿
92637099,,樂娃商行,花蓮縣花蓮市主學里中正路３２５號１樓,花蓮縣,花蓮市,主學里,金三角商圈,是,否,200000.0,2023,合夥,Y,1,471999,未分類其他綜合商品零售
26116060,,双口檳榔,花蓮縣花蓮市主學里中正路３３２號１樓,花蓮縣,花蓮市,主學里,金三角商圈,是,否,3000.0,2009,獨資,N,0,472936,檳榔零售
91591882,,大漢早點,花蓮縣花蓮市主學里中正路３３５號,花蓮縣,花蓮市,主學里,金三角商圈,是,否,100000.0,2022,獨資,N,0,561111,早餐店
08138485,,亞馨文創休閒旅館,花蓮縣花蓮市主學里中正路３３６巷１弄１號,花蓮縣,花蓮市,主學里,金三角商圈,是,否,240000.0,1986,合夥,Y,1,551012,旅館
93057463,,天藝佛俱坊,花蓮縣花蓮市主學里中正路３３６巷１弄２０號,花蓮縣,花蓮市,主學里,金三角商圈,是,否,50000.0,2024,獨資,Y,1,487199,其他電子購物及郵購
20050604,,世良旅館,花蓮縣花蓮市主學里中正路３３６巷２弄１號,花蓮縣,花蓮市,主學里,金三角商圈,是,否,50000.0,1997,獨資,Y,1,551012,旅館
10627740,,卡莎之貝美容工作室,花蓮縣花蓮市主學里中正路３３６巷２弄１５號１樓,花蓮縣,花蓮市,主學里,金三角商圈,是,否,3000.0,2008,獨資,N,0,962299,其他美容美體服務
10568756,,歐洲之星民宿,花蓮縣花蓮市主學里中正路３５４號,花蓮縣,花蓮市,主學里,金三角商圈,是,否,3000.0,2008,獨資,N,0,551013,民宿
60247755,,予你美學工作室,花蓮縣花蓮市主學里中正路３５５號,花蓮縣,花蓮市,主學里,金三角商圈,是,否,200000.0,2025,獨資,N,0,962211,美甲美睫服務
92641919,,東京甩爪選物販賣店,花蓮縣花蓮市主學里中正路３５６號,花蓮縣,花蓮市,主學里,金三角商圈,是,否,50000.0,2023,獨資,N,0,932414,夾娃娃機店
82178399,,三五八平價牛排,花蓮縣花蓮市主學里中正路３５８號１樓,花蓮縣,花蓮市,主學里,金三角商圈,是,否,10000.0,2018,獨資,N,0,561113,麵店、小吃店
54370599,22006252,全國電子股份有限公司花蓮縣第十一分公司,花蓮縣花蓮市主學里中正路３５９、３６１、３６３、３６５號,花蓮縣,花蓮市,主學里,金三角商圈,是,否,0.0,2013,本國公司設立之分公司,Y,1,474199,其他家用電器零售
50693484,,躼腳啤酒吧,花蓮縣花蓮市主學里中正路３６２號１樓,花蓮縣,花蓮市,主學里,金三角商圈,是,否,80000.0,2016,獨資,N,0,561113,麵店、小吃店
94798303,,建利五金行,花蓮縣花蓮市主學里中正路３６６號,花蓮縣,花蓮市,主學里,金三角商圈,是,否,5000.0,1981,獨資,Y,1,481014,居家修繕用品零售
61480890,,大盈企業社,花蓮縣花蓮市主學里中正路３７１號１樓,花蓮縣,花蓮市,主學里,金三角商圈,是,否,50000.0,2026,獨資,N,0,932414,夾娃娃機店
67935839,,名瑠女子美容院,花蓮縣花蓮市主學里中正路３７５號,花蓮縣,花蓮市,主學里,金三角商圈,是,否,100000.0,1998,獨資,N,0,962111,美髮院及髮廊
95210316,,漢唐選物販賣社,花蓮縣花蓮市主學里中正路３７９―１號,花蓮縣,花蓮市,主學里,金三角商圈,是,否,200000.0,2025,獨資,N,0,932414,夾娃娃機店
26787932,,賀蜜雅食品行,花蓮縣花蓮市主學里中正路３７９―２號,花蓮縣,花蓮市,主學里,金三角商圈,是,否,200000.0,2011,獨資,Y,1,472999,未分類其他食品、飲料及菸草製品零售
49775141,,和平鵝肉担,花蓮縣花蓮市主學里中正路３７９號１樓,花蓮縣,花蓮市,主學里,金三角商圈,是,否,50000.0,2016,合夥,Y,1,561113,麵店、小吃店
60253756,,源萃美美學館,花蓮縣花蓮市主學里中福路１２３號１樓,花蓮縣,花蓮市,主學里,金三角商圈,是,否,99999.0,2026,獨資,N,0,962299,其他美容美體服務
61480337,,大春企業社,花蓮縣花蓮市主學里中福路１２４號１樓,花蓮縣,花蓮市,主學里,金三角商圈,是,否,50000.0,2026,獨資,N,0,932414,夾娃娃機店
18057166,,名特美髮工作室,花蓮縣花蓮市主學里中福路１３１號１樓,花蓮縣,花蓮市,主學里,金三角商圈,是,否,3000.0,2001,獨資,N,0,962111,美髮院及髮廊
31606545,,中福美而美,花蓮縣花蓮市主學里中福路１３２號１樓,花蓮縣,花蓮市,主學里,金三角商圈,是,否,3000.0,2011,獨資,N,0,561111,早餐店
09829775,,和信藥局,花蓮縣花蓮市主學里中福路１３３號,花蓮縣,花蓮市,主學里,金三角商圈,是,否,10000.0,2007,獨資,N,0,475199,其他藥品及醫療用品零售
93057724,,煎炸嚼滑食堂,花蓮縣花蓮市主學里中福路１３６號,花蓮縣,花蓮市,主學里,金三角商圈,是,否,100000.0,2024,獨資,N,0,563199,其他飲料店
87351827,,稻香食舍,花蓮縣花蓮市主學里中福路１３７號１樓,花蓮縣,花蓮市,主學里,金三角商圈,是,否,30000.0,2021,獨資,N,0,561113,麵店、小吃店
09820351,,勁響企業社,花蓮縣花蓮市主學里中福路１４２號１樓,花蓮縣,花蓮市,主學里,金三角商圈,是,否,200000.0,2007,獨資,Y,1,471999,未分類其他綜合商品零售
56609246,,正當冰有限公司,花蓮縣花蓮市主學里中福路１４７號１樓,花蓮縣,花蓮市,主學里,金三角商圈,是,否,300000.0,2017,有限公司,Y,1,563199,其他飲料店
82179989,,大和橘冷飲店,花蓮縣花蓮市主學里中福路１４７號１樓,花蓮縣,花蓮市,主學里,金三角商圈,是,否,240000.0,2019,獨資,Y,1,561113,麵店、小吃店
31794315,,福安電器行,花蓮縣花蓮市主學里中福路１５１號１樓,花蓮縣,花蓮市,主學里,金三角商圈,是,否,248000.0,2013,獨資,Y,1,474199,其他家用電器零售
85209374,,吃茶去鐵壺舍,花蓮縣花蓮市主學里中福路１５２號１樓,花蓮縣,花蓮市,主學里,金三角商圈,是,否,30000.0,2019,獨資,Y,1,474999,未分類其他家用器具及用品零售
28817399,,聯合不動產有限公司,花蓮縣花蓮市主學里中福路１８３號１樓,花蓮縣,花蓮市,主學里,金三角商圈,是,否,500000.0,2007,有限公司,Y,1,681211,不動產仲介
41234713,,達榮藥局,花蓮縣花蓮市主學里中福路１８５號,花蓮縣,花蓮市,主學里,金三角商圈,是,否,50000.0,2014,獨資,N,0,475112,西藥零售
27455453,,布洛灣股份有限公司,花蓮縣花蓮市主學里中福路１８９號１樓,花蓮縣,花蓮市,主學里,金三角商圈,是,否,6000000.0,2004,股份有限公司,Y,1,551012,旅館
91615391,,達芙蓉健康事業,花蓮縣花蓮市主學里中福路１９４號２樓,花蓮縣,花蓮市,主學里,金三角商圈,是,否,50000.0,2022,合夥,N,0,474917,清潔用品零售
50595385,,中福蛋餅,花蓮縣花蓮市主學里中福路１９８號１樓,花蓮縣,花蓮市,主學里,金三角商圈,是,否,100000.0,2016,獨資,N,0,561111,早餐店
92537985,,景星工程行,花蓮縣花蓮市主學里中福路１９９巷３號１樓,花蓮縣,花蓮市,主學里,金三角商圈,是,否,249000.0,2023,獨資,Y,1,481011,漆料及塗料零售
91019133,,沐佶國際有限公司,花蓮縣花蓮市主學里中福路１９９巷３５號１樓,花蓮縣,花蓮市,主學里,金三角商圈,是,否,500000.0,2021,有限公司,Y,1,457299,其他化粧品批發
41010306,,戰天下整合行銷,花蓮縣花蓮市主學里中福路１９９巷９號１樓,花蓮縣,花蓮市,主學里,金三角商圈,是,否,1000000.0,2014,合夥,Y,1,731013,公開展示廣告
55932837,,長興實業股份有限公司,花蓮縣花蓮市主學里中福路１９９巷９號１樓,花蓮縣,花蓮市,主學里,金三角商圈,是,否,2000000.0,2016,股份有限公司,Y,1,381111,一般事業廢棄物清除
91156712,,立兆企業社,花蓮縣花蓮市主學里南京街１０１號１樓,花蓮縣,花蓮市,主學里,金三角商圈,是,否,246000.0,2021,獨資,Y,1,487212,多層次傳銷（商品銷貨收入）
78850999,,容樹下理髮廳,花蓮縣花蓮市主學里南京街１０９號,花蓮縣,花蓮市,主學里,金三角商圈,是,否,3000.0,1994,獨資,N,0,962112,理髮店
20061742,,瑞記服裝行,花蓮縣花蓮市主學里南京街１９號,花蓮縣,花蓮市,主學里,金三角商圈,是,否,3000.0,1997,獨資,N,0,473211,服裝零售
50747600,,順裕企業社,花蓮縣花蓮市主學里南京街５７巷１６號１樓,花蓮縣,花蓮市,主學里,金三角商圈,是,否,200000.0,2017,獨資,Y,1,455211,服裝批發
50744857,,丸公行,花蓮縣花蓮市主學里南京街７５號,花蓮縣,花蓮市,主學里,金三角商圈,是,否,50000.0,2017,獨資,N,0,472311,水產品零售
20062101,,統好裝潢行,花蓮縣花蓮市主學里和平路３３７號,花蓮縣,花蓮市,主學里,金三角商圈,是,否,5000.0,1997,獨資,N,0,474313,地毯零售
76953891,,和平潛水,花蓮縣花蓮市主學里和平路３４１號,花蓮縣,花蓮市,主學里,金三角商圈,是,否,200000.0,1990,獨資,Y,1,931912,水域運動服務
78851364,,原和平虱目魚,花蓮縣花蓮市主學里和平路３６１號１樓,花蓮縣,花蓮市,主學里,金三角商圈,是,否,10000.0,1994,獨資,N,0,561113,麵店、小吃店
93058646,,春滿石頭火鍋,花蓮縣花蓮市主學里和平路３７７號１樓,花蓮縣,花蓮市,主學里,金三角商圈,是,否,100000.0,2024,合夥,N,0,561115,餐廳
85214432,,龍大刈包,花蓮縣花蓮市主學里和平路３９５－２號,花蓮縣,花蓮市,主學里,金三角商圈,是,否,30000.0,2020,獨資,N,0,561113,麵店、小吃店
26103396,,攤販（阿智梹榔）,花蓮縣花蓮市主學里和平路３９５－５號前,花蓮縣,花蓮市,主學里,金三角商圈,是,否,3000.0,2009,獨資,N,0,472936,檳榔零售
10535502,,花蓮羽竹民宿,花蓮縣花蓮市主學里榮正街８號,花蓮縣,花蓮市,主學里,金三角商圈,是,否,3000.0,2008,獨資,N,0,551013,民宿
92535163,,桐鑫工程行,花蓮縣花蓮市主學里００１鄰南京街６１號,花蓮縣,花蓮市,主學里,金三角商圈,是,否,3000.0,2023,獨資,Y,1,439012,模板工程
91590379,,瑩光燭火工作室,花蓮縣花蓮市主學里００１鄰南京街６７號,花蓮縣,花蓮市,主學里,金三角商圈,是,否,200000.0,2022,獨資,N,0,471999,未分類其他綜合商品零售
83364723,,安邑佳建設股份有限公司,花蓮縣花蓮市主學里００３鄰南京街１０１號,花蓮縣,花蓮市,主學里,金三角商圈,是,否,500000.0,2021,股份有限公司,Y,1,461999,未分類其他建材批發
26793913,,髮尊髮廊,花蓮縣花蓮市主學里００３鄰南京街１０１號１樓,花蓮縣,花蓮市,主學里,金三角商圈,是,否,100000.0,2012,獨資,N,0,962111,美髮院及髮廊
41009883,,雪白企業社,花蓮縣花蓮市主學里００３鄰南京街１０１號１樓,花蓮縣,花蓮市,主學里,金三角商圈,是,否,100000.0,2014,獨資,N,0,475299,其他化粧品零售
91593592,,米里蔬食店,花蓮縣花蓮市主學里００４鄰和平路３３５號,花蓮縣,花蓮市,主學里,金三角商圈,是,否,50000.0,2022,獨資,N,0,561113,麵店、小吃店
41011311,,炭吉燒烤,花蓮縣花蓮市主學里００４鄰和平路３４５號１樓,花蓮縣,花蓮市,主學里,金三角商圈,是,否,200000.0,2014,獨資,N,0,561113,麵店、小吃店
94264686,,佳訊寬頻股份有限公司,花蓮縣花蓮市主學里００５鄰上海街１３０號５樓,花蓮縣,花蓮市,主學里,金三角商圈,是,否,50000000.0,2023,股份有限公司,Y,1,702099,其他管理顧問
93493325,,協全開發有限公司,花蓮縣花蓮市主學里００６鄰上海街８１號六樓之３,花蓮縣,花蓮市,主學里,金三角商圈,是,否,3000000.0,2023,有限公司,N,0,649911,投資有價證券
91596471,,惠君美髮,花蓮縣花蓮市主學里００７鄰上海街１１９號１樓,花蓮縣,花蓮市,主學里,金三角商圈,是,否,3000.0,2022,獨資,N,0,962111,美髮院及髮廊
91595769,,和平華厦早餐店,花蓮縣花蓮市主學里００７鄰和平路３５９號,花蓮縣,花蓮市,主學里,金三角商圈,是,否,50000.0,2022,獨資,N,0,563199,其他飲料店
92534755,,珠哇小吃,花蓮縣花蓮市主學里００７鄰和平路３５９號,花蓮縣,花蓮市,主學里,金三角商圈,是,否,5000.0,2023,獨資,N,0,561115,餐廳
92641679,,粥膳坊,花蓮縣花蓮市主學里００８鄰和平路３６９號,花蓮縣,花蓮市,主學里,金三角商圈,是,否,50000.0,2023,獨資,N,0,561115,餐廳
89132139,,黑立子有限公司,花蓮縣花蓮市主學里０１０鄰中正路３６４號（１樓）,花蓮縣,花蓮市,主學里,金三角商圈,是,否,1000000.0,2022,有限公司,Y,1,563115,手搖飲店
50725922,97301707,三商餐飲股份有限公司花蓮中正門市部,花蓮縣花蓮市主學里０１１鄰中正路３４２號１樓,花蓮縣,花蓮市,主學里,金三角商圈,是,否,0.0,2016,其他,Y,1,561114,連鎖速食店
42576245,,夏姿科技運動有限公司,花蓮縣花蓮市主學里０１１鄰中正路３４２號２樓,花蓮縣,花蓮市,主學里,金三角商圈,是,否,6480000.0,2015,有限公司,Y,1,931219,健身中心
92535086,,沐目子工作室,花蓮縣花蓮市主學里０１１鄰中正路３５２號,花蓮縣,花蓮市,主學里,金三角商圈,是,否,180000.0,2023,獨資,N,0,487115,經營網路購物（服飾類商品）
93595688,,吉呈建設有限公司,花蓮縣花蓮市主學里０１２鄰中正路３００號１樓,花蓮縣,花蓮市,主學里,金三角商圈,是,否,8000000.0,2024,有限公司,Y,1,670012,不動產投資開發
41017119,,古滷小吃,花蓮縣花蓮市主學里０１２鄰中正路３０８號,花蓮縣,花蓮市,主學里,金三角商圈,是,否,3000.0,2015,獨資,N,0,561113,麵店、小吃店
93048211,,廣城商行,花蓮縣花蓮市主學里０１２鄰中正路３１２號,花蓮縣,花蓮市,主學里,金三角商圈,是,否,10000.0,2024,獨資,N,0,561112,便當、自助餐店
95211053,,味與時光商號,花蓮縣花蓮市主學里０１２鄰中正路３１８號１樓,花蓮縣,花蓮市,主學里,金三角商圈,是,否,100000.0,2025,獨資,N,0,561113,麵店、小吃店
31790211,,承香扁食店,花蓮縣花蓮市主學里０１２鄰中正路３２６號,花蓮縣,花蓮市,主學里,金三角商圈,是,否,50000.0,2012,獨資,N,0,561113,麵店、小吃店
87352585,,旭富工程行,花蓮縣花蓮市主學里０１２鄰中正路３３６巷１弄２３號,花蓮縣,花蓮市,主學里,金三角商圈,是,否,200000.0,2021,獨資,Y,1,434012,油漆粉刷、壁飾（紙）黏貼工程
19530465,,聯發港式燒腊,花蓮縣花蓮市主學里０１３鄰中正路２４８號１樓,花蓮縣,花蓮市,主學里,金三角商圈,是,否,3000.0,1996,獨資,N,0,561113,麵店、小吃店
60252671,,鋭櫻快剪店,花蓮縣花蓮市主學里０１３鄰中正路２５８―５號１樓,花蓮縣,花蓮市,主學里,金三角商圈,是,否,60000.0,2026,合夥,N,0,962112,理髮店
20058079,,大順鎖印店,花蓮縣花蓮市主學里０１３鄰中正路２５８―７號１樓,花蓮縣,花蓮市,主學里,金三角商圈,是,否,10000.0,1997,獨資,N,0,969018,刻印章
41006226,,秝飽冷凍食品,花蓮縣花蓮市主學里０１３鄰中正路２６６號９樓之３,花蓮縣,花蓮市,主學里,金三角商圈,是,否,200000.0,2014,獨資,N,0,487114,經營網路購物（食品、飲料類商品）
41011826,,育民茶行,花蓮縣花蓮市主學里０１３鄰中正路２９２號１樓,花蓮縣,花蓮市,主學里,金三角商圈,是,否,30000.0,2014,獨資,N,0,472914,飲料零售
30205938,,裕淂行,花蓮縣花蓮市主學里０１３鄰中福路１６１號,花蓮縣,花蓮市,主學里,金三角商圈,是,否,220000.0,2009,獨資,Y,1,454999,未分類其他食品批發
41048083,70762591,統一速達股份有限公司中福衛星所,花蓮縣花蓮市主學里０１３鄰中福路１６１號,花蓮縣,花蓮市,主學里,金三角商圈,是,否,0.0,2014,其他,Y,1,542011,到宅遞送服務
95214832,,如意火企業社,花蓮縣花蓮市主學里０１４鄰中正路２４３號,花蓮縣,花蓮市,主學里,金三角商圈,是,否,300000.0,2025,獨資,N,0,563199,其他飲料店
93058630,,金豹桌遊館,花蓮縣花蓮市主學里０１４鄰中正路２４５號１樓,花蓮縣,花蓮市,主學里,金三角商圈,是,否,30000.0,2024,獨資,N,0,932999,未分類其他娛樂及休閒服務
34946548,,慶祥企業社,花蓮縣花蓮市主學里０１４鄰中正路２６７號１樓,花蓮縣,花蓮市,主學里,金三角商圈,是,否,50000.0,2010,獨資,N,0,959100,機車維修
93052967,,喆嚞企業社,花蓮縣花蓮市主學里０１４鄰中正路３０１號,花蓮縣,花蓮市,主學里,金三角商圈,是,否,240000.0,2024,獨資,Y,1,483212,手機及手機週邊零配件零售
60246329,,早安你好商號,花蓮縣花蓮市主學里０１４鄰中正路３０７號,花蓮縣,花蓮市,主學里,金三角商圈,是,否,100000.0,2025,獨資,N,0,561111,早餐店
87348540,,正大漢方御膳食補,花蓮縣花蓮市主學里０１４鄰中正路３０９號,花蓮縣,花蓮市,主學里,金三角商圈,是,否,200000.0,2020,獨資,N,0,561113,麵店、小吃店
95213432,,芮晴工作室,花蓮縣花蓮市主學里０１５鄰中正路３１５巷２６號７樓之１,花蓮縣,花蓮市,主學里,金三角商圈,是,否,180000.0,2025,獨資,N,0,820912,文件打字、撰稿及速記等服務
92538773,,老王炸物,花蓮縣花蓮市主學里０１５鄰中正路３２７號１樓,花蓮縣,花蓮市,主學里,金三角商圈,是,否,3000.0,2023,獨資,N,0,561113,麵店、小吃店
91153193,,洄嵐咖企業,花蓮縣花蓮市主學里０１５鄰中正路３４７號,花蓮縣,花蓮市,主學里,金三角商圈,是,否,80000.0,2021,獨資,N,0,472918,咖啡零售
54952146,,大智光事業股份有限公司,花蓮縣花蓮市主學里０１５鄰中正路３５９―７號１樓,花蓮縣,花蓮市,主學里,金三角商圈,是,否,10000000.0,2018,股份有限公司,Y,1,681113,不動產轉租賃
56625169,,麗記國際股份有限公司,花蓮縣花蓮市主學里０１５鄰中正路３５９―７號１樓,花蓮縣,花蓮市,主學里,金三角商圈,是,否,2000000.0,2017,股份有限公司,Y,1,454700,非酒精飲料批發
82178378,,智誠企業行,花蓮縣花蓮市主學里０１５鄰中正路３５９―８號１樓,花蓮縣,花蓮市,主學里,金三角商圈,是,否,50000.0,2018,獨資,N,0,681112,自有不動產租賃
61456792,,海恩企業社,花蓮縣花蓮市主學里０１５鄰中福路１９９巷５１號１樓,花蓮縣,花蓮市,主學里,金三角商圈,是,否,200000.0,2026,獨資,Y,1,474199,其他家用電器零售
91595249,,蓮城美式披薩坊,花蓮縣花蓮市主學里０１６鄰中正路３７７、３７７之１號,花蓮縣,花蓮市,主學里,金三角商圈,是,否,200000.0,2022,獨資,Y,1,561115,餐廳
92761316,,蓮和企業社,花蓮縣花蓮市主學里０１６鄰和平路３９５號１樓,花蓮縣,花蓮市,主學里,金三角商圈,是,否,50000.0,2023,獨資,N,0,561113,麵店、小吃店
90026585,,鴻海電動車有限公司,花蓮縣花蓮市主學里０１６鄰和平路３９７號１樓,花蓮縣,花蓮市,主學里,金三角商圈,是,否,1000000.0,2022,有限公司,Y,1,465211,全新機車批發
28141749,,永盛寢具有限公司,花蓮縣花蓮市主學里０１６鄰和平路４０５巷１９號１樓,花蓮縣,花蓮市,主學里,金三角商圈,是,否,5000000.0,2006,有限公司,Y,1,456311,寢具批發
82180326,,阿金鴨肉油飯,花蓮縣花蓮市主學里０１６鄰和平路４０５巷１９號１樓,花蓮縣,花蓮市,主學里,金三角商圈,是,否,10000.0,2019,獨資,N,0,561200,餐食攤販
94828974,,天真商號,花蓮縣花蓮市主學里０２０鄰中正路２４７號,花蓮縣,花蓮市,主學里,金三角商圈,是,否,5000.0,1983,獨資,N,0,454214,農產品（家畜及家禽肉品）批發市場承銷
67934304,,吉康藥局,花蓮縣花蓮市主學里１０鄰中正路３６０號,花蓮縣,花蓮市,主學里,金三角商圈,是,否,200000.0,1998,獨資,Y,1,475112,西藥零售
61482546,53839006,雅居廚櫃有限公司花蓮營業處,花蓮縣花蓮市主學里１１鄰中正路３５０號１樓,花蓮縣,花蓮市,主學里,金三角商圈,是,否,0.0,2026,其他,Y,1,456213,廚櫃批發
30205775,,松藝企業社,花蓮縣花蓮市主學里１１鄰中正路３５２號１樓,花蓮縣,花蓮市,主學里,金三角商圈,是,否,10000.0,2009,獨資,Y,1,434012,油漆粉刷、壁飾（紙）黏貼工程
29259978,,亦展土木包工業,花蓮縣花蓮市主學里１２鄰中和街１２６號,花蓮縣,花蓮市,主學里,金三角商圈,是,否,1000000.0,2004,獨資,Y,1,429099,未分類其他土木工程
94621544,,東龍脚踏車修配業,花蓮縣花蓮市主學里１２鄰中正路２８３號１樓,花蓮縣,花蓮市,主學里,金三角商圈,是,否,3000.0,1977,獨資,N,0,959914,自行車修理
31539949,,小城堡民宿,花蓮縣花蓮市主學里１３鄰上海街１９號１樓,花蓮縣,花蓮市,主學里,金三角商圈,是,否,3000.0,2011,獨資,N,0,551013,民宿
12898183,,友上營造有限公司,花蓮縣花蓮市主學里１３鄰上海街２９號,花蓮縣,花蓮市,主學里,金三角商圈,是,否,50000000.0,2001,有限公司,Y,1,429099,未分類其他土木工程
10515941,,菁英時尚百貨生活館,花蓮縣花蓮市主學里１３鄰上海街２９號１樓,花蓮縣,花蓮市,主學里,金三角商圈,是,否,200000.0,2007,獨資,N,0,473999,未分類其他服飾品零售
94300108,,新元興企業股份有限公司,花蓮縣花蓮市主學里１３鄰中正路２２４及２３０號,花蓮縣,花蓮市,主學里,金三角商圈,是,否,10000000.0,1966,股份有限公司,Y,1,481014,居家修繕用品零售
37922169,,紅毛水菓行,花蓮縣花蓮市主學里１３鄰中正路２２４號,花蓮縣,花蓮市,主學里,金三角商圈,是,否,3000.0,2012,獨資,N,0,472112,水果零售
53370656,,廷睿工程有限公司,花蓮縣花蓮市主學里１３鄰中正路２３６號１樓,花蓮縣,花蓮市,主學里,金三角商圈,是,否,2500000.0,2011,有限公司,Y,1,410013,住宅營建
64817444,,方信億五金行,花蓮縣花蓮市主學里１３鄰中正路２４０號１樓,花蓮縣,花蓮市,主學里,金三角商圈,是,否,5000.0,1989,獨資,Y,1,461515,建材五金（螺絲、螺帽、鉚釘等金屬製品）批發
18056429,,美合美早餐店,花蓮縣花蓮市主學里１３鄰中正路２４６號,花蓮縣,花蓮市,主學里,金三角商圈,是,否,20000.0,2001,獨資,N,0,561111,早餐店
09884066,,佳紘水電消防工程行,花蓮縣花蓮市主學里１３鄰中正路２９４號１樓,花蓮縣,花蓮市,主學里,金三角商圈,是,否,1000000.0,2007,獨資,Y,1,464913,消防設備批發
28984781,23060248,全家便利商店股份有限公司花蓮榮正分公司,花蓮縣花蓮市主學里１４鄰中正路２０７，２０９號,花蓮縣,花蓮市,主學里,金三角商圈,是,否,0.0,2009,本國公司設立之分公司,Y,1,471112,直營連鎖式便利商店
08126002,,泰昌車業行,花蓮縣花蓮市主學里１４鄰中正路２２９號１樓,花蓮縣,花蓮市,主學里,金三角商圈,是,否,9000.0,1985,獨資,N,0,959100,機車維修
37961818,,日春香鮮花店,花蓮縣花蓮市主學里１４鄰中正路３０１號,花蓮縣,花蓮市,主學里,金三角商圈,是,否,20000.0,2013,獨資,N,0,485111,切花、盆栽零售
26708260,,中福早餐店,花蓮縣花蓮市主學里１４鄰中福路１９７號,花蓮縣,花蓮市,主學里,金三角商圈,是,否,3000.0,2011,獨資,N,0,561111,早餐店
76383885,,珈比歐烘豆工作室,花蓮縣花蓮市主學里１４鄰中福路１９７－１號１樓,花蓮縣,花蓮市,主學里,金三角商圈,是,否,200000.0,2021,獨資,N,0,472918,咖啡零售
87347492,,公主咖啡館,花蓮縣花蓮市主學里１４鄰中福路１９７－１號１樓,花蓮縣,花蓮市,主學里,金三角商圈,是,否,200000.0,2020,獨資,N,0,563112,咖啡館
94123223,,協芳食品行,花蓮縣花蓮市主學里１５鄰中正路３２９號,花蓮縣,花蓮市,主學里,金三角商圈,是,否,3000.0,1977,獨資,N,0,472922,西點麵包零售
94329105,,源盛珍食品行,花蓮縣花蓮市主學里１５鄰中正路３３３號,花蓮縣,花蓮市,主學里,金三角商圈,是,否,3000.0,1977,獨資,N,0,472922,西點麵包零售
84822374,,點子智慧傳播事業有限公司,花蓮縣花蓮市主學里１５鄰中正路３４７號,花蓮縣,花蓮市,主學里,金三角商圈,是,否,6000000.0,1994,有限公司,Y,1,820212,工商展覽籌辦
64804320,,承安商行,花蓮縣花蓮市主學里１６鄰中正路３７３號,花蓮縣,花蓮市,主學里,金三角商圈,是,否,9000.0,1988,獨資,Y,1,484314,機車零件、機車百貨零售
64801772,,景豐五金行,花蓮縣花蓮市主學里１６鄰和平路３９９號,花蓮縣,花蓮市,主學里,金三角商圈,是,否,3000.0,1987,獨資,N,0,474928,小件家用器皿零售
67945581,,冠潓商行,花蓮縣花蓮市主學里１６鄰和平路４０３號１樓,花蓮縣,花蓮市,主學里,金三角商圈,是,否,3000.0,1999,獨資,N,0,473211,服裝零售
49756003,,小滿麥實商行,花蓮縣花蓮市主學里１７鄰南京街３號１樓,花蓮縣,花蓮市,主學里,金三角商圈,是,否,58000.0,2016,獨資,N,0,472922,西點麵包零售
08127635,,春園茶莊,花蓮縣花蓮市主學里１８鄰中福路１４９號１樓,花蓮縣,花蓮市,主學里,金三角商圈,是,否,3000.0,1986,獨資,N,0,472915,茶葉零售
30126266,,永宏昌木材行,花蓮縣花蓮市主學里１９鄰中福路１６４號１樓,花蓮縣,花蓮市,主學里,金三角商圈,是,否,100000.0,2008,獨資,N,0,481014,居家修繕用品零售
13977517,,老傳建材五金行,花蓮縣花蓮市主學里２０鄰中和街１６６號１樓,花蓮縣,花蓮市,主學里,金三角商圈,是,否,200000.0,2002,獨資,Y,1,481014,居家修繕用品零售
13966379,,東方極限體育用品社,花蓮縣花蓮市主學里４鄰中福路１８１號１樓,花蓮縣,花蓮市,主學里,金三角商圈,是,否,10000.0,2002,獨資,N,0,476299,其他運動用品及器材零售
60396348,,周氏企業有限公司,花蓮縣花蓮市主學里４鄰和平路３４３號１樓,花蓮縣,花蓮市,主學里,金三角商圈,是,否,10000000.0,2026,有限公司,Y,1,481014,居家修繕用品零售
95079358,,上海一零二民宿,花蓮縣花蓮市主學里６鄰上海街１０２號,花蓮縣,花蓮市,主學里,金三角商圈,是,否,50000.0,2024,獨資,N,0,551013,民宿
94626055,,日蓉燙髮店,花蓮縣花蓮市主學里６鄰上海街５８號,花蓮縣,花蓮市,主學里,金三角商圈,是,否,3000.0,1977,獨資,N,0,962111,美髮院及髮廊
95211336,,福氣球工作室,花蓮縣花蓮市主學里６鄰上海街８１號５樓之３,花蓮縣,花蓮市,主學里,金三角商圈,是,否,10000.0,2025,獨資,N,0,487199,其他電子購物及郵購
26791957,,上海億企業社,花蓮縣花蓮市主學里６鄰上海街８３號１樓,花蓮縣,花蓮市,主學里,金三角商圈,是,否,248000.0,2012,獨資,Y,1,433212,管道工程
26789988,,詠發食品商行,花蓮縣花蓮市主安里中原路２９０、２９２號１樓,花蓮縣,花蓮市,主安里,金三角商圈,是,否,200000.0,2011,獨資,Y,1,453913,生糖批發
18053393,,詠舜商號,花蓮縣花蓮市主安里中原路２９４號１樓,花蓮縣,花蓮市,主安里,金三角商圈,是,否,30000.0,2001,獨資,Y,1,451099,其他商品批發經紀
08123011,,本居立有限公司,花蓮縣花蓮市主安里中原路２９６號１樓,花蓮縣,花蓮市,主安里,金三角商圈,是,否,8500000.0,1985,有限公司,Y,1,454911,加工（精製）糖批發
31655159,,小甄美髮,花蓮縣花蓮市主安里中原路３０６號１樓,花蓮縣,花蓮市,主安里,金三角商圈,是,否,3000.0,2012,獨資,N,0,962111,美髮院及髮廊
83132127,22555003,統一超商股份有限公司花蓮縣第一一三分公司,花蓮縣花蓮市主安里中原路３２８號,花蓮縣,花蓮市,主安里,金三角商圈,是,否,0.0,2020,本國公司設立之分公司,Y,1,471113,加盟連鎖式便利商店（有商品進、銷貨行為）
49996762,,中央瓦斯行,花蓮縣花蓮市主安里中原路３５４號１樓,花蓮縣,花蓮市,主安里,金三角商圈,是,否,200000.0,2005,獨資,Y,1,482912,桶裝瓦斯零售
94774007,,永隆機車行,花蓮縣花蓮市主安里中原路３６０號,花蓮縣,花蓮市,主安里,金三角商圈,是,否,3000.0,1980,獨資,N,0,959100,機車維修
82176505,,新概念花茶茶飲,花蓮縣花蓮市主安里中原路３６２號１樓,花蓮縣,花蓮市,主安里,金三角商圈,是,否,50000.0,2018,獨資,N,0,563115,手搖飲店
87350691,,統和工程行,花蓮縣花蓮市主安里中原路３６８巷１號１樓,花蓮縣,花蓮市,主安里,金三角商圈,是,否,248000.0,2020,獨資,Y,1,431015,基礎工程
56806892,,九昱有限公司,花蓮縣花蓮市主安里中原路３６８巷１０弄１６號１樓,花蓮縣,花蓮市,主安里,金三角商圈,是,否,5000000.0,2017,有限公司,Y,1,251111,農林園藝用手工具製造
20055360,,連通電機消防行,花蓮縣花蓮市主安里中原路３６８巷３９號１樓,花蓮縣,花蓮市,主安里,金三角商圈,是,否,490000.0,1997,獨資,Y,1,464999,未分類其他機械器具批發
42741694,,易聯通國際企業有限公司,花蓮縣花蓮市主安里中原路３６８巷３９號１樓,花蓮縣,花蓮市,主安里,金三角商圈,是,否,500000.0,2015,有限公司,Y,1,473312,鞋類及其配件（真皮鞋類及其配件除外）零售
41010663,,鄭師父小館,花蓮縣花蓮市主安里中原路３６８巷４８號１樓,花蓮縣,花蓮市,主安里,金三角商圈,是,否,10000.0,2014,獨資,N,0,561113,麵店、小吃店
29328671,,千億電動車業行,花蓮縣花蓮市主安里中原路３７０號１樓,花蓮縣,花蓮市,主安里,金三角商圈,是,否,50000.0,2004,獨資,N,0,476211,非電動自行車及非電動自行車零件零售
41008694,,微笑瓦斯展業社,花蓮縣花蓮市主安里中原路３７６號１樓,花蓮縣,花蓮市,主安里,金三角商圈,是,否,100000.0,2014,合夥,Y,1,482912,桶裝瓦斯零售
96998896,,花蓮希望之聲廣播電台股份有限公司,花蓮縣花蓮市主安里中原路３７８號,花蓮縣,花蓮市,主安里,金三角商圈,是,否,8500000.0,1996,股份有限公司,Y,1,601011,廣播電台經營
91591172,,剪單快速精剪店,花蓮縣花蓮市主安里中原路３７８號１樓,花蓮縣,花蓮市,主安里,金三角商圈,是,否,200000.0,2022,獨資,N,0,962111,美髮院及髮廊
50734099,,駿雅室內裝修設計工作室,花蓮縣花蓮市主安里中原路３８０號３樓之５,花蓮縣,花蓮市,主安里,金三角商圈,是,否,200000.0,2017,獨資,Y,1,434015,室內裝修工程
34877681,,欣穎服飾,花蓮縣花蓮市主安里中原路３８２號,花蓮縣,花蓮市,主安里,金三角商圈,是,否,30000.0,2010,獨資,N,0,473211,服裝零售
78853428,,雪棃樂器行,花蓮縣花蓮市主安里中原路３８４號１樓,花蓮縣,花蓮市,主安里,金三角商圈,是,否,10000.0,1994,獨資,N,0,476314,樂器零售
49750367,,采穎香氛館,花蓮縣花蓮市主安里中原路３８６號１樓,花蓮縣,花蓮市,主安里,金三角商圈,是,否,100000.0,2016,獨資,N,0,962299,其他美容美體服務
91152835,,御手茶飲店,花蓮縣花蓮市主安里中原路３８８號１樓,花蓮縣,花蓮市,主安里,金三角商圈,是,否,30000.0,2021,獨資,Y,1,563115,手搖飲店
92537177,,尼旭工作室,花蓮縣花蓮市主安里中原路３９４巷１８弄２號１樓,花蓮縣,花蓮市,主安里,金三角商圈,是,否,30000.0,2023,獨資,N,0,487199,其他電子購物及郵購
42189005,,恩德禮儀社,花蓮縣花蓮市主安里中原路４００號１樓,花蓮縣,花蓮市,主安里,金三角商圈,是,否,249000.0,2015,獨資,Y,1,963015,殯葬禮儀服務
82176792,,烘豆廊企業社,花蓮縣花蓮市主安里中原路４００號１樓,花蓮縣,花蓮市,主安里,金三角商圈,是,否,30000.0,2018,獨資,N,0,472918,咖啡零售
60251645,,勇瑞行,花蓮縣花蓮市主安里中原路４２０號,花蓮縣,花蓮市,主安里,金三角商圈,是,否,200000.0,2026,獨資,N,0,951199,其他汽車維修
49780329,,欣佰整合行銷企業社,花蓮縣花蓮市主安里中原路４２０號２樓,花蓮縣,花蓮市,主安里,金三角商圈,是,否,200000.0,2016,獨資,Y,1,469999,其他未分類專賣批發
41462639,,天棠美食,花蓮縣花蓮市主安里中原路４４２號１樓,花蓮縣,花蓮市,主安里,金三角商圈,是,否,3000.0,2015,獨資,N,0,561113,麵店、小吃店
31796593,,大師推拿院,花蓮縣花蓮市主安里中原路４４６號１樓,花蓮縣,花蓮市,主安里,金三角商圈,是,否,5000.0,2013,獨資,N,0,969015,推拿按摩服務
94807035,,容心花店,花蓮縣花蓮市主安里中原路４５８號１樓,花蓮縣,花蓮市,主安里,金三角商圈,是,否,8000.0,1982,獨資,N,0,485111,切花、盆栽零售
60246094,,圓意企業社,花蓮縣花蓮市主安里中原路４６０號１樓,花蓮縣,花蓮市,主安里,金三角商圈,是,否,200000.0,2025,獨資,Y,1,429099,未分類其他土木工程
31793012,,十方傳統整復推拿舘,花蓮縣花蓮市主安里中原路４６６號１樓,花蓮縣,花蓮市,主安里,金三角商圈,是,否,5000.0,2013,獨資,N,0,969015,推拿按摩服務
15794078,,互愛企業行,花蓮縣花蓮市主安里中強街１０２號１樓,花蓮縣,花蓮市,主安里,金三角商圈,是,否,50000.0,2003,獨資,Y,1,731099,其他廣告服務
34886990,,柚木軒東部特產企業行,花蓮縣花蓮市主安里中強街１０２號１樓,花蓮縣,花蓮市,主安里,金三角商圈,是,否,5000.0,2010,獨資,N,0,487912,非店面零售代理
15795718,,蘇珊小姐早午餐店,花蓮縣花蓮市主安里中強街１２６號１樓,花蓮縣,花蓮市,主安里,金三角商圈,是,否,5000.0,2003,獨資,N,0,561111,早餐店
02982181,,愛丁堡民宿,花蓮縣花蓮市主安里中強街１２６－３號,花蓮縣,花蓮市,主安里,金三角商圈,是,否,100000.0,2014,獨資,N,0,551013,民宿
50740873,,夏姿運動事業企業社,花蓮縣花蓮市主安里中強街１２８巷２號１樓,花蓮縣,花蓮市,主安里,金三角商圈,是,否,50000.0,2017,獨資,N,0,932999,未分類其他娛樂及休閒服務
31508116,,女人日韓精品,花蓮縣花蓮市主安里中強街２２號,花蓮縣,花蓮市,主安里,金三角商圈,是,否,30000.0,2011,獨資,N,0,962299,其他美容美體服務
41459959,,華順食品店,花蓮縣花蓮市主安里中強街３６號１樓,花蓮縣,花蓮市,主安里,金三角商圈,是,否,10000.0,2015,獨資,N,0,472922,西點麵包零售
94769004,,菁品美容院,花蓮縣花蓮市主安里中強街４４號,花蓮縣,花蓮市,主安里,金三角商圈,是,否,3000.0,1980,獨資,N,0,962111,美髮院及髮廊
41466234,,向日葵手工粉圓,花蓮縣花蓮市主安里中強街６號１樓,花蓮縣,花蓮市,主安里,金三角商圈,是,否,50000.0,2016,獨資,N,0,563199,其他飲料店
83474165,,永津國際旅行社有限公司,花蓮縣花蓮市主安里中強街６２號１樓,花蓮縣,花蓮市,主安里,金三角商圈,是,否,6000000.0,2020,有限公司,Y,1,790011,旅行業
84224665,,新曜營造股份有限公司,花蓮縣花蓮市主安里中強街６６號１樓,花蓮縣,花蓮市,主安里,金三角商圈,是,否,80000000.0,1993,股份有限公司,Y,1,410011,房屋修繕
99778684,,森律音樂空間,花蓮縣花蓮市主安里中強街６６－１號１樓,花蓮縣,花蓮市,主安里,金三角商圈,是,否,10000.0,2004,獨資,Y,1,476399,其他玩具及娛樂用品零售
50745504,,岱瓦魯奇生活藝術空間坊,花蓮縣花蓮市主安里中強街７６號及７８號１樓,花蓮縣,花蓮市,主安里,金三角商圈,是,否,150000.0,2017,獨資,N,0,561115,餐廳
60250385,,羽躍工程行,花蓮縣花蓮市主安里中強街７６號１樓,花蓮縣,花蓮市,主安里,金三角商圈,是,否,200000.0,2026,獨資,Y,1,434012,油漆粉刷、壁飾（紙）黏貼工程
95803633,,寵愛一生比佛利精品,花蓮縣花蓮市主安里中強街８８號１樓,花蓮縣,花蓮市,主安里,金三角商圈,是,否,100000.0,1995,獨資,N,0,962299,其他美容美體服務
20054904,,義豐資訊行,花蓮縣花蓮市主安里中強路６６號,花蓮縣,花蓮市,主安里,金三角商圈,是,否,1000000.0,1997,獨資,Y,1,483111,電腦及電腦週邊設備零售
78034765,,良美清潔服務社,花蓮縣花蓮市主安里中強路７０號１樓,花蓮縣,花蓮市,主安里,金三角商圈,是,否,10000.0,1991,獨資,N,0,812100,建築物一般清潔服務
20066232,,阿鴻水果行,花蓮縣花蓮市主安里中正路１２９－１號,花蓮縣,花蓮市,主安里,金三角商圈,是,否,10000.0,1997,獨資,N,0,472112,水果零售
78046827,,華大速食店,花蓮縣花蓮市主安里中正路１３９號１樓,花蓮縣,花蓮市,主安里,金三角商圈,是,否,50000.0,1992,獨資,N,0,561113,麵店、小吃店
26773120,,皇佳味北平脆皮烤鴨,花蓮縣花蓮市主安里中正路１４１號,花蓮縣,花蓮市,主安里,金三角商圈,是,否,500000.0,2011,獨資,N,0,561113,麵店、小吃店
42605591,,蛙神有限公司,花蓮縣花蓮市主安里中正路１４３巷１號１樓,花蓮縣,花蓮市,主安里,金三角商圈,是,否,3000000.0,2015,有限公司,Y,1,472921,糖果餅乾零售
94774175,,聯合裝潢櫥窗行,花蓮縣花蓮市主安里中正路１４３巷２２號１樓,花蓮縣,花蓮市,主安里,金三角商圈,是,否,200000.0,1980,獨資,Y,1,434011,室內裝潢工程
91157493,,思慕餐廚,花蓮縣花蓮市主安里中正路１４３巷７號,花蓮縣,花蓮市,主安里,金三角商圈,是,否,50000.0,2021,獨資,Y,1,561115,餐廳
50747138,,竹舍小吃,花蓮縣花蓮市主安里中正路１４９號１樓,花蓮縣,花蓮市,主安里,金三角商圈,是,否,50000.0,2017,獨資,N,0,561113,麵店、小吃店
95219225,,和斯健康智品實業社,花蓮縣花蓮市主安里中正路１５１號１樓,花蓮縣,花蓮市,主安里,金三角商圈,是,否,200000.0,2024,獨資,Y,1,476299,其他運動用品及器材零售
60246778,,鋒成水電企業社,花蓮縣花蓮市主安里中正路１５３巷１７號１樓,花蓮縣,花蓮市,主安里,金三角商圈,是,否,230000.0,2025,獨資,Y,1,433111,水電工程
83027808,,合鑫開發綠能有限公司,花蓮縣花蓮市主安里中正路１５３巷３９號１樓,花蓮縣,花蓮市,主安里,金三角商圈,是,否,1000000.0,2023,有限公司,Y,1,433199,其他機電、電信及電路設備安裝
95214782,,宮城金屬實業社,花蓮縣花蓮市主安里中正路１５３巷３９號１樓,花蓮縣,花蓮市,主安里,金三角商圈,是,否,200000.0,2025,獨資,Y,1,410012,鐵皮屋搭建
94262646,,雄泰行,花蓮縣花蓮市主安里中正路１５９號１樓,花蓮縣,花蓮市,主安里,金三角商圈,是,否,3000.0,1977,獨資,N,0,471913,雜貨店
13963154,,老鄧小麵館,花蓮縣花蓮市主安里中正路１６１號,花蓮縣,花蓮市,主安里,金三角商圈,是,否,50000.0,2001,獨資,N,0,561113,麵店、小吃店
91157389,,好食在美食坊,花蓮縣花蓮市主安里中正路１６５號１樓,花蓮縣,花蓮市,主安里,金三角商圈,是,否,100000.0,2021,獨資,N,0,561111,早餐店
85205911,,雅潔美妍館,花蓮縣花蓮市主安里中正路１６８巷１１弄７號１樓,花蓮縣,花蓮市,主安里,金三角商圈,是,否,50000.0,2020,獨資,N,0,475299,其他化粧品零售
31793603,,東部衛生包通工程行,花蓮縣花蓮市主安里中正路１６８巷３弄６號１樓,花蓮縣,花蓮市,主安里,金三角商圈,是,否,200000.0,2013,獨資,Y,1,429099,未分類其他土木工程
29349676,,山與海休閒事業,花蓮縣花蓮市主安里中正路１６８巷７弄８號１樓,花蓮縣,花蓮市,主安里,金三角商圈,是,否,1000000.0,2005,獨資,Y,1,932999,未分類其他娛樂及休閒服務
85208380,,底波拉養生館,花蓮縣花蓮市主安里中正路１６８巷９弄２―１號１樓,花蓮縣,花蓮市,主安里,金三角商圈,是,否,100000.0,2019,獨資,N,0,969015,推拿按摩服務
37994402,,克利空調企業社,花蓮縣花蓮市主安里中正路１６８巷９弄２號１樓,花蓮縣,花蓮市,主安里,金三角商圈,是,否,200000.0,2013,獨資,Y,1,433211,冷凍、通風、空調系統裝修工程
70969684,,上青果菜行,花蓮縣花蓮市主安里中正路１６９巷４２號,花蓮縣,花蓮市,主安里,金三角商圈,是,否,200000.0,2000,獨資,N,0,454115,農產品（果菜）批發市場承銷
09943425,,上鮮果菜行,花蓮縣花蓮市主安里中正路１６９巷４２號１樓,花蓮縣,花蓮市,主安里,金三角商圈,是,否,450000.0,2006,獨資,N,0,472111,蔬菜零售
78851863,,鄉親菓菜行,花蓮縣花蓮市主安里中正路１６９巷４２號１樓,花蓮縣,花蓮市,主安里,金三角商圈,是,否,100000.0,1994,獨資,N,0,454115,農產品（果菜）批發市場承銷
27484181,,采盈股份有限公司,花蓮縣花蓮市主安里中正路１６９巷６０號,花蓮縣,花蓮市,主安里,金三角商圈,是,否,100000000.0,2004,股份有限公司,Y,1,551012,旅館
49766213,,艾美眼鏡館,花蓮縣花蓮市主安里中正路１７１號１樓,花蓮縣,花蓮市,主安里,金三角商圈,是,否,30000.0,2016,獨資,Y,1,474412,眼鏡及其零配件零售
78048509,,嘉姿美容院,花蓮縣花蓮市主安里中正路１７３號１樓,花蓮縣,花蓮市,主安里,金三角商圈,是,否,3000.0,1992,獨資,N,0,962111,美髮院及髮廊
91593827,,花媽家常小吃,花蓮縣花蓮市主安里中正路１７５號１樓,花蓮縣,花蓮市,主安里,金三角商圈,是,否,3000.0,2022,獨資,N,0,561113,麵店、小吃店
31513477,,活泉藥局,花蓮縣花蓮市主安里中正路１７６號１樓,花蓮縣,花蓮市,主安里,金三角商圈,是,否,3000.0,2011,獨資,N,0,475112,西藥零售
30390173,,足跡渡假民宿,花蓮縣花蓮市主安里中正路１７８號,花蓮縣,花蓮市,主安里,金三角商圈,是,否,100000.0,2009,獨資,N,0,551013,民宿
82018350,,幸福花蓮藥局,花蓮縣花蓮市主安里中正路１７９號,花蓮縣,花蓮市,主安里,金三角商圈,是,否,100000.0,2018,獨資,N,0,475112,西藥零售
94165911,,東時光旅宿管理顧問有限公司,花蓮縣花蓮市主安里中正路１７９號,花蓮縣,花蓮市,主安里,金三角商圈,是,否,300000.0,2023,有限公司,Y,1,932999,未分類其他娛樂及休閒服務
92638631,,進化工坊,花蓮縣花蓮市主安里中正路１８０號２樓,花蓮縣,花蓮市,主安里,金三角商圈,是,否,200000.0,2023,獨資,N,0,969015,推拿按摩服務
92636845,,立剋病媒防治技術企業社,花蓮縣花蓮市主安里中正路１８４巷１１之１號,花蓮縣,花蓮市,主安里,金三角商圈,是,否,200000.0,2023,合夥,Y,1,812911,病媒防治服務
62240357,,盈德欣管理顧問有限公司,花蓮縣花蓮市主安里中正路１８４巷１４號,花蓮縣,花蓮市,主安里,金三角商圈,是,否,100000.0,2026,有限公司,Y,1,782000,人力供應
37948772,,鑫豐企業社,花蓮縣花蓮市主安里中正路１８４巷１５號１樓,花蓮縣,花蓮市,主安里,金三角商圈,是,否,200000.0,2013,獨資,Y,1,484311,汽車零件、汽車百貨零售
94817456,,南昌汽車行,花蓮縣花蓮市主安里中正路１８４巷２６號１樓,花蓮縣,花蓮市,主安里,金三角商圈,是,否,950000.0,1983,獨資,N,0,493200,計程車客運
92638718,,潔彩洗衣店,花蓮縣花蓮市主安里中正路１８７號１樓,花蓮縣,花蓮市,主安里,金三角商圈,是,否,100000.0,2023,獨資,N,0,961012,自助洗衣店
95049051,86384238,台灣產經股份有限公司蓮安店,花蓮縣花蓮市主安里中正路１８８號,花蓮縣,花蓮市,主安里,金三角商圈,是,否,0.0,2024,其他,Y,1,474311,寢具零售
27664233,97151664,寶雅國際股份有限公司花蓮中正二分公司,花蓮縣花蓮市主安里中正路１９２號,花蓮縣,花蓮市,主安里,金三角商圈,是,否,0.0,2005,本國公司設立之分公司,Y,1,471999,未分類其他綜合商品零售
94836658,,文暉文具行,花蓮縣花蓮市主安里中正路１９３號,花蓮縣,花蓮市,主安里,金三角商圈,是,否,3000.0,1984,獨資,Y,1,476111,文具零售
91593559,,彭老爹香串燒,花蓮縣花蓮市主安里中正路１９５號１樓,花蓮縣,花蓮市,主安里,金三角商圈,是,否,200000.0,2022,獨資,N,0,561113,麵店、小吃店
60251997,,晨香早安商號,花蓮縣花蓮市主安里中正路１９７號１樓,花蓮縣,花蓮市,主安里,金三角商圈,是,否,200000.0,2026,獨資,N,0,561111,早餐店
92636009,,合一食坊,花蓮縣花蓮市主安里中正路１９９號１樓,花蓮縣,花蓮市,主安里,金三角商圈,是,否,68000.0,2023,獨資,N,0,561111,早餐店
91596789,,盞罄茗品,花蓮縣花蓮市主安里中正路２０１號１樓,花蓮縣,花蓮市,主安里,金三角商圈,是,否,200000.0,2022,獨資,Y,1,563115,手搖飲店
60094441,70393302,博客停車場開發股份有限公司花蓮中正場,花蓮縣花蓮市主安里中正路２０２號旁空地,花蓮縣,花蓮市,主安里,金三角商圈,是,否,0.0,2024,其他,Y,1,524100,停車場管理
94813043,,順益當舖,花蓮縣花蓮市主安里中正路２０４號１樓,花蓮縣,花蓮市,主安里,金三角商圈,是,否,1500000.0,1977,獨資,N,0,649611,典當服務
19536670,,晶華乾洗店,花蓮縣花蓮市主安里中正路２０５號,花蓮縣,花蓮市,主安里,金三角商圈,是,否,50000.0,1996,合夥,N,0,961099,其他洗衣服務
67945344,,富聯達清潔用品社,花蓮縣花蓮市主安里中正路２０５號１樓,花蓮縣,花蓮市,主安里,金三角商圈,是,否,30000.0,1999,獨資,N,0,474917,清潔用品零售
92644438,,自強二手電器,花蓮縣花蓮市主安里中正路２０６號１樓,花蓮縣,花蓮市,主安里,金三角商圈,是,否,50000.0,2023,獨資,N,0,952312,家用電器維修
60250174,,上禾活蝦料理,花蓮縣花蓮市主安里南濱路３２號,花蓮縣,花蓮市,主安里,金三角商圈,是,否,60000.0,2026,獨資,N,0,932911,釣魚場
37993071,,利濠商行,花蓮縣花蓮市主安里廣東街２８號１樓,花蓮縣,花蓮市,主安里,金三角商圈,是,否,3000.0,2013,獨資,Y,1,454999,未分類其他食品批發
41460409,,昌興電器行,花蓮縣花蓮市主安里榮正街１１３號１樓,花蓮縣,花蓮市,主安里,金三角商圈,是,否,8000.0,2015,獨資,Y,1,474199,其他家用電器零售
92525685,,小羊爹地企業社,花蓮縣花蓮市主安里榮正街１２５巷１―６號,花蓮縣,花蓮市,主安里,金三角商圈,是,否,12000.0,2022,獨資,N,0,486111,食品零售攤販
91595965,,花藜美甲工作室,花蓮縣花蓮市主安里榮正街１２５巷３號１樓,花蓮縣,花蓮市,主安里,金三角商圈,是,否,200000.0,2022,獨資,N,0,962211,美甲美睫服務
83296459,,安錩科技管理顧問有限公司,花蓮縣花蓮市主安里榮正街１２５巷５弄１７號,花蓮縣,花蓮市,主安里,金三角商圈,是,否,500000.0,2020,有限公司,Y,1,620212,系統規劃、分析及設計
60248353,,福田企業社,花蓮縣花蓮市主安里榮正街１２５巷５弄１８號,花蓮縣,花蓮市,主安里,金三角商圈,是,否,200000.0,2025,獨資,Y,1,782000,人力供應
94118360,,廣太綠能股份有限公司,花蓮縣花蓮市主安里榮正街１３３號１樓,花蓮縣,花蓮市,主安里,金三角商圈,是,否,5000000.0,2023,股份有限公司,Y,1,289099,未分類其他電力設備及配備製造
42787678,,合泰開發有限公司,花蓮縣花蓮市主安里榮正街１４３號１樓,花蓮縣,花蓮市,主安里,金三角商圈,是,否,1500000.0,2016,有限公司,Y,1,681111,自有不動產買賣
60253067,,豐合工程行,花蓮縣花蓮市主安里榮正街１４３號１樓,花蓮縣,花蓮市,主安里,金三角商圈,是,否,200000.0,2026,獨資,Y,1,410011,房屋修繕
19534027,,中福機車行,花蓮縣花蓮市主安里榮正街１４７號,花蓮縣,花蓮市,主安里,金三角商圈,是,否,5000.0,1996,獨資,N,0,959100,機車維修
80131671,,松榛企業有限公司,花蓮縣花蓮市主安里榮正街１５３巷１０號,花蓮縣,花蓮市,主安里,金三角商圈,是,否,5000000.0,2003,有限公司,Y,1,461999,未分類其他建材批發
60252308,,旭昌工程行,花蓮縣花蓮市主安里榮正街１５３巷６號１樓,花蓮縣,花蓮市,主安里,金三角商圈,是,否,248000.0,2026,獨資,Y,1,433212,管道工程
93507186,,立蒲建設開發有限公司,花蓮縣花蓮市主安里榮正街１５３巷８號１樓,花蓮縣,花蓮市,主安里,金三角商圈,是,否,6000000.0,2023,有限公司,Y,1,670012,不動產投資開發
91596583,,伊莉莎白音樂工作室,花蓮縣花蓮市主安里榮正街１５７號３樓,花蓮縣,花蓮市,主安里,金三角商圈,是,否,100000.0,2022,獨資,N,0,859213,音樂教學
37931625,,金同利五金行,花蓮縣花蓮市主安里榮正街１６１號１樓,花蓮縣,花蓮市,主安里,金三角商圈,是,否,200000.0,2013,獨資,Y,1,481014,居家修繕用品零售
91157178,,永欣花店,花蓮縣花蓮市主安里榮正街１６９號１樓,花蓮縣,花蓮市,主安里,金三角商圈,是,否,3000.0,2021,獨資,N,0,485111,切花、盆栽零售
99798464,,喬麗美髮,花蓮縣花蓮市主安里榮正街１７５號,花蓮縣,花蓮市,主安里,金三角商圈,是,否,3000.0,2004,獨資,N,0,962111,美髮院及髮廊
23038099,,懷國實業有限公司,花蓮縣花蓮市主安里榮正街２３號１樓,花蓮縣,花蓮市,主安里,金三角商圈,是,否,5000000.0,1988,有限公司,Y,1,481014,居家修繕用品零售
92636958,,嘉均企業社,花蓮縣花蓮市主安里榮正街２５巷１弄７號１樓,花蓮縣,花蓮市,主安里,金三角商圈,是,否,249000.0,2023,獨資,Y,1,433211,冷凍、通風、空調系統裝修工程
41008673,,久福土木包工業,花蓮縣花蓮市主安里榮正街２５巷２弄２號１樓,花蓮縣,花蓮市,主安里,金三角商圈,是,否,1000000.0,2014,獨資,Y,1,429099,未分類其他土木工程
41007668,,王政企業社,花蓮縣花蓮市主安里榮正街２９號１樓,花蓮縣,花蓮市,主安里,金三角商圈,是,否,2000.0,2014,獨資,N,0,476399,其他玩具及娛樂用品零售
82932396,,大木室內裝修設計有限公司,花蓮縣花蓮市主安里榮正街３５號１樓,花蓮縣,花蓮市,主安里,金三角商圈,是,否,500000.0,2019,有限公司,Y,1,434015,室內裝修工程
84831958,,長林營造有限公司,花蓮縣花蓮市主安里榮正街４５號,花蓮縣,花蓮市,主安里,金三角商圈,是,否,6000000.0,1994,有限公司,Y,1,429099,未分類其他土木工程
89717409,,東合興國際企業有限公司,花蓮縣花蓮市主安里榮正街４５號１樓,花蓮縣,花蓮市,主安里,金三角商圈,是,否,10000000.0,1995,有限公司,Y,1,434013,房屋設備安裝工程
08140449,,一誠教育儀器社,花蓮縣花蓮市主安里榮正街６３號,花蓮縣,花蓮市,主安里,金三角商圈,是,否,5000.0,1987,獨資,N,0,481014,居家修繕用品零售
94300888,,新南興工業原料儀器行,花蓮縣花蓮市主安里榮正街６３號１樓,花蓮縣,花蓮市,主安里,金三角商圈,是,否,1000000.0,1977,獨資,Y,1,462099,其他化學原材料及其製品批發
41467748,,建晟工程行,花蓮縣花蓮市主安里榮正街８３號１樓,花蓮縣,花蓮市,主安里,金三角商圈,是,否,200000.0,2016,獨資,Y,1,410099,其他建築工程
08126951,,露寶有限公司,花蓮縣花蓮市主安里福建街１１５號,花蓮縣,花蓮市,主安里,金三角商圈,是,否,10000000.0,1986,有限公司,Y,1,472914,飲料零售
70965456,,通源西藥房,花蓮縣花蓮市主安里福建街１１５號,花蓮縣,花蓮市,主安里,金三角商圈,是,否,240000.0,1999,合夥,Y,1,451099,其他商品批發經紀
95212686,,顗鐙電業工程行,花蓮縣花蓮市主安里福建街１２０巷４５號１樓,花蓮縣,花蓮市,主安里,金三角商圈,是,否,200000.0,2025,獨資,Y,1,410011,房屋修繕
96809446,,酥酥國際股份有限公司,花蓮縣花蓮市主安里福建街１３２巷１弄７號１樓,花蓮縣,花蓮市,主安里,金三角商圈,是,否,1000000.0,2025,股份有限公司,Y,1,454113,醃漬蔬果批發
50684801,,小菁美容美體個人工作室,花蓮縣花蓮市主安里福建街１３５巷３號２樓,花蓮縣,花蓮市,主安里,金三角商圈,是,否,490000.0,2016,獨資,N,0,962299,其他美容美體服務
41467108,,禾豐不動產企業社,花蓮縣花蓮市主安里福建街１４３號１樓、１４５號１樓,花蓮縣,花蓮市,主安里,金三角商圈,是,否,300000.0,2016,獨資,Y,1,681211,不動產仲介
91595058,,花姐養生饅頭,花蓮縣花蓮市主安里福建街１４９號１樓,花蓮縣,花蓮市,主安里,金三角商圈,是,否,120000.0,2022,獨資,N,0,089199,其他烘焙炊蒸食品製造
92636970,,錦玥水電工程行,花蓮縣花蓮市主安里福建街１５０巷１１號,花蓮縣,花蓮市,主安里,金三角商圈,是,否,249999.0,2023,獨資,Y,1,434013,房屋設備安裝工程
94736601,,大昌帆布行,花蓮縣花蓮市主安里福建街１５０巷２號１樓,花蓮縣,花蓮市,主安里,金三角商圈,是,否,9000.0,1977,獨資,Y,1,115113,帆布製品製造
12747030,,永鈺營造有限公司,花蓮縣花蓮市主安里福建街１５０巷２９號,花蓮縣,花蓮市,主安里,金三角商圈,是,否,3600000.0,2001,有限公司,Y,1,429099,未分類其他土木工程
37997061,,誠忠企業社,花蓮縣花蓮市主安里福建街１５０巷４２弄２號１樓,花蓮縣,花蓮市,主安里,金三角商圈,是,否,240000.0,2013,獨資,Y,1,439014,起重工程
82175750,,弘翔企業社,花蓮縣花蓮市主安里福建街１５０巷４２弄２號１樓,花蓮縣,花蓮市,主安里,金三角商圈,是,否,100000.0,2018,獨資,N,0,773015,宴會用品出租
26654383,,花花美髮院,花蓮縣花蓮市主安里福建街１５０巷５號,花蓮縣,花蓮市,主安里,金三角商圈,是,否,3000.0,2011,獨資,N,0,962299,其他美容美體服務
91159422,,花花水電工作室,花蓮縣花蓮市主安里福建街１５０巷５號１樓,花蓮縣,花蓮市,主安里,金三角商圈,是,否,200000.0,2022,獨資,Y,1,434099,其他建物完工裝修工程
34886767,,崧園禮儀社,花蓮縣花蓮市主安里福建街１５０巷７號,花蓮縣,花蓮市,主安里,金三角商圈,是,否,100000.0,2010,獨資,Y,1,963015,殯葬禮儀服務
34887891,,鑫鐵興土木包工業,花蓮縣花蓮市主安里福建街１５０巷９號１樓,花蓮縣,花蓮市,主安里,金三角商圈,是,否,1000000.0,2010,合夥,Y,1,429099,未分類其他土木工程
60248537,,亦呈企業社,花蓮縣花蓮市主安里福建街１５６號１樓,花蓮縣,花蓮市,主安里,金三角商圈,是,否,200000.0,2025,獨資,Y,1,439099,未分類其他專門營造
02857938,,幸福旅人民宿,花蓮縣花蓮市主安里福建街１６２－２號,花蓮縣,花蓮市,主安里,金三角商圈,是,否,3000.0,2013,獨資,N,0,551013,民宿
93058940,,重慶九九五金日用品,花蓮縣花蓮市主安里重慶路１０５號,花蓮縣,花蓮市,主安里,金三角商圈,是,否,6000000.0,2024,合夥,Y,1,474999,未分類其他家用器具及用品零售
31615087,,鼎雄理髮部,花蓮縣花蓮市主安里重慶路１１３號旁,花蓮縣,花蓮市,主安里,金三角商圈,是,否,10000.0,2011,獨資,N,0,962112,理髮店
26789100,,重慶麵包,花蓮縣花蓮市主安里重慶路１２１號１樓,花蓮縣,花蓮市,主安里,金三角商圈,是,否,3000.0,2011,獨資,N,0,472922,西點麵包零售
91158346,,靖弘青果行,花蓮縣花蓮市主安里重慶路１２７號１樓,花蓮縣,花蓮市,主安里,金三角商圈,是,否,200000.0,2021,獨資,N,0,472936,檳榔零售
13974883,,江麵,花蓮縣花蓮市主安里重慶路１２９號,花蓮縣,花蓮市,主安里,金三角商圈,是,否,3000.0,2002,獨資,N,0,561113,麵店、小吃店
49768394,,鏘鏘好手工水餃,花蓮縣花蓮市主安里重慶路１２９號１樓,花蓮縣,花蓮市,主安里,金三角商圈,是,否,200000.0,2016,獨資,N,0,487114,經營網路購物（食品、飲料類商品）
60246926,,海蒂的旅行箱民宿,花蓮縣花蓮市主安里００４鄰中強街１５０號,花蓮縣,花蓮市,主安里,金三角商圈,是,否,150000.0,2025,獨資,N,0,551013,民宿
91161320,,自由行民宿,花蓮縣花蓮市主安里００４鄰中強街１５２號,花蓮縣,花蓮市,主安里,金三角商圈,是,否,5000.0,2021,獨資,N,0,551013,民宿
42202844,,小花民宿,花蓮縣花蓮市主安里００４鄰中強街１５８號,花蓮縣,花蓮市,主安里,金三角商圈,是,否,100000.0,2015,獨資,N,0,559099,未分類其他住宿
60517639,,泰緣安居地產有限公司,花蓮縣花蓮市主安里００４鄰重慶路１４３號,花蓮縣,花蓮市,主安里,金三角商圈,是,否,1000000.0,2025,有限公司,Y,1,681211,不動產仲介
93049561,,本心不動產企業,花蓮縣花蓮市主安里００４鄰重慶路１４３號１樓,花蓮縣,花蓮市,主安里,金三角商圈,是,否,240000.0,2024,獨資,Y,1,681211,不動產仲介
28385982,,佑澤建設有限公司,花蓮縣花蓮市主安里００４鄰重慶路１４７號１樓,花蓮縣,花蓮市,主安里,金三角商圈,是,否,5000000.0,2006,有限公司,Y,1,670012,不動產投資開發
82183442,,駿展工程行,花蓮縣花蓮市主安里００４鄰重慶路１４７號１樓,花蓮縣,花蓮市,主安里,金三角商圈,是,否,200000.0,2019,獨資,Y,1,439012,模板工程
91591308,,瑋翔工程行,花蓮縣花蓮市主安里００４鄰重慶路１４７號１樓,花蓮縣,花蓮市,主安里,金三角商圈,是,否,200000.0,2022,獨資,Y,1,524100,停車場管理
92539040,,喜歡采風烘焙坊,花蓮縣花蓮市主安里０１０鄰中正路１８０號２樓,花蓮縣,花蓮市,主安里,金三角商圈,是,否,1000000.0,2023,合夥,Y,1,454999,未分類其他食品批發
91149298,,國泰藥局,花蓮縣花蓮市主安里０１１鄰中正路１９４號１樓,花蓮縣,花蓮市,主安里,金三角商圈,是,否,120000.0,2021,合夥,N,0,475112,西藥零售
61472884,,新活泉藥局,花蓮縣花蓮市主安里１０鄰中正路１７０號１樓,花蓮縣,花蓮市,主安里,金三角商圈,是,否,20000.0,2026,獨資,N,0,475112,西藥零售
94747348,,羅門音樂社,花蓮縣花蓮市主安里１７鄰中強街８０號１樓,花蓮縣,花蓮市,主安里,金三角商圈,是,否,5000.0,1978,獨資,N,0,476314,樂器零售
29367478,,凱韻廣告設計工坊,花蓮縣花蓮市主安里１９鄰榮正街２７號,花蓮縣,花蓮市,主安里,金三角商圈,是,否,8000.0,2005,獨資,N,0,731013,公開展示廣告
84523360,,環冠環境衛生服務有限公司,花蓮縣花蓮市主安里２０鄰中原路３５０號１樓,花蓮縣,花蓮市,主安里,金三角商圈,是,否,1000000.0,1993,有限公司,Y,1,812911,病媒防治服務
26103375,,香緹美妍館,花蓮縣花蓮市主安里４鄰中強街１５８號,花蓮縣,花蓮市,主安里,金三角商圈,是,否,3000.0,2009,獨資,N,0,962299,其他美容美體服務
12909082,,亞威運動休閒開發股份有限公司,花蓮縣花蓮市主安里４鄰中強街６６―１號,花蓮縣,花蓮市,主安里,金三角商圈,是,否,1917000.0,2001,股份有限公司,Y,1,931218,游泳池
16341412,,東懋資訊有限公司,花蓮縣花蓮市主安里４９鄰中原路４１８號,花蓮縣,花蓮市,主安里,金三角商圈,是,否,1000000.0,1998,有限公司,Y,1,464111,電腦及電腦週邊設備批發
85273086,,放慢民宿,花蓮縣花蓮市主安里７鄰中原路３９４巷２６號,花蓮縣,花蓮市,主安里,金三角商圈,是,否,100000.0,2019,獨資,N,0,551013,民宿
13972409,,錦文輪業,花蓮縣花蓮市主安里８鄰中正路１８３號１樓,花蓮縣,花蓮市,主安里,金三角商圈,是,否,248000.0,2002,獨資,Y,1,484211,全新機車零售
50726725,,精禾美甲工作室,花蓮縣花蓮市主工里中正路４５９號,花蓮縣,花蓮市,主工里,金三角與東大門核心交會商圈,是,是,50000.0,2016,獨資,N,0,962211,美甲美睫服務
50725768,,小小巴黎童裝,花蓮縣花蓮市主工里中正路４６１號１樓,花蓮縣,花蓮市,主工里,金三角與東大門核心交會商圈,是,是,20000.0,2016,獨資,N,0,473211,服裝零售
37997956,,建華精品服飾店,花蓮縣花蓮市主工里中正路４６２號１樓,花蓮縣,花蓮市,主工里,金三角與東大門核心交會商圈,是,是,100000.0,2013,獨資,N,0,473299,其他服裝及其配件零售
94634668,,資豐堂,花蓮縣花蓮市主工里中正路４７３號―樓,花蓮縣,花蓮市,主工里,金三角與東大門核心交會商圈,是,是,5000.0,1977,獨資,N,0,476312,玩具（模型玩具除外）零售
10617709,,伍角衣版實業社,花蓮縣花蓮市主工里中正路４８３號１樓,花蓮縣,花蓮市,主工里,金三角與東大門核心交會商圈,是,是,200000.0,2008,獨資,Y,1,473999,未分類其他服飾品零售
84800815,,禧福飯店有限公司,花蓮縣花蓮市主工里中正路４８９號,花蓮縣,花蓮市,主工里,金三角與東大門核心交會商圈,是,是,5000000.0,1995,有限公司,Y,1,551012,旅館
12914091,,花蓮鐘錶股份有限公司,花蓮縣花蓮市主工里中華路１０６號１樓,花蓮縣,花蓮市,主工里,金三角與東大門核心交會商圈,是,是,85000000.0,2001,股份有限公司,Y,1,474411,鐘錶及其零配件零售
72846175,,竹琞商行,花蓮縣花蓮市主工里中華路１１０號１樓,花蓮縣,花蓮市,主工里,金三角與東大門核心交會商圈,是,是,200000.0,2018,獨資,Y,1,473211,服裝零售
92638695,,高手運動彩券投注站,花蓮縣花蓮市主工里中華路１１２號１樓,花蓮縣,花蓮市,主工里,金三角與東大門核心交會商圈,是,是,50000.0,2023,獨資,N,0,920011,彩券銷售
92638702,,金弘原彩券行,花蓮縣花蓮市主工里中華路１１２號１樓,花蓮縣,花蓮市,主工里,金三角與東大門核心交會商圈,是,是,50000.0,2023,獨資,N,0,920011,彩券銷售
93058603,,林老師小吃店,花蓮縣花蓮市主工里中華路１２２號１樓,花蓮縣,花蓮市,主工里,金三角與東大門核心交會商圈,是,是,100000.0,2024,獨資,N,0,561113,麵店、小吃店
54809297,,花蓮戶外有限公司,花蓮縣花蓮市主工里中華路１４４號,花蓮縣,花蓮市,主工里,金三角與東大門核心交會商圈,是,是,50000.0,2014,有限公司,Y,1,487199,其他電子購物及郵購
85079034,,柰斯貿易有限公司,花蓮縣花蓮市主工里中華路１４４號,花蓮縣,花蓮市,主工里,金三角與東大門核心交會商圈,是,是,500000.0,2019,有限公司,Y,1,472112,水果零售
91156641,,食嚐商號,花蓮縣花蓮市主工里中華路１４４號,花蓮縣,花蓮市,主工里,金三角與東大門核心交會商圈,是,是,88888.0,2021,獨資,N,0,487114,經營網路購物（食品、飲料類商品）
92523053,98273932,財團法人臺灣生活美學基金會花創園區,花蓮縣花蓮市主工里中華路１４４號,花蓮縣,花蓮市,主工里,金三角與東大門核心交會商圈,是,是,0.0,2022,其他,Y,1,903019,藝文作品展覽活動籌辦
72847499,,日常藝術工作室,花蓮縣花蓮市主工里中華路１４４號第３３之２棟,花蓮縣,花蓮市,主工里,金三角與東大門核心交會商圈,是,是,10000.0,2018,獨資,N,0,473211,服裝零售
93055541,,菇菇商行,花蓮縣花蓮市主工里中華路１４８號,花蓮縣,花蓮市,主工里,金三角與東大門核心交會商圈,是,是,200000.0,2024,獨資,N,0,561115,餐廳
50573333,,小小瞳柑仔店,花蓮縣花蓮市主工里中華路１５０號１樓,花蓮縣,花蓮市,主工里,金三角與東大門核心交會商圈,是,是,100000.0,2016,獨資,N,0,472914,飲料零售
94171202,,鴻安蔘藥行,花蓮縣花蓮市主工里中華路１５８號,花蓮縣,花蓮市,主工里,金三角與東大門核心交會商圈,是,是,2000.0,1977,獨資,N,0,475111,中藥零售
94187443,,協源工具行,花蓮縣花蓮市主工里中華路１６２號,花蓮縣,花蓮市,主工里,金三角與東大門核心交會商圈,是,是,200000.0,1977,獨資,Y,1,481014,居家修繕用品零售
94118853,,松成葬儀社,花蓮縣花蓮市主工里中華路１６８號,花蓮縣,花蓮市,主工里,金三角與東大門核心交會商圈,是,是,600000.0,1977,合夥,Y,1,963015,殯葬禮儀服務
18059185,,美而美早晨餐店,花蓮縣花蓮市主工里中華路１７８號１樓,花蓮縣,花蓮市,主工里,金三角與東大門核心交會商圈,是,是,3000.0,2001,獨資,N,0,561111,早餐店
67941797,94186401,有限責任花蓮第一信用合作社信義簡易型分社,花蓮縣花蓮市主工里中華路１８０號,花蓮縣,花蓮市,主工里,金三角與東大門核心交會商圈,是,是,0.0,1998,其他,N,0,641300,信用合作社
41010066,,泳晉小吃店,花蓮縣花蓮市主工里中華路１８２―１號１樓,花蓮縣,花蓮市,主工里,金三角與東大門核心交會商圈,是,是,5000.0,2014,獨資,N,0,561112,便當、自助餐店
94825126,,菜刀王企業社,花蓮縣花蓮市主工里中華路１８２―４號１樓,花蓮縣,花蓮市,主工里,金三角與東大門核心交會商圈,是,是,100000.0,1983,獨資,N,0,481014,居家修繕用品零售
67947103,,昶欣電器行,花蓮縣花蓮市主工里中華路１８２－３號,花蓮縣,花蓮市,主工里,金三角與東大門核心交會商圈,是,是,1000000.0,1999,獨資,Y,1,474199,其他家用電器零售
50742751,,日月商行,花蓮縣花蓮市主工里中華路１８４―１號１樓,花蓮縣,花蓮市,主工里,金三角與東大門核心交會商圈,是,是,30000.0,2017,獨資,N,0,474999,未分類其他家用器具及用品零售
53853689,89826011,佐登妮絲國際股份有限公司花蓮中華分公司,花蓮縣花蓮市主工里中華路１８６―１號１樓,花蓮縣,花蓮市,主工里,金三角與東大門核心交會商圈,是,是,0.0,2012,本國公司設立之分公司,Y,1,475299,其他化粧品零售
24205432,,欣品衛浴建材有限公司,花蓮縣花蓮市主工里中華路１８６號,花蓮縣,花蓮市,主工里,金三角與東大門核心交會商圈,是,是,5000000.0,2008,有限公司,Y,1,481014,居家修繕用品零售
53392687,,巨禾建設有限公司,花蓮縣花蓮市主工里中華路１８６號１樓,花蓮縣,花蓮市,主工里,金三角與東大門核心交會商圈,是,是,15000000.0,2011,有限公司,Y,1,670012,不動產投資開發
83113727,,巨禾控股有限公司,花蓮縣花蓮市主工里中華路１８６號１樓,花蓮縣,花蓮市,主工里,金三角與東大門核心交會商圈,是,是,500000.0,2020,有限公司,Y,1,649911,投資有價證券
78039142,,名媛百貨行,花蓮縣花蓮市主工里中華路１９４號,花蓮縣,花蓮市,主工里,金三角與東大門核心交會商圈,是,是,3000.0,1992,獨資,N,0,473211,服裝零售
91594369,,興昌隆廚具企業社,花蓮縣花蓮市主工里中華路１９４－１號１樓,花蓮縣,花蓮市,主工里,金三角與東大門核心交會商圈,是,是,200000.0,2022,獨資,Y,1,456213,廚櫃批發
15793697,,大中華冷飲店,花蓮縣花蓮市主工里中華路１９４－２號,花蓮縣,花蓮市,主工里,金三角與東大門核心交會商圈,是,是,3000.0,2003,獨資,N,0,563115,手搖飲店
28752852,,欣聯幸企業有限公司,花蓮縣花蓮市主工里仁愛街５９號１樓,花蓮縣,花蓮市,主工里,金三角與東大門核心交會商圈,是,是,3000000.0,2007,有限公司,Y,1,469925,基本金屬批發
95209280,,辰昇企業社,花蓮縣花蓮市主工里仁愛街５９號１樓,花蓮縣,花蓮市,主工里,金三角與東大門核心交會商圈,是,是,248000.0,2025,獨資,Y,1,431015,基礎工程
91156305,,彥秀髮型工作室,花蓮縣花蓮市主工里仁愛街６９號１樓,花蓮縣,花蓮市,主工里,金三角與東大門核心交會商圈,是,是,50000.0,2021,獨資,N,0,962111,美髮院及髮廊
91154897,,小螞蟻咖哩餐飲,花蓮縣花蓮市主工里仁愛街７１－１號１樓,花蓮縣,花蓮市,主工里,金三角與東大門核心交會商圈,是,是,3000.0,2021,獨資,N,0,561115,餐廳
37780788,,雷記手工饅頭,花蓮縣花蓮市主工里仁愛街７３號１樓,花蓮縣,花蓮市,主工里,金三角與東大門核心交會商圈,是,是,20000.0,2012,獨資,N,0,486111,食品零售攤販
94512709,03787101,臺灣菸酒股份有限公司花蓮營業處,花蓮縣花蓮市主工里仁愛街７５號,花蓮縣,花蓮市,主工里,金三角與東大門核心交會商圈,是,是,0.0,2000,其他,Y,1,454611,國產菸酒批發
08141762,,牡丹蔬菜商行,花蓮縣花蓮市主工里仁愛街８３－５號,花蓮縣,花蓮市,主工里,金三角與東大門核心交會商圈,是,是,3000.0,1987,獨資,N,0,472111,蔬菜零售
49794891,,小檳城,花蓮縣花蓮市主工里仁愛街９４―１號,花蓮縣,花蓮市,主工里,金三角與東大門核心交會商圈,是,是,5000.0,2016,獨資,N,0,561113,麵店、小吃店
95166732,,凱群民宿,花蓮縣花蓮市主工里仁愛街９６號,花蓮縣,花蓮市,主工里,金三角與東大門核心交會商圈,是,是,200000.0,2024,獨資,N,0,551013,民宿
85213969,,参火木牛排館,花蓮縣花蓮市主工里仁愛街９６號１樓,花蓮縣,花蓮市,主工里,金三角與東大門核心交會商圈,是,是,100000.0,2020,獨資,Y,1,561115,餐廳
30144665,,喜悅登民宿,花蓮縣花蓮市主工里信義街１２３之１號,花蓮縣,花蓮市,主工里,金三角與東大門核心交會商圈,是,是,200000.0,2008,獨資,N,0,551013,民宿
90496024,,皇富建設股份有限公司,花蓮縣花蓮市主工里信義街６２號１樓,花蓮縣,花蓮市,主工里,金三角與東大門核心交會商圈,是,是,2000000.0,2021,股份有限公司,Y,1,670012,不動產投資開發
41462954,,錦宗土木包工業,花蓮縣花蓮市主工里信義街６６號１樓,花蓮縣,花蓮市,主工里,金三角與東大門核心交會商圈,是,是,1000000.0,2015,獨資,Y,1,429099,未分類其他土木工程
94763888,,中發行,花蓮縣花蓮市主工里信義街７０之２號,花蓮縣,花蓮市,主工里,金三角與東大門核心交會商圈,是,是,5000.0,1979,獨資,Y,1,481014,居家修繕用品零售
50743983,,張瑋烤肉蛋土司,花蓮縣花蓮市主工里信義街９７號１樓,花蓮縣,花蓮市,主工里,金三角與東大門核心交會商圈,是,是,100000.0,2017,獨資,N,0,561111,早餐店
85213996,,成康飲食店,花蓮縣花蓮市主工里信義街９９巷２號１樓,花蓮縣,花蓮市,主工里,金三角與東大門核心交會商圈,是,是,168000.0,2020,獨資,N,0,561113,麵店、小吃店
34886844,,米加企業行,花蓮縣花蓮市主工里和平路４２８號,花蓮縣,花蓮市,主工里,金三角與東大門核心交會商圈,是,是,10000.0,2010,獨資,N,0,089111,糕餅麵包製造
64810527,,宏國廣告社,花蓮縣花蓮市主工里和平路４３０號,花蓮縣,花蓮市,主工里,金三角與東大門核心交會商圈,是,是,3000.0,1988,獨資,N,0,731013,公開展示廣告
95215446,,豆號早餐,花蓮縣花蓮市主工里和平路４４０號１樓,花蓮縣,花蓮市,主工里,金三角與東大門核心交會商圈,是,是,20000.0,2025,獨資,N,0,561111,早餐店
72848125,,弘揚機車行,花蓮縣花蓮市主工里和平路４５２號１樓,花蓮縣,花蓮市,主工里,金三角與東大門核心交會商圈,是,是,50000.0,2018,獨資,N,0,959100,機車維修
61466118,,歐桑餐飲,花蓮縣花蓮市主工里和平路４６６號１樓,花蓮縣,花蓮市,主工里,金三角與東大門核心交會商圈,是,是,200000.0,2026,合夥,Y,1,561113,麵店、小吃店
92536445,,妍妍小吃店,花蓮縣花蓮市主工里和平路４６６號１樓,花蓮縣,花蓮市,主工里,金三角與東大門核心交會商圈,是,是,20000.0,2023,獨資,Y,1,561113,麵店、小吃店
94762966,,美美髮廊,花蓮縣花蓮市主工里和平路４８４號,花蓮縣,花蓮市,主工里,金三角與東大門核心交會商圈,是,是,3000.0,1979,獨資,N,0,962111,美髮院及髮廊
87344684,,明記燒腊便當,花蓮縣花蓮市主工里和平路４９２號１樓,花蓮縣,花蓮市,主工里,金三角與東大門核心交會商圈,是,是,100000.0,2020,獨資,N,0,561112,便當、自助餐店
93058857,,昱鑫旺商行,花蓮縣花蓮市主工里和平路５０９號１樓,花蓮縣,花蓮市,主工里,金三角與東大門核心交會商圈,是,是,50000.0,2024,獨資,N,0,563115,手搖飲店
10586656,,美顏悅色,花蓮縣花蓮市主工里明義街１０１號１樓,花蓮縣,花蓮市,主工里,金三角與東大門核心交會商圈,是,是,9000.0,2008,獨資,N,0,475299,其他化粧品零售
60247410,,龍昌五金行,花蓮縣花蓮市主工里明義街９９號１樓,花蓮縣,花蓮市,主工里,金三角與東大門核心交會商圈,是,是,200000.0,2025,獨資,Y,1,481014,居家修繕用品零售
67940621,,上格服飾,花蓮縣花蓮市主工里有恆街１５號１樓,花蓮縣,花蓮市,主工里,金三角與東大門核心交會商圈,是,是,10000.0,1998,獨資,N,0,473211,服裝零售
54968436,,小室集合國際有限公司,花蓮縣花蓮市主工里有恆街３號１樓,花蓮縣,花蓮市,主工里,金三角與東大門核心交會商圈,是,是,500000.0,2019,有限公司,Y,1,563199,其他飲料店
89142100,,大室國際有限公司,花蓮縣花蓮市主工里有恆街３號１樓,花蓮縣,花蓮市,主工里,金三角與東大門核心交會商圈,是,是,500000.0,2023,有限公司,Y,1,702099,其他管理顧問
16888658,,珍舜營造有限公司,花蓮縣花蓮市主工里有恆街９―１號１樓,花蓮縣,花蓮市,主工里,金三角與東大門核心交會商圈,是,是,7100000.0,1999,有限公司,Y,1,421000,道路工程
94799838,,鉅烽水電工程有限公司,花蓮縣花蓮市主工里有恆街９―１號１樓,花蓮縣,花蓮市,主工里,金三角與東大門核心交會商圈,是,是,2000000.0,1982,有限公司,Y,1,433111,水電工程
95490098,,鈺烽水電工程有限公司,花蓮縣花蓮市主工里有恆街９―１號１樓,花蓮縣,花蓮市,主工里,金三角與東大門核心交會商圈,是,是,1000000.0,2024,有限公司,Y,1,433111,水電工程
93052404,,王室炭火燒烤,花蓮縣花蓮市主工里民國路１－１號,花蓮縣,花蓮市,主工里,金三角與東大門核心交會商圈,是,是,50000.0,2024,獨資,Y,1,561115,餐廳
60247761,,喜楊楊小吃店,花蓮縣花蓮市主工里民國路１４號,花蓮縣,花蓮市,主工里,金三角與東大門核心交會商圈,是,是,10000.0,2025,獨資,N,0,561112,便當、自助餐店
95208183,,卍默泰餐館,花蓮縣花蓮市主工里民國路４號１樓左側,花蓮縣,花蓮市,主工里,金三角與東大門核心交會商圈,是,是,200000.0,2024,獨資,N,0,561115,餐廳
82176580,,木宅咖啡店,花蓮縣花蓮市主工里民國路４５號,花蓮縣,花蓮市,主工里,金三角與東大門核心交會商圈,是,是,200000.0,2018,獨資,Y,1,561113,麵店、小吃店
78854073,,更生竹器店,花蓮縣花蓮市主工里民國路４９號１樓,花蓮縣,花蓮市,主工里,金三角與東大門核心交會商圈,是,是,3000.0,1994,獨資,N,0,474316,竹、木、藤製（藤蓆除外）家飾品零售
85211076,,大盛屋,花蓮縣花蓮市主工里民國路５３號,花蓮縣,花蓮市,主工里,金三角與東大門核心交會商圈,是,是,20000.0,2020,獨資,N,0,561113,麵店、小吃店
50747566,,聯進土木包工業,花蓮縣花蓮市主工里民國路６３號１樓,花蓮縣,花蓮市,主工里,金三角與東大門核心交會商圈,是,是,1000000.0,2017,獨資,Y,1,429099,未分類其他土木工程
72845730,,米可司品坊,花蓮縣花蓮市主工里民國路６５號,花蓮縣,花蓮市,主工里,金三角與東大門核心交會商圈,是,是,200000.0,2018,獨資,Y,1,563115,手搖飲店
80595566,80008665,頂尖食品事業有限公司民國分公司,花蓮縣花蓮市主工里民國路６７號１樓,花蓮縣,花蓮市,主工里,金三角與東大門核心交會商圈,是,是,0.0,2003,本國公司設立之分公司,Y,1,472922,西點麵包零售
94768531,,美欣素食館,花蓮縣花蓮市主工里民國路７５號―樓,花蓮縣,花蓮市,主工里,金三角與東大門核心交會商圈,是,是,8000.0,1980,獨資,N,0,561113,麵店、小吃店
26776837,,順富裕刀削麵,花蓮縣花蓮市主工里民國路７９―１號１樓,花蓮縣,花蓮市,主工里,金三角與東大門核心交會商圈,是,是,200000.0,2011,獨資,Y,1,561113,麵店、小吃店
49788103,41462223,啡同凡響咖啡店民國店,花蓮縣花蓮市主工里民國路７９號,花蓮縣,花蓮市,主工里,金三角與東大門核心交會商圈,是,是,0.0,2016,其他,Y,1,472999,未分類其他食品、飲料及菸草製品零售
64820594,,東泉投資有限公司,花蓮縣花蓮市主工里００１鄰中正路４６２―１號,花蓮縣,花蓮市,主工里,金三角與東大門核心交會商圈,是,是,25500000.0,2016,有限公司,N,0,649911,投資有價證券
49763341,,沐沐文化精品,花蓮縣花蓮市主工里００１鄰中華路１１４號１樓,花蓮縣,花蓮市,主工里,金三角與東大門核心交會商圈,是,是,10000.0,2016,獨資,N,0,487112,經營電視購物、電台購物
87348730,,瓏晨國際實業社,花蓮縣花蓮市主工里００１鄰中華路１１８號１樓,花蓮縣,花蓮市,主工里,金三角與東大門核心交會商圈,是,是,10000.0,2020,獨資,N,0,487199,其他電子購物及郵購
92636471,,木木室內裝修企業社,花蓮縣花蓮市主工里００２鄰中正路４６３號,花蓮縣,花蓮市,主工里,金三角與東大門核心交會商圈,是,是,1000000.0,2023,獨資,Y,1,434011,室內裝潢工程
92096707,,太陽體育用品社,花蓮縣花蓮市主工里００４鄰中正路４８７―１號１樓,花蓮縣,花蓮市,主工里,金三角與東大門核心交會商圈,是,是,90000.0,1995,獨資,Y,1,476299,其他運動用品及器材零售
87348128,,吉拉薾體育用品社,花蓮縣花蓮市主工里００４鄰中正路４８７號１樓,花蓮縣,花蓮市,主工里,金三角與東大門核心交會商圈,是,是,1000000.0,2020,獨資,Y,1,476299,其他運動用品及器材零售
39951127,,錄港辦公家具整合設計,花蓮縣花蓮市主工里００６鄰中華路１５２號１樓,花蓮縣,花蓮市,主工里,金三角與東大門核心交會商圈,是,是,200000.0,2014,獨資,Y,1,464411,辦公室家具批發
91155642,,光幸車業,花蓮縣花蓮市主工里００６鄰中華路１６０號１樓,花蓮縣,花蓮市,主工里,金三角與東大門核心交會商圈,是,是,150000.0,2021,獨資,N,0,959100,機車維修
96760788,,和煦生命禮儀有限公司,花蓮縣花蓮市主工里００６鄰中華路１６４號１樓,花蓮縣,花蓮市,主工里,金三角與東大門核心交會商圈,是,是,4000000.0,2024,有限公司,Y,1,963015,殯葬禮儀服務
80614873,,松成號國際有限公司,花蓮縣花蓮市主工里００６鄰中華路１７０號１樓,花蓮縣,花蓮市,主工里,金三角與東大門核心交會商圈,是,是,30000000.0,2003,有限公司,Y,1,963015,殯葬禮儀服務
70968600,,銀坊百貨服飾店,花蓮縣花蓮市主工里００７鄰仁愛街４９號,花蓮縣,花蓮市,主工里,金三角與東大門核心交會商圈,是,是,30000.0,2000,獨資,N,0,473211,服裝零售
95044823,,浪人刺青店,花蓮縣花蓮市主工里００７鄰仁愛街５１號１樓,花蓮縣,花蓮市,主工里,金三角與東大門核心交會商圈,是,是,200000.0,2024,獨資,N,0,969017,紋身、紋眉服務
60181992,,大衛玩具,花蓮縣花蓮市主工里００７鄰仁愛街５７號,花蓮縣,花蓮市,主工里,金三角與東大門核心交會商圈,是,是,200000.0,2025,獨資,N,0,487199,其他電子購物及郵購
94117735,,島川股份有限公司,花蓮縣花蓮市主工里０１０鄰中華路１７８―１號,花蓮縣,花蓮市,主工里,金三角與東大門核心交會商圈,是,是,2000000.0,2023,股份有限公司,Y,1,561115,餐廳
83132457,,境碩設計有限公司,花蓮縣花蓮市主工里０１０鄰中華路１８８號,花蓮縣,花蓮市,主工里,金三角與東大門核心交會商圈,是,是,200000.0,2020,有限公司,Y,1,711112,景觀建築服務
50923471,,印度咖哩王有限公司,花蓮縣花蓮市主工里０１０鄰和平路４８２號,花蓮縣,花蓮市,主工里,金三角與東大門核心交會商圈,是,是,550000.0,2019,有限公司,Y,1,561115,餐廳
60737303,,馬汀娜印度小館有限公司,花蓮縣花蓮市主工里０１０鄰和平路４８２號１樓,花蓮縣,花蓮市,主工里,金三角與東大門核心交會商圈,是,是,600000.0,2025,有限公司,Y,1,561115,餐廳
49942197,,弘祐科技資訊社,花蓮縣花蓮市主工里０１０鄰和平路４８８號１樓,花蓮縣,花蓮市,主工里,金三角與東大門核心交會商圈,是,是,480000.0,2005,獨資,Y,1,483111,電腦及電腦週邊設備零售
31405054,,楊子萱,花蓮縣花蓮市主工里０１１鄰信義街１０５號,花蓮縣,花蓮市,主工里,金三角與東大門核心交會商圈,是,是,5000.0,2006,獨資,N,0,563199,其他飲料店
26115132,,武記越南河粉店,花蓮縣花蓮市主工里０１１鄰信義街１０７號１樓,花蓮縣,花蓮市,主工里,金三角與東大門核心交會商圈,是,是,3000.0,2009,獨資,N,0,561113,麵店、小吃店
90346932,,雄鋒營造有限公司,花蓮縣花蓮市主工里０１１鄰信義街９１巷５號１樓,花蓮縣,花蓮市,主工里,金三角與東大門核心交會商圈,是,是,3600000.0,2022,有限公司,Y,1,410013,住宅營建
90641505,,佳德地產有限公司,花蓮縣花蓮市主工里０１１鄰信義街９１巷５號１樓,花蓮縣,花蓮市,主工里,金三角與東大門核心交會商圈,是,是,1000000.0,2021,有限公司,Y,1,670012,不動產投資開發
50730880,,幸福加油站民宿,花蓮縣花蓮市主工里０１１鄰信義街９３號,花蓮縣,花蓮市,主工里,金三角與東大門核心交會商圈,是,是,200000.0,2017,獨資,N,0,551013,民宿
82181459,,玥盈小館,花蓮縣花蓮市主工里０１１鄰民國路４號１樓,花蓮縣,花蓮市,主工里,金三角與東大門核心交會商圈,是,是,80000.0,2019,獨資,N,0,561115,餐廳
91594190,,詠舜企業社,花蓮縣花蓮市主工里０１１鄰民國路４號１樓,花蓮縣,花蓮市,主工里,金三角與東大門核心交會商圈,是,是,200000.0,2022,獨資,Y,1,433900,其他建築設備安裝
26793239,,御品皇茶冷飲站,花蓮縣花蓮市主工里０１１鄰民國路８號１樓,花蓮縣,花蓮市,主工里,金三角與東大門核心交會商圈,是,是,50000.0,2012,獨資,N,0,563115,手搖飲店
94824554,,海埔蚵仔煎,花蓮縣花蓮市主工里０１１鄰民國路８號１樓,花蓮縣,花蓮市,主工里,金三角與東大門核心交會商圈,是,是,3000.0,1983,獨資,N,0,561113,麵店、小吃店
85211195,,揚名胡椒餅,花蓮縣花蓮市主工里０１２鄰民國路５７號１樓,花蓮縣,花蓮市,主工里,金三角與東大門核心交會商圈,是,是,150000.0,2020,獨資,N,0,561113,麵店、小吃店
67945560,,愛加倍水族館,花蓮縣花蓮市主工里０１２鄰民國路６１號１樓,花蓮縣,花蓮市,主工里,金三角與東大門核心交會商圈,是,是,3000.0,1999,獨資,N,0,485220,寵物零售
91152531,,瑛萍工作室,花蓮縣花蓮市主工里０１２鄰民國路６３號,花蓮縣,花蓮市,主工里,金三角與東大門核心交會商圈,是,是,3000.0,2021,獨資,N,0,962299,其他美容美體服務
28520468,,鴻盛建設機械有限公司,花蓮縣花蓮市主工里０１２鄰民國路６３號１樓,花蓮縣,花蓮市,主工里,金三角與東大門核心交會商圈,是,是,10000000.0,2006,有限公司,Y,1,464999,未分類其他機械器具批發
41117010,,源寶屋,花蓮縣花蓮市主工里０１３鄰仁愛街７７號,花蓮縣,花蓮市,主工里,金三角與東大門核心交會商圈,是,是,20000.0,2014,獨資,N,0,472922,西點麵包零售
41136810,,食驛,花蓮縣花蓮市主工里０１３鄰仁愛街８１號１樓,花蓮縣,花蓮市,主工里,金三角與東大門核心交會商圈,是,是,120000.0,2014,獨資,N,0,561115,餐廳
34886957,,米桔新世代早餐店,花蓮縣花蓮市主工里０１３鄰和平路４３４號１樓,花蓮縣,花蓮市,主工里,金三角與東大門核心交會商圈,是,是,30000.0,2010,獨資,N,0,561111,早餐店
92535635,,游媽媽龍鳳腿,花蓮縣花蓮市主工里０１３鄰民國路２９號,花蓮縣,花蓮市,主工里,金三角與東大門核心交會商圈,是,是,50000.0,2023,獨資,N,0,561200,餐食攤販
94755331,,中興醫療器材行,花蓮縣花蓮市主工里０１５鄰民國路１３號,花蓮縣,花蓮市,主工里,金三角與東大門核心交會商圈,是,是,300000.0,1979,獨資,Y,1,475113,醫療耗材零售
91058727,,諾絲股份有限公司,花蓮縣花蓮市主工里０１５鄰民國路１３號１樓,花蓮縣,花蓮市,主工里,金三角與東大門核心交會商圈,是,是,4000000.0,2021,股份有限公司,Y,1,471999,未分類其他綜合商品零售
00186467,,源鈦營造工程有限公司,花蓮縣花蓮市主工里０１５鄰民國路７號６樓,花蓮縣,花蓮市,主工里,金三角與東大門核心交會商圈,是,是,5000000.0,2024,有限公司,Y,1,429099,未分類其他土木工程
53171951,,源鈦興業有限公司,花蓮縣花蓮市主工里０１５鄰民國路７號６樓,花蓮縣,花蓮市,主工里,金三角與東大門核心交會商圈,是,是,11000000.0,2010,有限公司,Y,1,464999,未分類其他機械器具批發
91596726,,鼎鮮自助餐,花蓮縣花蓮市主工里０１６鄰民國路３號,花蓮縣,花蓮市,主工里,金三角與東大門核心交會商圈,是,是,10000.0,2022,獨資,N,0,561115,餐廳
91339847,,慕翔餐飲店,花蓮縣花蓮市主工里０１６鄰民國路３號１樓,花蓮縣,花蓮市,主工里,金三角與東大門核心交會商圈,是,是,50000.0,2021,獨資,N,0,561111,早餐店
42023482,,柏陞藥局,花蓮縣花蓮市主工里０１７鄰和平路４９８號,花蓮縣,花蓮市,主工里,金三角與東大門核心交會商圈,是,是,1000000.0,2015,獨資,N,0,475112,西藥零售
18054604,,寶城眼鏡行,花蓮縣花蓮市主工里１鄰中正路４６２－１號,花蓮縣,花蓮市,主工里,金三角與東大門核心交會商圈,是,是,200000.0,2001,合夥,Y,1,474412,眼鏡及其零配件零售
20062405,,寶麗金銀樓,花蓮縣花蓮市主工里１鄰中華路１１８號,花蓮縣,花蓮市,主工里,金三角與東大門核心交會商圈,是,是,200000.0,1997,獨資,Y,1,474511,金（銀）飾零售
10027176,,綠碁企業社,花蓮縣花蓮市主工里１鄰和平路４４８號,花蓮縣,花蓮市,主工里,金三角與東大門核心交會商圈,是,是,150000.0,2007,獨資,N,0,474999,未分類其他家用器具及用品零售
31778510,,慈田藥局,花蓮縣花蓮市主工里１０鄰中華路１８８號１樓,花蓮縣,花蓮市,主工里,金三角與東大門核心交會商圈,是,是,3000.0,2012,獨資,N,0,475112,西藥零售
70969565,,逸偉科技電器專賣店,花蓮縣花蓮市主工里１０鄰中華路１９２號,花蓮縣,花蓮市,主工里,金三角與東大門核心交會商圈,是,是,3000000.0,2000,獨資,Y,1,474199,其他家用電器零售
53819986,,佳樂帝有限公司,花蓮縣花蓮市主工里１０鄰和平路４６０號１樓,花蓮縣,花蓮市,主工里,金三角與東大門核心交會商圈,是,是,3000000.0,2012,有限公司,Y,1,563199,其他飲料店
10061384,,繆斯髮藝,花蓮縣花蓮市主工里１２鄰民國路５９號１樓,花蓮縣,花蓮市,主工里,金三角與東大門核心交會商圈,是,是,100000.0,2007,獨資,N,0,962111,美髮院及髮廊
25018941,,頂興食品事業有限公司,花蓮縣花蓮市主工里１２鄰民國路６７號１樓,花蓮縣,花蓮市,主工里,金三角與東大門核心交會商圈,是,是,2000000.0,2009,有限公司,Y,1,472922,西點麵包零售
30381792,,蔡記豆花,花蓮縣花蓮市主工里１２鄰民國路７３號,花蓮縣,花蓮市,主工里,金三角與東大門核心交會商圈,是,是,3000.0,2009,獨資,N,0,563199,其他飲料店
02900999,,蕃茄咖哩屋,花蓮縣花蓮市主工里１３鄰仁愛街９２號１樓,花蓮縣,花蓮市,主工里,金三角與東大門核心交會商圈,是,是,50000.0,2013,合夥,Y,1,561113,麵店、小吃店
64818675,,東池飯包店,花蓮縣花蓮市主工里１３鄰和平路４３２號,花蓮縣,花蓮市,主工里,金三角與東大門核心交會商圈,是,是,3000.0,1989,獨資,N,0,561113,麵店、小吃店
09858264,,朱媽媽傳統美食,花蓮縣花蓮市主工里１３鄰民國路７９號,花蓮縣,花蓮市,主工里,金三角與東大門核心交會商圈,是,是,6000.0,2007,獨資,N,0,561200,餐食攤販
15786513,,奧林匹亞企業社,花蓮縣花蓮市主工里１６鄰民國路５巷８號１樓,花蓮縣,花蓮市,主工里,金三角與東大門核心交會商圈,是,是,600000.0,2003,合夥,Y,1,429099,未分類其他土木工程
30122894,,磐石土木包工業,花蓮縣花蓮市主工里１６鄰民國路５巷８號１樓,花蓮縣,花蓮市,主工里,金三角與東大門核心交會商圈,是,是,1000000.0,2008,合夥,Y,1,429099,未分類其他土木工程
70696559,,奧林匹克營造有限公司,花蓮縣花蓮市主工里１６鄰民國路５巷８號１樓,花蓮縣,花蓮市,主工里,金三角與東大門核心交會商圈,是,是,22500000.0,2000,有限公司,Y,1,439099,未分類其他專門營造
26776822,,理想皮鞋修理,花蓮縣花蓮市主工里２鄰中正路４７１號,花蓮縣,花蓮市,主工里,金三角與東大門核心交會商圈,是,是,3000.0,2011,獨資,N,0,959913,鞋、皮革品修理
94128304,,來成排骨麵,花蓮縣花蓮市主工里２鄰中正路４７７號,花蓮縣,花蓮市,主工里,金三角與東大門核心交會商圈,是,是,80000.0,1977,獨資,Y,1,561113,麵店、小吃店
09860368,,小熊森林名產店,花蓮縣花蓮市主工里２鄰中正路４８１號１樓,花蓮縣,花蓮市,主工里,金三角與東大門核心交會商圈,是,是,200000.0,2007,獨資,N,0,472999,未分類其他食品、飲料及菸草製品零售
94639039,03787101,臺灣菸酒股份有限公司花蓮營業所,花蓮縣花蓮市主工里３３鄰民國路１６―１號,花蓮縣,花蓮市,主工里,金三角與東大門核心交會商圈,是,是,0.0,1977,其他,Y,1,454611,國產菸酒批發
31610864,03787101,臺灣菸酒股份有限公司花蓮便利店,花蓮縣花蓮市主工里３３鄰民國路１６―１號１樓,花蓮縣,花蓮市,主工里,金三角與東大門核心交會商圈,是,是,0.0,2011,其他,Y,1,472913,菸酒零售
10652775,,木三鐵店,花蓮縣花蓮市主工里６鄰中華路１４６號,花蓮縣,花蓮市,主工里,金三角與東大門核心交會商圈,是,是,3000.0,2008,獨資,N,0,251199,其他金屬刀具及手工具製造
09839859,,卡朶沙龍,花蓮縣花蓮市主工里６鄰和平路４５４號１樓,花蓮縣,花蓮市,主工里,金三角與東大門核心交會商圈,是,是,30000.0,2007,獨資,N,0,962111,美髮院及髮廊
12779736,,博愛救護車有限公司,花蓮縣花蓮市主工里７鄰有恆街６號１樓,花蓮縣,花蓮市,主工里,金三角與東大門核心交會商圈,是,是,5000000.0,2001,有限公司,Y,1,529099,未分類其他運輸輔助
94841815,,瑛雅姿髮廊,花蓮縣花蓮市主權里中原路５３３巷２號,花蓮縣,花蓮市,主權里,花蓮市一般行政區,否,否,5000.0,1984,獨資,N,0,962111,美髮院及髮廊
85417886,,芬奇斯民宿,花蓮縣花蓮市主權里中原路５３５號,花蓮縣,花蓮市,主權里,花蓮市一般行政區,否,否,10000.0,2020,獨資,N,0,551013,民宿
10526172,,日升茗茶,花蓮縣花蓮市主權里中原路５４１號１樓,花蓮縣,花蓮市,主權里,花蓮市一般行政區,否,否,10000.0,2008,獨資,N,0,472914,飲料零售
10002040,,群樂商行,花蓮縣花蓮市主權里中原路５４８號,花蓮縣,花蓮市,主權里,花蓮市一般行政區,否,否,3000.0,2007,獨資,Y,1,932414,夾娃娃機店
19530752,,變色龍廣告企劃,花蓮縣花蓮市主權里中原路５４９號,花蓮縣,花蓮市,主權里,花蓮市一般行政區,否,否,200000.0,1996,獨資,N,0,731011,廣告代理商
93056416,,麥立商行,花蓮縣花蓮市主權里中原路５５０號１樓,花蓮縣,花蓮市,主權里,花蓮市一般行政區,否,否,248000.0,2024,獨資,N,0,561115,餐廳
82179518,,巧軒食品行,花蓮縣花蓮市主權里中原路５５３號１樓,花蓮縣,花蓮市,主權里,花蓮市一般行政區,否,否,3000.0,2019,獨資,N,0,471999,未分類其他綜合商品零售
78835127,,九如行,花蓮縣花蓮市主權里中原路５５６號１樓,花蓮縣,花蓮市,主權里,花蓮市一般行政區,否,否,490000.0,1993,獨資,Y,1,464999,未分類其他機械器具批發
13977214,,蓮潔素食小吃部,花蓮縣花蓮市主權里中原路５６３號１樓,花蓮縣,花蓮市,主權里,花蓮市一般行政區,否,否,3000.0,2002,獨資,N,0,561113,麵店、小吃店
30207197,,乾大工程行,花蓮縣花蓮市主權里中原路５６３號１樓,花蓮縣,花蓮市,主權里,花蓮市一般行政區,否,否,240000.0,2010,獨資,Y,1,439099,未分類其他專門營造
41015631,,乾立土木包工業,花蓮縣花蓮市主權里中原路５６７號１樓,花蓮縣,花蓮市,主權里,花蓮市一般行政區,否,否,1000000.0,2015,合夥,Y,1,429099,未分類其他土木工程
50747361,,一九八三服飾店,花蓮縣花蓮市主權里中原路５６９號,花蓮縣,花蓮市,主權里,花蓮市一般行政區,否,否,230000.0,2017,獨資,N,0,473999,未分類其他服飾品零售
20067133,,明得汽車電機行,花蓮縣花蓮市主權里中原路５７０號１樓,花蓮縣,花蓮市,主權里,花蓮市一般行政區,否,否,3000.0,1998,獨資,N,0,484311,汽車零件、汽車百貨零售
02866970,,百峰小吃部,花蓮縣花蓮市主權里中原路５７２號１樓,花蓮縣,花蓮市,主權里,花蓮市一般行政區,否,否,30000.0,2013,獨資,N,0,561113,麵店、小吃店
41461391,,澎澎寵物美容工作室,花蓮縣花蓮市主權里中原路５７３號１樓,花蓮縣,花蓮市,主權里,花蓮市一般行政區,否,否,200000.0,2015,獨資,N,0,969021,寵物照顧及訓練
85422184,,億海電玩專賣店,花蓮縣花蓮市主權里中原路５７６巷３號,花蓮縣,花蓮市,主權里,花蓮市一般行政區,否,否,50000.0,2020,獨資,N,0,483113,電子遊樂器、電子遊樂器套裝軟體零售
95803710,,八方緣素食,花蓮縣花蓮市主權里中原路５７８號,花蓮縣,花蓮市,主權里,花蓮市一般行政區,否,否,3000.0,1995,獨資,N,0,561113,麵店、小吃店
60202716,,城市塊根工作室,花蓮縣花蓮市主權里中原路５７８號３樓,花蓮縣,花蓮市,主權里,花蓮市一般行政區,否,否,180000.0,2025,獨資,N,0,487199,其他電子購物及郵購
30202593,,明春商號,花蓮縣花蓮市主權里中原路５８１號１樓,花蓮縣,花蓮市,主權里,花蓮市一般行政區,否,否,3000.0,2009,獨資,N,0,472928,麵食品零售
87347583,,阮氏魚行,花蓮縣花蓮市主權里中原路５８３號１樓,花蓮縣,花蓮市,主權里,花蓮市一般行政區,否,否,50000.0,2020,獨資,N,0,472311,水產品零售
72771532,,碰到你手作坊,花蓮縣花蓮市主權里中原路５８６號１樓,花蓮縣,花蓮市,主權里,花蓮市一般行政區,否,否,50000.0,2017,獨資,N,0,485217,手工藝品零售
94850671,,惠美服飾精品屋,花蓮縣花蓮市主權里中原路５８７號１樓,花蓮縣,花蓮市,主權里,花蓮市一般行政區,否,否,30000.0,1985,獨資,N,0,473999,未分類其他服飾品零售
49768660,,花蓮劉記羹大王,花蓮縣花蓮市主權里中原路５８９號１樓,花蓮縣,花蓮市,主權里,花蓮市一般行政區,否,否,200000.0,2016,獨資,N,0,561113,麵店、小吃店
60252139,,潔博士自助洗衣店,花蓮縣花蓮市主權里中原路５８９號１樓,花蓮縣,花蓮市,主權里,花蓮市一般行政區,否,否,100000.0,2026,獨資,N,0,961012,自助洗衣店
19533857,,先鋒資訊社,花蓮縣花蓮市主權里中原路５９６號１樓,花蓮縣,花蓮市,主權里,花蓮市一般行政區,否,否,20000.0,1996,獨資,N,0,952100,電腦及其週邊設備維修
60094499,,沐木舞蹈空間,花蓮縣花蓮市主權里中原路５９７巷１５號,花蓮縣,花蓮市,主權里,花蓮市一般行政區,否,否,2000.0,2024,獨資,N,0,859214,舞蹈教學
70971485,,香人和風拉麵,花蓮縣花蓮市主權里中原路５９９號１樓,花蓮縣,花蓮市,主權里,花蓮市一般行政區,否,否,50000.0,2000,獨資,N,0,561113,麵店、小吃店
97618156,,宣淂生技有限公司,花蓮縣花蓮市主權里中原路５９９號１樓,花蓮縣,花蓮市,主權里,花蓮市一般行政區,否,否,100000.0,2024,有限公司,Y,1,454920,保健營養食品批發
99835720,,華廈美而美德安店,花蓮縣花蓮市主權里中原路６０６號１樓,花蓮縣,花蓮市,主權里,花蓮市一般行政區,否,否,10000.0,2004,獨資,N,0,561200,餐食攤販
95205897,,花蓮古早味大腸麵線,花蓮縣花蓮市主權里中原路６０７號１樓,花蓮縣,花蓮市,主權里,花蓮市一般行政區,否,否,3000.0,2024,獨資,N,0,561113,麵店、小吃店
82322177,,樂在其中小吃,花蓮縣花蓮市主權里中原路６１０號１樓,花蓮縣,花蓮市,主權里,花蓮市一般行政區,否,否,100000.0,2019,獨資,N,0,561113,麵店、小吃店
31795932,,臥雲土木包工業,花蓮縣花蓮市主權里中原路６１１號１樓,花蓮縣,花蓮市,主權里,花蓮市一般行政區,否,否,1000000.0,2013,獨資,Y,1,429099,未分類其他土木工程
83557545,,元美機械有限公司,花蓮縣花蓮市主權里中原路６１５號１樓,花蓮縣,花蓮市,主權里,花蓮市一般行政區,否,否,300000.0,2020,有限公司,Y,1,340016,金屬加工機械設備維修及安裝
91592171,,福坊餐館,花蓮縣花蓮市主權里中原路６１６號１樓,花蓮縣,花蓮市,主權里,花蓮市一般行政區,否,否,100000.0,2022,獨資,N,0,561115,餐廳
67944892,,黛恩尼服飾名店,花蓮縣花蓮市主權里中原路６２２號１樓,花蓮縣,花蓮市,主權里,花蓮市一般行政區,否,否,60000.0,1999,獨資,Y,1,473211,服裝零售
87344170,,凱十七小吃部,花蓮縣花蓮市主權里中原路６２６號,花蓮縣,花蓮市,主權里,花蓮市一般行政區,否,否,50000.0,2020,獨資,N,0,561113,麵店、小吃店
15797259,,和信汽車電機行,花蓮縣花蓮市主權里中原路６２７號１樓,花蓮縣,花蓮市,主權里,花蓮市一般行政區,否,否,5000.0,2003,獨資,N,0,951199,其他汽車維修
15783662,,玖號髮粧舖,花蓮縣花蓮市主權里中原路６２８號,花蓮縣,花蓮市,主權里,花蓮市一般行政區,否,否,3000.0,2003,獨資,N,0,962111,美髮院及髮廊
89499229,,台典工程顧問股份有限公司,花蓮縣花蓮市主權里中原路６３１號,花蓮縣,花蓮市,主權里,花蓮市一般行政區,否,否,2000000.0,1995,股份有限公司,Y,1,711211,土木工程顧問
85213270,,佳豫工程行,花蓮縣花蓮市主權里中原路６３８巷１６號１樓,花蓮縣,花蓮市,主權里,花蓮市一般行政區,否,否,1000000.0,2020,獨資,Y,1,410011,房屋修繕
91597648,,謙益土木包工業,花蓮縣花蓮市主權里中原路６３８巷１６號１樓,花蓮縣,花蓮市,主權里,花蓮市一般行政區,否,否,5000000.0,2022,獨資,Y,1,429099,未分類其他土木工程
96890939,,鳴川營造股份有限公司,花蓮縣花蓮市主權里中原路６３８巷１６號２樓,花蓮縣,花蓮市,主權里,花蓮市一般行政區,否,否,3600000.0,1999,股份有限公司,Y,1,410011,房屋修繕
26787948,,岦瑋峻企業社,花蓮縣花蓮市主權里中原路６５７號１樓,花蓮縣,花蓮市,主權里,花蓮市一般行政區,否,否,3240000.0,2011,獨資,Y,1,434013,房屋設備安裝工程
31794602,,中正汽車企業社,花蓮縣花蓮市主權里中原路６６０號１樓,花蓮縣,花蓮市,主權里,花蓮市一般行政區,否,否,200000.0,2013,獨資,Y,1,484311,汽車零件、汽車百貨零售
41015962,,欣倫企業社,花蓮縣花蓮市主權里中原路６６５號１樓,花蓮縣,花蓮市,主權里,花蓮市一般行政區,否,否,88000.0,2015,獨資,N,0,562099,其他外燴及團膳承包
19537002,,家德工程行,花蓮縣花蓮市主權里中原路６６７號１樓,花蓮縣,花蓮市,主權里,花蓮市一般行政區,否,否,200000.0,1996,獨資,Y,1,433111,水電工程
41008054,,修繕家室內裝修工程行,花蓮縣花蓮市主權里中原路６７３號１樓,花蓮縣,花蓮市,主權里,花蓮市一般行政區,否,否,200000.0,2014,獨資,Y,1,434015,室內裝修工程
92635178,,典蓿企業社,花蓮縣花蓮市主權里中原路６９１號１樓,花蓮縣,花蓮市,主權里,花蓮市一般行政區,否,否,50000.0,2023,獨資,N,0,812100,建築物一般清潔服務
91595992,,中原關東煮,花蓮縣花蓮市主權里中原路６９５號１樓,花蓮縣,花蓮市,主權里,花蓮市一般行政區,否,否,5000.0,2022,獨資,N,0,561115,餐廳
18051070,,金鑽當舖,花蓮縣花蓮市主權里中原路６９７號１樓,花蓮縣,花蓮市,主權里,花蓮市一般行政區,否,否,1500000.0,2000,獨資,N,0,649611,典當服務
37993065,,楓城樂器,花蓮縣花蓮市主權里中原路６９９號１樓,花蓮縣,花蓮市,主權里,花蓮市一般行政區,否,否,300000.0,2013,獨資,Y,1,476314,樂器零售
60249178,,立合興汽車材料行,花蓮縣花蓮市主權里中原路７０６號１樓,花蓮縣,花蓮市,主權里,花蓮市一般行政區,否,否,200000.0,2025,獨資,Y,1,484311,汽車零件、汽車百貨零售
50744250,,金五吉水電五金行,花蓮縣花蓮市主權里中原路７０８號１樓,花蓮縣,花蓮市,主權里,花蓮市一般行政區,否,否,50000.0,2017,獨資,Y,1,481014,居家修繕用品零售
85210772,,益豐企業社,花蓮縣花蓮市主權里中原路７１９號,花蓮縣,花蓮市,主權里,花蓮市一般行政區,否,否,50000.0,2019,獨資,N,0,951199,其他汽車維修
70955295,,全盛工程行,花蓮縣花蓮市主權里中原路７２３號１樓,花蓮縣,花蓮市,主權里,花蓮市一般行政區,否,否,3000000.0,1999,獨資,Y,1,474113,家用空調設備及其零件零售
61462366,72784902,社團法人花蓮縣信實公益協會木易五餅二魚居,花蓮縣花蓮市主權里中原路７２７號,花蓮縣,花蓮市,主權里,花蓮市一般行政區,否,否,0.0,2026,其他,N,0,859216,手工藝教學
90007320,,珉悅嘉室內裝修有限公司,花蓮縣花蓮市主權里中原路７２９號１樓,花蓮縣,花蓮市,主權里,花蓮市一般行政區,否,否,500000.0,2023,有限公司,Y,1,434015,室內裝修工程
83158250,,朝日陽投資有限公司,花蓮縣花蓮市主權里中原路７２９號２樓,花蓮縣,花蓮市,主權里,花蓮市一般行政區,否,否,500000.0,2020,有限公司,N,0,649911,投資有價證券
60253545,,蕨彩育苗園藝,花蓮縣花蓮市主權里中原路７３３號１樓,花蓮縣,花蓮市,主權里,花蓮市一般行政區,否,否,80000.0,2026,獨資,N,0,011799,其他花卉栽培
95209319,,虹鼎水族,花蓮縣花蓮市主權里中原路７３３號１樓,花蓮縣,花蓮市,主權里,花蓮市一般行政區,否,否,80000.0,2025,獨資,N,0,485220,寵物零售
13968931,,提拉米蘇精緻蛋糕,花蓮縣花蓮市主權里中原路７３８號,花蓮縣,花蓮市,主權里,花蓮市一般行政區,否,否,1000000.0,2002,合夥,Y,1,472922,西點麵包零售
29115966,,提拉米蘇貿易有限公司,花蓮縣花蓮市主權里中原路７３８號,花蓮縣,花蓮市,主權里,花蓮市一般行政區,否,否,5000000.0,2008,有限公司,Y,1,454999,未分類其他食品批發
82182598,,君德飯包店,花蓮縣花蓮市主權里中原路７６０號１樓,花蓮縣,花蓮市,主權里,花蓮市一般行政區,否,否,30000.0,2019,獨資,N,0,561112,便當、自助餐店
76958431,,萬客來食品原料行,花蓮縣花蓮市主權里中原路７６６號２樓,花蓮縣,花蓮市,主權里,花蓮市一般行政區,否,否,240000.0,1990,獨資,Y,1,472999,未分類其他食品、飲料及菸草製品零售
41010740,,資品宛食品原料行,花蓮縣花蓮市主權里中原路７６８號１樓,花蓮縣,花蓮市,主權里,花蓮市一般行政區,否,否,200000.0,2014,獨資,Y,1,454999,未分類其他食品批發
60247299,,費加洛髮妝,花蓮縣花蓮市主權里中華路３４１號１樓,花蓮縣,花蓮市,主權里,花蓮市一般行政區,否,否,200000.0,2025,獨資,N,0,962111,美髮院及髮廊
95215656,,徐琇禎脆皮雞排,花蓮縣花蓮市主權里中華路３４９號１樓,花蓮縣,花蓮市,主權里,花蓮市一般行政區,否,否,200000.0,2025,獨資,N,0,561113,麵店、小吃店
13968025,,中華麵店,花蓮縣花蓮市主權里中華路３５５號１樓,花蓮縣,花蓮市,主權里,花蓮市一般行政區,否,否,3000.0,2002,獨資,N,0,561113,麵店、小吃店
18046231,,流行婚紗攝影,花蓮縣花蓮市主權里中華路３６３號,花蓮縣,花蓮市,主權里,花蓮市一般行政區,否,否,240000.0,2000,獨資,Y,1,760199,其他攝影
92637794,,川醉湘麻辣燙,花蓮縣花蓮市主權里中華路３６５號１樓,花蓮縣,花蓮市,主權里,花蓮市一般行政區,否,否,50000.0,2023,獨資,N,0,561113,麵店、小吃店
93055367,,好土健康餐飲食業,花蓮縣花蓮市主權里中華路３６８號１樓,花蓮縣,花蓮市,主權里,花蓮市一般行政區,否,否,100000.0,2024,獨資,N,0,561113,麵店、小吃店
85214138,,級速動力車業行,花蓮縣花蓮市主權里中華路３７２－１號１樓,花蓮縣,花蓮市,主權里,花蓮市一般行政區,否,否,200000.0,2020,獨資,Y,1,484211,全新機車零售
31793337,,中華不銹鋼工程行,花蓮縣花蓮市主權里中華路３７３―３號１樓,花蓮縣,花蓮市,主權里,花蓮市一般行政區,否,否,200000.0,2012,獨資,Y,1,434013,房屋設備安裝工程
82180445,,義宏工程行,花蓮縣花蓮市主權里中華路３７３―５號１樓,花蓮縣,花蓮市,主權里,花蓮市一般行政區,否,否,200000.0,2019,獨資,Y,1,410011,房屋修繕
13963984,,小天使攝影館,花蓮縣花蓮市主權里中華路３７３―６號,花蓮縣,花蓮市,主權里,花蓮市一般行政區,否,否,3000.0,2001,獨資,N,0,760111,照相館
76950509,,川宏不銹鋼工程行,花蓮縣花蓮市主權里中華路３７３之１７號１樓,花蓮縣,花蓮市,主權里,花蓮市一般行政區,否,否,6000.0,1989,獨資,Y,1,456213,廚櫃批發
99841841,,凱蒂造型工作坊,花蓮縣花蓮市主權里中華路３７７－２號２樓,花蓮縣,花蓮市,主權里,花蓮市一般行政區,否,否,5000.0,2004,獨資,N,0,962111,美髮院及髮廊
10633291,,大新手工洗車場,花蓮縣花蓮市主權里中華路３７８號,花蓮縣,花蓮市,主權里,花蓮市一般行政區,否,否,5000.0,2008,獨資,N,0,951200,汽車美容
92638421,,夾咖拜娃娃機,花蓮縣花蓮市主權里中華路３８２號１樓,花蓮縣,花蓮市,主權里,花蓮市一般行政區,否,否,150000.0,2023,獨資,N,0,932414,夾娃娃機店
91156810,,樂芙商行,花蓮縣花蓮市主權里中華路３８８號１樓,花蓮縣,花蓮市,主權里,花蓮市一般行政區,否,否,240000.0,2021,合夥,Y,1,471999,未分類其他綜合商品零售
94757703,,三星名產茶業行,花蓮縣花蓮市主權里中華路３９２號,花蓮縣,花蓮市,主權里,花蓮市一般行政區,否,否,5000.0,1985,獨資,Y,1,472915,茶葉零售
60501691,,甲賀食品有限公司,花蓮縣花蓮市主權里中華路３９５號１樓,花蓮縣,花蓮市,主權里,花蓮市一般行政區,否,否,1000000.0,2025,有限公司,Y,1,472311,水產品零售
08129704,,達成配鎖部,花蓮縣花蓮市主權里中華路３９９號,花蓮縣,花蓮市,主權里,花蓮市一般行政區,否,否,3000.0,1986,獨資,N,0,481014,居家修繕用品零售
92534903,,柏蒂商行,花蓮縣花蓮市主權里中華路３９９號２樓,花蓮縣,花蓮市,主權里,花蓮市一般行政區,否,否,100000.0,2023,獨資,N,0,487199,其他電子購物及郵購
95215282,,周婧容顏美學,花蓮縣花蓮市主權里中華路４０３號１樓,花蓮縣,花蓮市,主權里,花蓮市一般行政區,否,否,200000.0,2025,獨資,N,0,962299,其他美容美體服務
85205617,,久禾室內裝修設計工程,花蓮縣花蓮市主權里中華路４０６號１樓,花蓮縣,花蓮市,主權里,花蓮市一般行政區,否,否,1000000.0,2019,獨資,Y,1,434015,室內裝修工程
93054347,,思思汽車影音多媒體,花蓮縣花蓮市主權里中華路４０７號１樓,花蓮縣,花蓮市,主權里,花蓮市一般行政區,否,否,50000.0,2024,獨資,N,0,484312,汽車音響零售
15796738,,明佳窗簾店,花蓮縣花蓮市主權里中華路４１２號,花蓮縣,花蓮市,主權里,花蓮市一般行政區,否,否,50000.0,2003,獨資,N,0,474315,窗簾零售
34892310,,統一五金行,花蓮縣花蓮市主權里中華路４１４之５號,花蓮縣,花蓮市,主權里,花蓮市一般行政區,否,否,50000.0,2011,獨資,Y,1,461515,建材五金（螺絲、螺帽、鉚釘等金屬製品）批發
76955103,,國寶電器行,花蓮縣花蓮市主權里中華路４１５號,花蓮縣,花蓮市,主權里,花蓮市一般行政區,否,否,48000.0,1990,獨資,Y,1,474199,其他家用電器零售
84245660,,承耀企業有限公司,花蓮縣花蓮市主權里中華路４１６巷１弄１號１樓,花蓮縣,花蓮市,主權里,花蓮市一般行政區,否,否,5000000.0,1993,有限公司,Y,1,461312,瓷磚批發
70966151,,東瑩早餐店,花蓮縣花蓮市主權里中華路４１６號,花蓮縣,花蓮市,主權里,花蓮市一般行政區,否,否,10000.0,1999,獨資,N,0,561111,早餐店
61456651,,富镹商行,花蓮縣花蓮市主權里中華路４１８―１號１樓,花蓮縣,花蓮市,主權里,花蓮市一般行政區,否,否,200000.0,2026,獨資,N,0,932414,夾娃娃機店
15782002,,協和車業行（８３２７７４９）,花蓮縣花蓮市主權里中華路４２２－２－３號１樓,花蓮縣,花蓮市,主權里,花蓮市一般行政區,否,否,200000.0,2002,獨資,Y,1,451099,其他商品批發經紀
94830021,,秀錦男女髮型設計名店,花蓮縣花蓮市主權里中華路４２２－５號,花蓮縣,花蓮市,主權里,花蓮市一般行政區,否,否,15000.0,1984,獨資,N,0,962111,美髮院及髮廊
93049470,,加億春捲,花蓮縣花蓮市主權里中華路４２５號,花蓮縣,花蓮市,主權里,花蓮市一般行政區,否,否,249900.0,2024,獨資,N,0,561113,麵店、小吃店
99460321,,薇雅花苑民宿,花蓮縣花蓮市主權里中華路４２６號,花蓮縣,花蓮市,主權里,花蓮市一般行政區,否,否,50000.0,2004,獨資,N,0,551013,民宿
80034621,22555003,統一超商股份有限公司花蓮縣第五十四分公司,花蓮縣花蓮市主權里中華路４２６號１樓,花蓮縣,花蓮市,主權里,花蓮市一般行政區,否,否,0.0,2003,本國公司設立之分公司,Y,1,471113,加盟連鎖式便利商店（有商品進、銷貨行為）
85232380,,豐祺企業行,花蓮縣花蓮市主權里中華路４２６號１樓,花蓮縣,花蓮市,主權里,花蓮市一般行政區,否,否,200000.0,2019,獨資,Y,1,471114,加盟連鎖式便利商店（無商品進、銷貨行為）
42216853,,樂窩音樂坊,花蓮縣花蓮市主權里中華路４３５―１號１樓,花蓮縣,花蓮市,主權里,花蓮市一般行政區,否,否,200000.0,2015,獨資,Y,1,476314,樂器零售
26771447,,橘子廚房田埔店,花蓮縣花蓮市主權里中華路４３５―５號,花蓮縣,花蓮市,主權里,花蓮市一般行政區,否,否,3000.0,2011,獨資,N,0,561111,早餐店
22124244,,上長實業有限公司,花蓮縣花蓮市主權里中華路４３５之４號,花蓮縣,花蓮市,主權里,花蓮市一般行政區,否,否,2500000.0,1986,有限公司,Y,1,472924,米零售
94814845,,鎮穩企業有限公司,花蓮縣花蓮市主權里中華路４３５之７號,花蓮縣,花蓮市,主權里,花蓮市一般行政區,否,否,7000000.0,1983,有限公司,Y,1,481014,居家修繕用品零售
54953193,,得力盛實業有限公司,花蓮縣花蓮市主權里中華路４３５號,花蓮縣,花蓮市,主權里,花蓮市一般行政區,否,否,100000.0,2018,有限公司,Y,1,461212,石灰及石灰製品批發
87375291,,僑潤企業社,花蓮縣花蓮市主權里中華路４３５號,花蓮縣,花蓮市,主權里,花蓮市一般行政區,否,否,50000.0,2020,獨資,N,0,487199,其他電子購物及郵購
91589339,,好口味檳榔,花蓮縣花蓮市主權里中華路４３８、４４０號,花蓮縣,花蓮市,主權里,花蓮市一般行政區,否,否,100000.0,2022,獨資,N,0,472936,檳榔零售
18055462,,榕樹下麵店,花蓮縣花蓮市主權里中華路４５３巷９號,花蓮縣,花蓮市,主權里,花蓮市一般行政區,否,否,3000.0,2001,獨資,N,0,561113,麵店、小吃店
91275436,86649006,杏一醫療用品股份有限公司花蓮中華門市部,花蓮縣花蓮市主權里中華路４５８號,花蓮縣,花蓮市,主權里,花蓮市一般行政區,否,否,0.0,2021,其他,Y,1,475113,醫療耗材零售
91918938,,杏一花蓮中華藥局,花蓮縣花蓮市主權里中華路４５８號,花蓮縣,花蓮市,主權里,花蓮市一般行政區,否,否,10000.0,2022,獨資,Y,1,475112,西藥零售
30155748,94170908,花蓮縣農會供銷部,花蓮縣花蓮市主權里中華路４５９號,花蓮縣,花蓮市,主權里,花蓮市一般行政區,否,否,0.0,2008,其他,Y,1,454115,農產品（果菜）批發市場承銷
85357439,94170409,花蓮市農會田埔生鮮超級市場,花蓮縣花蓮市主權里中華路４５９號,花蓮縣,花蓮市,主權里,花蓮市一般行政區,否,否,0.0,2019,其他,Y,1,471916,超級市場
94170908,,花蓮縣農會,花蓮縣花蓮市主權里中華路４５９號,花蓮縣,花蓮市,主權里,花蓮市一般行政區,否,否,100000.0,1963,其他,Y,1,472924,米零售
61391594,,南國泰藥局,花蓮縣花蓮市主權里中華路４５９號１樓,花蓮縣,花蓮市,主權里,花蓮市一般行政區,否,否,90000.0,2026,合夥,N,0,475112,西藥零售
00191362,,台灣鼎林建設有限公司,花蓮縣花蓮市主權里中華路４６０號２樓,花蓮縣,花蓮市,主權里,花蓮市一般行政區,否,否,5000000.0,2024,有限公司,Y,1,689900,未分類其他不動產服務
78042054,,永麗鐘錶眼鏡行,花蓮縣花蓮市主權里中華路４６５號１樓,花蓮縣,花蓮市,主權里,花蓮市一般行政區,否,否,5000.0,1992,獨資,N,0,474411,鐘錶及其零配件零售
92637226,,鑫千億彩券行,花蓮縣花蓮市主權里中華路４６５號１樓,花蓮縣,花蓮市,主權里,花蓮市一般行政區,否,否,30000.0,2023,獨資,N,0,920011,彩券銷售
18059930,,鏹聲企業,花蓮縣花蓮市主權里中華路４６８號１樓,花蓮縣,花蓮市,主權里,花蓮市一般行政區,否,否,1600000.0,2001,合夥,Y,1,483300,視聽設備零售
78046707,,三統車業行,花蓮縣花蓮市主權里中華路４６９之６號―樓,花蓮縣,花蓮市,主權里,花蓮市一般行政區,否,否,5000.0,1992,獨資,Y,1,484211,全新機車零售
20065395,94186401,有限責任花蓮第一信用合作社中華分社,花蓮縣花蓮市主權里中華路４６９號,花蓮縣,花蓮市,主權里,花蓮市一般行政區,否,否,0.0,1997,其他,N,0,641300,信用合作社
60246411,,鑫永竣工程行,花蓮縣花蓮市主權里中華路４６９－３號１樓,花蓮縣,花蓮市,主權里,花蓮市一般行政區,否,否,240000.0,2025,獨資,Y,1,433111,水電工程
95210934,,立宸企業社,花蓮縣花蓮市主權里中華路４７５號１樓,花蓮縣,花蓮市,主權里,花蓮市一般行政區,否,否,246000.0,2025,獨資,N,0,471913,雜貨店
78846948,,信望愛眼鏡行中正店,花蓮縣花蓮市主權里中華路４８１號１樓,花蓮縣,花蓮市,主權里,花蓮市一般行政區,否,否,10000.0,1993,獨資,N,0,474412,眼鏡及其零配件零售
84991384,,新航綫房屋仲介有限公司,花蓮縣花蓮市主權里中華路４８３號１樓,花蓮縣,花蓮市,主權里,花蓮市一般行政區,否,否,1000000.0,1994,有限公司,Y,1,681211,不動產仲介
94155977,,雅景工程有限公司,花蓮縣花蓮市主權里中華路４８３號１樓,花蓮縣,花蓮市,主權里,花蓮市一般行政區,否,否,1500000.0,2023,有限公司,Y,1,649914,創業投資公司
61456370,,早安樂樂工作室,花蓮縣花蓮市主權里中華路４８８－３４號３樓,花蓮縣,花蓮市,主權里,花蓮市一般行政區,否,否,100000.0,2026,獨資,Y,1,902099,其他藝術表演
28895373,,名捷自行車有限公司,花蓮縣花蓮市主權里中華路４９１號１樓,花蓮縣,花蓮市,主權里,花蓮市一般行政區,否,否,2000000.0,2007,有限公司,Y,1,476211,非電動自行車及非電動自行車零件零售
64818083,,大源木器裝潢工藝社,花蓮縣花蓮市主權里中華路４９２號,花蓮縣,花蓮市,主權里,花蓮市一般行政區,否,否,5000.0,1989,獨資,Y,1,434011,室內裝潢工程
94751428,,仙台西藥房,花蓮縣花蓮市主權里中華路４９６之９號,花蓮縣,花蓮市,主權里,花蓮市一般行政區,否,否,9000.0,1978,獨資,N,0,475112,西藥零售
70965483,,八德饅頭店,花蓮縣花蓮市主權里中華路４９６－８號１樓,花蓮縣,花蓮市,主權里,花蓮市一般行政區,否,否,5000.0,1999,獨資,N,0,089199,其他烘焙炊蒸食品製造
09617553,,智宇科技電腦企業社,花蓮縣花蓮市主權里中華路４９８巷１弄２２號１樓,花蓮縣,花蓮市,主權里,花蓮市一般行政區,否,否,1000000.0,2006,獨資,Y,1,483111,電腦及電腦週邊設備零售
18061979,,尚德室內裝修設計工程,花蓮縣花蓮市主權里中華路４９８巷１號１樓,花蓮縣,花蓮市,主權里,花蓮市一般行政區,否,否,200000.0,2001,獨資,Y,1,434011,室內裝潢工程
70962747,,天美早餐店,花蓮縣花蓮市主權里中華路４９８巷３弄４號１樓,花蓮縣,花蓮市,主權里,花蓮市一般行政區,否,否,50000.0,1999,獨資,N,0,561111,早餐店
92643000,,語宸企業,花蓮縣花蓮市主權里中華路４９８巷３弄７號１樓,花蓮縣,花蓮市,主權里,花蓮市一般行政區,否,否,200000.0,2023,獨資,Y,1,471114,加盟連鎖式便利商店（無商品進、銷貨行為）
92094356,,御鑽珠寶銀樓,花蓮縣花蓮市主權里中華路５０２號１樓,花蓮縣,花蓮市,主權里,花蓮市一般行政區,否,否,200000.0,1994,獨資,Y,1,474511,金（銀）飾零售
91383815,,田浦初早餐店,花蓮縣花蓮市主權里中華路５０４號１樓,花蓮縣,花蓮市,主權里,花蓮市一般行政區,否,否,100000.0,2021,獨資,N,0,561111,早餐店
18061534,,阿玉小吃,花蓮縣花蓮市主權里中華路５０６號,花蓮縣,花蓮市,主權里,花蓮市一般行政區,否,否,50000.0,2001,獨資,N,0,561113,麵店、小吃店
15797949,03794905,台灣糖業股份有限公司商品行銷事業部花蓮營業所,花蓮縣花蓮市主權里中華路５３４巷１０號,花蓮縣,花蓮市,主權里,花蓮市一般行政區,否,否,0.0,2003,其他,Y,1,089312,砂糖製造
85212547,,俊維運動休閒,花蓮縣花蓮市主權里中華路５３４巷１０號２樓,花蓮縣,花蓮市,主權里,花蓮市一般行政區,否,否,100000.0,2020,獨資,N,0,859314,武術指導
39969506,,溫馨小棧民宿,花蓮縣花蓮市主權里仁和街１２號,花蓮縣,花蓮市,主權里,花蓮市一般行政區,否,否,100000.0,2013,獨資,N,0,551013,民宿
31796658,,兆富工程行,花蓮縣花蓮市主權里仁和街３０巷１號１樓,花蓮縣,花蓮市,主權里,花蓮市一般行政區,否,否,1000000.0,2013,獨資,Y,1,434012,油漆粉刷、壁飾（紙）黏貼工程
95210224,,福線創意工作室,花蓮縣花蓮市主權里仁和街３０巷１１號１樓,花蓮縣,花蓮市,主權里,花蓮市一般行政區,否,否,100000.0,2025,獨資,N,0,731099,其他廣告服務
60244997,,李采娟,花蓮縣花蓮市主權里仁和街３０巷６―４號,花蓮縣,花蓮市,主權里,花蓮市一般行政區,否,否,20000.0,2025,獨資,N,0,962111,美髮院及髮廊
85299396,,找一家親子民宿,花蓮縣花蓮市主權里仁和街７號,花蓮縣,花蓮市,主權里,花蓮市一般行政區,否,否,500000.0,2019,獨資,N,0,551013,民宿
42153864,,彩色窩民宿,花蓮縣花蓮市主權里仁和街８號,花蓮縣,花蓮市,主權里,花蓮市一般行政區,否,否,10000.0,2015,獨資,N,0,551013,民宿
76960210,,晶雅國際美容院,花蓮縣花蓮市主權里德安―街２２３巷２－１號,花蓮縣,花蓮市,主權里,花蓮市一般行政區,否,否,5000.0,1990,獨資,N,0,962111,美髮院及髮廊
20069786,,仙都美髮,花蓮縣花蓮市主權里德安―街３號１樓,花蓮縣,花蓮市,主權里,花蓮市一般行政區,否,否,6000.0,1998,獨資,N,0,962111,美髮院及髮廊
84998083,,良志科技有限公司,花蓮縣花蓮市主權里德安一街１０２號１樓,花蓮縣,花蓮市,主權里,花蓮市一般行政區,否,否,2000000.0,1994,有限公司,Y,1,483111,電腦及電腦週邊設備零售
96757123,,誠維奕投資股份有限公司,花蓮縣花蓮市主權里德安一街１０８巷１２號１樓,花蓮縣,花蓮市,主權里,花蓮市一般行政區,否,否,1000000.0,2024,股份有限公司,Y,1,670012,不動產投資開發
61455610,,山海點點科技企業社,花蓮縣花蓮市主權里德安一街１０８巷１５號,花蓮縣,花蓮市,主權里,花蓮市一般行政區,否,否,100000.0,2026,獨資,Y,1,639099,未分類其他資訊服務
92634776,,食山海商行,花蓮縣花蓮市主權里德安一街１０８巷１５號１樓,花蓮縣,花蓮市,主權里,花蓮市一般行政區,否,否,80000.0,2023,獨資,N,0,561115,餐廳
82181916,,媚麗工作室,花蓮縣花蓮市主權里德安一街１０８巷１８號１樓,花蓮縣,花蓮市,主權里,花蓮市一般行政區,否,否,200000.0,2019,獨資,N,0,475299,其他化粧品零售
92636486,,冠瑋工程行,花蓮縣花蓮市主權里德安一街１０８巷１８號１樓,花蓮縣,花蓮市,主權里,花蓮市一般行政區,否,否,500000.0,2023,獨資,Y,1,429011,淤泥疏濬工程
56690479,,創鐿系統整合有限公司,花蓮縣花蓮市主權里德安一街１０８巷２２號１樓,花蓮縣,花蓮市,主權里,花蓮市一般行政區,否,否,1000000.0,2017,有限公司,Y,1,474211,國產家用家具零售
25022001,,寬華實業有限公司,花蓮縣花蓮市主權里德安一街１０８巷２６號１樓,花蓮縣,花蓮市,主權里,花蓮市一般行政區,否,否,500000.0,2009,有限公司,Y,1,731099,其他廣告服務
28748507,,詒富貿易有限公司,花蓮縣花蓮市主權里德安一街１０８巷２６號１樓,花蓮縣,花蓮市,主權里,花蓮市一般行政區,否,否,10000000.0,2007,有限公司,Y,1,461515,建材五金（螺絲、螺帽、鉚釘等金屬製品）批發
86638937,,祥盟鐵材貿易有限公司,花蓮縣花蓮市主權里德安一街１０８巷２６號１樓,花蓮縣,花蓮市,主權里,花蓮市一般行政區,否,否,15000000.0,1992,有限公司,Y,1,669199,其他投資顧問
02941041,,萬佳鄉早餐德昕店,花蓮縣花蓮市主權里德安一街１１０―１號,花蓮縣,花蓮市,主權里,花蓮市一般行政區,否,否,3000.0,2013,獨資,N,0,561111,早餐店
72845507,,宏百個人工作室,花蓮縣花蓮市主權里德安一街１２２巷４號１樓,花蓮縣,花蓮市,主權里,花蓮市一般行政區,否,否,50000.0,2018,獨資,N,0,951200,汽車美容
87347042,,又蒔掏耳專門店,花蓮縣花蓮市主權里德安一街１２２巷６號１樓,花蓮縣,花蓮市,主權里,花蓮市一般行政區,否,否,100000.0,2020,獨資,N,0,969099,未分類其他個人服務
50742289,,古早味德安雞肉飯虱目魚,花蓮縣花蓮市主權里德安一街１３４―１號１樓,花蓮縣,花蓮市,主權里,花蓮市一般行政區,否,否,50000.0,2017,獨資,N,0,561113,麵店、小吃店
94828622,,鴻誠水電行,花蓮縣花蓮市主權里德安一街１４４巷１１號１樓,花蓮縣,花蓮市,主權里,花蓮市一般行政區,否,否,300000.0,1983,合夥,Y,1,433111,水電工程
93049252,,宏盛電器行,花蓮縣花蓮市主權里德安一街１６８號１樓,花蓮縣,花蓮市,主權里,花蓮市一般行政區,否,否,200000.0,2024,獨資,Y,1,474199,其他家用電器零售
91382718,,德安團購企業社,花蓮縣花蓮市主權里德安一街１７２－２號１樓,花蓮縣,花蓮市,主權里,花蓮市一般行政區,否,否,200000.0,2021,獨資,Y,1,471999,未分類其他綜合商品零售
91598180,,林采行,花蓮縣花蓮市主權里德安一街１７８巷２弄６號１樓,花蓮縣,花蓮市,主權里,花蓮市一般行政區,否,否,200000.0,2022,獨資,Y,1,476112,書籍、雜誌零售
95221377,,德安阿亮香雞排,花蓮縣花蓮市主權里德安一街１８０號１樓,花蓮縣,花蓮市,主權里,花蓮市一般行政區,否,否,200000.0,2024,獨資,N,0,561113,麵店、小吃店
37993305,,立凱企業社,花蓮縣花蓮市主權里德安一街１８８號１樓,花蓮縣,花蓮市,主權里,花蓮市一般行政區,否,否,30000.0,2013,獨資,N,0,561112,便當、自助餐店
93049491,,龍來發彩券行,花蓮縣花蓮市主權里德安一街１９０號１樓,花蓮縣,花蓮市,主權里,花蓮市一般行政區,否,否,50000.0,2024,獨資,N,0,920011,彩券銷售
31659227,,橋頭米糕,花蓮縣花蓮市主權里德安一街１９２號１樓,花蓮縣,花蓮市,主權里,花蓮市一般行政區,否,否,50000.0,2012,獨資,N,0,561113,麵店、小吃店
50747720,,程品企業社,花蓮縣花蓮市主權里德安一街２號２樓,花蓮縣,花蓮市,主權里,花蓮市一般行政區,否,否,249999.0,2018,獨資,Y,1,474999,未分類其他家用器具及用品零售
34890312,,振良工程行,花蓮縣花蓮市主權里德安一街２０１巷６號１樓,花蓮縣,花蓮市,主權里,花蓮市一般行政區,否,否,249000.0,2011,獨資,Y,1,439012,模板工程
34890930,,潘師傅糕餅舖,花蓮縣花蓮市主權里德安一街２１號,花蓮縣,花蓮市,主權里,花蓮市一般行政區,否,否,100000.0,2011,獨資,N,0,472999,未分類其他食品、飲料及菸草製品零售
92640502,91159979,彩虹夾樂園德安分店,花蓮縣花蓮市主權里德安一街２１１號１樓,花蓮縣,花蓮市,主權里,花蓮市一般行政區,否,否,0.0,2023,獨資,N,0,932414,夾娃娃機店
85210999,,錢記早餐店,花蓮縣花蓮市主權里德安一街２１３號１樓,花蓮縣,花蓮市,主權里,花蓮市一般行政區,否,否,240000.0,2020,獨資,Y,1,561111,早餐店
49754238,,綺藝工作坊,花蓮縣花蓮市主權里德安一街２１５巷４號１樓,花蓮縣,花蓮市,主權里,花蓮市一般行政區,否,否,10000.0,2016,獨資,N,0,475212,香皂、沐浴乳、洗面皂零售
22207053,,源太企業有限公司,花蓮縣花蓮市主權里德安一街２１５巷５號１樓,花蓮縣,花蓮市,主權里,花蓮市一般行政區,否,否,29000000.0,1986,有限公司,Y,1,431014,檔土支撐及土方挖填工程
91153074,,吉米家食堂,花蓮縣花蓮市主權里德安一街２１７號１樓,花蓮縣,花蓮市,主權里,花蓮市一般行政區,否,否,10000.0,2021,獨資,N,0,561115,餐廳
82946271,,山雅開發顧問有限公司,花蓮縣花蓮市主權里德安一街２２３巷３１號１樓,花蓮縣,花蓮市,主權里,花蓮市一般行政區,否,否,1000000.0,2020,有限公司,Y,1,524100,停車場管理
20051977,,宏信專業冷氣行,花蓮縣花蓮市主權里德安一街２２３巷３３號１樓,花蓮縣,花蓮市,主權里,花蓮市一般行政區,否,否,30000.0,1997,獨資,Y,1,433211,冷凍、通風、空調系統裝修工程
50743105,,禾協企業,花蓮縣花蓮市主權里德安一街２２３巷３５號１樓,花蓮縣,花蓮市,主權里,花蓮市一般行政區,否,否,200000.0,2017,獨資,Y,1,820912,文件打字、撰稿及速記等服務
50745188,,小燕子美食館,花蓮縣花蓮市主權里德安一街２３７號１樓,花蓮縣,花蓮市,主權里,花蓮市一般行政區,否,否,3000.0,2017,獨資,N,0,561113,麵店、小吃店
94806704,,全利百貨商行,花蓮縣花蓮市主權里德安一街２４１號１樓,花蓮縣,花蓮市,主權里,花蓮市一般行政區,否,否,40000.0,1982,獨資,Y,1,456999,未分類其他家用器具及用品批發
92638127,,日鮮農場,花蓮縣花蓮市主權里德安一街２４５號１樓,花蓮縣,花蓮市,主權里,花蓮市一般行政區,否,否,240000.0,2023,獨資,N,0,472111,蔬菜零售
91153601,,徐氏民俗調理工作室,花蓮縣花蓮市主權里德安一街２５５號１樓,花蓮縣,花蓮市,主權里,花蓮市一般行政區,否,否,10000.0,2021,獨資,N,0,969015,推拿按摩服務
13968046,,冠羽體育教育用品社,花蓮縣花蓮市主權里德安一街２６５號１樓,花蓮縣,花蓮市,主權里,花蓮市一般行政區,否,否,150000.0,2002,獨資,Y,1,476299,其他運動用品及器材零售
86950900,,宏懋實業有限公司,花蓮縣花蓮市主權里德安一街２９５號,花蓮縣,花蓮市,主權里,花蓮市一般行政區,否,否,1000000.0,1992,有限公司,Y,1,454999,未分類其他食品批發
85213665,,利成企業社,花蓮縣花蓮市主權里德安一街２９５號１樓,花蓮縣,花蓮市,主權里,花蓮市一般行政區,否,否,80000.0,2019,獨資,Y,1,487213,多層次傳銷（佣金收入）
91160103,,喜創企業社,花蓮縣花蓮市主權里德安一街２９７號１樓,花蓮縣,花蓮市,主權里,花蓮市一般行政區,否,否,100000.0,2022,獨資,N,0,474917,清潔用品零售
99810951,,普強生企業社,花蓮縣花蓮市主權里德安一街２９７號１樓,花蓮縣,花蓮市,主權里,花蓮市一般行政區,否,否,80000.0,2004,獨資,Y,1,474999,未分類其他家用器具及用品零售
02938741,,ｉＬＩＦＥ德安民宿,花蓮縣花蓮市主權里德安一街２９９號,花蓮縣,花蓮市,主權里,花蓮市一般行政區,否,否,10000.0,2013,獨資,N,0,551013,民宿
31671475,,吉旺小站,花蓮縣花蓮市主權里德安一街３０３號１樓,花蓮縣,花蓮市,主權里,花蓮市一般行政區,否,否,200000.0,2012,獨資,N,0,561113,麵店、小吃店
41180744,,橋頭肉圓,花蓮縣花蓮市主權里德安一街３０５號１樓,花蓮縣,花蓮市,主權里,花蓮市一般行政區,否,否,3000.0,2014,獨資,N,0,561113,麵店、小吃店
28414874,22555003,統一超商股份有限公司花蓮縣第七十九分公司,花蓮縣花蓮市主權里德安一街３０７號,花蓮縣,花蓮市,主權里,花蓮市一般行政區,否,否,0.0,2007,本國公司設立之分公司,Y,1,471112,直營連鎖式便利商店
09842593,,好家在企業社,花蓮縣花蓮市主權里德安一街３０７號１樓,花蓮縣,花蓮市,主權里,花蓮市一般行政區,否,否,480000.0,2007,獨資,Y,1,471114,加盟連鎖式便利商店（無商品進、銷貨行為）
31794069,,法札納民宿,花蓮縣花蓮市主權里德安一街５號,花蓮縣,花蓮市,主權里,花蓮市一般行政區,否,否,200000.0,2013,獨資,N,0,551013,民宿
10031447,,看板王廣告社,花蓮縣花蓮市主權里德安一街５１號１樓,花蓮縣,花蓮市,主權里,花蓮市一般行政區,否,否,550000.0,2007,獨資,Y,1,731011,廣告代理商
82179263,,麥絲饅頭店,花蓮縣花蓮市主權里德安一街５７號,花蓮縣,花蓮市,主權里,花蓮市一般行政區,否,否,10000.0,2019,獨資,N,0,472999,未分類其他食品、飲料及菸草製品零售
29253670,,芳香林素食自助餐店,花蓮縣花蓮市主權里德安一街５８號,花蓮縣,花蓮市,主權里,花蓮市一般行政區,否,否,12000.0,2004,獨資,N,0,561200,餐食攤販
49755905,,無名早點,花蓮縣花蓮市主權里德安一街５９號１樓,花蓮縣,花蓮市,主權里,花蓮市一般行政區,否,否,6000.0,2016,獨資,Y,1,561111,早餐店
87353091,,迷你嬤食品,花蓮縣花蓮市主權里德安一街６１號１樓,花蓮縣,花蓮市,主權里,花蓮市一般行政區,否,否,80000.0,2021,獨資,N,0,561115,餐廳
49748721,,國宴食品行,花蓮縣花蓮市主權里德安一街６８號１樓,花蓮縣,花蓮市,主權里,花蓮市一般行政區,否,否,240000.0,2016,獨資,Y,1,454400,冷凍調理食品批發
50741774,,美芝早午餐,花蓮縣花蓮市主權里德安一街７２號１樓,花蓮縣,花蓮市,主權里,花蓮市一般行政區,否,否,20000.0,2017,獨資,N,0,561111,早餐店
30112426,,康洋投幣式洗衣店,花蓮縣花蓮市主權里德安一街８２號１樓,花蓮縣,花蓮市,主權里,花蓮市一般行政區,否,否,5000.0,2008,獨資,N,0,961012,自助洗衣店
18054652,,景馨園企業社,花蓮縣花蓮市主權里德安一街９８號１樓,花蓮縣,花蓮市,主權里,花蓮市一般行政區,否,否,2000000.0,2001,獨資,Y,1,011999,未分類其他農作物栽培
50742324,,主優早午餐,花蓮縣花蓮市主權里德安二街１１２號,花蓮縣,花蓮市,主權里,花蓮市一般行政區,否,否,5000.0,2017,獨資,N,0,561111,早餐店
94852164,,宗泰食品股份有限公司,花蓮縣花蓮市主權里德安二街１３５號,花蓮縣,花蓮市,主權里,花蓮市一般行政區,否,否,40000000.0,1985,股份有限公司,Y,1,089111,糕餅麵包製造
95212763,,今囍工作室,花蓮縣花蓮市主權里德安二街１７號１樓,花蓮縣,花蓮市,主權里,花蓮市一般行政區,否,否,200000.0,2025,獨資,Y,1,760111,照相館
82181140,,木易先生西服,花蓮縣花蓮市主權里德安二街１７號２樓,花蓮縣,花蓮市,主權里,花蓮市一般行政區,否,否,100000.0,2019,獨資,N,0,473299,其他服裝及其配件零售
09705346,,二街飲食店,花蓮縣花蓮市主權里德安二街２０號,花蓮縣,花蓮市,主權里,花蓮市一般行政區,否,否,30000.0,2006,獨資,N,0,561200,餐食攤販
78034131,,阿序商號,花蓮縣花蓮市主權里德安二街２８號,花蓮縣,花蓮市,主權里,花蓮市一般行政區,否,否,3000.0,1991,獨資,N,0,472913,菸酒零售
41016998,,圓酒行,花蓮縣花蓮市主權里德安二街３號１樓,花蓮縣,花蓮市,主權里,花蓮市一般行政區,否,否,200000.0,2015,獨資,Y,1,472913,菸酒零售
94739065,,西德車業行,花蓮縣花蓮市主權里德安二街３３之１號,花蓮縣,花蓮市,主權里,花蓮市一般行政區,否,否,9000.0,1985,獨資,Y,1,484211,全新機車零售
31790036,,昌鑫商行,花蓮縣花蓮市主權里德安二街３４號１樓,花蓮縣,花蓮市,主權里,花蓮市一般行政區,否,否,200000.0,2012,獨資,Y,1,471114,加盟連鎖式便利商店（無商品進、銷貨行為）
16208287,,豪美裝璜有限公司,花蓮縣花蓮市主權里德安二街３７號１樓,花蓮縣,花蓮市,主權里,花蓮市一般行政區,否,否,500000.0,1997,有限公司,Y,1,456313,地毯批發
10585376,,喜樂縱橫水域遊憩活動,花蓮縣花蓮市主權里德安二街４９巷１號１樓,花蓮縣,花蓮市,主權里,花蓮市一般行政區,否,否,248000.0,2008,獨資,N,0,932999,未分類其他娛樂及休閒服務
19531957,,好美裝潢材料行,花蓮縣花蓮市主權里德安二街５號１樓,花蓮縣,花蓮市,主權里,花蓮市一般行政區,否,否,50000.0,1996,獨資,N,0,474313,地毯零售
62160852,,順路生活有限公司,花蓮縣花蓮市主權里德安二街５８號（三樓）,花蓮縣,花蓮市,主權里,花蓮市一般行政區,否,否,100000.0,2026,有限公司,Y,1,475299,其他化粧品零售
59020397,,佑謙開發建設有限公司,花蓮縣花蓮市主權里德安二街６號２樓,花蓮縣,花蓮市,主權里,花蓮市一般行政區,否,否,1000000.0,2017,有限公司,Y,1,429099,未分類其他土木工程
91592714,,健康樂活科際企業社,花蓮縣花蓮市主權里德安五街４６巷１１號１樓,花蓮縣,花蓮市,主權里,花蓮市一般行政區,否,否,100000.0,2022,獨資,N,0,487199,其他電子購物及郵購
82241914,,波非髮型,花蓮縣花蓮市主權里德安五街６號,花蓮縣,花蓮市,主權里,花蓮市一般行政區,否,否,100000.0,2018,獨資,N,0,962111,美髮院及髮廊
87544389,,亮潔洗車,花蓮縣花蓮市主權里德安五街６號,花蓮縣,花蓮市,主權里,花蓮市一般行政區,否,否,100000.0,2020,獨資,N,0,951200,汽車美容
45067899,,榮豐國際實業有限公司,花蓮縣花蓮市主權里德安五街６號１樓,花蓮縣,花蓮市,主權里,花蓮市一般行政區,否,否,9500000.0,2016,有限公司,Y,1,681111,自有不動產買賣
83770665,,全灃有限公司,花蓮縣花蓮市主權里德安五街６號１樓,花蓮縣,花蓮市,主權里,花蓮市一般行政區,否,否,5000000.0,2020,有限公司,N,0,649911,投資有價證券
91155024,,鴻揚企業社,花蓮縣花蓮市主權里德安五街８號１樓,花蓮縣,花蓮市,主權里,花蓮市一般行政區,否,否,200000.0,2021,獨資,Y,1,452000,綜合商品批發
85206159,,圓圓小舖,花蓮縣花蓮市主權里德安六街１０５巷２號３樓之３,花蓮縣,花蓮市,主權里,花蓮市一般行政區,否,否,10000.0,2020,獨資,N,0,487199,其他電子購物及郵購
12760645,,嘉冠營造有限公司,花蓮縣花蓮市主權里德安六街１１３號１樓,花蓮縣,花蓮市,主權里,花蓮市一般行政區,否,否,18600000.0,2002,有限公司,Y,1,429099,未分類其他土木工程
27432678,,營豐建設有限公司,花蓮縣花蓮市主權里德安六街１１３號１樓,花蓮縣,花蓮市,主權里,花蓮市一般行政區,否,否,60000000.0,2004,有限公司,Y,1,670012,不動產投資開發
60729015,,營合投資有限公司,花蓮縣花蓮市主權里德安六街１１３號１樓,花蓮縣,花蓮市,主權里,花蓮市一般行政區,否,否,25000000.0,2025,有限公司,Y,1,649911,投資有價證券
90842968,,再勵建設有限公司,花蓮縣花蓮市主權里德安六街１１３號１樓,花蓮縣,花蓮市,主權里,花蓮市一般行政區,否,否,5000000.0,2021,有限公司,Y,1,670012,不動產投資開發
87558334,,王子民宿,花蓮縣花蓮市主權里德安六街１１７號,花蓮縣,花蓮市,主權里,花蓮市一般行政區,否,否,30000.0,2021,獨資,N,0,551013,民宿
91155214,,川坪企業社,花蓮縣花蓮市主權里德安六街６７號８樓,花蓮縣,花蓮市,主權里,花蓮市一般行政區,否,否,200000.0,2021,獨資,Y,1,429099,未分類其他土木工程
90869776,,天愷股份有限公司,花蓮縣花蓮市主權里德安六街６９號１１樓,花蓮縣,花蓮市,主權里,花蓮市一般行政區,否,否,100000.0,2021,股份有限公司,Y,1,702099,其他管理顧問
50744364,,妮娜璐企業,花蓮縣花蓮市主權里德安六街７０號１樓,花蓮縣,花蓮市,主權里,花蓮市一般行政區,否,否,200000.0,2017,獨資,N,0,485217,手工藝品零售
82183317,,蓮城工程行,花蓮縣花蓮市主權里德安六街７０號１０樓,花蓮縣,花蓮市,主權里,花蓮市一般行政區,否,否,200000.0,2019,獨資,Y,1,439011,施工塔架吊裝工程（鷹架工程）
26113351,,技佳中古電器行,花蓮縣花蓮市主權里德安六街７３巷１號１樓,花蓮縣,花蓮市,主權里,花蓮市一般行政區,否,否,3000.0,2009,獨資,N,0,485399,其他中古商品（汽機車及其零配件除外）零售
72846230,,德安冷凍工程行,花蓮縣花蓮市主權里德安六街７９號１樓,花蓮縣,花蓮市,主權里,花蓮市一般行政區,否,否,248000.0,2018,獨資,Y,1,474113,家用空調設備及其零件零售
92641636,,慈的手作甜點舖,花蓮縣花蓮市主權里德安六街８７巷３號１樓,花蓮縣,花蓮市,主權里,花蓮市一般行政區,否,否,20000.0,2023,獨資,N,0,472922,西點麵包零售
92641410,,德安園藝工作室,花蓮縣花蓮市主權里德安六街９０號１樓,花蓮縣,花蓮市,主權里,花蓮市一般行政區,否,否,20000.0,2023,獨資,N,0,813000,綠化服務
54994912,,伯爵教育科技股份有限公司,花蓮縣花蓮市主權里德安六街９１號,花蓮縣,花蓮市,主權里,花蓮市一般行政區,否,否,300000.0,2019,股份有限公司,Y,1,859511,課業輔導及補習教學
92665995,,祥東商行,花蓮縣花蓮市主權里德安四街２０號１樓,花蓮縣,花蓮市,主權里,花蓮市一般行政區,否,否,100000.0,2023,獨資,N,0,474999,未分類其他家用器具及用品零售
92534832,,浚昇工程行,花蓮縣花蓮市主權里德安四街２９巷１弄３號１樓,花蓮縣,花蓮市,主權里,花蓮市一般行政區,否,否,249000.0,2023,獨資,Y,1,433111,水電工程
94848373,,清水汽車材料行,花蓮縣花蓮市主權里德安四街３５號,花蓮縣,花蓮市,主權里,花蓮市一般行政區,否,否,5000.0,1985,獨資,N,0,484311,汽車零件、汽車百貨零售
41130484,,宇康藥局,花蓮縣花蓮市主權里德安四街６３號,花蓮縣,花蓮市,主權里,花蓮市一般行政區,否,否,15000.0,2014,獨資,N,0,475112,西藥零售
84638460,,曜登工程事業有限公司,花蓮縣花蓮市主權里德安四街６７號,花蓮縣,花蓮市,主權里,花蓮市一般行政區,否,否,1070000.0,1994,有限公司,Y,1,433199,其他機電、電信及電路設備安裝
30142982,,街頭轉角現泡茶飲店,花蓮縣花蓮市主權里德安四街６７號１樓,花蓮縣,花蓮市,主權里,花蓮市一般行政區,否,否,3000.0,2008,獨資,N,0,472914,飲料零售
78035510,,柏欣車業,花蓮縣花蓮市主權里德安－街１８７號,花蓮縣,花蓮市,主權里,花蓮市一般行政區,否,否,5000.0,1991,獨資,N,0,484211,全新機車零售
72845675,,杰迪思豆小舖,花蓮縣花蓮市主權里德安６街１０５巷２號３樓之３,花蓮縣,花蓮市,主權里,花蓮市一般行政區,否,否,3000.0,2018,獨資,N,0,487199,其他電子購物及郵購
53849834,,良易藥品有限公司,花蓮縣花蓮市主權里榮正街２０５號１樓,花蓮縣,花蓮市,主權里,花蓮市一般行政區,否,否,500000.0,2012,有限公司,Y,1,457112,西藥批發
94027523,,文昌商號,花蓮縣花蓮市主權里榮正街２１３號,花蓮縣,花蓮市,主權里,花蓮市一般行政區,否,否,3000.0,1977,獨資,N,0,472999,未分類其他食品、飲料及菸草製品零售
31410325,,百艾養生工房,花蓮縣花蓮市主權里榮正街２７１巷３號１樓,花蓮縣,花蓮市,主權里,花蓮市一般行政區,否,否,200000.0,2006,獨資,N,0,472999,未分類其他食品、飲料及菸草製品零售
95805626,,名翔汽車百貨商行,花蓮縣花蓮市主權里榮正街２７１巷４５號１樓,花蓮縣,花蓮市,主權里,花蓮市一般行政區,否,否,240000.0,1995,獨資,Y,1,484311,汽車零件、汽車百貨零售
31789853,,遇見曙光手作工作室,花蓮縣花蓮市主權里榮正街２７１巷７６號１樓,花蓮縣,花蓮市,主權里,花蓮市一般行政區,否,否,3000.0,2012,獨資,N,0,485217,手工藝品零售
72615012,,邑承環境消毒除蟲企業社,花蓮縣花蓮市主權里睦和街１３號１樓,花蓮縣,花蓮市,主權里,花蓮市一般行政區,否,否,200000.0,2017,獨資,Y,1,812911,病媒防治服務
40979144,,頂尖商行,花蓮縣花蓮市主權里睦和街１５號,花蓮縣,花蓮市,主權里,花蓮市一般行政區,否,否,12000.0,2014,獨資,N,0,561113,麵店、小吃店
49770477,,喬荃企業社,花蓮縣花蓮市主權里睦和街２１巷１４號１樓,花蓮縣,花蓮市,主權里,花蓮市一般行政區,否,否,3000.0,2016,獨資,N,0,932413,投幣式兒童騎乘機械玩具店
85214475,,富秝汽車商行,花蓮縣花蓮市主權里睦和街４１巷１０號１樓,花蓮縣,花蓮市,主權里,花蓮市一般行政區,否,否,80000.0,2020,獨資,Y,1,464111,電腦及電腦週邊設備批發
85209022,,舞吉商行,花蓮縣花蓮市主權里睦和街４１巷１０號２樓,花蓮縣,花蓮市,主權里,花蓮市一般行政區,否,否,98000.0,2019,獨資,N,0,487111,經營郵購
91150203,,珉碩工程行,花蓮縣花蓮市主權里睦和街５９巷３號,花蓮縣,花蓮市,主權里,花蓮市一般行政區,否,否,200000.0,2021,獨資,Y,1,433211,冷凍、通風、空調系統裝修工程
53782974,,佳德國際美容股份有限公司,花蓮縣花蓮市主權里００１鄰中華路３９１號２樓,花蓮縣,花蓮市,主權里,花蓮市一般行政區,否,否,1000000.0,2011,股份有限公司,Y,1,475299,其他化粧品零售
93057267,,志強柔道館,花蓮縣花蓮市主權里００１鄰中華路４５３巷１６號,花蓮縣,花蓮市,主權里,花蓮市一般行政區,否,否,100000.0,2024,獨資,N,0,859314,武術指導
91594728,,瑞奇設計管理顧問企業社,花蓮縣花蓮市主權里００１鄰中華路４６１巷２―１號１樓,花蓮縣,花蓮市,主權里,花蓮市一般行政區,否,否,100000.0,2022,獨資,Y,1,702099,其他管理顧問
94183191,23192043,友圓實業有限公司花蓮分公司,花蓮縣花蓮市主權里００１鄰中華路４６９―９號１樓,花蓮縣,花蓮市,主權里,花蓮市一般行政區,否,否,0.0,2023,本國公司設立之分公司,Y,1,456999,未分類其他家用器具及用品批發
82181471,,樂芝味港式燒腊,花蓮縣花蓮市主權里００１鄰中華路４７１號１樓,花蓮縣,花蓮市,主權里,花蓮市一般行政區,否,否,30000.0,2019,獨資,N,0,561112,便當、自助餐店
87348387,,阿鴻焢肉飯,花蓮縣花蓮市主權里００１鄰中華路４７７號１樓,花蓮縣,花蓮市,主權里,花蓮市一般行政區,否,否,3000.0,2020,獨資,N,0,561115,餐廳
24616694,,陸卡崴國際整合行銷顧問有限公司,花蓮縣花蓮市主權里００１鄰德安六街１００號１樓,花蓮縣,花蓮市,主權里,花蓮市一般行政區,否,否,5000000.0,2014,有限公司,Y,1,903015,藝術表演活動籌辦、監製與經紀
87520892,,擘餅舖,花蓮縣花蓮市主權里００１鄰德安六街１００號１０樓之２,花蓮縣,花蓮市,主權里,花蓮市一般行政區,否,否,100000.0,2020,獨資,N,0,487114,經營網路購物（食品、飲料類商品）
83511133,,佳瓦特有限公司,花蓮縣花蓮市主權里００１鄰德安六街１００號９樓之２,花蓮縣,花蓮市,主權里,花蓮市一般行政區,否,否,10000000.0,2020,有限公司,Y,1,702099,其他管理顧問
91153172,,灰色地帶健康工坊,花蓮縣花蓮市主權里００１鄰德安六街１００號９樓之２,花蓮縣,花蓮市,主權里,花蓮市一般行政區,否,否,200000.0,2021,獨資,N,0,859399,其他運動及休閒教育
49915109,,豐進商號,花蓮縣花蓮市主權里００１鄰德安六街１０１號１樓,花蓮縣,花蓮市,主權里,花蓮市一般行政區,否,否,3000.0,2005,獨資,N,0,472916,蛋類零售
92534657,,采宏多媒體企業社,花蓮縣花蓮市主權里００１鄰德安六街１０２號６樓之２,花蓮縣,花蓮市,主權里,花蓮市一般行政區,否,否,200000.0,2023,獨資,Y,1,483300,視聽設備零售
91157901,,阿咘吉手作食品,花蓮縣花蓮市主權里００１鄰德安六街１０２號９樓之１,花蓮縣,花蓮市,主權里,花蓮市一般行政區,否,否,10000.0,2021,獨資,N,0,487114,經營網路購物（食品、飲料類商品）
94350704,,大安汽車行,花蓮縣花蓮市主權里００１鄰德安六街１０３號３樓之１,花蓮縣,花蓮市,主權里,花蓮市一般行政區,否,否,1500000.0,1977,獨資,N,0,493200,計程車客運
91159788,,長期環保企業社,花蓮縣花蓮市主權里００１鄰德安六街１０３號４樓之１,花蓮縣,花蓮市,主權里,花蓮市一般行政區,否,否,30000.0,2022,獨資,N,0,382112,一般廢棄物處理
82184081,,六五四購物商行,花蓮縣花蓮市主權里００１鄰德安六街１０３號６樓之３,花蓮縣,花蓮市,主權里,花蓮市一般行政區,否,否,30000.0,2019,獨資,N,0,487199,其他電子購物及郵購
91152223,,蝦兵蟹將水產行,花蓮縣花蓮市主權里００１鄰德安六街１０３號６樓之３,花蓮縣,花蓮市,主權里,花蓮市一般行政區,否,否,30000.0,2021,獨資,Y,1,454399,其他水產品批發
30206009,,永鑫企業社,花蓮縣花蓮市主權里００１鄰德安六街１０３號８樓之３,花蓮縣,花蓮市,主權里,花蓮市一般行政區,否,否,100000.0,2009,獨資,Y,1,772100,汽車租賃
60246117,,曦霏國際企業社,花蓮縣花蓮市主權里００１鄰德安六街１０５巷２號３樓之２,花蓮縣,花蓮市,主權里,花蓮市一般行政區,否,否,200000.0,2025,獨資,Y,1,487212,多層次傳銷（商品銷貨收入）
91589350,,朵朵小舖,花蓮縣花蓮市主權里００１鄰德安六街１０５巷２號３樓之３,花蓮縣,花蓮市,主權里,花蓮市一般行政區,否,否,10000.0,2022,獨資,N,0,487199,其他電子購物及郵購
72642307,,高華鴻,花蓮縣花蓮市主權里００１鄰德安六街１０５巷２號８樓之２,花蓮縣,花蓮市,主權里,花蓮市一般行政區,否,否,200000.0,2017,獨資,N,0,487199,其他電子購物及郵購
91160011,,想印工作坊,花蓮縣花蓮市主權里００２鄰中華路４５３巷１號,花蓮縣,花蓮市,主權里,花蓮市一般行政區,否,否,20000.0,2022,獨資,N,0,820300,影印服務
92910553,54397181,三商行股份有限公司國風門市部,花蓮縣花蓮市主權里００４鄰中華路４８６―１號１、２樓及地下１樓,花蓮縣,花蓮市,主權里,花蓮市一般行政區,否,否,0.0,2023,其他,Y,1,473312,鞋類及其配件（真皮鞋類及其配件除外）零售
26793174,,千享國際企業社,花蓮縣花蓮市主權里００４鄰中華路４８６―１號３樓,花蓮縣,花蓮市,主權里,花蓮市一般行政區,否,否,3000000.0,2012,合夥,Y,1,731011,廣告代理商
24657168,,千享國際企業股份有限公司,花蓮縣花蓮市主權里００４鄰中華路４８６―１號４樓,花蓮縣,花蓮市,主權里,花蓮市一般行政區,否,否,3000000.0,2014,股份有限公司,Y,1,731099,其他廣告服務
91715342,,日石縈畔商行,花蓮縣花蓮市主權里００４鄰中華路４８８―３２號１樓,花蓮縣,花蓮市,主權里,花蓮市一般行政區,否,否,50000.0,2023,合夥,N,0,487199,其他電子購物及郵購
60241231,,郭秋月,花蓮縣花蓮市主權里００４鄰中華路４９４號,花蓮縣,花蓮市,主權里,花蓮市一般行政區,否,否,15000.0,2025,獨資,N,0,561113,麵店、小吃店
42593574,,長旭建設股份有限公司,花蓮縣花蓮市主權里００５鄰中原路７０９號１樓,花蓮縣,花蓮市,主權里,花蓮市一般行政區,否,否,15000000.0,2015,股份有限公司,Y,1,670012,不動產投資開發
83428395,,長峯建設股份有限公司,花蓮縣花蓮市主權里００５鄰中原路７０９號１樓,花蓮縣,花蓮市,主權里,花蓮市一般行政區,否,否,16000000.0,2020,股份有限公司,Y,1,670012,不動產投資開發
90339720,,瀚海建設開發股份有限公司,花蓮縣花蓮市主權里００５鄰中原路７０９號１樓,花蓮縣,花蓮市,主權里,花蓮市一般行政區,否,否,16000000.0,2022,股份有限公司,Y,1,670012,不動產投資開發
90621775,,長雄投資股份有限公司,花蓮縣花蓮市主權里００５鄰中原路７０９號１樓,花蓮縣,花蓮市,主權里,花蓮市一般行政區,否,否,16000000.0,2022,股份有限公司,Y,1,649911,投資有價證券
85039478,,韋安離岸風電顧問有限公司,花蓮縣花蓮市主權里００５鄰仁和街３０巷３２號１樓,花蓮縣,花蓮市,主權里,花蓮市一般行政區,否,否,100000.0,2019,有限公司,Y,1,340015,電力機械器材及設備維修及安裝
83561132,,京盛元企業有限公司,花蓮縣花蓮市主權里００５鄰仁和街３０巷４６號１樓,花蓮縣,花蓮市,主權里,花蓮市一般行政區,否,否,500000.0,2019,有限公司,Y,1,591199,其他影片及電視節目製作
60704534,,新穎創事業有限公司,花蓮縣花蓮市主權里００６鄰榮正街２５３號１樓,花蓮縣,花蓮市,主權里,花蓮市一般行政區,否,否,200000.0,2025,有限公司,Y,1,820212,工商展覽籌辦
87554718,,香氣之吻美容工作坊,花蓮縣花蓮市主權里００６鄰榮正街２５７號４樓,花蓮縣,花蓮市,主權里,花蓮市一般行政區,否,否,5000.0,2021,獨資,N,0,969015,推拿按摩服務
90425555,,雋昕實業有限公司,花蓮縣花蓮市主權里００６鄰榮正街２７１巷４７號１樓,花蓮縣,花蓮市,主權里,花蓮市一般行政區,否,否,1500000.0,2021,有限公司,Y,1,471999,未分類其他綜合商品零售
92640475,,華昱企業社,花蓮縣花蓮市主權里００６鄰榮正街２７１巷４７號１樓,花蓮縣,花蓮市,主權里,花蓮市一般行政區,否,否,246000.0,2023,獨資,Y,1,471999,未分類其他綜合商品零售
99995423,,新加綠室內裝修有限公司,花蓮縣花蓮市主權里００６鄰榮正街２７１巷４７號１樓,花蓮縣,花蓮市,主權里,花蓮市一般行政區,否,否,500000.0,2024,有限公司,Y,1,434015,室內裝修工程
62190075,,潾光敘日室內裝修設計有限公司,花蓮縣花蓮市主權里００７鄰中原路６５８號九樓之５,花蓮縣,花蓮市,主權里,花蓮市一般行政區,否,否,200000.0,2026,有限公司,Y,1,434015,室內裝修工程
64816661,,龍泰車業行,花蓮縣花蓮市主權里００７鄰中華路４２２―２號１樓,花蓮縣,花蓮市,主權里,花蓮市一般行政區,否,否,5000.0,1989,獨資,Y,1,484314,機車零件、機車百貨零售
85205715,,好所在藝坊,花蓮縣花蓮市主權里００７鄰中華路４５６號１樓,花蓮縣,花蓮市,主權里,花蓮市一般行政區,否,否,100000.0,2019,獨資,N,0,474927,陶瓷器皿及餐具零售
90594714,,忠實第有限公司,花蓮縣花蓮市主權里００７鄰中華路４６０號１樓,花蓮縣,花蓮市,主權里,花蓮市一般行政區,否,否,15000000.0,2022,有限公司,Y,1,681112,自有不動產租賃
41123250,97179430,遠傳電信股份有限公司花蓮吉安門市,花蓮縣花蓮市主權里００７鄰中華路４６６－１號１樓,花蓮縣,花蓮市,主權里,花蓮市一般行政區,否,否,0.0,2014,其他,Y,1,610200,無線電信服務
91341702,,吳家甘蔗檸檬汁,花蓮縣花蓮市主權里００７鄰中華路５００號１樓,花蓮縣,花蓮市,主權里,花蓮市一般行政區,否,否,66000.0,2021,獨資,N,0,563115,手搖飲店
72846652,,珍器工坊,花蓮縣花蓮市主權里００８鄰中華路３７０號１樓,花蓮縣,花蓮市,主權里,花蓮市一般行政區,否,否,100000.0,2018,獨資,N,0,472999,未分類其他食品、飲料及菸草製品零售
95806456,,珍傳自助餐,花蓮縣花蓮市主權里００８鄰中華路３７２號１樓,花蓮縣,花蓮市,主權里,花蓮市一般行政區,否,否,20000.0,1995,獨資,N,0,561112,便當、自助餐店
37998266,,非常機車行,花蓮縣花蓮市主權里００８鄰林森路１，３號１樓,花蓮縣,花蓮市,主權里,花蓮市一般行政區,否,否,50000.0,2013,合夥,Y,1,484314,機車零件、機車百貨零售
91155875,,肥滋滋食堂,花蓮縣花蓮市主權里００９鄰中華路３７３號,花蓮縣,花蓮市,主權里,花蓮市一般行政區,否,否,60000.0,2021,獨資,N,0,561111,早餐店
85210082,,漢唐養身館,花蓮縣花蓮市主權里０１０鄰中華路３７７號１樓,花蓮縣,花蓮市,主權里,花蓮市一般行政區,否,否,50000.0,2019,獨資,N,0,969015,推拿按摩服務
72819509,42765864,機皇企業有限公司中華營業所,花蓮縣花蓮市主權里０１０鄰中華路３９５號１樓,花蓮縣,花蓮市,主權里,花蓮市一般行政區,否,否,0.0,2017,其他,Y,1,483212,手機及手機週邊零配件零售
94031688,,豐盛展業有限公司,花蓮縣花蓮市主權里０１０鄰中華路３９５號１樓,花蓮縣,花蓮市,主權里,花蓮市一般行政區,否,否,500000.0,2023,有限公司,Y,1,462099,其他化學原材料及其製品批發
87352467,,東住電子鎖店,花蓮縣花蓮市主權里０１０鄰中華路３９９號１樓,花蓮縣,花蓮市,主權里,花蓮市一般行政區,否,否,3000.0,2021,獨資,N,0,959917,開鎖及配鎖
50746932,,楚楚花藝工作坊,花蓮縣花蓮市主權里０１０鄰中華路４０５號,花蓮縣,花蓮市,主權里,花蓮市一般行政區,否,否,100000.0,2017,獨資,N,0,485111,切花、盆栽零售
60251595,,安那美學,花蓮縣花蓮市主權里０１０鄰中華路４２７號,花蓮縣,花蓮市,主權里,花蓮市一般行政區,否,否,20000.0,2026,獨資,N,0,962299,其他美容美體服務
50747398,,老香豬豬腳美食堂,花蓮縣花蓮市主權里０１０鄰德安二街１１號,花蓮縣,花蓮市,主權里,花蓮市一般行政區,否,否,100000.0,2017,獨資,N,0,561113,麵店、小吃店
91156353,,瑪瑪足體養生館,花蓮縣花蓮市主權里０１０鄰德安二街１１號,花蓮縣,花蓮市,主權里,花蓮市一般行政區,否,否,90000.0,2021,獨資,N,0,969015,推拿按摩服務
87345522,,千揚傳統整復推拿工作室,花蓮縣花蓮市主權里０１０鄰德安二街１１號２樓,花蓮縣,花蓮市,主權里,花蓮市一般行政區,否,否,10000.0,2020,獨資,N,0,869919,國術損傷接骨、國術推拿服務
24620297,,宇笙不動產有限公司,花蓮縣花蓮市主權里０１０鄰德安二街２１號１樓,花蓮縣,花蓮市,主權里,花蓮市一般行政區,否,否,1000000.0,2014,有限公司,Y,1,681211,不動產仲介
60253475,,昶暘工程行,花蓮縣花蓮市主權里０１０鄰德安二街２７號３樓,花蓮縣,花蓮市,主權里,花蓮市一般行政區,否,否,200000.0,2026,獨資,Y,1,410011,房屋修繕
60253572,,鑫豪工程行,花蓮縣花蓮市主權里０１０鄰德安二街２７號３樓,花蓮縣,花蓮市,主權里,花蓮市一般行政區,否,否,200000.0,2026,獨資,Y,1,485216,礦物（寶石、貴金屬除外）零售
60402741,,鍇荷實業有限公司,花蓮縣花蓮市主權里０１０鄰德安二街２７號３樓,花蓮縣,花蓮市,主權里,花蓮市一般行政區,否,否,1000000.0,2026,有限公司,Y,1,429099,未分類其他土木工程
20057629,,金皇服飾,花蓮縣花蓮市主權里０１０鄰德安二街６號１樓,花蓮縣,花蓮市,主權里,花蓮市一般行政區,否,否,30000.0,1997,獨資,Y,1,473211,服裝零售
80222481,,佑謙營造工程有限公司,花蓮縣花蓮市主權里０１０鄰德安二街６號１樓,花蓮縣,花蓮市,主權里,花蓮市一般行政區,否,否,3600000.0,2002,有限公司,Y,1,439099,未分類其他專門營造
16912355,,漢銓營造有限公司,花蓮縣花蓮市主權里０１０鄰德安二街６號３樓,花蓮縣,花蓮市,主權里,花蓮市一般行政區,否,否,3600000.0,1999,有限公司,Y,1,429099,未分類其他土木工程
93058934,,森曜木作工作室,花蓮縣花蓮市主權里０１０鄰睦和街２０巷４號,花蓮縣,花蓮市,主權里,花蓮市一般行政區,否,否,50000.0,2024,獨資,N,0,140999,未分類其他木竹製品製造
41012064,,花東宜青草茶店,花蓮縣花蓮市主權里０１１鄰德安一街１３４號１樓,花蓮縣,花蓮市,主權里,花蓮市一般行政區,否,否,30000.0,2014,獨資,N,0,472914,飲料零售
87351517,,如沐影像工作室,花蓮縣花蓮市主權里０１１鄰德安一街４６號１樓,花蓮縣,花蓮市,主權里,花蓮市一般行政區,否,否,200000.0,2021,獨資,Y,1,591114,電影片製作
61465048,,鴻揚企業社,花蓮縣花蓮市主權里０１２鄰德安一街８４號,花蓮縣,花蓮市,主權里,花蓮市一般行政區,否,否,100000.0,2026,獨資,N,0,487199,其他電子購物及郵購
61455323,,雲吉農產行,花蓮縣花蓮市主權里０１３鄰德安五街２號１樓,花蓮縣,花蓮市,主權里,花蓮市一般行政區,否,否,50000.0,2026,獨資,N,0,472111,蔬菜零售
95210809,,育興企業,花蓮縣花蓮市主權里０１３鄰德安五街２２號１樓,花蓮縣,花蓮市,主權里,花蓮市一般行政區,否,否,200000.0,2025,獨資,Y,1,471114,加盟連鎖式便利商店（無商品進、銷貨行為）
85205503,,小柏資訊企業社,花蓮縣花蓮市主權里０１４鄰德安一街１３２號,花蓮縣,花蓮市,主權里,花蓮市一般行政區,否,否,230000.0,2019,獨資,Y,1,464111,電腦及電腦週邊設備批發
91590309,,真真冷飲店,花蓮縣花蓮市主權里０１４鄰德安一街２２５－２號１樓,花蓮縣,花蓮市,主權里,花蓮市一般行政區,否,否,120000.0,2022,獨資,N,0,563115,手搖飲店
60249677,,慕福樹藝工作室,花蓮縣花蓮市主權里０１５鄰德安一街２９１號４樓之５,花蓮縣,花蓮市,主權里,花蓮市一般行政區,否,否,200000.0,2026,獨資,Y,1,813000,綠化服務
62183855,,輝鴻營造有限公司,花蓮縣花蓮市主權里０１５鄰德安六街５２號１樓,花蓮縣,花蓮市,主權里,花蓮市一般行政區,否,否,3600000.0,2026,有限公司,Y,1,439099,未分類其他專門營造
91157085,,約珥創造工作室,花蓮縣花蓮市主權里０１６鄰德安六街３９號１樓,花蓮縣,花蓮市,主權里,花蓮市一般行政區,否,否,248000.0,2021,獨資,Y,1,434013,房屋設備安裝工程
41010410,,嶸美企業社,花蓮縣花蓮市主權里０１６鄰德安六街７１號１樓,花蓮縣,花蓮市,主權里,花蓮市一般行政區,否,否,1000000.0,2014,獨資,Y,1,410011,房屋修繕
91593376,,泰陞工程行,花蓮縣花蓮市主權里０１６鄰德安六街７２號１樓,花蓮縣,花蓮市,主權里,花蓮市一般行政區,否,否,248000.0,2022,獨資,Y,1,433211,冷凍、通風、空調系統裝修工程
31793625,,順壹土木包工業,花蓮縣花蓮市主權里０１７鄰德安五街３５號１樓,花蓮縣,花蓮市,主權里,花蓮市一般行政區,否,否,1000000.0,2013,合夥,Y,1,429099,未分類其他土木工程
89118328,,華養有限公司,花蓮縣花蓮市主權里０１７鄰德安五街３５號１樓,花蓮縣,花蓮市,主權里,花蓮市一般行政區,否,否,6000000.0,2023,有限公司,N,0,649911,投資有價證券
97626748,,來佳樂有限公司,花蓮縣花蓮市主權里０１８鄰德安二街３１號１樓,花蓮縣,花蓮市,主權里,花蓮市一般行政區,否,否,950000.0,2024,有限公司,Y,1,471999,未分類其他綜合商品零售
53825559,,東岸國際旅行社有限公司,花蓮縣花蓮市主權里０１８鄰德安二街５３號１樓,花蓮縣,花蓮市,主權里,花蓮市一般行政區,否,否,6000000.0,2012,有限公司,Y,1,790011,旅行業
16163893,,東岸國際通運有限公司,花蓮縣花蓮市主權里０１８鄰德安二街５３號２樓,花蓮縣,花蓮市,主權里,花蓮市一般行政區,否,否,30000000.0,1997,有限公司,Y,1,493912,遊覽車客運
61457286,,三盛石藝禮品社,花蓮縣花蓮市主權里０１８鄰德安二街５５號１樓,花蓮縣,花蓮市,主權里,花蓮市一般行政區,否,否,10000.0,2026,獨資,N,0,487199,其他電子購物及郵購
13074258,,豐年營造有限公司,花蓮縣花蓮市主權里０１９鄰中華路４３３巷１４號１樓,花蓮縣,花蓮市,主權里,花蓮市一般行政區,否,否,5000000.0,2002,有限公司,Y,1,410099,其他建築工程
54516948,,永豐年建設有限公司,花蓮縣花蓮市主權里０１９鄰中華路４３３巷１４號１樓,花蓮縣,花蓮市,主權里,花蓮市一般行政區,否,否,2000000.0,2013,有限公司,Y,1,670012,不動產投資開發
95213469,,林緯沐光美髮沙龍,花蓮縣花蓮市主權里０１９鄰德安二街６０號１樓,花蓮縣,花蓮市,主權里,花蓮市一般行政區,否,否,168888.0,2025,獨資,N,0,962111,美髮院及髮廊
92636520,,王牌土木包工業,花蓮縣花蓮市主權里０１９鄰德安二街６２―１號１０樓,花蓮縣,花蓮市,主權里,花蓮市一般行政區,否,否,1000000.0,2023,獨資,Y,1,434011,室內裝潢工程
82181606,,創鑫數位企業社,花蓮縣花蓮市主權里０１９鄰德安二街６２號９樓,花蓮縣,花蓮市,主權里,花蓮市一般行政區,否,否,200000.0,2019,合夥,Y,1,272916,防盜、防災系統設備製造
42078423,,齊亞風情民宿,花蓮縣花蓮市主權里０１９鄰德安四街５３號,花蓮縣,花蓮市,主權里,花蓮市一般行政區,否,否,1000000.0,2015,其他,N,0,551013,民宿
95094528,,旭果商行,花蓮縣花蓮市主權里０２０鄰德安二街６８巷２０號６樓,花蓮縣,花蓮市,主權里,花蓮市一般行政區,否,否,3000.0,2024,獨資,N,0,487199,其他電子購物及郵購
92640812,,偵笢工程行,花蓮縣花蓮市主權里０２０鄰德安二街６８巷２６號１樓,花蓮縣,花蓮市,主權里,花蓮市一般行政區,否,否,200000.0,2023,獨資,Y,1,432000,庭園景觀工程
93049422,,金富仲企業社,花蓮縣花蓮市主權里０２０鄰德安二街６８巷２６號５樓,花蓮縣,花蓮市,主權里,花蓮市一般行政區,否,否,200000.0,2024,合夥,Y,1,649999,其他未分類金融服務
90274310,,京聯順投資有限公司,花蓮縣花蓮市主權里０２０鄰德安二街６８巷２６號７樓,花蓮縣,花蓮市,主權里,花蓮市一般行政區,否,否,1000000.0,2022,有限公司,Y,1,649911,投資有價證券
93595596,,宣瑄有限公司,花蓮縣花蓮市主權里０２０鄰德安二街６８巷４６號９樓,花蓮縣,花蓮市,主權里,花蓮市一般行政區,否,否,500000.0,2024,有限公司,Y,1,702099,其他管理顧問
91348276,,中華整體美業國際教育交流協會,花蓮縣花蓮市主權里０２０鄰德安二街６８巷４８號１０樓,花蓮縣,花蓮市,主權里,花蓮市一般行政區,否,否,3600.0,2021,其他,N,0,859512,專業考試補習教學
60248494,,愷洋企業,花蓮縣花蓮市主權里０２０鄰德安二街６８巷５２號７樓,花蓮縣,花蓮市,主權里,花蓮市一般行政區,否,否,200000.0,2025,獨資,Y,1,433199,其他機電、電信及電路設備安裝
54117626,,聯合向陽行銷顧問有限公司,花蓮縣花蓮市主權里０２１鄰德安二街１０２號１樓,花蓮縣,花蓮市,主權里,花蓮市一般行政區,否,否,1000000.0,2013,有限公司,Y,1,731099,其他廣告服務
42011227,,寶貝熊寫眞館,花蓮縣花蓮市主權里０２２鄰中華路４１６巷２６號１樓,花蓮縣,花蓮市,主權里,花蓮市一般行政區,否,否,50000.0,2015,獨資,N,0,760199,其他攝影
91153068,,王濬水電工程行,花蓮縣花蓮市主權里０２６鄰睦和街３６巷１２號１樓,花蓮縣,花蓮市,主權里,花蓮市一般行政區,否,否,1000000.0,2021,獨資,Y,1,422015,自來水總管及市區管線營建
95078301,,醇境民宿,花蓮縣花蓮市主權里０２６鄰睦和街３６巷３號,花蓮縣,花蓮市,主權里,花蓮市一般行政區,否,否,100000.0,2024,獨資,N,0,551013,民宿
92639792,,德安金財神彩券行,花蓮縣花蓮市主權里０２７鄰德安一街８７號１樓,花蓮縣,花蓮市,主權里,花蓮市一般行政區,否,否,50000.0,2023,獨資,N,0,920011,彩券銷售
60249901,,見豐企業社,花蓮縣花蓮市主權里０２７鄰德安四街２－１號１樓,花蓮縣,花蓮市,主權里,花蓮市一般行政區,否,否,200000.0,2026,獨資,Y,1,433211,冷凍、通風、空調系統裝修工程
49858584,,玄崎誦經企業社,花蓮縣花蓮市主權里１鄰中華路４６１巷１－３號１樓,花蓮縣,花蓮市,主權里,花蓮市一般行政區,否,否,3000.0,2005,獨資,N,0,963015,殯葬禮儀服務
28768587,,岩泰實業有限公司,花蓮縣花蓮市主權里１鄰中華路４６９―６號１樓,花蓮縣,花蓮市,主權里,花蓮市一般行政區,否,否,5000000.0,2007,有限公司,Y,1,461999,未分類其他建材批發
10636972,,綺麗彩色快速沖印,花蓮縣花蓮市主權里１鄰中華路４６９―７號,花蓮縣,花蓮市,主權里,花蓮市一般行政區,否,否,50000.0,2008,獨資,N,0,760111,照相館
30204543,,傑出廣告社,花蓮縣花蓮市主權里１鄰德安一街３４號２樓,花蓮縣,花蓮市,主權里,花蓮市一般行政區,否,否,50000.0,2009,獨資,N,0,731011,廣告代理商
80124897,,聯優有限公司,花蓮縣花蓮市主權里１鄰德安六街１００號,花蓮縣,花蓮市,主權里,花蓮市一般行政區,否,否,1000000.0,2003,有限公司,Y,1,457112,西藥批發
78848880,,長明電器行,花蓮縣花蓮市主權里１０鄰中原路５８２號１樓,花蓮縣,花蓮市,主權里,花蓮市一般行政區,否,否,30000.0,1994,獨資,Y,1,474199,其他家用電器零售
34886801,,機帝行動通訊,花蓮縣花蓮市主權里１０鄰中華路３９５號１樓,花蓮縣,花蓮市,主權里,花蓮市一般行政區,否,否,200000.0,2010,獨資,Y,1,483212,手機及手機週邊零配件零售
78852716,,億泰當舖,花蓮縣花蓮市主權里１０鄰中華路４０１號,花蓮縣,花蓮市,主權里,花蓮市一般行政區,否,否,1500000.0,1995,獨資,N,0,649611,典當服務
80583647,,弘寶電通有限公司,花蓮縣花蓮市主權里１０鄰德安二街６號１樓,花蓮縣,花蓮市,主權里,花蓮市一般行政區,否,否,2680000.0,2003,有限公司,Y,1,410099,其他建築工程
31672306,,一街美美早餐坊,花蓮縣花蓮市主權里１１鄰德安一街６０號１樓,花蓮縣,花蓮市,主權里,花蓮市一般行政區,否,否,3000.0,2012,獨資,N,0,561111,早餐店
26126406,,德安素食坊,花蓮縣花蓮市主權里１１鄰德安一街８１號騎樓,花蓮縣,花蓮市,主權里,花蓮市一般行政區,否,否,3000.0,2009,獨資,N,0,561113,麵店、小吃店
34891608,,鼎家商行,花蓮縣花蓮市主權里１１鄰德安一街８５號１樓,花蓮縣,花蓮市,主權里,花蓮市一般行政區,否,否,20000.0,2011,獨資,N,0,472915,茶葉零售
37961872,,韓漢居小吃,花蓮縣花蓮市主權里１１鄰德安一街８５號１樓,花蓮縣,花蓮市,主權里,花蓮市一般行政區,否,否,10000.0,2013,獨資,N,0,561113,麵店、小吃店
12817014,,天翼營造有限公司,花蓮縣花蓮市主權里１１鄰德安四街１４號１樓,花蓮縣,花蓮市,主權里,花蓮市一般行政區,否,否,3600000.0,2001,有限公司,Y,1,410099,其他建築工程
31792409,,太和堂,花蓮縣花蓮市主權里１１鄰德安四街１６―２號,花蓮縣,花蓮市,主權里,花蓮市一般行政區,否,否,5000.0,2012,獨資,N,0,969015,推拿按摩服務
90141754,,上衡建築及工程技術顧問有限公司,花蓮縣花蓮市主權里１３鄰德安一街２１５巷１９號１樓,花蓮縣,花蓮市,主權里,花蓮市一般行政區,否,否,1000000.0,2022,有限公司,Y,1,711211,土木工程顧問
08658400,,攤販－林明宗,花蓮縣花蓮市主權里１３鄰德安一街２２３巷１號騎樓,花蓮縣,花蓮市,主權里,花蓮市一般行政區,否,否,3000.0,2005,獨資,N,0,561200,餐食攤販
27255666,23060248,全家便利商店股份有限公司花蓮德順分公司,花蓮縣花蓮市主權里１３鄰德安一街２２３號１樓,花蓮縣,花蓮市,主權里,花蓮市一般行政區,否,否,0.0,2005,本國公司設立之分公司,Y,1,471112,直營連鎖式便利商店
91157120,,協飛車業,花蓮縣花蓮市主權里１３鄰德安五街８號１樓,花蓮縣,花蓮市,主權里,花蓮市一般行政區,否,否,200000.0,2021,獨資,N,0,959100,機車維修
19532695,,田村小吃店,花蓮縣花蓮市主權里１４鄰德安一街２２５號,花蓮縣,花蓮市,主權里,花蓮市一般行政區,否,否,3000.0,1996,獨資,Y,1,561113,麵店、小吃店
53367195,,吉翔興建材有限公司,花蓮縣花蓮市主權里１５鄰德安一街１５４號１樓,花蓮縣,花蓮市,主權里,花蓮市一般行政區,否,否,5000000.0,2011,有限公司,Y,1,481014,居家修繕用品零售
16245425,,睿群企業有限公司,花蓮縣花蓮市主權里１５鄰德安一街１６６巷１９―１０號,花蓮縣,花蓮市,主權里,花蓮市一般行政區,否,否,1000000.0,1997,有限公司,Y,1,463999,未分類其他燃料批發
31655475,,橋頭米糕,花蓮縣花蓮市主權里１５鄰德安一街１９６﹒１９８號,花蓮縣,花蓮市,主權里,花蓮市一般行政區,否,否,50000.0,2012,獨資,N,0,561113,麵店、小吃店
30203609,,宸譽工程行,花蓮縣花蓮市主權里１５鄰德安六街３６號,花蓮縣,花蓮市,主權里,花蓮市一般行政區,否,否,200000.0,2009,獨資,Y,1,429099,未分類其他土木工程
30208479,,合宇土木包工業,花蓮縣花蓮市主權里１５鄰德安六街５２號１樓,花蓮縣,花蓮市,主權里,花蓮市一般行政區,否,否,1000000.0,2010,獨資,Y,1,429099,未分類其他土木工程
67937766,,中天工程行,花蓮縣花蓮市主權里１５鄰德安六街５２號１樓,花蓮縣,花蓮市,主權里,花蓮市一般行政區,否,否,3000000.0,1998,獨資,Y,1,439099,未分類其他專門營造
94644315,,裕興大理石股份有限公司,花蓮縣花蓮市主權里１７鄰德安五街４８號１樓,花蓮縣,花蓮市,主權里,花蓮市一般行政區,否,否,5580000.0,1974,股份有限公司,Y,1,234011,石材家具及其製品製造
42984903,,上緯科技有限公司,花蓮縣花蓮市主權里１８鄰德安四街２９巷１弄３號１樓,花蓮縣,花蓮市,主權里,花蓮市一般行政區,否,否,1000000.0,2018,有限公司,Y,1,620299,其他電腦諮詢及設備管理
26770637,,超美味早餐店,花蓮縣花蓮市主權里２鄰中華路４５３巷１號,花蓮縣,花蓮市,主權里,花蓮市一般行政區,否,否,3000.0,2011,獨資,N,0,561111,早餐店
94622804,,元隆商號,花蓮縣花蓮市主權里２鄰中華路４５３巷５號,花蓮縣,花蓮市,主權里,花蓮市一般行政區,否,否,3000.0,1977,獨資,N,0,472111,蔬菜零售
31482827,,力信冷氣行,花蓮縣花蓮市主權里２２鄰中華路３７３―５號１樓,花蓮縣,花蓮市,主權里,花蓮市一般行政區,否,否,498000.0,2007,獨資,Y,1,474199,其他家用電器零售
60247565,,寶夾企業社,花蓮縣花蓮市主權里２５鄰中原路５９３號１樓,花蓮縣,花蓮市,主權里,花蓮市一般行政區,否,否,50000.0,2025,獨資,N,0,932414,夾娃娃機店
95215847,,身心花園瑜伽,花蓮縣花蓮市主權里２５鄰中原路５９３號２樓,花蓮縣,花蓮市,主權里,花蓮市一般行政區,否,否,180000.0,2025,獨資,N,0,859311,瑜珈指導
76964715,,富軒汽車商行,花蓮縣花蓮市主權里２７鄰中原路５６６號,花蓮縣,花蓮市,主權里,花蓮市一般行政區,否,否,8000.0,1991,獨資,N,0,484311,汽車零件、汽車百貨零售
78852342,,家福快餐,花蓮縣花蓮市主權里２７鄰中原路６００號１樓,花蓮縣,花蓮市,主權里,花蓮市一般行政區,否,否,50000.0,1994,獨資,N,0,472929,餐盒零售
26793884,,金順商行,花蓮縣花蓮市主權里２７鄰德安一街８７號１樓,花蓮縣,花蓮市,主權里,花蓮市一般行政區,否,否,30000.0,2012,獨資,N,0,920011,彩券銷售
10698147,,雅婕美妍坊,花蓮縣花蓮市主權里２７鄰德安四街２號１樓,花蓮縣,花蓮市,主權里,花蓮市一般行政區,否,否,3000.0,2008,獨資,N,0,962299,其他美容美體服務
70694757,,維譽國際有限公司,花蓮縣花蓮市主權里４鄰中華路４８８―８號１樓,花蓮縣,花蓮市,主權里,花蓮市一般行政區,否,否,5000000.0,2000,有限公司,Y,1,781099,其他人力仲介
70610504,,易典營造有限公司,花蓮縣花蓮市主權里５鄰仁和街３０巷３２號１樓,花蓮縣,花蓮市,主權里,花蓮市一般行政區,否,否,3600000.0,2000,有限公司,Y,1,410013,住宅營建
95807504,,立合汽車材料行,花蓮縣花蓮市主權里６鄰中原路７００號,花蓮縣,花蓮市,主權里,花蓮市一般行政區,否,否,30000.0,1995,獨資,Y,1,484311,汽車零件、汽車百貨零售
70958342,,佳昇機械工程行,花蓮縣花蓮市主權里６鄰榮正街２７１巷４１號１樓,花蓮縣,花蓮市,主權里,花蓮市一般行政區,否,否,200000.0,1999,獨資,Y,1,439099,未分類其他專門營造
31795193,,魔法企業社,花蓮縣花蓮市主權里７鄰中華路４６０號１樓,花蓮縣,花蓮市,主權里,花蓮市一般行政區,否,否,230000.0,2013,獨資,Y,1,969022,婚禮顧問服務
91590552,,單剪專業快剪,花蓮縣花蓮市主權里７鄰中華路４７８號１樓,花蓮縣,花蓮市,主權里,花蓮市一般行政區,否,否,100000.0,2022,獨資,N,0,962111,美髮院及髮廊
13962182,,安安行,花蓮縣花蓮市主權里７鄰中華路５０２號１樓,花蓮縣,花蓮市,主權里,花蓮市一般行政區,否,否,50000.0,2001,獨資,N,0,485217,手工藝品零售
34888218,,紅蘋果服飾,花蓮縣花蓮市主權里８鄰中華路３８０號,花蓮縣,花蓮市,主權里,花蓮市一般行政區,否,否,50000.0,2010,獨資,N,0,121015,梭織服裝訂製
30205022,,鴻清商號,花蓮縣花蓮市主權里８鄰榮正街１８１號１樓,花蓮縣,花蓮市,主權里,花蓮市一般行政區,否,否,100000.0,2009,獨資,N,0,454923,檳榔（青）批發
26701371,,強強滾麵店,花蓮縣花蓮市主權里９鄰德安一街２６１號１樓,花蓮縣,花蓮市,主權里,花蓮市一般行政區,否,否,3000.0,2011,獨資,N,0,561113,麵店、小吃店
94790034,,花蓮林區管理處職工福利委員會,花蓮縣花蓮市主權里９鄰林政街１號,花蓮縣,花蓮市,主權里,花蓮市一般行政區,否,否,10000.0,1981,其他,N,0,681112,自有不動產租賃
95214805,,鑫今太行,花蓮縣花蓮市主睦里中正路３８２號１樓,花蓮縣,花蓮市,主睦里,花蓮市一般行政區,否,否,200000.0,2025,獨資,N,0,485212,宗教、喪葬用品零售
94655488,,金海藥房,花蓮縣花蓮市主睦里中正路３８４號,花蓮縣,花蓮市,主睦里,花蓮市一般行政區,否,否,8000.0,1977,獨資,N,0,475111,中藥零售
99426176,,鴨饌傅統古早味,花蓮縣花蓮市主睦里中正路３８６號１樓,花蓮縣,花蓮市,主睦里,花蓮市一般行政區,否,否,150000.0,2004,獨資,N,0,472113,醃漬蔬果零售
94638284,,邱協成農葯種苗行,花蓮縣花蓮市主睦里中正路３８７號及３８９號１樓,花蓮縣,花蓮市,主睦里,花蓮市一般行政區,否,否,5000.0,1977,獨資,N,0,011400,蔬菜栽培
27259380,23224657,台灣屈臣氏個人用品商店股份有限公司美琪分公司,花蓮縣花蓮市主睦里中正路３８８號１及２樓,花蓮縣,花蓮市,主睦里,花蓮市一般行政區,否,否,0.0,2005,本國公司設立之分公司,Y,1,471912,零售式量販店
91595521,,元得商行,花蓮縣花蓮市主睦里中正路３９１巷１１號,花蓮縣,花蓮市,主睦里,花蓮市一般行政區,否,否,200000.0,2022,獨資,N,0,475299,其他化粧品零售
41016245,,威聯藝品企業社,花蓮縣花蓮市主睦里中正路３９１巷６號１樓,花蓮縣,花蓮市,主睦里,花蓮市一般行政區,否,否,248000.0,2015,獨資,Y,1,469916,礦物（寶石除外）批發
94118707,,金山商號,花蓮縣花蓮市主睦里中正路３９１巷７號,花蓮縣,花蓮市,主睦里,花蓮市一般行政區,否,否,2000.0,1977,獨資,N,0,474999,未分類其他家用器具及用品零售
87345092,,鴻泰車業行,花蓮縣花蓮市主睦里中正路３９３號１樓,花蓮縣,花蓮市,主睦里,花蓮市一般行政區,否,否,50000.0,2020,獨資,N,0,959100,機車維修
94121007,,上吉企業社,花蓮縣花蓮市主睦里中正路３９５號１樓,花蓮縣,花蓮市,主睦里,花蓮市一般行政區,否,否,200000.0,1977,獨資,Y,1,454400,冷凍調理食品批發
53678629,24519551,悅寶企業股份有限公司花蓮分公司,花蓮縣花蓮市主睦里中正路３９６號,花蓮縣,花蓮市,主睦里,花蓮市一般行政區,否,否,0.0,2013,本國公司設立之分公司,Y,1,551012,旅館
29089480,,溫暖晶鑽國際有限公司,花蓮縣花蓮市主睦里中正路４０５號,花蓮縣,花蓮市,主睦里,花蓮市一般行政區,否,否,10000000.0,2008,有限公司,Y,1,551012,旅館
94651976,,攤販黃明男,花蓮縣花蓮市主睦里中華市場丁區１７號,花蓮縣,花蓮市,主睦里,花蓮市一般行政區,否,否,3000.0,1977,獨資,N,0,472112,水果零售
94652145,,攤販世美容,花蓮縣花蓮市主睦里中華市場丙區２０號,花蓮縣,花蓮市,主睦里,花蓮市一般行政區,否,否,3000.0,1977,獨資,N,0,472113,醃漬蔬果零售
94669650,,長發商號,花蓮縣花蓮市主睦里中華市場攤位丙區１６號,花蓮縣,花蓮市,主睦里,花蓮市一般行政區,否,否,3000.0,1977,獨資,N,0,472111,蔬菜零售
94738740,,永生水果號,花蓮縣花蓮市主睦里中華市場攤位乙區１０號,花蓮縣,花蓮市,主睦里,花蓮市一般行政區,否,否,3000.0,1977,獨資,N,0,472112,水果零售
10626756,,玉梅素食,花蓮縣花蓮市主睦里中華市場第１３３號,花蓮縣,花蓮市,主睦里,花蓮市一般行政區,否,否,3000.0,2008,獨資,N,0,561200,餐食攤販
94179008,,順美商號,花蓮縣花蓮市主睦里中華市場豬肉１０號攤位,花蓮縣,花蓮市,主睦里,花蓮市一般行政區,否,否,5000.0,1977,獨資,N,0,472211,畜肉零售
94625838,,美玉珍商號,花蓮縣花蓮市主睦里中華市場１號,花蓮縣,花蓮市,主睦里,花蓮市一般行政區,否,否,3000.0,1977,獨資,N,0,474999,未分類其他家用器具及用品零售
94290100,,順興號,花蓮縣花蓮市主睦里中華市場１０號攤位,花蓮縣,花蓮市,主睦里,花蓮市一般行政區,否,否,5000.0,1977,獨資,N,0,472211,畜肉零售
34888060,,正興商號,花蓮縣花蓮市主睦里中華市場１２號攤位,花蓮縣,花蓮市,主睦里,花蓮市一般行政區,否,否,3000.0,2010,獨資,N,0,472212,禽肉零售
94745046,,日興號,花蓮縣花蓮市主睦里中華市場１９號攤位,花蓮縣,花蓮市,主睦里,花蓮市一般行政區,否,否,3000.0,1978,獨資,N,0,472111,蔬菜零售
94758077,,昌發號,花蓮縣花蓮市主睦里中華市場３號攤位,花蓮縣,花蓮市,主睦里,花蓮市一般行政區,否,否,3000.0,1985,獨資,N,0,472111,蔬菜零售
94177901,,明興號,花蓮縣花蓮市主睦里中華市場６號攤位,花蓮縣,花蓮市,主睦里,花蓮市一般行政區,否,否,2000.0,1977,獨資,N,0,454214,農產品（家畜及家禽肉品）批發市場承銷
08128395,,昱光行,花蓮縣花蓮市主睦里中華路１９７號,花蓮縣,花蓮市,主睦里,花蓮市一般行政區,否,否,6000.0,1986,獨資,Y,1,481014,居家修繕用品零售
92097277,,家欣行,花蓮縣花蓮市主睦里中華路２１５號１樓,花蓮縣,花蓮市,主睦里,花蓮市一般行政區,否,否,3000.0,1995,獨資,Y,1,474999,未分類其他家用器具及用品零售
18060182,,立安行（８３４１１６８）,花蓮縣花蓮市主睦里中華路２１７號１樓,花蓮縣,花蓮市,主睦里,花蓮市一般行政區,否,否,3000.0,2001,獨資,N,0,474999,未分類其他家用器具及用品零售
08132052,,林東成商行,花蓮縣花蓮市主睦里中華路２１９號,花蓮縣,花蓮市,主睦里,花蓮市一般行政區,否,否,24000.0,1986,獨資,N,0,474999,未分類其他家用器具及用品零售
41460914,,米米美睫時尚館,花蓮縣花蓮市主睦里中華路２２１號,花蓮縣,花蓮市,主睦里,花蓮市一般行政區,否,否,100000.0,2015,獨資,N,0,962299,其他美容美體服務
94323209,,瑞發號,花蓮縣花蓮市主睦里中華零售市場肉類第七號,花蓮縣,花蓮市,主睦里,花蓮市一般行政區,否,否,3000.0,1977,獨資,N,0,472211,畜肉零售
94829468,,政傑菓菜行,花蓮縣花蓮市主睦里中華零售市場蔬菜類第乙六號攤位,花蓮縣,花蓮市,主睦里,花蓮市一般行政區,否,否,3000.0,1983,獨資,N,0,472111,蔬菜零售
67933939,,國芳商號,花蓮縣花蓮市主睦里中華零售市場豬肉類甲１５號,花蓮縣,花蓮市,主睦里,花蓮市一般行政區,否,否,5000.0,1998,獨資,N,0,472111,蔬菜零售
99818406,,玉倉商號,花蓮縣花蓮市主睦里中華零售市場豬肉類第２０號,花蓮縣,花蓮市,主睦里,花蓮市一般行政區,否,否,5000.0,2004,獨資,N,0,472211,畜肉零售
31447391,,王記肉品舖,花蓮縣花蓮市主睦里中華零售市場雞鴨類第０５４號攤位,花蓮縣,花蓮市,主睦里,花蓮市一般行政區,否,否,3000.0,2007,獨資,N,0,472919,肉鬆、肉乾、火腿、臘味零售
61465053,,蜜拾,花蓮縣花蓮市主睦里仁愛街２５―１號１樓,花蓮縣,花蓮市,主睦里,花蓮市一般行政區,否,否,100000.0,2026,獨資,N,0,561113,麵店、小吃店
82177321,,雄鶴企業社,花蓮縣花蓮市主睦里仁愛街２５―３號１樓,花蓮縣,花蓮市,主睦里,花蓮市一般行政區,否,否,80000.0,2018,獨資,N,0,961099,其他洗衣服務
50740439,,小宇宙音樂生活館,花蓮縣花蓮市主睦里仁愛街２５―４號１樓,花蓮縣,花蓮市,主睦里,花蓮市一般行政區,否,否,200000.0,2017,獨資,Y,1,458314,樂器批發
30206394,,慈悲養生館,花蓮縣花蓮市主睦里仁愛街３１號,花蓮縣,花蓮市,主睦里,花蓮市一般行政區,否,否,150000.0,2010,獨資,N,0,485218,雕塑品零售
91154236,,小木屋咖啡,花蓮縣花蓮市主睦里仁愛街３５號,花蓮縣,花蓮市,主睦里,花蓮市一般行政區,否,否,200000.0,2021,獨資,N,0,563199,其他飲料店
67946955,,瑞裕五金行,花蓮縣花蓮市主睦里信義街３３及３５號,花蓮縣,花蓮市,主睦里,花蓮市一般行政區,否,否,200000.0,1999,合夥,Y,1,474999,未分類其他家用器具及用品零售
42009307,,城市物語,花蓮縣花蓮市主睦里信義街３６－６號,花蓮縣,花蓮市,主睦里,花蓮市一般行政區,否,否,10000.0,2015,獨資,N,0,551013,民宿
70968025,,榮豐餐廳,花蓮縣花蓮市主睦里信義街４５號１樓,花蓮縣,花蓮市,主睦里,花蓮市一般行政區,否,否,200000.0,2000,獨資,Y,1,561115,餐廳
94766610,,振響企業有限公司,花蓮縣花蓮市主睦里信義街４７號,花蓮縣,花蓮市,主睦里,花蓮市一般行政區,否,否,6000000.0,1979,有限公司,Y,1,454700,非酒精飲料批發
41465777,,美琪烤玉米,花蓮縣花蓮市主睦里信義街７１號,花蓮縣,花蓮市,主睦里,花蓮市一般行政區,否,否,40000.0,2016,獨資,N,0,472911,調理包食品零售
10080501,,新登味食品行,花蓮縣花蓮市主睦里信義街７７巷１９號１樓,花蓮縣,花蓮市,主睦里,花蓮市一般行政區,否,否,200000.0,2007,獨資,Y,1,472919,肉鬆、肉乾、火腿、臘味零售
82182350,,成心商行,花蓮縣花蓮市主睦里信義街７７巷１９號２樓,花蓮縣,花蓮市,主睦里,花蓮市一般行政區,否,否,188000.0,2019,獨資,Y,1,472919,肉鬆、肉乾、火腿、臘味零售
09982910,,攤販－林鳳英,花蓮縣花蓮市主睦里信義街７７巷８號前面,花蓮縣,花蓮市,主睦里,花蓮市一般行政區,否,否,3000.0,2006,獨資,N,0,486111,食品零售攤販
49780019,,悉緹森特民宿,花蓮縣花蓮市主睦里信義街８３號,花蓮縣,花蓮市,主睦里,花蓮市一般行政區,否,否,100000.0,2016,獨資,N,0,551013,民宿
94742786,,南昌號,花蓮縣花蓮市主睦里公有中華市場第４號攤位,花蓮縣,花蓮市,主睦里,花蓮市一般行政區,否,否,3000.0,1978,獨資,N,0,474211,國產家用家具零售
26794286,,新珍香商號,花蓮縣花蓮市主睦里公有零售中華市場禽肉類第２號攤位,花蓮縣,花蓮市,主睦里,花蓮市一般行政區,否,否,5000.0,2012,獨資,N,0,472919,肉鬆、肉乾、火腿、臘味零售
78852820,,裕興魚行,花蓮縣花蓮市主睦里公有零售中華市場第２５號攤位,花蓮縣,花蓮市,主睦里,花蓮市一般行政區,否,否,50000.0,1994,獨資,N,0,472311,水產品零售
87346368,,灃沛甲田商行,花蓮縣花蓮市主睦里公有零售中華市場第４８號攤位,花蓮縣,花蓮市,主睦里,花蓮市一般行政區,否,否,3000.0,2020,獨資,N,0,471999,未分類其他綜合商品零售
31792344,,古家中華美商號,花蓮縣花蓮市主睦里公有零售中華市場第４９號攤位,花蓮縣,花蓮市,主睦里,花蓮市一般行政區,否,否,10000.0,2012,獨資,N,0,472212,禽肉零售
95210300,,麥心商行,花蓮縣花蓮市主睦里公有零售中華市場第８９號攤位,花蓮縣,花蓮市,主睦里,花蓮市一般行政區,否,否,1000.0,2025,獨資,N,0,472921,糖果餅乾零售
60251309,,吳銘記魚行,花蓮縣花蓮市主睦里公有零售中華市場６７號攤位,花蓮縣,花蓮市,主睦里,花蓮市一般行政區,否,否,30000.0,2026,獨資,N,0,472311,水產品零售
13960419,,宇婕物流,花蓮縣花蓮市主睦里南京街１１５號１樓,花蓮縣,花蓮市,主睦里,花蓮市一般行政區,否,否,200000.0,2001,獨資,Y,1,433900,其他建築設備安裝
91155452,,康婕電器行,花蓮縣花蓮市主睦里南京街１１５號１樓,花蓮縣,花蓮市,主睦里,花蓮市一般行政區,否,否,200000.0,2021,獨資,Y,1,474111,家用照明設備零售
60624075,,成泰豫貿易有限公司,花蓮縣花蓮市主睦里南京街１４７號４樓之６,花蓮縣,花蓮市,主睦里,花蓮市一般行政區,否,否,1000000.0,2025,有限公司,Y,1,461511,金屬門窗批發
82179616,,泰元企業社,花蓮縣花蓮市主睦里南京街１４７號４樓之６,花蓮縣,花蓮市,主睦里,花蓮市一般行政區,否,否,1000000.0,2019,獨資,Y,1,434011,室內裝潢工程
87351214,,小玉的甜品,花蓮縣花蓮市主睦里南京街１６６號,花蓮縣,花蓮市,主睦里,花蓮市一般行政區,否,否,100000.0,2021,獨資,N,0,563199,其他飲料店
94645497,,怡味餐室,花蓮縣花蓮市主睦里南京街１８２號,花蓮縣,花蓮市,主睦里,花蓮市一般行政區,否,否,3000.0,1977,獨資,N,0,561113,麵店、小吃店
93055747,,固信土木包工業,花蓮縣花蓮市主睦里南京街１８６號,花蓮縣,花蓮市,主睦里,花蓮市一般行政區,否,否,1000000.0,2024,獨資,Y,1,429099,未分類其他土木工程
53979322,,誠璽建設有限公司,花蓮縣花蓮市主睦里南京街１８６號１樓,花蓮縣,花蓮市,主睦里,花蓮市一般行政區,否,否,3000000.0,2012,有限公司,Y,1,670012,不動產投資開發
54804981,,際嘉企業有限公司,花蓮縣花蓮市主睦里南京街１８６號１樓,花蓮縣,花蓮市,主睦里,花蓮市一般行政區,否,否,3000000.0,2014,有限公司,Y,1,670012,不動產投資開發
94728291,,仁愛別館,花蓮縣花蓮市主睦里南京街１９２號,花蓮縣,花蓮市,主睦里,花蓮市一般行政區,否,否,9000.0,1977,獨資,Y,1,551012,旅館
61492143,,福星商行,花蓮縣花蓮市主睦里和平路３０２號,花蓮縣,花蓮市,主睦里,花蓮市一般行政區,否,否,80000.0,2026,獨資,N,0,561113,麵店、小吃店
93056302,,利多燒烤開發事業,花蓮縣花蓮市主睦里和平路３０２－１號１樓,花蓮縣,花蓮市,主睦里,花蓮市一般行政區,否,否,230000.0,2024,獨資,Y,1,561113,麵店、小吃店
49780658,,愛玩客小吃店,花蓮縣花蓮市主睦里和平路３０２－１號２樓,花蓮縣,花蓮市,主睦里,花蓮市一般行政區,否,否,88000.0,2016,獨資,N,0,561115,餐廳
72645070,,媽媽珠手藝行,花蓮縣花蓮市主睦里和平路３１２號,花蓮縣,花蓮市,主睦里,花蓮市一般行政區,否,否,3000.0,2017,獨資,N,0,487199,其他電子購物及郵購
33983729,,義慶營造股份有限公司,花蓮縣花蓮市主睦里和平路３２６號,花蓮縣,花蓮市,主睦里,花蓮市一般行政區,否,否,52000000.0,1976,股份有限公司,Y,1,429099,未分類其他土木工程
78045600,,大立電子企業社,花蓮縣花蓮市主睦里和平路３３０－１號,花蓮縣,花蓮市,主睦里,花蓮市一般行政區,否,否,5000.0,1992,獨資,N,0,483111,電腦及電腦週邊設備零售
72883255,,Ｍ．ｈｏｕｓｅ旅宿民宿,花蓮縣花蓮市主睦里和平路３３２―１號,花蓮縣,花蓮市,主睦里,花蓮市一般行政區,否,否,2000000.0,2018,獨資,N,0,551013,民宿
82184245,,貝洗樂自助洗衣坊,花蓮縣花蓮市主睦里和平路３６２號１樓,花蓮縣,花蓮市,主睦里,花蓮市一般行政區,否,否,200000.0,2019,獨資,N,0,961012,自助洗衣店
50741325,,亨泰商行,花蓮縣花蓮市主睦里和平路３６２號９樓之５,花蓮縣,花蓮市,主睦里,花蓮市一般行政區,否,否,200000.0,2017,獨資,Y,1,471114,加盟連鎖式便利商店（無商品進、銷貨行為）
92640159,,挖金礦樂透彩券,花蓮縣花蓮市主睦里和平路３７８號１樓,花蓮縣,花蓮市,主睦里,花蓮市一般行政區,否,否,200000.0,2023,獨資,N,0,920011,彩券銷售
95209107,,運動家運動彩券投注站,花蓮縣花蓮市主睦里和平路３７８號１樓,花蓮縣,花蓮市,主睦里,花蓮市一般行政區,否,否,100000.0,2025,獨資,N,0,920011,彩券銷售
91156451,,順發堂中藥行,花蓮縣花蓮市主睦里和平路３８０號１樓,花蓮縣,花蓮市,主睦里,花蓮市一般行政區,否,否,3000.0,2021,獨資,N,0,475111,中藥零售
96851794,,大益種苗有限公司,花蓮縣花蓮市主睦里和平路３８４號,花蓮縣,花蓮市,主睦里,花蓮市一般行政區,否,否,5000000.0,1996,有限公司,Y,1,453113,種子批發
94845925,,旺旺百貨,花蓮縣花蓮市主睦里和平路３９８號,花蓮縣,花蓮市,主睦里,花蓮市一般行政區,否,否,5000.0,1985,獨資,N,0,473999,未分類其他服飾品零售
91158459,,今川製麵,花蓮縣花蓮市主睦里和平路４０４號,花蓮縣,花蓮市,主睦里,花蓮市一般行政區,否,否,50000.0,2021,獨資,N,0,472928,麵食品零售
70965012,,全民水菓行,花蓮縣花蓮市主睦里和平路４１２號,花蓮縣,花蓮市,主睦里,花蓮市一般行政區,否,否,100000.0,1999,獨資,N,0,472112,水果零售
37993494,,幸福衣櫥店,花蓮縣花蓮市主睦里和平路４１４號,花蓮縣,花蓮市,主睦里,花蓮市一般行政區,否,否,200000.0,2013,獨資,N,0,473211,服裝零售
10624758,,九洲飯糰,花蓮縣花蓮市主睦里和平路４１６號,花蓮縣,花蓮市,主睦里,花蓮市一般行政區,否,否,3000.0,2008,獨資,N,0,561200,餐食攤販
97278092,,雙胞胎有限公司,花蓮縣花蓮市主睦里和平路４２６號１樓,花蓮縣,花蓮市,主睦里,花蓮市一般行政區,否,否,2000000.0,1996,有限公司,Y,1,456999,未分類其他家用器具及用品批發
82178601,,實季熱壓吐司,花蓮縣花蓮市主睦里成功街１４５號１樓,花蓮縣,花蓮市,主睦里,花蓮市一般行政區,否,否,240000.0,2018,獨資,N,0,561115,餐廳
16723565,,久懿實業有限公司,花蓮縣花蓮市主睦里成功街１５９號,花蓮縣,花蓮市,主睦里,花蓮市一般行政區,否,否,2500000.0,1999,有限公司,Y,1,234011,石材家具及其製品製造
92536607,,律捷電訊企業社,花蓮縣花蓮市主睦里成功街１６３號１樓,花蓮縣,花蓮市,主睦里,花蓮市一般行政區,否,否,248000.0,2023,獨資,Y,1,433199,其他機電、電信及電路設備安裝
91154904,,肉慾企業社,花蓮縣花蓮市主睦里成功街１６５號１樓,花蓮縣,花蓮市,主睦里,花蓮市一般行政區,否,否,100000.0,2021,獨資,N,0,561200,餐食攤販
82182083,,好居室內裝修設計,花蓮縣花蓮市主睦里００４鄰信義街２９號,花蓮縣,花蓮市,主睦里,花蓮市一般行政區,否,否,100000.0,2019,獨資,Y,1,434015,室內裝修工程
37999949,,慶昌機車行,花蓮縣花蓮市主睦里００５鄰南京街１５２號１樓,花蓮縣,花蓮市,主睦里,花蓮市一般行政區,否,否,200000.0,2014,獨資,Y,1,484314,機車零件、機車百貨零售
30204614,,永豐企業社,花蓮縣花蓮市主睦里００５鄰和平路３１６號１樓,花蓮縣,花蓮市,主睦里,花蓮市一般行政區,否,否,200000.0,2009,獨資,Y,1,421000,道路工程
93057914,,永豐商行,花蓮縣花蓮市主睦里００５鄰和平路３１６號１樓,花蓮縣,花蓮市,主睦里,花蓮市一般行政區,否,否,200000.0,2024,獨資,N,0,471999,未分類其他綜合商品零售
53301146,,丁安標誌工程有限公司,花蓮縣花蓮市主睦里００５鄰和平路３１６號２樓,花蓮縣,花蓮市,主睦里,花蓮市一般行政區,否,否,1000000.0,2011,有限公司,Y,1,421000,道路工程
87351592,,若水養生館,花蓮縣花蓮市主睦里００６鄰和平路３３２號１樓,花蓮縣,花蓮市,主睦里,花蓮市一般行政區,否,否,50000.0,2021,獨資,N,0,969015,推拿按摩服務
41461300,,彩虹驛站義大利麵館,花蓮縣花蓮市主睦里００７鄰信義街３６―５號１樓,花蓮縣,花蓮市,主睦里,花蓮市一般行政區,否,否,200000.0,2015,獨資,N,0,561115,餐廳
42763492,,鋰世界科技有限公司,花蓮縣花蓮市主睦里００８鄰信義街３２－３號１樓,花蓮縣,花蓮市,主睦里,花蓮市一般行政區,否,否,1000000.0,2016,有限公司,Y,1,487199,其他電子購物及郵購
89133411,,鋰科技綠能有限公司,花蓮縣花蓮市主睦里００８鄰信義街３２－３號１樓,花蓮縣,花蓮市,主睦里,花蓮市一般行政區,否,否,2500000.0,2023,有限公司,Y,1,282011,一次電池製造
95209541,,熬點關東煮,花蓮縣花蓮市主睦里００９鄰仁愛街３５號,花蓮縣,花蓮市,主睦里,花蓮市一般行政區,否,否,200000.0,2025,獨資,N,0,561113,麵店、小吃店
92634889,,金虎企業社,花蓮縣花蓮市主睦里０１３鄰和平路３５０號,花蓮縣,花蓮市,主睦里,花蓮市一般行政區,否,否,200000.0,2023,獨資,N,0,472936,檳榔零售
92772329,,玫英美髮,花蓮縣花蓮市主睦里０１３鄰和平路３５２號,花蓮縣,花蓮市,主睦里,花蓮市一般行政區,否,否,50000.0,2023,獨資,N,0,962299,其他美容美體服務
60248902,,亞馨棋苑工作室,花蓮縣花蓮市主睦里０１３鄰和平路３５６號１樓,花蓮縣,花蓮市,主睦里,花蓮市一般行政區,否,否,100000.0,2025,獨資,N,0,859399,其他運動及休閒教育
60251737,,叁盈企業社,花蓮縣花蓮市主睦里０１３鄰和平路３５６號１樓,花蓮縣,花蓮市,主睦里,花蓮市一般行政區,否,否,200000.0,2026,獨資,Y,1,487199,其他電子購物及郵購
54959942,,一起煮有限公司,花蓮縣花蓮市主睦里０１３鄰和平路３６２―１號１樓,花蓮縣,花蓮市,主睦里,花蓮市一般行政區,否,否,200000.0,2018,有限公司,Y,1,561113,麵店、小吃店
72850753,,順鑫企業社,花蓮縣花蓮市主睦里０１３鄰和平路３６２號１２樓之３,花蓮縣,花蓮市,主睦里,花蓮市一般行政區,否,否,3000000.0,2018,獨資,Y,1,431017,紮鋼筋工程
91598528,,朝順鑫工程行,花蓮縣花蓮市主睦里０１３鄰和平路３６２號１２樓之３,花蓮縣,花蓮市,主睦里,花蓮市一般行政區,否,否,3000000.0,2023,獨資,Y,1,439012,模板工程
85208451,,亨御商行,花蓮縣花蓮市主睦里０１３鄰和平路３６２號９樓之５,花蓮縣,花蓮市,主睦里,花蓮市一般行政區,否,否,200000.0,2019,獨資,Y,1,471114,加盟連鎖式便利商店（無商品進、銷貨行為）
95207207,53982895,威綺服飾有限公司花蓮門市部,花蓮縣花蓮市主睦里０１４鄰中正路３７２號,花蓮縣,花蓮市,主睦里,花蓮市一般行政區,否,否,0.0,2024,其他,Y,1,473999,未分類其他服飾品零售
87351328,,夾吼勝娃娃屋,花蓮縣花蓮市主睦里０１４鄰和平路３７０、３７２號１樓,花蓮縣,花蓮市,主睦里,花蓮市一般行政區,否,否,100000.0,2021,獨資,N,0,932414,夾娃娃機店
50741681,,昊生桌遊社,花蓮縣花蓮市主睦里０１５鄰中正路４０３號１樓,花蓮縣,花蓮市,主睦里,花蓮市一般行政區,否,否,100000.0,2017,獨資,N,0,932999,未分類其他娛樂及休閒服務
25874304,,香港髮舍,花蓮縣花蓮市主睦里０１５鄰中正路４０９號１樓,花蓮縣,花蓮市,主睦里,花蓮市一般行政區,否,否,200000.0,2010,獨資,N,0,962111,美髮院及髮廊
60215677,,劉淑華,花蓮縣花蓮市主睦里０１７鄰信義街７７巷１６號,花蓮縣,花蓮市,主睦里,花蓮市一般行政區,否,否,3000.0,2025,獨資,N,0,486111,食品零售攤販
30207794,,阿芳服飾,花蓮縣花蓮市主睦里１３鄰和平路３６０號１樓,花蓮縣,花蓮市,主睦里,花蓮市一般行政區,否,否,100000.0,2010,獨資,N,0,473299,其他服裝及其配件零售
31797642,,林香蘭工作室,花蓮縣花蓮市主睦里１３鄰和平路３６２號４樓之３,花蓮縣,花蓮市,主睦里,花蓮市一般行政區,否,否,3000.0,2013,獨資,N,0,485217,手工藝品零售
16098900,22555003,統一超商股份有限公司花蓮縣第一分公司,花蓮縣花蓮市主睦里１８鄰中正路３８３﹒３８５號１樓和平路３７６號１樓,花蓮縣,花蓮市,主睦里,花蓮市一般行政區,否,否,0.0,1997,本國公司設立之分公司,Y,1,471112,直營連鎖式便利商店
26103874,,一品製麵店,花蓮縣花蓮市主睦里１８鄰和平路４１０號,花蓮縣,花蓮市,主睦里,花蓮市一般行政區,否,否,50000.0,2009,獨資,N,0,089211,一般麵條、粉條製造
89320603,,崑業祥和實業有限公司,花蓮縣花蓮市主睦里１９鄰和平路４２６號２樓,花蓮縣,花蓮市,主睦里,花蓮市一般行政區,否,否,5000000.0,1995,有限公司,Y,1,473916,雨衣、雨鞋零售
70588067,,京隼國際股份有限公司,花蓮縣花蓮市主睦里３鄰信義街１７－１號１樓,花蓮縣,花蓮市,主睦里,花蓮市一般行政區,否,否,10000000.0,2000,股份有限公司,Y,1,483111,電腦及電腦週邊設備零售
21543846,23218091,北基國際股份有限公司北基和平路加油站,花蓮縣花蓮市主睦里３鄰和平路２９４號,花蓮縣,花蓮市,主睦里,花蓮市一般行政區,否,否,0.0,2005,其他,Y,1,482111,汽油零售
22689988,,昌記企業有限公司,花蓮縣花蓮市主睦里３鄰和平路２９４號,花蓮縣,花蓮市,主睦里,花蓮市一般行政區,否,否,2000000.0,1987,有限公司,Y,1,771200,農業及其他工業用機械設備租賃
29471535,,握手呂梹榔,花蓮縣花蓮市主睦里５鄰和平街３２０號１樓,花蓮縣,花蓮市,主睦里,花蓮市一般行政區,否,否,3000.0,2005,獨資,N,0,472913,菸酒零售
12600704,,聯侑事業有限公司,花蓮縣花蓮市主睦里６鄰和平路３３６號１樓之１,花蓮縣,花蓮市,主睦里,花蓮市一般行政區,否,否,28210000.0,2000,有限公司,Y,1,681111,自有不動產買賣
70609892,,聯統日報有限公司,花蓮縣花蓮市主睦里６鄰和平路３３６號１樓之１,花蓮縣,花蓮市,主睦里,花蓮市一般行政區,否,否,2000000.0,2000,有限公司,Y,1,581111,實體新聞出版
19536550,,奇萊大飯店,花蓮縣花蓮市主睦里６鄰和平路３３６號１樓之１及８樓９樓,花蓮縣,花蓮市,主睦里,花蓮市一般行政區,否,否,8300000.0,1996,獨資,Y,1,551012,旅館
26103902,,太祖魷魚焿,花蓮縣花蓮市主睦里６鄰和平路３９４，３９６號,花蓮縣,花蓮市,主睦里,花蓮市一般行政區,否,否,50000.0,2009,獨資,N,0,561200,餐食攤販
15788723,,奈米科技髮品企業社,花蓮縣花蓮市主睦里７鄰信義街３６－４號１樓,花蓮縣,花蓮市,主睦里,花蓮市一般行政區,否,否,10000.0,2003,獨資,N,0,475213,整髮劑、染髮劑零售
10596319,,勇鉅輪胎商行,花蓮縣花蓮市主睦里８鄰信義街３０－１號１樓,花蓮縣,花蓮市,主睦里,花蓮市一般行政區,否,否,200000.0,2008,獨資,Y,1,484315,汽車輪胎零售
72848032,,若福蔬食餐廳,花蓮縣花蓮市主義里仁愛街２８號２樓,花蓮縣,花蓮市,主義里,花蓮市一般行政區,否,否,200000.0,2018,獨資,Y,1,561115,餐廳
87349962,,腸腸看廣式腸粉,花蓮縣花蓮市主義里仁愛街３０號１樓,花蓮縣,花蓮市,主義里,花蓮市一般行政區,否,否,5000.0,2020,獨資,N,0,561115,餐廳
10533292,,公正包子店,花蓮縣花蓮市主義里仁愛街４２號１樓,花蓮縣,花蓮市,主義里,花蓮市一般行政區,否,否,3000.0,2008,獨資,N,0,561113,麵店、小吃店
09946648,,昇隆佛具店,花蓮縣花蓮市主義里仁愛街５２―１號,花蓮縣,花蓮市,主義里,花蓮市一般行政區,否,否,25000.0,2006,獨資,N,0,339914,祭祀用香製造
22396553,,望能企業有限公司,花蓮縣花蓮市主義里南京街２１２號,花蓮縣,花蓮市,主義里,花蓮市一般行政區,否,否,1000000.0,1987,有限公司,Y,1,474999,未分類其他家用器具及用品零售
94669666,,玉成號,花蓮縣花蓮市主義里南京街２３０號,花蓮縣,花蓮市,主義里,花蓮市一般行政區,否,否,3000.0,1977,獨資,N,0,472211,畜肉零售
62057077,22555003,統一超商股份有限公司花蓮縣第一一九分公司,花蓮縣花蓮市主義里南京街２３２號,花蓮縣,花蓮市,主義里,花蓮市一般行政區,否,否,0.0,2026,本國公司設立之分公司,Y,1,471112,直營連鎖式便利商店
95807624,,永欣電器行,花蓮縣花蓮市主義里南京街２４０號１樓,花蓮縣,花蓮市,主義里,花蓮市一般行政區,否,否,200000.0,1995,獨資,Y,1,474199,其他家用電器零售
94623297,,東寶針車行,花蓮縣花蓮市主義里南京街２４６號,花蓮縣,花蓮市,主義里,花蓮市一般行政區,否,否,5000.0,1977,獨資,N,0,464999,未分類其他機械器具批發
10576545,,蓮香苡小吃店,花蓮縣花蓮市主義里南京街２７０號１樓,花蓮縣,花蓮市,主義里,花蓮市一般行政區,否,否,50000.0,2008,獨資,N,0,561113,麵店、小吃店
93057225,,金名麵館,花蓮縣花蓮市主義里南京街２７２號１樓,花蓮縣,花蓮市,主義里,花蓮市一般行政區,否,否,200000.0,2024,獨資,N,0,561113,麵店、小吃店
91598111,,香榭足體養生館,花蓮縣花蓮市主義里南京街２７６號１樓,花蓮縣,花蓮市,主義里,花蓮市一般行政區,否,否,100000.0,2022,獨資,N,0,969015,推拿按摩服務
78852700,,世興洗衣店,花蓮縣花蓮市主義里忠孝街４２之２號１樓,花蓮縣,花蓮市,主義里,花蓮市一般行政區,否,否,3000.0,1994,獨資,N,0,961099,其他洗衣服務
60252095,,程鴻企業社,花蓮縣花蓮市主義里忠孝街４５號１樓,花蓮縣,花蓮市,主義里,花蓮市一般行政區,否,否,200000.0,2026,獨資,Y,1,439099,未分類其他專門營造
95214811,,森田企業社,花蓮縣花蓮市主義里忠孝街５０號１樓,花蓮縣,花蓮市,主義里,花蓮市一般行政區,否,否,150000.0,2025,獨資,N,0,561115,餐廳
95205496,27797212,威明谷國際有限公司成功停車場,花蓮縣花蓮市主義里忠孝街５９號旁邊,花蓮縣,花蓮市,主義里,花蓮市一般行政區,否,否,0.0,2024,其他,Y,1,524100,停車場管理
62104206,,艾特健康科技有限公司,花蓮縣花蓮市主義里成功街１８３號１樓,花蓮縣,花蓮市,主義里,花蓮市一般行政區,否,否,1000000.0,2026,有限公司,Y,1,429099,未分類其他土木工程
49729674,,奧莉樹咖啡服飾店,花蓮縣花蓮市主義里成功街１８５號１樓,花蓮縣,花蓮市,主義里,花蓮市一般行政區,否,否,100000.0,2016,獨資,N,0,473211,服裝零售
60250131,,衍序製作所,花蓮縣花蓮市主義里成功街１８５號１樓,花蓮縣,花蓮市,主義里,花蓮市一般行政區,否,否,200000.0,2026,獨資,Y,1,760199,其他攝影
87349626,,痣男餐飲,花蓮縣花蓮市主義里成功街１８５號１樓,花蓮縣,花蓮市,主義里,花蓮市一般行政區,否,否,10000.0,2020,獨資,N,0,561115,餐廳
91152862,,巛蕨映像工作室,花蓮縣花蓮市主義里成功街１８５號３樓,花蓮縣,花蓮市,主義里,花蓮市一般行政區,否,否,200000.0,2021,獨資,Y,1,760199,其他攝影
95034780,,狠划算百貨商行,花蓮縣花蓮市主義里成功街２０５號,花蓮縣,花蓮市,主義里,花蓮市一般行政區,否,否,200000.0,2024,獨資,N,0,487199,其他電子購物及郵購
34941059,,海豚義式咖啡館,花蓮縣花蓮市主義里成功街２３２號,花蓮縣,花蓮市,主義里,花蓮市一般行政區,否,否,10000.0,2010,獨資,N,0,563112,咖啡館
87350849,,合軒企業,花蓮縣花蓮市主義里成功街２５６號３樓之１,花蓮縣,花蓮市,主義里,花蓮市一般行政區,否,否,240000.0,2020,獨資,Y,1,711299,其他工程服務及相關技術顧問
41014160,,禾雅行,花蓮縣花蓮市主義里成功街２８０號１樓,花蓮縣,花蓮市,主義里,花蓮市一般行政區,否,否,10000.0,2015,獨資,N,0,472111,蔬菜零售
55938733,,品格設計有限公司,花蓮縣花蓮市主義里成功街２８０號１樓,花蓮縣,花蓮市,主義里,花蓮市一般行政區,否,否,1500000.0,2016,有限公司,Y,1,740916,多媒體設計
82184651,,法爾門兄弟原創館,花蓮縣花蓮市主義里成功街２８０號２樓,花蓮縣,花蓮市,主義里,花蓮市一般行政區,否,否,200000.0,2019,獨資,N,0,563199,其他飲料店
76954673,,男友西服,花蓮縣花蓮市主義里明義街４７號,花蓮縣,花蓮市,主義里,花蓮市一般行政區,否,否,10000.0,1990,獨資,N,0,121015,梭織服裝訂製
49767389,,小小兔子廚房,花蓮縣花蓮市主義里明義街５１號,花蓮縣,花蓮市,主義里,花蓮市一般行政區,否,否,50000.0,2016,獨資,N,0,561111,早餐店
41124878,,吉林西服,花蓮縣花蓮市主義里明義街５７號１樓,花蓮縣,花蓮市,主義里,花蓮市一般行政區,否,否,8000.0,2014,獨資,N,0,121015,梭織服裝訂製
92641523,,紅緹室內裝修工程行,花蓮縣花蓮市主義里明義街６３號,花蓮縣,花蓮市,主義里,花蓮市一般行政區,否,否,1200000.0,2023,獨資,Y,1,434015,室內裝修工程
82179643,,城市企業社,花蓮縣花蓮市主義里明義街６３號１樓,花蓮縣,花蓮市,主義里,花蓮市一般行政區,否,否,200000.0,2019,獨資,Y,1,433111,水電工程
94736882,,男子漢西服社,花蓮縣花蓮市主義里明義街６９號１樓,花蓮縣,花蓮市,主義里,花蓮市一般行政區,否,否,3000.0,1977,獨資,N,0,121015,梭織服裝訂製
49758136,,泓展玻璃行,花蓮縣花蓮市主義里福建街３６９號１樓,花蓮縣,花蓮市,主義里,花蓮市一般行政區,否,否,100000.0,2017,獨資,Y,1,434013,房屋設備安裝工程
94830845,,黑人機車行,花蓮縣花蓮市主義里福建街３６９，３７１，３７３號,花蓮縣,花蓮市,主義里,花蓮市一般行政區,否,否,240000.0,1984,獨資,Y,1,484314,機車零件、機車百貨零售
60250527,,欣旺工程行,花蓮縣花蓮市主義里福建街３９５號１樓,花蓮縣,花蓮市,主義里,花蓮市一般行政區,否,否,200000.0,2026,獨資,Y,1,439012,模板工程
72850000,,興欣旺企業社,花蓮縣花蓮市主義里福建街３９５號１樓,花蓮縣,花蓮市,主義里,花蓮市一般行政區,否,否,200000.0,2018,獨資,Y,1,439012,模板工程
87344951,,博宇企業社,花蓮縣花蓮市主義里福建街３９５號１樓,花蓮縣,花蓮市,主義里,花蓮市一般行政區,否,否,200000.0,2020,獨資,Y,1,471114,加盟連鎖式便利商店（無商品進、銷貨行為）
15781664,,宗巖禮儀商行,花蓮縣花蓮市主義里福建街３９７號１樓,花蓮縣,花蓮市,主義里,花蓮市一般行政區,否,否,800000.0,2002,獨資,Y,1,963015,殯葬禮儀服務
42215931,,鑫源企業社,花蓮縣花蓮市主義里００４鄰成功街２５６號１樓,花蓮縣,花蓮市,主義里,花蓮市一般行政區,否,否,200000.0,2015,獨資,Y,1,433111,水電工程
60248038,,新源金企業,花蓮縣花蓮市主義里００４鄰成功街２５６號１樓,花蓮縣,花蓮市,主義里,花蓮市一般行政區,否,否,200000.0,2025,獨資,Y,1,433111,水電工程
87353352,,雨林司康專賣店,花蓮縣花蓮市主義里００８鄰明義街５５號,花蓮縣,花蓮市,主義里,花蓮市一般行政區,否,否,30000.0,2021,獨資,N,0,472999,未分類其他食品、飲料及菸草製品零售
76950281,,光隆企業社,花蓮縣花蓮市主義里０１１鄰仁愛街５４巷１號,花蓮縣,花蓮市,主義里,花蓮市一般行政區,否,否,30000.0,1989,獨資,N,0,476111,文具零售
60250033,,宣秀工程行,花蓮縣花蓮市主義里０１３鄰忠孝街３７號１樓,花蓮縣,花蓮市,主義里,花蓮市一般行政區,否,否,200000.0,2026,獨資,Y,1,439099,未分類其他專門營造
93057766,,侯侯吃企業社,花蓮縣花蓮市主義里０１４鄰仁愛街２８號,花蓮縣,花蓮市,主義里,花蓮市一般行政區,否,否,100000.0,2024,獨資,N,0,561115,餐廳
10681552,,鎮瀾土木包工業,花蓮縣花蓮市主義里０１５鄰仁愛街３８號,花蓮縣,花蓮市,主義里,花蓮市一般行政區,否,否,1000000.0,2008,獨資,Y,1,429099,未分類其他土木工程
70960683,,公正冷熱飲,花蓮縣花蓮市主義里０１９鄰仁愛街４６號１樓,花蓮縣,花蓮市,主義里,花蓮市一般行政區,否,否,3000.0,1999,合夥,Y,1,561113,麵店、小吃店
53873854,27777031,童話汽車旅館有限公司都會館分公司,花蓮縣花蓮市主義里１１鄰仁愛街５８號,花蓮縣,花蓮市,主義里,花蓮市一般行政區,否,否,0.0,2012,本國公司設立之分公司,Y,1,551012,旅館
94747451,,富里汽車行,花蓮縣花蓮市主義里１３鄰忠孝街３７號,花蓮縣,花蓮市,主義里,花蓮市一般行政區,否,否,1000000.0,1978,獨資,N,0,493200,計程車客運
94756063,,衆富交通有限公司,花蓮縣花蓮市主義里１３鄰忠孝街３７號,花蓮縣,花蓮市,主義里,花蓮市一般行政區,否,否,2000000.0,1979,有限公司,N,0,493200,計程車客運
64809113,,邱藥局,花蓮縣花蓮市主義里２鄰忠孝街４８號１樓,花蓮縣,花蓮市,主義里,花蓮市一般行政區,否,否,10000.0,1988,獨資,N,0,475112,西藥零售
78850153,,松鶴堂國藥行,花蓮縣花蓮市主義里３５鄰成功街２４６號１樓,花蓮縣,花蓮市,主義里,花蓮市一般行政區,否,否,3000.0,1994,獨資,N,0,475199,其他藥品及醫療用品零售
42780936,,花蓮廟口紅茶有限公司,花蓮縣花蓮市主義里９鄰成功街２１８號,花蓮縣,花蓮市,主義里,花蓮市一般行政區,否,否,1000000.0,2016,有限公司,Y,1,563199,其他飲料店
61454078,,仁愛街米苔目,花蓮縣花蓮市主計里仁愛街１―８號,花蓮縣,花蓮市,主計里,金三角商圈,是,否,150000.0,2026,獨資,N,0,561113,麵店、小吃店
31410036,,經濟部水利署第九河川分署,花蓮縣花蓮市主計里仁愛街１９號,花蓮縣,花蓮市,主計里,金三角商圈,是,否,3000.0,2006,其他,Y,1,060099,未分類砂、石採取及其他礦業
13964490,,壹軒書局,花蓮縣花蓮市主計里仁愛街３―１號１樓,花蓮縣,花蓮市,主計里,金三角商圈,是,否,200000.0,2001,獨資,N,0,476112,書籍、雜誌零售
66953696,,藝亞廣告社,花蓮縣花蓮市主計里信義街１８―４號１樓,花蓮縣,花蓮市,主計里,金三角商圈,是,否,10000.0,2005,獨資,Y,1,731013,公開展示廣告
27599959,,鑫宗貿建設有限公司,花蓮縣花蓮市主計里信義街２６號１樓,花蓮縣,花蓮市,主計里,金三角商圈,是,否,15000000.0,2005,有限公司,Y,1,670012,不動產投資開發
53865257,,恒陽開發有限公司,花蓮縣花蓮市主計里信義街２６號１樓,花蓮縣,花蓮市,主計里,金三角商圈,是,否,3000000.0,2012,有限公司,Y,1,670012,不動產投資開發
26505173,,大日商號,花蓮縣花蓮市主計里公有零售重慶市場第１６號攤位,花蓮縣,花蓮市,主計里,金三角商圈,是,否,5000.0,2010,獨資,N,0,472212,禽肉零售
60248109,,富德鑫商號,花蓮縣花蓮市主計里公有零售重慶市場第１９號攤位,花蓮縣,花蓮市,主計里,金三角商圈,是,否,10000.0,2025,獨資,N,0,471999,未分類其他綜合商品零售
85207755,,忠龍商號,花蓮縣花蓮市主計里公有零售重慶市場第６號攤位,花蓮縣,花蓮市,主計里,金三角商圈,是,否,5000.0,2019,獨資,N,0,472211,畜肉零售
87351426,,寧愷峻商號,花蓮縣花蓮市主計里公有零售重慶市場１３９號攤位,花蓮縣,花蓮市,主計里,金三角商圈,是,否,5000.0,2021,獨資,N,0,472211,畜肉零售
91162453,,一路發,花蓮縣花蓮市主計里公有零售重慶市場１６８號攤位,花蓮縣,花蓮市,主計里,金三角商圈,是,否,10000.0,2021,獨資,N,0,472111,蔬菜零售
34886627,,菘香商號,花蓮縣花蓮市主計里公有零售重慶市場１８０號攤位,花蓮縣,花蓮市,主計里,金三角商圈,是,否,3000.0,2010,獨資,N,0,454214,農產品（家畜及家禽肉品）批發市場承銷
91592566,,玩味零食舖,花蓮縣花蓮市主計里公有零售重慶市場１９８號攤位,花蓮縣,花蓮市,主計里,金三角商圈,是,否,100000.0,2022,獨資,N,0,486111,食品零售攤販
95809257,,丸發號,花蓮縣花蓮市主計里公有零售重慶市場２３號攤位,花蓮縣,花蓮市,主計里,金三角商圈,是,否,5000.0,1996,獨資,N,0,472211,畜肉零售
60225801,,賀田菇菇の舖子,花蓮縣花蓮市主計里公有零售重慶市場２３０號攤位,花蓮縣,花蓮市,主計里,金三角商圈,是,否,5000.0,2025,獨資,N,0,472111,蔬菜零售
60248121,,豐之谷商號,花蓮縣花蓮市主計里公有零售重慶市場５８號攤位,花蓮縣,花蓮市,主計里,金三角商圈,是,否,50000.0,2025,獨資,N,0,486111,食品零售攤販
78049795,,王魚魚行,花蓮縣花蓮市主計里公有零售重慶市場６６號攤位,花蓮縣,花蓮市,主計里,金三角商圈,是,否,10000.0,1992,獨資,N,0,472311,水產品零售
91155853,,昇哥商號,花蓮縣花蓮市主計里公有零售重慶市場６９號攤位,花蓮縣,花蓮市,主計里,金三角商圈,是,否,10000.0,2021,獨資,N,0,472211,畜肉零售
94833977,,福林商號,花蓮縣花蓮市主計里公有零售重慶市場８９號攤位,花蓮縣,花蓮市,主計里,金三角商圈,是,否,5000.0,1984,獨資,N,0,472111,蔬菜零售
94749606,,日利食品行,花蓮縣花蓮市主計里和平路１７８巷７號,花蓮縣,花蓮市,主計里,金三角商圈,是,否,5000.0,1985,獨資,N,0,472922,西點麵包零售
78038827,,花蓮港釣具專賣店,花蓮縣花蓮市主計里和平路２６４號１樓,花蓮縣,花蓮市,主計里,金三角商圈,是,否,3000.0,1992,獨資,N,0,476213,釣具零售
27799035,,好家旅行社有限公司,花蓮縣花蓮市主計里和平路２６８號１樓,花蓮縣,花蓮市,主計里,金三角商圈,是,否,3000000.0,2005,有限公司,Y,1,790011,旅行業
30203592,,錦香行,花蓮縣花蓮市主計里和平路２８２號１樓,花蓮縣,花蓮市,主計里,金三角商圈,是,否,100000.0,2009,獨資,N,0,485212,宗教、喪葬用品零售
41006627,,任我遊企業,花蓮縣花蓮市主計里和平路９２－３號,花蓮縣,花蓮市,主計里,金三角商圈,是,否,200000.0,2014,合夥,Y,1,433112,電路工程
82180183,,娜滋滋烤魚,花蓮縣花蓮市主計里和平路９２－６號,花蓮縣,花蓮市,主計里,金三角商圈,是,否,50000.0,2019,獨資,N,0,561115,餐廳
94298980,,新義興商號,花蓮縣花蓮市主計里廣東街１５５號,花蓮縣,花蓮市,主計里,金三角商圈,是,否,2000.0,1977,獨資,N,0,472913,菸酒零售
42753038,,順吉管理顧問有限公司,花蓮縣花蓮市主計里廣東街１６５號１樓,花蓮縣,花蓮市,主計里,金三角商圈,是,否,2000000.0,2015,有限公司,Y,1,681112,自有不動產租賃
42967622,,里昂牛排餐飲有限公司,花蓮縣花蓮市主計里廣東街１６５號１樓,花蓮縣,花蓮市,主計里,金三角商圈,是,否,2000000.0,2018,有限公司,Y,1,561113,麵店、小吃店
56610454,,月美有限公司,花蓮縣花蓮市主計里廣東街１６５號１樓,花蓮縣,花蓮市,主計里,金三角商圈,是,否,2000000.0,2017,有限公司,Y,1,454211,畜肉批發
56800068,,東盟石業有限公司,花蓮縣花蓮市主計里廣東街１６５號１樓,花蓮縣,花蓮市,主計里,金三角商圈,是,否,1200000.0,2017,有限公司,Y,1,461214,砂石批發
60735537,,鉍鑫國際有限公司,花蓮縣花蓮市主計里廣東街１６５號１樓,花蓮縣,花蓮市,主計里,金三角商圈,是,否,1500000.0,2025,有限公司,Y,1,234012,石材建材及其製品製造
92635867,,羅爺爺美味漢堡,花蓮縣花蓮市主計里廣東街１６５號５樓之５,花蓮縣,花蓮市,主計里,金三角商圈,是,否,120000.0,2023,獨資,N,0,561115,餐廳
99416557,,阡豪民宿,花蓮縣花蓮市主計里廣東街１９８號,花蓮縣,花蓮市,主計里,金三角商圈,是,否,200000.0,2004,獨資,N,0,551013,民宿
91598436,,凍涼小舖,花蓮縣花蓮市主計里廣東街２００號１樓,花蓮縣,花蓮市,主計里,金三角商圈,是,否,240000.0,2023,獨資,N,0,563199,其他飲料店
91158520,,小鳳蔬果行,花蓮縣花蓮市主計里廣東街２０５號,花蓮縣,花蓮市,主計里,金三角商圈,是,否,30000.0,2021,獨資,N,0,472111,蔬菜零售
00169869,,禾永鈺餐飲有限公司,花蓮縣花蓮市主計里廣東街２０７號一樓,花蓮縣,花蓮市,主計里,金三角商圈,是,否,2000000.0,2024,有限公司,Y,1,472922,西點麵包零售
37993620,,戴記扁食,花蓮縣花蓮市主計里廣東街２０８號１樓,花蓮縣,花蓮市,主計里,金三角商圈,是,否,80000.0,2013,獨資,N,0,487114,經營網路購物（食品、飲料類商品）
10624119,,葳森美式早餐,花蓮縣花蓮市主計里廣東街２１１號,花蓮縣,花蓮市,主計里,金三角商圈,是,否,3000.0,2008,獨資,N,0,561111,早餐店
13966981,,巨森早餐吧,花蓮縣花蓮市主計里廣東街２１６號,花蓮縣,花蓮市,主計里,金三角商圈,是,否,3000.0,2002,獨資,N,0,561111,早餐店
85210956,,鉅將工程行,花蓮縣花蓮市主計里廣東街２１６號１樓,花蓮縣,花蓮市,主計里,金三角商圈,是,否,2000000.0,2020,獨資,Y,1,433211,冷凍、通風、空調系統裝修工程
78047179,,酈精品店,花蓮縣花蓮市主計里廣東街２２０號１樓,花蓮縣,花蓮市,主計里,金三角商圈,是,否,3000.0,1992,獨資,N,0,473211,服裝零售
28977590,16740494,全聯實業股份有限公司花蓮重慶分公司,花蓮縣花蓮市主計里廣東街２６２號１樓,花蓮縣,花蓮市,主計里,金三角商圈,是,否,0.0,2009,本國公司設立之分公司,Y,1,471916,超級市場
94015907,,大原木業股份有限公司,花蓮縣花蓮市主計里廣東街２６６號,花蓮縣,花蓮市,主計里,金三角商圈,是,否,5000000.0,1968,股份有限公司,Y,1,481014,居家修繕用品零售
24404241,,智嘉有限公司,花蓮縣花蓮市主計里廣東街２６６號１樓,花蓮縣,花蓮市,主計里,金三角商圈,是,否,1000000.0,2009,有限公司,Y,1,471114,加盟連鎖式便利商店（無商品進、銷貨行為）
49773474,,陳紀臭豆腐,花蓮縣花蓮市主計里廣東街２９８號１樓,花蓮縣,花蓮市,主計里,金三角商圈,是,否,100000.0,2016,獨資,N,0,561113,麵店、小吃店
87350209,,伙堂小吃店,花蓮縣花蓮市主計里廣東街２９８號１樓,花蓮縣,花蓮市,主計里,金三角商圈,是,否,2000.0,2020,獨資,N,0,561115,餐廳
15787288,,金品行,花蓮縣花蓮市主計里忠孝街１號１樓,花蓮縣,花蓮市,主計里,金三角商圈,是,否,6000.0,2003,獨資,N,0,485212,宗教、喪葬用品零售
34888548,,駿何電器工程,花蓮縣花蓮市主計里忠孝街１５號１樓,花蓮縣,花蓮市,主計里,金三角商圈,是,否,200000.0,2010,獨資,Y,1,474199,其他家用電器零售
41236114,,重慶南北雜貨店,花蓮縣花蓮市主計里忠孝街２號旁,花蓮縣,花蓮市,主計里,金三角商圈,是,否,30000.0,2014,獨資,N,0,472999,未分類其他食品、飲料及菸草製品零售
92760484,,桂香豆花茱比食研所,花蓮縣花蓮市主計里成功街１８２號,花蓮縣,花蓮市,主計里,金三角商圈,是,否,100000.0,2023,合夥,N,0,563199,其他飲料店
49754286,,吉野咖啡,花蓮縣花蓮市主計里成功街２０６號１樓,花蓮縣,花蓮市,主計里,金三角商圈,是,否,50000.0,2016,獨資,N,0,563199,其他飲料店
85419195,,大甜甜超商,花蓮縣花蓮市主計里成功街２１０號１樓,花蓮縣,花蓮市,主計里,金三角商圈,是,否,200000.0,2020,獨資,Y,1,471999,未分類其他綜合商品零售
94727455,,春秋大飯店有限公司,花蓮縣花蓮市主計里成功街２１０號２樓之１,花蓮縣,花蓮市,主計里,金三角商圈,是,否,22340000.0,1977,有限公司,Y,1,551012,旅館
41017357,,亮景魚行,花蓮縣花蓮市主計里明義街１―４１號１樓,花蓮縣,花蓮市,主計里,金三角商圈,是,否,80000.0,2015,獨資,N,0,472311,水產品零售
95208120,,饗吃牛肉麵,花蓮縣花蓮市主計里明義街１３號,花蓮縣,花蓮市,主計里,金三角商圈,是,否,5000.0,2024,獨資,N,0,561113,麵店、小吃店
31798348,,鈞傑不銹鋼調理行,花蓮縣花蓮市主計里明義街３５號,花蓮縣,花蓮市,主計里,金三角商圈,是,否,200000.0,2013,獨資,Y,1,474213,廚櫃零售
94794046,,美容髮廊,花蓮縣花蓮市主計里福建街３２５號,花蓮縣,花蓮市,主計里,金三角商圈,是,否,5000.0,1981,獨資,N,0,962111,美髮院及髮廊
92641306,,毅誠企業社,花蓮縣花蓮市主計里福建街３２７巷８號,花蓮縣,花蓮市,主計里,金三角商圈,是,否,200000.0,2023,獨資,Y,1,434011,室內裝潢工程
78047868,,晶晶花卉坊,花蓮縣花蓮市主計里福建街３６４號１樓,花蓮縣,花蓮市,主計里,金三角商圈,是,否,10000.0,1992,獨資,N,0,485111,切花、盆栽零售
18059994,,慶宜電腦資訊社,花蓮縣花蓮市主計里福建街３７０號１樓,花蓮縣,花蓮市,主計里,金三角商圈,是,否,200000.0,2001,獨資,Y,1,483111,電腦及電腦週邊設備零售
50745286,,有點溫暖工作室,花蓮縣花蓮市主計里福建街３７０號１樓,花蓮縣,花蓮市,主計里,金三角商圈,是,否,2000.0,2017,獨資,N,0,561115,餐廳
92097071,,擷成企業社,花蓮縣花蓮市主計里福建街３９４號１樓,花蓮縣,花蓮市,主計里,金三角商圈,是,否,100000.0,1995,獨資,N,0,731011,廣告代理商
82182231,,政虹開發企業社,花蓮縣花蓮市主計里福建街３９８號１樓,花蓮縣,花蓮市,主計里,金三角商圈,是,否,248000.0,2019,獨資,Y,1,524100,停車場管理
87351782,,路邊開花文化工作室,花蓮縣花蓮市主計里福建街４０６號之１,花蓮縣,花蓮市,主計里,金三角商圈,是,否,3000.0,2021,獨資,N,0,731099,其他廣告服務
49918909,,洪家製麵,花蓮縣花蓮市主計里重慶市場第１２２號攤位,花蓮縣,花蓮市,主計里,金三角商圈,是,否,3000.0,2005,獨資,N,0,472928,麵食品零售
30251209,,宏興商號,花蓮縣花蓮市主計里重慶市場１０５號攤位,花蓮縣,花蓮市,主計里,金三角商圈,是,否,3000.0,2009,獨資,N,0,453316,成禽批發
91270571,,長富商號,花蓮縣花蓮市主計里重慶市場２０６號攤位,花蓮縣,花蓮市,主計里,金三角商圈,是,否,200000.0,2021,獨資,N,0,472211,畜肉零售
94736031,,永泰行,花蓮縣花蓮市主計里重慶街４２６號,花蓮縣,花蓮市,主計里,金三角商圈,是,否,5000.0,1977,獨資,N,0,485212,宗教、喪葬用品零售
67945724,,松竹軒藝術畫廊,花蓮縣花蓮市主計里重慶街４３２號,花蓮縣,花蓮市,主計里,金三角商圈,是,否,200000.0,1999,獨資,N,0,969020,字畫裱背
93054971,,大利行,花蓮縣花蓮市主計里重慶路３１９號,花蓮縣,花蓮市,主計里,金三角商圈,是,否,5000.0,2024,獨資,N,0,472111,蔬菜零售
13974130,,天圓食品行,花蓮縣花蓮市主計里重慶路３２７號１樓,花蓮縣,花蓮市,主計里,金三角商圈,是,否,50000.0,2002,獨資,N,0,472914,飲料零售
91669641,12705931,豪庭電機股份有限公司全聯花蓮重慶店停車場,花蓮縣花蓮市主計里重慶路３３１、３３３號,花蓮縣,花蓮市,主計里,金三角商圈,是,否,0.0,2022,其他,Y,1,524100,停車場管理
91588872,,誠恩通訊行,花蓮縣花蓮市主計里重慶路３４５號１樓,花蓮縣,花蓮市,主計里,金三角商圈,是,否,240000.0,2022,獨資,Y,1,483212,手機及手機週邊零配件零售
26659346,,東部谷牧草雞,花蓮縣花蓮市主計里重慶路３５３巷３號,花蓮縣,花蓮市,主計里,金三角商圈,是,否,50000.0,2011,獨資,N,0,453316,成禽批發
87542376,,１６８鞋店,花蓮縣花蓮市主計里重慶路３７６號,花蓮縣,花蓮市,主計里,金三角商圈,是,否,100000.0,2020,獨資,N,0,473312,鞋類及其配件（真皮鞋類及其配件除外）零售
26649586,,鞋磨歪道,花蓮縣花蓮市主計里重慶路３７８號１樓,花蓮縣,花蓮市,主計里,金三角商圈,是,否,3000.0,2011,獨資,N,0,473312,鞋類及其配件（真皮鞋類及其配件除外）零售
26787573,,景陽海鮮店,花蓮縣花蓮市主計里重慶路３８２號,花蓮縣,花蓮市,主計里,金三角商圈,是,否,120000.0,2011,獨資,N,0,561115,餐廳
41008272,,繼陽建材行,花蓮縣花蓮市主計里重慶路３８６號１樓,花蓮縣,花蓮市,主計里,金三角商圈,是,否,200000.0,2014,獨資,Y,1,461111,木材批發
09705916,,海江河漁行,花蓮縣花蓮市主計里重慶路４０８號１樓,花蓮縣,花蓮市,主計里,金三角商圈,是,否,100000.0,2006,獨資,Y,1,472311,水產品零售
26787715,,嘉男蘭園,花蓮縣花蓮市主計里重慶路４２８號,花蓮縣,花蓮市,主計里,金三角商圈,是,否,30000.0,2011,獨資,N,0,485111,切花、盆栽零售
21568199,33983853,山隆通運股份有限公司重慶加油站,花蓮縣花蓮市主計里重慶路４５６號,花蓮縣,花蓮市,主計里,金三角商圈,是,否,0.0,2005,其他,Y,1,482111,汽油零售
89208279,,重慶加油站有限公司,花蓮縣花蓮市主計里重慶路４５６號,花蓮縣,花蓮市,主計里,金三角商圈,是,否,10000000.0,1995,有限公司,Y,1,482111,汽油零售
41462434,,洋貞農水產行,花蓮縣花蓮市主計里重慶路４６８號,花蓮縣,花蓮市,主計里,金三角商圈,是,否,30000.0,2015,獨資,Y,1,472311,水產品零售
94156899,,金優吉企業有限公司,花蓮縣花蓮市主計里重慶路４６８號,花蓮縣,花蓮市,主計里,金三角商圈,是,否,680000.0,2023,有限公司,Y,1,472311,水產品零售
85210843,,金優吉行,花蓮縣花蓮市主計里重慶路４６８號１樓,花蓮縣,花蓮市,主計里,金三角商圈,是,否,228000.0,2019,獨資,Y,1,472311,水產品零售
85213216,,田中湘會農產行,花蓮縣花蓮市主計里００４鄰仁愛街２―２號１樓,花蓮縣,花蓮市,主計里,金三角商圈,是,否,50000.0,2020,獨資,N,0,472111,蔬菜零售
41465848,,小上海點心總匯,花蓮縣花蓮市主計里００４鄰仁愛街２―６號１樓,花蓮縣,花蓮市,主計里,金三角商圈,是,否,10000.0,2016,獨資,N,0,472929,餐盒零售
60324008,,地嚮設計有限公司,花蓮縣花蓮市主計里００４鄰仁愛街２―７號,花蓮縣,花蓮市,主計里,金三角商圈,是,否,100000.0,2026,有限公司,Y,1,711111,建築設計、顧問
93567183,,軼起吾聊有限公司,花蓮縣花蓮市主計里００４鄰仁愛街２―７號,花蓮縣,花蓮市,主計里,金三角商圈,是,否,3335000.0,2024,有限公司,Y,1,681113,不動產轉租賃
00176073,,思維流有限公司,花蓮縣花蓮市主計里００４鄰仁愛街２―７號（一樓）,花蓮縣,花蓮市,主計里,金三角商圈,是,否,100000.0,2025,有限公司,Y,1,471999,未分類其他綜合商品零售
00215054,,永續投資管理顧問有限公司,花蓮縣花蓮市主計里００４鄰仁愛街２―７號（一樓）,花蓮縣,花蓮市,主計里,金三角商圈,是,否,30000.0,2025,有限公司,Y,1,669199,其他投資顧問
60428405,,皓翔資訊科技有限公司,花蓮縣花蓮市主計里００４鄰仁愛街２―７號（１樓）,花蓮縣,花蓮市,主計里,金三角商圈,是,否,300000.0,2025,有限公司,Y,1,631299,其他資料處理、主機及網站代管服務
90700980,,雲微進化科技有限公司,花蓮縣花蓮市主計里００４鄰仁愛街２―７號（１樓）,花蓮縣,花蓮市,主計里,金三角商圈,是,否,1010000.0,2021,有限公司,Y,1,702099,其他管理顧問
60251835,,鼎富工程行,花蓮縣花蓮市主計里００４鄰仁愛街２―７號１樓,花蓮縣,花蓮市,主計里,金三角商圈,是,否,20000.0,2026,獨資,Y,1,433111,水電工程
62130437,60384526,鼎味軒餐飲有限公司阿囍茶店分公司,花蓮縣花蓮市主計里００４鄰仁愛街２―７號１樓,花蓮縣,花蓮市,主計里,金三角商圈,是,否,0.0,2026,本國公司設立之分公司,Y,1,702012,行銷管理顧問
62130458,60384526,鼎味軒餐飲有限公司越南越伍叁捌捌分公司,花蓮縣花蓮市主計里００４鄰仁愛街２―７號１樓,花蓮縣,花蓮市,主計里,金三角商圈,是,否,0.0,2026,本國公司設立之分公司,Y,1,702012,行銷管理顧問
62130464,60384526,鼎味軒餐飲有限公司狠匠分公司,花蓮縣花蓮市主計里００４鄰仁愛街２―７號１樓,花蓮縣,花蓮市,主計里,金三角商圈,是,否,0.0,2026,本國公司設立之分公司,Y,1,702012,行銷管理顧問
41236085,,樂樂商店,花蓮縣花蓮市主計里００４鄰仁愛街２號,花蓮縣,花蓮市,主計里,金三角商圈,是,否,30000.0,2014,獨資,N,0,474999,未分類其他家用器具及用品零售
60310601,,艾拾光整合行銷有限公司,花蓮縣花蓮市主計里００４鄰仁愛街２－７號（１樓）,花蓮縣,花蓮市,主計里,金三角商圈,是,否,100000.0,2026,有限公司,Y,1,731099,其他廣告服務
60428545,,絢彩有限公司,花蓮縣花蓮市主計里００４鄰仁愛街２－７號（１樓）,花蓮縣,花蓮市,主計里,金三角商圈,是,否,100000.0,2025,有限公司,Y,1,487199,其他電子購物及郵購
60252258,,樺宅室內裝潢工程行,花蓮縣花蓮市主計里００４鄰仁愛街２－７號１樓,花蓮縣,花蓮市,主計里,金三角商圈,是,否,200000.0,2026,獨資,Y,1,434011,室內裝潢工程
60253778,,源平工程行,花蓮縣花蓮市主計里００４鄰仁愛街２－７號１樓,花蓮縣,花蓮市,主計里,金三角商圈,是,否,240000.0,2026,獨資,Y,1,434015,室內裝修工程
91878984,,真愛夜市二館民宿,花蓮縣花蓮市主計里００８鄰忠孝街２７號,花蓮縣,花蓮市,主計里,金三角商圈,是,否,1000000.0,2022,獨資,N,0,551013,民宿
54005100,,永順建設有限公司,花蓮縣花蓮市主計里００９鄰廣東街１８３號１樓,花蓮縣,花蓮市,主計里,金三角商圈,是,否,10000000.0,2012,有限公司,Y,1,670012,不動產投資開發
50641959,,華夏早餐店,花蓮縣花蓮市主計里００９鄰福建街３６０號,花蓮縣,花蓮市,主計里,金三角商圈,是,否,30000.0,2016,獨資,N,0,561111,早餐店
41016619,,壯遊臺灣活動工作室,花蓮縣花蓮市主計里００９鄰福建街３７０號１樓,花蓮縣,花蓮市,主計里,金三角商圈,是,否,100000.0,2015,獨資,N,0,932999,未分類其他娛樂及休閒服務
95211997,,山杉美髮工作室,花蓮縣花蓮市主計里０１０鄰仁愛街１―６號１樓,花蓮縣,花蓮市,主計里,金三角商圈,是,否,200000.0,2025,獨資,N,0,962111,美髮院及髮廊
92535656,,弘利企業社,花蓮縣花蓮市主計里０１０鄰仁愛街３巷１６號１樓,花蓮縣,花蓮市,主計里,金三角商圈,是,否,200000.0,2023,獨資,Y,1,433199,其他機電、電信及電路設備安裝
24859241,,上陽國際人力顧問有限公司,花蓮縣花蓮市主計里０１０鄰信義街１８―３號,花蓮縣,花蓮市,主計里,金三角商圈,是,否,5000000.0,2015,有限公司,Y,1,781011,移工仲介
95472423,,藏豐國際生活管理顧問有限公司,花蓮縣花蓮市主計里０１０鄰信義街１８―３號１樓,花蓮縣,花蓮市,主計里,金三角商圈,是,否,500000.0,2024,有限公司,Y,1,472999,未分類其他食品、飲料及菸草製品零售
87565378,,雅漾民宿,花蓮縣花蓮市主計里０１０鄰信義街８號,花蓮縣,花蓮市,主計里,金三角商圈,是,否,10000.0,2021,獨資,N,0,551013,民宿
92538393,,哈拉美妹美髮店,花蓮縣花蓮市主計里０１０鄰重慶路３１５號,花蓮縣,花蓮市,主計里,金三角商圈,是,否,5000.0,2023,獨資,N,0,962111,美髮院及髮廊
92641967,,芭樂貳號小吃部,花蓮縣花蓮市主計里０１３鄰信義街１５巷１號,花蓮縣,花蓮市,主計里,金三角商圈,是,否,230000.0,2024,獨資,N,0,561115,餐廳
41011831,,龍泉企業社,花蓮縣花蓮市主計里０１３鄰和平路２９０號,花蓮縣,花蓮市,主計里,金三角商圈,是,否,246000.0,2014,獨資,Y,1,813000,綠化服務
91918590,,琳琳髮型沙龍,花蓮縣花蓮市主計里０１３鄰福建街２９７號,花蓮縣,花蓮市,主計里,金三角商圈,是,否,2000.0,2022,獨資,N,0,962111,美髮院及髮廊
95211357,,無名壽司食堂,花蓮縣花蓮市主計里０１３鄰福建街３０９號１樓,花蓮縣,花蓮市,主計里,金三角商圈,是,否,50000.0,2025,獨資,N,0,561115,餐廳
91595613,,九日京室內裝修工作室,花蓮縣花蓮市主計里１鄰福建街４０６之１號１樓,花蓮縣,花蓮市,主計里,金三角商圈,是,否,200000.0,2022,獨資,Y,1,434011,室內裝潢工程
80206953,,發條鳥有限公司,花蓮縣花蓮市主計里１鄰福建街４０６號之１（１樓）,花蓮縣,花蓮市,主計里,金三角商圈,是,否,1000000.0,2003,有限公司,Y,1,432000,庭園景觀工程
16969547,,丞豐建材股份有限公司,花蓮縣花蓮市主計里１鄰福建街４０６號２樓之５,花蓮縣,花蓮市,主計里,金三角商圈,是,否,20000000.0,1999,股份有限公司,Y,1,233100,水泥製造
54960722,,合陞國際開發投資有限公司,花蓮縣花蓮市主計里１鄰福建街４０６號２樓之５,花蓮縣,花蓮市,主計里,金三角商圈,是,否,5000000.0,2018,有限公司,Y,1,702099,其他管理顧問
80559132,,紘煜股份有限公司,花蓮縣花蓮市主計里１鄰福建街４０６號２樓之５,花蓮縣,花蓮市,主計里,金三角商圈,是,否,73000000.0,2003,股份有限公司,Y,1,461214,砂石批發
90786179,,阿布拉拉國際股份有限公司,花蓮縣花蓮市主計里１鄰福建街４０６號７樓之３,花蓮縣,花蓮市,主計里,金三角商圈,是,否,5000000.0,2021,股份有限公司,Y,1,461311,貼面石材批發
94809759,,新新牛肉店,花蓮縣花蓮市主計里１０鄰廣東街１５３號１樓,花蓮縣,花蓮市,主計里,金三角商圈,是,否,3000.0,1982,獨資,N,0,561113,麵店、小吃店
02789550,,重慶路胡椒餡餅,花蓮縣花蓮市主計里１０鄰重慶路３２１號前面,花蓮縣,花蓮市,主計里,金三角商圈,是,否,3000.0,2013,獨資,N,0,561113,麵店、小吃店
26793033,,建富號,花蓮縣花蓮市主計里１０鄰重慶路３２１號１樓,花蓮縣,花蓮市,主計里,金三角商圈,是,否,5000.0,2012,獨資,N,0,472211,畜肉零售
78042245,,三和興菸酒商行,花蓮縣花蓮市主計里１１鄰福建街３２３號１樓,花蓮縣,花蓮市,主計里,金三角商圈,是,否,30000.0,1992,獨資,N,0,472913,菸酒零售
26792219,,我家羊肉爐,花蓮縣花蓮市主計里１３鄰和平路２７０號,花蓮縣,花蓮市,主計里,金三角商圈,是,否,10000.0,2012,獨資,N,0,561113,麵店、小吃店
31529196,,攤販－黃美麗,花蓮縣花蓮市主計里１４鄰和平路２５４號屋側路邊,花蓮縣,花蓮市,主計里,金三角商圈,是,否,3000.0,2011,獨資,N,0,472936,檳榔零售
34860443,,腳印民宿,花蓮縣花蓮市主計里１４鄰和平路２５６號,花蓮縣,花蓮市,主計里,金三角商圈,是,否,3000.0,2010,獨資,N,0,551013,民宿
02850230,,葳森家民宿,花蓮縣花蓮市主計里３鄰廣東街２８６號,花蓮縣,花蓮市,主計里,金三角商圈,是,否,3000.0,2013,獨資,N,0,551013,民宿
82199079,,今古安民宿,花蓮縣花蓮市主計里３鄰重慶路３５３巷３０號,花蓮縣,花蓮市,主計里,金三角商圈,是,否,100000.0,2018,獨資,N,0,551013,民宿
91917419,,東門小棧民宿,花蓮縣花蓮市主計里５鄰廣東街２７６號,花蓮縣,花蓮市,主計里,金三角商圈,是,否,200000.0,2022,獨資,N,0,551013,民宿
61457217,,瑗緣企業社,花蓮縣花蓮市主計里５鄰忠孝街２２號１樓,花蓮縣,花蓮市,主計里,金三角商圈,是,否,100000.0,2026,獨資,N,0,485299,未分類其他全新商品零售
72618019,,典藏花都民宿,花蓮縣花蓮市主農里中原路２６３號,花蓮縣,花蓮市,主農里,花蓮市一般行政區,否,否,200000.0,2017,獨資,N,0,551013,民宿
70958743,,上純行,花蓮縣花蓮市主農里中原路３０９號１樓,花蓮縣,花蓮市,主農里,花蓮市一般行政區,否,否,10000.0,1999,獨資,N,0,474116,家用飲水器具（使用電力者）零售
16407363,,東和環保企業有限公司,花蓮縣花蓮市主農里中原路３１７號,花蓮縣,花蓮市,主農里,花蓮市一般行政區,否,否,7000000.0,1998,有限公司,Y,1,463115,潤滑油批發
41007040,,宏揚企業社,花蓮縣花蓮市主農里中原路３２７號１樓,花蓮縣,花蓮市,主農里,花蓮市一般行政區,否,否,249900.0,2014,獨資,Y,1,434011,室內裝潢工程
41461195,,一品香餅店,花蓮縣花蓮市主農里中原路３２９號１樓,花蓮縣,花蓮市,主農里,花蓮市一般行政區,否,否,50000.0,2015,獨資,N,0,472928,麵食品零售
41638237,,真好茶燻坊,花蓮縣花蓮市主農里中原路３２９號１樓,花蓮縣,花蓮市,主農里,花蓮市一般行政區,否,否,3000.0,2015,獨資,N,0,486111,食品零售攤販
41466918,,世龍企業社,花蓮縣花蓮市主農里中原路３３５號１樓,花蓮縣,花蓮市,主農里,花蓮市一般行政區,否,否,200000.0,2016,合夥,Y,1,474912,家用瓦斯器具零售
94851025,,泰溢工程有限公司,花蓮縣花蓮市主農里中原路３３９號,花蓮縣,花蓮市,主農里,花蓮市一般行政區,否,否,15000000.0,1985,有限公司,Y,1,433111,水電工程
94811811,,信成機車行,花蓮縣花蓮市主農里中原路３６５號,花蓮縣,花蓮市,主農里,花蓮市一般行政區,否,否,3000.0,1982,獨資,Y,1,451099,其他商品批發經紀
93520667,50790078,新雨有限公司花蓮中原分公司,花蓮縣花蓮市主農里中原路３６９號１樓,花蓮縣,花蓮市,主農里,花蓮市一般行政區,否,否,0.0,2023,本國公司設立之分公司,Y,1,782000,人力供應
85061858,,德力邦管理顧問股份有限公司,花蓮縣花蓮市主農里中原路３６９號２樓,花蓮縣,花蓮市,主農里,花蓮市一般行政區,否,否,5000000.0,2019,股份有限公司,Y,1,562012,團膳承包
70968566,,麥田麵工坊,花蓮縣花蓮市主農里中原路３７３號,花蓮縣,花蓮市,主農里,花蓮市一般行政區,否,否,50000.0,2000,獨資,N,0,472928,麵食品零售
94842315,,泰興電機行,花蓮縣花蓮市主農里中原路３７７號,花蓮縣,花蓮市,主農里,花蓮市一般行政區,否,否,10000.0,1984,獨資,Y,1,485299,未分類其他全新商品零售
78039240,,德儒興金香行,花蓮縣花蓮市主農里中原路３７９號,花蓮縣,花蓮市,主農里,花蓮市一般行政區,否,否,3000.0,1992,獨資,N,0,485212,宗教、喪葬用品零售
78854453,,慶明青菓行,花蓮縣花蓮市主農里中原路３８１號１樓,花蓮縣,花蓮市,主農里,花蓮市一般行政區,否,否,450000.0,1994,獨資,N,0,472112,水果零售
27861086,,正韋電氣工程有限公司,花蓮縣花蓮市主農里中原路３８９號,花蓮縣,花蓮市,主農里,花蓮市一般行政區,否,否,10000000.0,2005,有限公司,Y,1,433112,電路工程
76957643,,佳皇便利商店,花蓮縣花蓮市主農里中原路３９１號,花蓮縣,花蓮市,主農里,花蓮市一般行政區,否,否,30000.0,1990,獨資,N,0,472913,菸酒零售
93056555,,凱薩企業社,花蓮縣花蓮市主農里中原路４１１號１樓,花蓮縣,花蓮市,主農里,花蓮市一般行政區,否,否,50000.0,2024,獨資,N,0,932999,未分類其他娛樂及休閒服務
78845286,,銘德行,花蓮縣花蓮市主農里中原路４１３號１樓,花蓮縣,花蓮市,主農里,花蓮市一般行政區,否,否,20000.0,1993,獨資,Y,1,474115,家用排油煙機零售
87353634,,馨享食成膳食坊,花蓮縣花蓮市主農里中原路４３７號１樓,花蓮縣,花蓮市,主農里,花蓮市一般行政區,否,否,180000.0,2021,獨資,N,0,561115,餐廳
41465880,,馨心商行,花蓮縣花蓮市主農里中原路４３９號１樓,花蓮縣,花蓮市,主農里,花蓮市一般行政區,否,否,180000.0,2016,獨資,Y,1,562099,其他外燴及團膳承包
13971915,,中原農莊花園,花蓮縣花蓮市主農里中原路４５號,花蓮縣,花蓮市,主農里,花蓮市一般行政區,否,否,5000.0,2002,獨資,N,0,485111,切花、盆栽零售
61457032,,螺將軍螺絲粉專賣店,花蓮縣花蓮市主農里中原路５１３號１樓,花蓮縣,花蓮市,主農里,花蓮市一般行政區,否,否,50000.0,2026,獨資,N,0,561113,麵店、小吃店
92537991,,旭沐代辦行,花蓮縣花蓮市主農里中原路５１５號１樓,花蓮縣,花蓮市,主農里,花蓮市一般行政區,否,否,100000.0,2023,獨資,N,0,969099,未分類其他個人服務
85211081,,伍壹玖吧美式餐酒館,花蓮縣花蓮市主農里中原路５１９號,花蓮縣,花蓮市,主農里,花蓮市一般行政區,否,否,150000.0,2020,獨資,N,0,563114,飲酒店
95208037,,品福軒小吃店,花蓮縣花蓮市主農里中原路５２３號１樓,花蓮縣,花蓮市,主農里,花蓮市一般行政區,否,否,50000.0,2024,獨資,N,0,561113,麵店、小吃店
26507046,,大力檳榔,花蓮縣花蓮市主農里中原路５２５號,花蓮縣,花蓮市,主農里,花蓮市一般行政區,否,否,3000.0,2010,獨資,N,0,472936,檳榔零售
70969875,,攤販－蘇正舜,花蓮縣花蓮市主農里中原路６３６號前面,花蓮縣,花蓮市,主農里,花蓮市一般行政區,否,否,3000.0,2000,獨資,N,0,561200,餐食攤販
13961276,,親親檳榔,花蓮縣花蓮市主農里中正路１０號前,花蓮縣,花蓮市,主農里,花蓮市一般行政區,否,否,3000.0,2001,獨資,N,0,472936,檳榔零售
94142501,,宏家食品行,花蓮縣花蓮市主農里中正路１０５號,花蓮縣,花蓮市,主農里,花蓮市一般行政區,否,否,3000.0,1977,獨資,N,0,472999,未分類其他食品、飲料及菸草製品零售
86116851,,易諏企業有限公司,花蓮縣花蓮市主農里中正路１０６號―樓,花蓮縣,花蓮市,主農里,花蓮市一般行政區,否,否,2000000.0,1991,有限公司,Y,1,465311,汽車零件、汽車百貨批發
85205481,,阿布廚坊企業社,花蓮縣花蓮市主農里中正路１０９號１樓,花蓮縣,花蓮市,主農里,花蓮市一般行政區,否,否,200000.0,2019,獨資,N,0,472922,西點麵包零售
92636535,,廣達工程行,花蓮縣花蓮市主農里中正路１１０巷１５號１樓,花蓮縣,花蓮市,主農里,花蓮市一般行政區,否,否,200000.0,2023,獨資,Y,1,434012,油漆粉刷、壁飾（紙）黏貼工程
19534862,,宏泰資訊,花蓮縣花蓮市主農里中正路１１０巷１６號,花蓮縣,花蓮市,主農里,花蓮市一般行政區,否,否,100000.0,1996,獨資,Y,1,483111,電腦及電腦週邊設備零售
41012959,,宏鉅企業社,花蓮縣花蓮市主農里中正路１１０巷２６號１樓,花蓮縣,花蓮市,主農里,花蓮市一般行政區,否,否,200000.0,2015,獨資,Y,1,340015,電力機械器材及設備維修及安裝
26149739,,國光民宿,花蓮縣花蓮市主農里中正路１１０巷２８號,花蓮縣,花蓮市,主農里,花蓮市一般行政區,否,否,30000.0,2009,獨資,N,0,551013,民宿
58635902,,翔賀機械起重有限公司,花蓮縣花蓮市主農里中正路１１０巷３弄３號１樓,花蓮縣,花蓮市,主農里,花蓮市一般行政區,否,否,12000000.0,2017,有限公司,Y,1,439014,起重工程
93052093,,羽勁機械工程行,花蓮縣花蓮市主農里中正路１１０巷３弄３號１樓,花蓮縣,花蓮市,主農里,花蓮市一般行政區,否,否,240000.0,2024,獨資,Y,1,439099,未分類其他專門營造
10058992,,廣鑫環境企業社,花蓮縣花蓮市主農里中正路１１０巷３弄３號２樓,花蓮縣,花蓮市,主農里,花蓮市一般行政區,否,否,490000.0,2007,獨資,Y,1,712100,環境檢測服務
82181280,,火鍋先生小吃店,花蓮縣花蓮市主農里中正路１１０巷３弄９號１樓,花蓮縣,花蓮市,主農里,花蓮市一般行政區,否,否,200000.0,2019,獨資,N,0,561113,麵店、小吃店
80253456,,宜珈營造有限公司,花蓮縣花蓮市主農里中正路１１０巷７弄１３號,花蓮縣,花蓮市,主農里,花蓮市一般行政區,否,否,3600000.0,2002,有限公司,Y,1,439099,未分類其他專門營造
29308555,,國峰裝潢工作室,花蓮縣花蓮市主農里中正路１１０巷７弄５號１樓,花蓮縣,花蓮市,主農里,花蓮市一般行政區,否,否,200000.0,2004,獨資,N,0,434011,室內裝潢工程
34945077,,正義電子材料行,花蓮縣花蓮市主農里中正路１１３―２號１樓,花蓮縣,花蓮市,主農里,花蓮市一般行政區,否,否,230000.0,2010,獨資,Y,1,474199,其他家用電器零售
70962079,,龍城燒腊店,花蓮縣花蓮市主農里中正路１１３－１號,花蓮縣,花蓮市,主農里,花蓮市一般行政區,否,否,3000.0,1999,獨資,N,0,561113,麵店、小吃店
64806354,,松月軒餅舖,花蓮縣花蓮市主農里中正路１１４號,花蓮縣,花蓮市,主農里,花蓮市一般行政區,否,否,3000.0,1988,獨資,N,0,472921,糖果餅乾零售
41011059,,采印企業社,花蓮縣花蓮市主農里中正路１１９巷１弄９號１樓,花蓮縣,花蓮市,主農里,花蓮市一般行政區,否,否,120000.0,2014,獨資,N,0,820300,影印服務
62236086,,達可印整合有限公司,花蓮縣花蓮市主農里中正路１１９巷１弄９號１樓,花蓮縣,花蓮市,主農里,花蓮市一般行政區,否,否,300000.0,2026,有限公司,Y,1,731099,其他廣告服務
61394332,,花蓮藥局,花蓮縣花蓮市主農里中正路１２３號,花蓮縣,花蓮市,主農里,花蓮市一般行政區,否,否,10000.0,2026,獨資,Y,1,451099,其他商品批發經紀
95212503,,基業漁行,花蓮縣花蓮市主農里中正路１２５巷１１號,花蓮縣,花蓮市,主農里,花蓮市一般行政區,否,否,100000.0,2025,獨資,N,0,454314,農產品（魚）批發市場承銷
60248369,,尹業漁行,花蓮縣花蓮市主農里中正路１２５巷１８號,花蓮縣,花蓮市,主農里,花蓮市一般行政區,否,否,100000.0,2025,獨資,N,0,472311,水產品零售
93055373,,翊辰企業社,花蓮縣花蓮市主農里中正路１２６號,花蓮縣,花蓮市,主農里,花蓮市一般行政區,否,否,200000.0,2024,獨資,Y,1,472999,未分類其他食品、飲料及菸草製品零售
72848666,,鋐盛企業社,花蓮縣花蓮市主農里中正路１２７號,花蓮縣,花蓮市,主農里,花蓮市一般行政區,否,否,100000.0,2018,獨資,Y,1,433111,水電工程
94729756,,江太太牛肉麵店,花蓮縣花蓮市主農里中正路１２８號,花蓮縣,花蓮市,主農里,花蓮市一般行政區,否,否,5000.0,1977,獨資,N,0,561113,麵店、小吃店
72847006,,胡楊牛肉麪食坊,花蓮縣花蓮市主農里中正路１２９號１樓,花蓮縣,花蓮市,主農里,花蓮市一般行政區,否,否,30000.0,2018,獨資,N,0,561113,麵店、小吃店
21548841,,創奕科技實業,花蓮縣花蓮市主農里中正路１３２號１樓,花蓮縣,花蓮市,主農里,花蓮市一般行政區,否,否,3000000.0,2005,合夥,Y,1,433112,電路工程
82180563,,勁豐車業,花蓮縣花蓮市主農里中正路１３４號１樓,花蓮縣,花蓮市,主農里,花蓮市一般行政區,否,否,200000.0,2019,獨資,Y,1,484211,全新機車零售
43268105,97161500,富利餐飲股份有限公司花蓮中正外送分公司,花蓮縣花蓮市主農里中正路１４０號,花蓮縣,花蓮市,主農里,花蓮市一般行政區,否,否,0.0,2016,本國公司設立之分公司,Y,1,561114,連鎖速食店
87514723,41463150,明月洋酒中正店,花蓮縣花蓮市主農里中正路１４６號１樓,花蓮縣,花蓮市,主農里,花蓮市一般行政區,否,否,0.0,2020,其他,Y,1,472913,菸酒零售
94807963,,新協昌汽車材料行,花蓮縣花蓮市主農里中正路１４８號,花蓮縣,花蓮市,主農里,花蓮市一般行政區,否,否,200000.0,1982,獨資,Y,1,484311,汽車零件、汽車百貨零售
37827427,,有限責任花蓮縣中正國民小學員生消費合作社,花蓮縣花蓮市主農里中正路２１０號,花蓮縣,花蓮市,主農里,花蓮市一般行政區,否,否,10000.0,2012,合作社,Y,1,471914,消費合作社
87345213,,照晹企業社,花蓮縣花蓮市主農里中正路２８巷２弄６號,花蓮縣,花蓮市,主農里,花蓮市一般行政區,否,否,200000.0,2020,獨資,Y,1,903018,燈光、舞台設計服務
94835742,,東湳釣具行,花蓮縣花蓮市主農里中正路２９號,花蓮縣,花蓮市,主農里,花蓮市一般行政區,否,否,5000.0,1984,獨資,N,0,476213,釣具零售
94775218,,張塔水果行,花蓮縣花蓮市主農里中正路３０號,花蓮縣,花蓮市,主農里,花蓮市一般行政區,否,否,5000.0,1980,獨資,N,0,472926,冰品零售
91588943,,采渝美學館,花蓮縣花蓮市主農里中正路３１號１樓,花蓮縣,花蓮市,主農里,花蓮市一般行政區,否,否,10000.0,2022,獨資,N,0,962299,其他美容美體服務
26788165,,晉良車業行,花蓮縣花蓮市主農里中正路３１４號１樓,花蓮縣,花蓮市,主農里,花蓮市一般行政區,否,否,240000.0,2011,獨資,Y,1,484211,全新機車零售
87352987,,蜜詩緹婚紗攝影工作室,花蓮縣花蓮市主農里中正路３２－１號１樓,花蓮縣,花蓮市,主農里,花蓮市一般行政區,否,否,100000.0,2021,獨資,N,0,760199,其他攝影
92638935,,金彌勒佛彩券行,花蓮縣花蓮市主農里中正路３６號１樓,花蓮縣,花蓮市,主農里,花蓮市一般行政區,否,否,50000.0,2023,獨資,N,0,920011,彩券銷售
92639152,,金財神發投注站,花蓮縣花蓮市主農里中正路３６號１樓,花蓮縣,花蓮市,主農里,花蓮市一般行政區,否,否,50000.0,2023,獨資,N,0,920011,彩券銷售
94776510,,展陞洗衣店,花蓮縣花蓮市主農里中正路３８號,花蓮縣,花蓮市,主農里,花蓮市一般行政區,否,否,3000.0,1980,獨資,N,0,961012,自助洗衣店
91595830,,三人羊肉爐,花蓮縣花蓮市主農里中正路４號,花蓮縣,花蓮市,主農里,花蓮市一般行政區,否,否,200000.0,2022,獨資,N,0,561113,麵店、小吃店
34889589,,銓能企業社,花蓮縣花蓮市主農里中正路４２巷８號１樓,花蓮縣,花蓮市,主農里,花蓮市一般行政區,否,否,200000.0,2010,獨資,Y,1,952100,電腦及其週邊設備維修
31794259,,易筋經養生館,花蓮縣花蓮市主農里中正路４３號１樓,花蓮縣,花蓮市,主農里,花蓮市一般行政區,否,否,50000.0,2013,獨資,N,0,969015,推拿按摩服務
78031417,,大鑫油漆行,花蓮縣花蓮市主農里中正路４７號１樓,花蓮縣,花蓮市,主農里,花蓮市一般行政區,否,否,500000.0,1991,獨資,Y,1,481011,漆料及塗料零售
10641258,,日安活力早餐,花蓮縣花蓮市主農里中正路４８號,花蓮縣,花蓮市,主農里,花蓮市一般行政區,否,否,5000.0,2008,獨資,N,0,561111,早餐店
91152906,,美學生活敘思花藝花店,花蓮縣花蓮市主農里中正路５０號１樓,花蓮縣,花蓮市,主農里,花蓮市一般行政區,否,否,50000.0,2021,獨資,N,0,485111,切花、盆栽零售
20066599,94174806,有限責任花蓮第二信用合作社中正分社,花蓮縣花蓮市主農里中正路５８號,花蓮縣,花蓮市,主農里,花蓮市一般行政區,否,否,0.0,1997,其他,N,0,641300,信用合作社
92642017,,東楊企業社,花蓮縣花蓮市主農里中正路６３巷４號,花蓮縣,花蓮市,主農里,花蓮市一般行政區,否,否,200000.0,2024,獨資,Y,1,487199,其他電子購物及郵購
53650523,22555003,統一超商股份有限公司花蓮縣第一八四分公司,花蓮縣花蓮市主農里中正路６５號１樓,花蓮縣,花蓮市,主農里,花蓮市一般行政區,否,否,0.0,2012,本國公司設立之分公司,Y,1,471113,加盟連鎖式便利商店（有商品進、銷貨行為）
83137158,,先登建設有限公司,花蓮縣花蓮市主農里中正路６５號１樓,花蓮縣,花蓮市,主農里,花蓮市一般行政區,否,否,12750000.0,2020,有限公司,Y,1,670012,不動產投資開發
90246820,,先登投資有限公司,花蓮縣花蓮市主農里中正路６５號２樓,花蓮縣,花蓮市,主農里,花蓮市一般行政區,否,否,5000000.0,2022,有限公司,Y,1,649911,投資有價證券
93048373,,日勻企業社,花蓮縣花蓮市主農里中正路７５號,花蓮縣,花蓮市,主農里,花蓮市一般行政區,否,否,249999.0,2024,獨資,N,0,563112,咖啡館
31792365,,鴻怡科技車業,花蓮縣花蓮市主農里中正路８７號,花蓮縣,花蓮市,主農里,花蓮市一般行政區,否,否,240000.0,2012,獨資,Y,1,959100,機車維修
67932116,,日昇冷氣工程行,花蓮縣花蓮市主農里中正路８８號１樓,花蓮縣,花蓮市,主農里,花蓮市一般行政區,否,否,3000.0,1998,獨資,N,0,952312,家用電器維修
93054557,,君安商行,花蓮縣花蓮市主農里中正路９４號１樓,花蓮縣,花蓮市,主農里,花蓮市一般行政區,否,否,60000.0,2024,獨資,N,0,472999,未分類其他食品、飲料及菸草製品零售
83094828,,鳳翔不動產有限公司,花蓮縣花蓮市主農里中正路９７號１樓,花蓮縣,花蓮市,主農里,花蓮市一般行政區,否,否,300000.0,2020,有限公司,Y,1,681211,不動產仲介
10626670,,國光沾醬雞排,花蓮縣花蓮市主農里中正路９８號１樓,花蓮縣,花蓮市,主農里,花蓮市一般行政區,否,否,3000.0,2008,獨資,N,0,561113,麵店、小吃店
31506927,,中園自助洗衣店,花蓮縣花蓮市主農里中正路９９號,花蓮縣,花蓮市,主農里,花蓮市一般行政區,否,否,100000.0,2011,獨資,N,0,961012,自助洗衣店
67931828,,天悅茶行,花蓮縣花蓮市主農里中順街１２２號,花蓮縣,花蓮市,主農里,花蓮市一般行政區,否,否,60000.0,1998,獨資,N,0,472915,茶葉零售
10091394,,阿里巴巴運動休閒民宿,花蓮縣花蓮市主農里中順街１３２號,花蓮縣,花蓮市,主農里,花蓮市一般行政區,否,否,50000.0,2007,獨資,N,0,551013,民宿
41464019,,田園記咖啡商行,花蓮縣花蓮市主農里中順街１４６號１樓,花蓮縣,花蓮市,主農里,花蓮市一般行政區,否,否,200000.0,2015,獨資,Y,1,563200,調理飲料攤販
85418180,,愛手作工坊,花蓮縣花蓮市主農里中順街１６號１樓,花蓮縣,花蓮市,主農里,花蓮市一般行政區,否,否,15000.0,2020,獨資,N,0,485217,手工藝品零售
50564947,,繡燕工作室,花蓮縣花蓮市主農里中順街４５巷１５弄９號２樓之３,花蓮縣,花蓮市,主農里,花蓮市一般行政區,否,否,3000.0,2016,獨資,N,0,740914,視覺傳達與平面設計
60248656,,匯川企業社,花蓮縣花蓮市主農里中順街４５巷１６號４樓之１０,花蓮縣,花蓮市,主農里,花蓮市一般行政區,否,否,200000.0,2025,獨資,Y,1,439012,模板工程
24207939,,誠泰清潔企業有限公司,花蓮縣花蓮市主農里中順街４５巷７號１樓,花蓮縣,花蓮市,主農里,花蓮市一般行政區,否,否,2000000.0,2008,有限公司,Y,1,812100,建築物一般清潔服務
08680917,,三和噴砂油漆工程行,花蓮縣花蓮市主農里中順街６１巷２８號１樓,花蓮縣,花蓮市,主農里,花蓮市一般行政區,否,否,1200000.0,2005,獨資,Y,1,434012,油漆粉刷、壁飾（紙）黏貼工程
20053692,,益立米店,花蓮縣花蓮市主農里中順街６２號１樓,花蓮縣,花蓮市,主農里,花蓮市一般行政區,否,否,316000.0,1997,獨資,Y,1,451099,其他商品批發經紀
16699066,,齊昱營造有限公司,花蓮縣花蓮市主農里中順街９９巷１３號１樓,花蓮縣,花蓮市,主農里,花蓮市一般行政區,否,否,5100000.0,1999,有限公司,Y,1,429099,未分類其他土木工程
10628847,,精彩水族中心,花蓮縣花蓮市主農里榮正街１７９號１樓,花蓮縣,花蓮市,主農里,花蓮市一般行政區,否,否,3000.0,2008,獨資,N,0,485220,寵物零售
49766425,,不足為奇故事工作室,花蓮縣花蓮市主農里福建街１０６巷３２號,花蓮縣,花蓮市,主農里,花蓮市一般行政區,否,否,50000.0,2017,獨資,N,0,932999,未分類其他娛樂及休閒服務
76953175,,大慶機車行,花蓮縣花蓮市主農里福建街１４號１樓,花蓮縣,花蓮市,主農里,花蓮市一般行政區,否,否,10000.0,1990,獨資,Y,1,484211,全新機車零售
30188396,,博贏投注站,花蓮縣花蓮市主農里福建街２３號１樓,花蓮縣,花蓮市,主農里,花蓮市一般行政區,否,否,50000.0,2009,獨資,N,0,920011,彩券銷售
72845751,,安潔企業社,花蓮縣花蓮市主農里福建街２３號１樓,花蓮縣,花蓮市,主農里,花蓮市一般行政區,否,否,1000000.0,2018,獨資,N,0,471999,未分類其他綜合商品零售
82181090,,成大企業社,花蓮縣花蓮市主農里福建街２３號１樓,花蓮縣,花蓮市,主農里,花蓮市一般行政區,否,否,240000.0,2019,獨資,N,0,959999,其他未分類個人及家庭用品維修
92090350,,泰揚機車行,花蓮縣花蓮市主農里福建街２４號１樓,花蓮縣,花蓮市,主農里,花蓮市一般行政區,否,否,50000.0,1994,獨資,N,0,959100,機車維修
60251125,,嬴䌆嗄阿姆工作室,花蓮縣花蓮市主農里福建街２６巷１４號,花蓮縣,花蓮市,主農里,花蓮市一般行政區,否,否,50000.0,2026,獨資,N,0,561200,餐食攤販
60250907,,帝凡車體工藝企業社,花蓮縣花蓮市主農里福建街２６巷４６號,花蓮縣,花蓮市,主農里,花蓮市一般行政區,否,否,200000.0,2026,獨資,Y,1,951200,汽車美容
95213171,,超湛室內裝修企業社,花蓮縣花蓮市主農里福建街２６巷７弄１４號１樓,花蓮縣,花蓮市,主農里,花蓮市一般行政區,否,否,240000.0,2025,合夥,Y,1,434011,室內裝潢工程
67943556,,坤展企業社,花蓮縣花蓮市主農里福建街２６巷７弄１６號１樓,花蓮縣,花蓮市,主農里,花蓮市一般行政區,否,否,200000.0,1998,獨資,Y,1,484311,汽車零件、汽車百貨零售
50741330,,圃美行,花蓮縣花蓮市主農里福建街２６巷９號１樓,花蓮縣,花蓮市,主農里,花蓮市一般行政區,否,否,100000.0,2017,獨資,N,0,012999,未分類其他畜牧
93051947,,四十五隻鳥工作室,花蓮縣花蓮市主農里福建街４５號１樓,花蓮縣,花蓮市,主農里,花蓮市一般行政區,否,否,200000.0,2024,獨資,N,0,472922,西點麵包零售
94780774,,信泰水電行,花蓮縣花蓮市主農里福建街４７號１樓,花蓮縣,花蓮市,主農里,花蓮市一般行政區,否,否,2000000.0,1980,獨資,Y,1,433111,水電工程
85353308,,勝利檳榔攤,花蓮縣花蓮市主農里福建街５６號騎樓,花蓮縣,花蓮市,主農里,花蓮市一般行政區,否,否,3000.0,2019,獨資,N,0,472936,檳榔零售
90025811,,聯登物業有限公司,花蓮縣花蓮市主農里福建街５８號１樓,花蓮縣,花蓮市,主農里,花蓮市一般行政區,否,否,2000000.0,2022,有限公司,Y,1,524100,停車場管理
66978057,,美那多民宿,花蓮縣花蓮市主農里福建街６４號,花蓮縣,花蓮市,主農里,花蓮市一般行政區,否,否,200000.0,2006,獨資,N,0,551013,民宿
31792837,,天山鹼性能量水卡接式淨水器,花蓮縣花蓮市主農里福建街６４號１樓,花蓮縣,花蓮市,主農里,花蓮市一般行政區,否,否,50000.0,2012,獨資,N,0,487911,以自動販賣機零售商品
93050882,,霖爸工程行,花蓮縣花蓮市主農里福建街６６巷２弄１號１樓,花蓮縣,花蓮市,主農里,花蓮市一般行政區,否,否,200000.0,2024,獨資,Y,1,431011,建築鋼架組立
72899215,,泰澤企業社,花蓮縣花蓮市主農里福建街７１巷１６號,花蓮縣,花蓮市,主農里,花蓮市一般行政區,否,否,50000.0,2018,獨資,N,0,487199,其他電子購物及郵購
10017640,,廷豐工程行,花蓮縣花蓮市主農里福建街７２巷１５號１樓,花蓮縣,花蓮市,主農里,花蓮市一般行政區,否,否,3000000.0,2007,獨資,Y,1,060099,未分類砂、石採取及其他礦業
82179931,,群達土木包工業,花蓮縣花蓮市主農里福建街７２巷１５號１樓,花蓮縣,花蓮市,主農里,花蓮市一般行政區,否,否,2000000.0,2019,獨資,Y,1,429099,未分類其他土木工程
72849383,,福享便利商店,花蓮縣花蓮市主農里福建街７６號１樓,花蓮縣,花蓮市,主農里,花蓮市一般行政區,否,否,150000.0,2018,獨資,Y,1,471913,雜貨店
26794820,,錦雀鳥園,花蓮縣花蓮市主農里福建街８１號１樓,花蓮縣,花蓮市,主農里,花蓮市一般行政區,否,否,3000.0,2012,獨資,N,0,485220,寵物零售
19534912,,承益行,花蓮縣花蓮市主農里福建街９２巷１３號,花蓮縣,花蓮市,主農里,花蓮市一般行政區,否,否,1000000.0,1996,獨資,Y,1,484311,汽車零件、汽車百貨零售
50589258,,巧緣民宿,花蓮縣花蓮市主農里福建街９２巷４２號,花蓮縣,花蓮市,主農里,花蓮市一般行政區,否,否,10000.0,2016,獨資,N,0,551013,民宿
60670696,,棉研國際貿易有限公司,花蓮縣花蓮市主農里福建街９２巷４８號１樓,花蓮縣,花蓮市,主農里,花蓮市一般行政區,否,否,300000.0,2025,有限公司,Y,1,473111,絲織、麻織、棉織、毛織品零售
94393730,,錦昌玻璃行,花蓮縣花蓮市主農里重慶路３１號,花蓮縣,花蓮市,主農里,花蓮市一般行政區,否,否,3000.0,1977,獨資,N,0,474926,玻璃器皿及餐具零售
15794416,,農林林業開發社,花蓮縣花蓮市主農里重慶路４５號１樓,花蓮縣,花蓮市,主農里,花蓮市一般行政區,否,否,3000000.0,2003,獨資,Y,1,020011,造林
50748679,,星月手作工作坊,花蓮縣花蓮市主農里重慶路４５號１樓,花蓮縣,花蓮市,主農里,花蓮市一般行政區,否,否,5000.0,2018,獨資,N,0,485111,切花、盆栽零售
82184673,,永家行,花蓮縣花蓮市主農里重慶路４７號１樓,花蓮縣,花蓮市,主農里,花蓮市一般行政區,否,否,10000.0,2019,獨資,N,0,472927,豆類製品零售
61361439,,花與月光樹與點點藝術工作坊,花蓮縣花蓮市主農里重慶路５５號１樓,花蓮縣,花蓮市,主農里,花蓮市一般行政區,否,否,100000.0,2025,合夥,N,0,859211,美術教學
93057647,,莯肌皮膚管理育髮美學,花蓮縣花蓮市主農里重慶路６１號１樓,花蓮縣,花蓮市,主農里,花蓮市一般行政區,否,否,100000.0,2024,獨資,N,0,962299,其他美容美體服務
41012326,,億長慈實業社,花蓮縣花蓮市主農里重慶路８２巷３號,花蓮縣,花蓮市,主農里,花蓮市一般行政區,否,否,200000.0,2014,獨資,Y,1,487213,多層次傳銷（佣金收入）
50742534,,蛙鳴實業社,花蓮縣花蓮市主農里重慶路８２巷３號１樓,花蓮縣,花蓮市,主農里,花蓮市一般行政區,否,否,200000.0,2017,合夥,N,0,472111,蔬菜零售
90263714,,羽之室內裝修設計工程有限公司,花蓮縣花蓮市主農里重慶路８２巷３號１樓,花蓮縣,花蓮市,主農里,花蓮市一般行政區,否,否,1000000.0,2022,有限公司,Y,1,434011,室內裝潢工程
34858740,,田地小館,花蓮縣花蓮市主農里重慶路９１號,花蓮縣,花蓮市,主農里,花蓮市一般行政區,否,否,3000.0,2010,獨資,N,0,561113,麵店、小吃店
37993776,,興龍飛企業社,花蓮縣花蓮市主農里重慶路９６號１樓,花蓮縣,花蓮市,主農里,花蓮市一般行政區,否,否,200000.0,2013,獨資,Y,1,484311,汽車零件、汽車百貨零售
30201709,,羅月桂創流音樂工作室,花蓮縣花蓮市主農里長安街３２號１樓,花蓮縣,花蓮市,主農里,花蓮市一般行政區,否,否,30000.0,2009,獨資,N,0,476314,樂器零售
93090337,,花蓮好山水商行,花蓮縣花蓮市主農里長安街４６巷１４號,花蓮縣,花蓮市,主農里,花蓮市一般行政區,否,否,50000.0,2023,獨資,N,0,487199,其他電子購物及郵購
41017103,,茂欣水電工程行,花蓮縣花蓮市主農里長安街４６巷２１―６號１樓,花蓮縣,花蓮市,主農里,花蓮市一般行政區,否,否,200000.0,2015,獨資,Y,1,433111,水電工程
62135947,,諾思國際生技有限公司,花蓮縣花蓮市主農里長安街４６巷２４號１樓,花蓮縣,花蓮市,主農里,花蓮市一般行政區,否,否,6000000.0,2026,有限公司,Y,1,472933,保健營養食品零售
91595418,,宅度假餐飲店,花蓮縣花蓮市主農里長安街４６巷３弄７－２號,花蓮縣,花蓮市,主農里,花蓮市一般行政區,否,否,200000.0,2022,獨資,N,0,561113,麵店、小吃店
60249682,,固得室內裝修工程行,花蓮縣花蓮市主農里長安街５７號,花蓮縣,花蓮市,主農里,花蓮市一般行政區,否,否,100000.0,2026,獨資,Y,1,434011,室內裝潢工程
94803489,,育群禽業行,花蓮縣花蓮市主農里長安街６６號,花蓮縣,花蓮市,主農里,花蓮市一般行政區,否,否,210000.0,1982,獨資,Y,1,454212,禽肉批發
16992033,,金連銘有限公司,花蓮縣花蓮市主農里長安街７６號,花蓮縣,花蓮市,主農里,花蓮市一般行政區,否,否,10000000.0,1999,有限公司,Y,1,469199,其他回收物料批發
41461408,,金鴻漁行,花蓮縣花蓮市主農里長安街８５―１號１樓,花蓮縣,花蓮市,主農里,花蓮市一般行政區,否,否,300000.0,2015,獨資,N,0,472311,水產品零售
94769095,,丸坤魚行,花蓮縣花蓮市主農里長安街８５之１號,花蓮縣,花蓮市,主農里,花蓮市一般行政區,否,否,248000.0,1980,獨資,N,0,454399,其他水產品批發
94828046,,祥志企業社,花蓮縣花蓮市主農里長春街３０號,花蓮縣,花蓮市,主農里,花蓮市一般行政區,否,否,50000.0,1983,獨資,N,0,485299,未分類其他全新商品零售
26673797,,小瑾工作坊,花蓮縣花蓮市主農里長春街３２巷２弄２６號,花蓮縣,花蓮市,主農里,花蓮市一般行政區,否,否,10000.0,2011,獨資,N,0,485217,手工藝品零售
13965744,,匯成代銷企業社,花蓮縣花蓮市主農里００１鄰中原路２５９號１樓,花蓮縣,花蓮市,主農里,花蓮市一般行政區,否,否,1000000.0,2002,合夥,Y,1,681211,不動產仲介
60685826,,匯鼎投資控股有限公司,花蓮縣花蓮市主農里００１鄰中原路２５９號１樓,花蓮縣,花蓮市,主農里,花蓮市一般行政區,否,否,1000000.0,2025,有限公司,N,0,649911,投資有價證券
94155786,,匯豐盛開發有限公司,花蓮縣花蓮市主農里００１鄰中原路２５９號１樓,花蓮縣,花蓮市,主農里,花蓮市一般行政區,否,否,10000000.0,2023,有限公司,Y,1,670012,不動產投資開發
27774365,,匯豐盛建設股份有限公司,花蓮縣花蓮市主農里００１鄰中原路２６３號２樓,花蓮縣,花蓮市,主農里,花蓮市一般行政區,否,否,20000000.0,2005,股份有限公司,Y,1,670012,不動產投資開發
83500163,,匯豐盛投資開發有限公司,花蓮縣花蓮市主農里００１鄰中原路２６３號２樓,花蓮縣,花蓮市,主農里,花蓮市一般行政區,否,否,15000000.0,2020,有限公司,Y,1,670012,不動產投資開發
90870653,,登峰投資開發有限公司,花蓮縣花蓮市主農里００１鄰中原路２６３號２樓,花蓮縣,花蓮市,主農里,花蓮市一般行政區,否,否,9500000.0,2021,有限公司,Y,1,670012,不動產投資開發
94155792,,匯豐盛地產有限公司,花蓮縣花蓮市主農里００１鄰中原路２６３號２樓,花蓮縣,花蓮市,主農里,花蓮市一般行政區,否,否,15000000.0,2023,有限公司,Y,1,670012,不動產投資開發
95210694,,岱恩雞排店,花蓮縣花蓮市主農里００１鄰中正路１１號,花蓮縣,花蓮市,主農里,花蓮市一般行政區,否,否,200000.0,2025,獨資,N,0,561113,麵店、小吃店
91159529,,章宇醉雞,花蓮縣花蓮市主農里００１鄰中正路２５號２樓,花蓮縣,花蓮市,主農里,花蓮市一般行政區,否,否,128000.0,2022,獨資,N,0,487114,經營網路購物（食品、飲料類商品）
60249450,,輝凡企業社,花蓮縣花蓮市主農里００１鄰中正路２７―１號１樓,花蓮縣,花蓮市,主農里,花蓮市一般行政區,否,否,50000.0,2026,獨資,N,0,485218,雕塑品零售
83698361,,睿泰車業有限公司,花蓮縣花蓮市主農里００１鄰中正路３５號,花蓮縣,花蓮市,主農里,花蓮市一般行政區,否,否,3000000.0,2020,有限公司,Y,1,484211,全新機車零售
42965949,,石光設計股份有限公司,花蓮縣花蓮市主農里００１鄰中正路４７―１號,花蓮縣,花蓮市,主農里,花蓮市一般行政區,否,否,1000000.0,2018,股份有限公司,Y,1,469916,礦物（寶石除外）批發
87513203,,園邸,花蓮縣花蓮市主農里００１鄰中正路４７－７號３樓,花蓮縣,花蓮市,主農里,花蓮市一般行政區,否,否,100000.0,2020,獨資,N,0,969017,紋身、紋眉服務
64819457,,立揚企業社,花蓮縣花蓮市主農里００２鄰中正路６３巷１５號１樓,花蓮縣,花蓮市,主農里,花蓮市一般行政區,否,否,1000000.0,1989,獨資,Y,1,410012,鐵皮屋搭建
82176126,,謙杰土木包工業,花蓮縣花蓮市主農里００２鄰中正路６３巷１８號１樓,花蓮縣,花蓮市,主農里,花蓮市一般行政區,否,否,1000000.0,2018,獨資,Y,1,429099,未分類其他土木工程
59077927,,島人國際創意整合有限公司,花蓮縣花蓮市主農里００２鄰中正路６３巷３號１樓,花蓮縣,花蓮市,主農里,花蓮市一般行政區,否,否,200000.0,2018,有限公司,Y,1,820211,會議籌辦
15788224,,雅柏美容美體養生館,花蓮縣花蓮市主農里００２鄰中正路７３號１樓,花蓮縣,花蓮市,主農里,花蓮市一般行政區,否,否,5000.0,2003,獨資,N,0,962111,美髮院及髮廊
92535282,,成樺商行,花蓮縣花蓮市主農里００２鄰中正路８１號１樓,花蓮縣,花蓮市,主農里,花蓮市一般行政區,否,否,200000.0,2023,獨資,N,0,561113,麵店、小吃店
10087928,,高橋動物醫院,花蓮縣花蓮市主農里００２鄰中正路９１號,花蓮縣,花蓮市,主農里,花蓮市一般行政區,否,否,50000.0,2005,獨資,N,0,485221,寵物用品零售
42090952,,高橋犬貓友善動物醫院,花蓮縣花蓮市主農里００２鄰中正路９１號,花蓮縣,花蓮市,主農里,花蓮市一般行政區,否,否,50000.0,2015,獨資,N,0,485221,寵物用品零售
41009841,,洪雞安心雞肉商號,花蓮縣花蓮市主農里００２鄰福建街６號１樓,花蓮縣,花蓮市,主農里,花蓮市一般行政區,否,否,3000.0,2014,獨資,N,0,472212,禽肉零售
56681470,,佳寬建設股份有限公司,花蓮縣花蓮市主農里００２鄰重慶路１號,花蓮縣,花蓮市,主農里,花蓮市一般行政區,否,否,10000000.0,2017,股份有限公司,Y,1,670012,不動產投資開發
91012928,,孜姿有限公司,花蓮縣花蓮市主農里００３鄰中正路１０３號１樓,花蓮縣,花蓮市,主農里,花蓮市一般行政區,否,否,1000000.0,2021,有限公司,Y,1,681112,自有不動產租賃
82951175,82809277,東森寵物雲股份有限公司花蓮中正分公司,花蓮縣花蓮市主農里００３鄰中正路１２１號,花蓮縣,花蓮市,主農里,花蓮市一般行政區,否,否,0.0,2019,本國公司設立之分公司,Y,1,469922,寵物用品批發
85208950,,好叔叔現烤甜甜圈,花蓮縣花蓮市主農里００６鄰中原路３２５號１樓,花蓮縣,花蓮市,主農里,花蓮市一般行政區,否,否,50000.0,2019,獨資,N,0,472922,西點麵包零售
37962422,,幸福滿屋渡假民宿,花蓮縣花蓮市主農里００６鄰重慶路７３號,花蓮縣,花蓮市,主農里,花蓮市一般行政區,否,否,100000.0,2013,獨資,N,0,551013,民宿
93631869,,立欣建設有限公司,花蓮縣花蓮市主農里００７鄰長安街４６巷１７號１樓,花蓮縣,花蓮市,主農里,花蓮市一般行政區,否,否,30000000.0,2024,有限公司,Y,1,670012,不動產投資開發
91591790,,宇淞企業社,花蓮縣花蓮市主農里００９鄰長安街１０―４號１樓,花蓮縣,花蓮市,主農里,花蓮市一般行政區,否,否,700000.0,2022,獨資,Y,1,432000,庭園景觀工程
60736894,93611218,易恆股份有限公司中正店分公司,花蓮縣花蓮市主農里０１０鄰中正路７８號１樓,花蓮縣,花蓮市,主農里,花蓮市一般行政區,否,否,0.0,2025,本國公司設立之分公司,Y,1,563115,手搖飲店
09959397,,川記麵食小吃店,花蓮縣花蓮市主農里０１０鄰中正路８４號１樓,花蓮縣,花蓮市,主農里,花蓮市一般行政區,否,否,10000.0,2006,獨資,N,0,561113,麵店、小吃店
92639174,,正成工程行,花蓮縣花蓮市主農里０１１鄰長春街１４號１樓,花蓮縣,花蓮市,主農里,花蓮市一般行政區,否,否,200000.0,2023,獨資,Y,1,254911,金屬裁剪、焊接處理
91594831,,優傢居企業社,花蓮縣花蓮市主農里０１１鄰長春街３２巷２弄１９號１樓,花蓮縣,花蓮市,主農里,花蓮市一般行政區,否,否,200000.0,2022,獨資,Y,1,474213,廚櫃零售
93691578,,又一空間設計有限公司,花蓮縣花蓮市主農里０１１鄰長春街３２巷２弄２０號,花蓮縣,花蓮市,主農里,花蓮市一般行政區,否,否,200000.0,2024,有限公司,Y,1,740100,室內設計
93054851,,大郡工程行,花蓮縣花蓮市主農里０１４鄰福建街１２巷３２號１樓,花蓮縣,花蓮市,主農里,花蓮市一般行政區,否,否,150000.0,2024,獨資,Y,1,433211,冷凍、通風、空調系統裝修工程
41011902,,立淨消毒除蟲企業社,花蓮縣花蓮市主農里０１４鄰福建街２號１樓,花蓮縣,花蓮市,主農里,花蓮市一般行政區,否,否,200000.0,2014,獨資,Y,1,812911,病媒防治服務
60246550,,固築工程行,花蓮縣花蓮市主農里０１５鄰長安街８１―１號１樓,花蓮縣,花蓮市,主農里,花蓮市一般行政區,否,否,248000.0,2025,獨資,Y,1,429099,未分類其他土木工程
82177167,,達民企業,花蓮縣花蓮市主農里０１５鄰長安街８１―１號１樓,花蓮縣,花蓮市,主農里,花蓮市一般行政區,否,否,2000000.0,2018,獨資,Y,1,439013,工作平台搭建工程
40988707,,川流不息民宿,花蓮縣花蓮市主農里０１７鄰長安街２─３號,花蓮縣,花蓮市,主農里,花蓮市一般行政區,否,否,100000.0,2014,獨資,N,0,551013,民宿
60249331,,泰源鋒水電企業社,花蓮縣花蓮市主農里０１７鄰長春街９號１樓,花蓮縣,花蓮市,主農里,花蓮市一般行政區,否,否,100000.0,2026,獨資,Y,1,433111,水電工程
62059194,,絜羽創意有限公司,花蓮縣花蓮市主農里０１８鄰中順街１０５號１樓,花蓮縣,花蓮市,主農里,花蓮市一般行政區,否,否,100000.0,2026,有限公司,Y,1,902013,音樂表演
82179192,,食萬伏特早午餐,花蓮縣花蓮市主農里０１８鄰中順街１０５號１樓,花蓮縣,花蓮市,主農里,花蓮市一般行政區,否,否,5000.0,2019,獨資,N,0,561115,餐廳
41485318,,甜可養生甜品,花蓮縣花蓮市主農里０２０鄰榮正街１２５巷２號１樓,花蓮縣,花蓮市,主農里,花蓮市一般行政區,否,否,3000.0,2015,獨資,N,0,563199,其他飲料店
93051073,,津宸企業社,花蓮縣花蓮市主農里０２２鄰中正路１１０巷５弄８―３號,花蓮縣,花蓮市,主農里,花蓮市一般行政區,否,否,240000.0,2024,獨資,Y,1,903018,燈光、舞台設計服務
42584553,,凱拉有限公司,花蓮縣花蓮市主農里０２２鄰中正路１１２號,花蓮縣,花蓮市,主農里,花蓮市一般行政區,否,否,200000.0,2015,有限公司,Y,1,475299,其他化粧品零售
24628896,,葛若莉股份有限公司,花蓮縣花蓮市主農里０２２鄰中正路１１２號１樓,花蓮縣,花蓮市,主農里,花蓮市一般行政區,否,否,1000000.0,2014,股份有限公司,Y,1,475299,其他化粧品零售
87351349,,東灞車業,花蓮縣花蓮市主農里０２２鄰中正路１２０號１樓,花蓮縣,花蓮市,主農里,花蓮市一般行政區,否,否,200000.0,2021,獨資,Y,1,484211,全新機車零售
53612275,,亞捷健康管理顧問股份有限公司,花蓮縣花蓮市主農里０２２鄰中順街１５１號１樓,花蓮縣,花蓮市,主農里,花蓮市一般行政區,否,否,3000000.0,2011,股份有限公司,Y,1,931219,健身中心
54980038,,昭明亞特運動休閒科技有限公司,花蓮縣花蓮市主農里０２２鄰中順街１５１號１樓,花蓮縣,花蓮市,主農里,花蓮市一般行政區,否,否,100000.0,2019,有限公司,Y,1,869916,居家護理機構
09636550,,全可企業社,花蓮縣花蓮市主農里０２２鄰德安六街１號１樓,花蓮縣,花蓮市,主農里,花蓮市一般行政區,否,否,450000.0,2006,獨資,Y,1,456999,未分類其他家用器具及用品批發
34889700,,富崴工程行,花蓮縣花蓮市主農里０２３鄰中正路８９巷１３號１樓,花蓮縣,花蓮市,主農里,花蓮市一般行政區,否,否,1500000.0,2010,獨資,Y,1,432000,庭園景觀工程
92640073,,花蓮彫良刺青,花蓮縣花蓮市主農里０３２鄰福建街３０號１樓,花蓮縣,花蓮市,主農里,花蓮市一般行政區,否,否,50000.0,2023,獨資,N,0,969017,紋身、紋眉服務
09804459,,華辰文教企業社,花蓮縣花蓮市主農里０３２鄰福建街３２―１號１樓,花蓮縣,花蓮市,主農里,花蓮市一般行政區,否,否,168000.0,2007,獨資,Y,1,458112,書籍、雜誌批發
85209228,,加家食堂,花蓮縣花蓮市主農里０３２鄰福建街３２―１號１樓,花蓮縣,花蓮市,主農里,花蓮市一般行政區,否,否,100000.0,2019,獨資,N,0,561115,餐廳
91590933,,滿溢工程行,花蓮縣花蓮市主農里０３２鄰福建街３２―１號１樓,花蓮縣,花蓮市,主農里,花蓮市一般行政區,否,否,228000.0,2022,獨資,Y,1,433212,管道工程
94668738,,煌盛托運行,花蓮縣花蓮市主農里０３５鄰長春街６２號,花蓮縣,花蓮市,主農里,花蓮市一般行政區,否,否,48000.0,1976,獨資,N,0,529099,未分類其他運輸輔助
60246685,,程家食堂,花蓮縣花蓮市主農里０３５鄰長春街６６號１樓,花蓮縣,花蓮市,主農里,花蓮市一般行政區,否,否,10000.0,2025,獨資,N,0,561113,麵店、小吃店
87350340,,富士環保企業社,花蓮縣花蓮市主農里０３５鄰長春街６６號１樓,花蓮縣,花蓮市,主農里,花蓮市一般行政區,否,否,5000000.0,2020,獨資,Y,1,812100,建築物一般清潔服務
50743626,,傑立工程行,花蓮縣花蓮市主農里０３６鄰中順街５６巷３號１樓,花蓮縣,花蓮市,主農里,花蓮市一般行政區,否,否,200000.0,2017,獨資,Y,1,429099,未分類其他土木工程
91598457,,辰鑫工程行,花蓮縣花蓮市主農里０３６鄰中順街９８號１樓,花蓮縣,花蓮市,主農里,花蓮市一般行政區,否,否,200000.0,2023,獨資,Y,1,433211,冷凍、通風、空調系統裝修工程
60253284,,民意工程行,花蓮縣花蓮市主農里０３７鄰長安街２６號１０樓之９,花蓮縣,花蓮市,主農里,花蓮市一般行政區,否,否,500000.0,2026,獨資,Y,1,410011,房屋修繕
24361290,,佳典工程股份有限公司,花蓮縣花蓮市主農里０３７鄰長安街２６號１２樓之１,花蓮縣,花蓮市,主農里,花蓮市一般行政區,否,否,10000000.0,2009,股份有限公司,Y,1,433212,管道工程
90892729,,莉思蘿生物有限公司,花蓮縣花蓮市主農里０３７鄰長安街２６號１２樓之２,花蓮縣,花蓮市,主農里,花蓮市一般行政區,否,否,1000000.0,2021,有限公司,Y,1,475211,洗髮精、潤髮精零售
93049871,,炎馬影像工作室,花蓮縣花蓮市主農里０３７鄰長安街２６號１３樓之８,花蓮縣,花蓮市,主農里,花蓮市一般行政區,否,否,150000.0,2024,獨資,Y,1,591199,其他影片及電視節目製作
60496803,,蒔雨設計室內裝修有限公司,花蓮縣花蓮市主農里０３７鄰長安街２７號１５樓之５,花蓮縣,花蓮市,主農里,花蓮市一般行政區,否,否,200000.0,2025,有限公司,Y,1,434011,室內裝潢工程
82182020,,姿女夷美容美體工作室,花蓮縣花蓮市主農里０３７鄰長安街２７號６樓之５,花蓮縣,花蓮市,主農里,花蓮市一般行政區,否,否,50000.0,2019,獨資,N,0,962299,其他美容美體服務
31790129,,天悅工程行,花蓮縣花蓮市主農里０４０鄰中順街１２２號１樓,花蓮縣,花蓮市,主農里,花蓮市一般行政區,否,否,2000000.0,2012,獨資,Y,1,429099,未分類其他土木工程
90499606,,天悅營造有限公司,花蓮縣花蓮市主農里０４０鄰中順街１２２號１樓,花蓮縣,花蓮市,主農里,花蓮市一般行政區,否,否,12000000.0,2021,有限公司,Y,1,439099,未分類其他專門營造
87351306,,翰霖消防,花蓮縣花蓮市主農里０４０鄰長春街４７號,花蓮縣,花蓮市,主農里,花蓮市一般行政區,否,否,1000.0,2021,獨資,Y,1,464913,消防設備批發
95191985,,小僧彫刺青,花蓮縣花蓮市主農里０４１鄰長春街１７號,花蓮縣,花蓮市,主農里,花蓮市一般行政區,否,否,30000.0,2024,獨資,N,0,969017,紋身、紋眉服務
85213335,,金鴻運動用品社,花蓮縣花蓮市主農里０４２鄰中順街４５巷１６號３樓之９,花蓮縣,花蓮市,主農里,花蓮市一般行政區,否,否,30000.0,2019,獨資,N,0,487199,其他電子購物及郵購
61456441,,合菱冷氣工程行,花蓮縣花蓮市主農里０４２鄰中順街４５巷１６號４樓之６,花蓮縣,花蓮市,主農里,花蓮市一般行政區,否,否,100000.0,2026,獨資,Y,1,474113,家用空調設備及其零件零售
91150885,,風海設計,花蓮縣花蓮市主農里０４２鄰中順街４５巷１６號５樓之１３,花蓮縣,花蓮市,主農里,花蓮市一般行政區,否,否,30000.0,2021,獨資,N,0,731011,廣告代理商
53060913,,杏嘉顧問有限公司,花蓮縣花蓮市主農里１鄰中正路３號,花蓮縣,花蓮市,主農里,花蓮市一般行政區,否,否,500000.0,2010,有限公司,Y,1,969099,未分類其他個人服務
66962626,,金杏林中藥房,花蓮縣花蓮市主農里１鄰中正路３７號１樓,花蓮縣,花蓮市,主農里,花蓮市一般行政區,否,否,3000.0,2006,獨資,N,0,475111,中藥零售
78854284,,超吉實業社,花蓮縣花蓮市主農里１鄰中正路４７―１１號１樓,花蓮縣,花蓮市,主農里,花蓮市一般行政區,否,否,200000.0,1994,獨資,Y,1,812100,建築物一般清潔服務
70964604,,裕友電器行,花蓮縣花蓮市主農里１鄰中正路５號１樓,花蓮縣,花蓮市,主農里,花蓮市一般行政區,否,否,1110000.0,1999,獨資,Y,1,474199,其他家用電器零售
94832864,,虹藝禮品社,花蓮縣花蓮市主農里１０鄰中原路４４１號１樓,花蓮縣,花蓮市,主農里,花蓮市一般行政區,否,否,50000.0,1984,獨資,N,0,485299,未分類其他全新商品零售
20065445,94186401,有限責任花蓮第一信用合作社國光簡易型分社,花蓮縣花蓮市主農里１０鄰中正路３２號,花蓮縣,花蓮市,主農里,花蓮市一般行政區,否,否,0.0,1997,其他,N,0,641300,信用合作社
31791577,,誠心誠意小吃店,花蓮縣花蓮市主農里１０鄰中正路７２號１樓,花蓮縣,花蓮市,主農里,花蓮市一般行政區,否,否,200000.0,2012,獨資,Y,1,561113,麵店、小吃店
31793630,,永旭樂活館,花蓮縣花蓮市主農里１０鄰中正路８２號１樓,花蓮縣,花蓮市,主農里,花蓮市一般行政區,否,否,20000.0,2013,獨資,Y,1,681112,自有不動產租賃
12772136,,台宙營造有限公司,花蓮縣花蓮市主農里１１鄰長春街３２巷２弄３０號,花蓮縣,花蓮市,主農里,花蓮市一般行政區,否,否,38000000.0,2001,有限公司,Y,1,439012,模板工程
53623527,,台灣滑動有限公司,花蓮縣花蓮市主農里１１鄰長春街３２巷２弄３０號１樓,花蓮縣,花蓮市,主農里,花蓮市一般行政區,否,否,10000000.0,2011,有限公司,Y,1,454920,保健營養食品批發
76957600,,合順土木包工業,花蓮縣花蓮市主農里１２鄰福建街３７號,花蓮縣,花蓮市,主農里,花蓮市一般行政區,否,否,1000000.0,1990,獨資,Y,1,429099,未分類其他土木工程
10046167,,映達企業社,花蓮縣花蓮市主農里１３鄰福建街２６巷７弄１８號１樓,花蓮縣,花蓮市,主農里,花蓮市一般行政區,否,否,480000.0,2007,獨資,Y,1,484311,汽車零件、汽車百貨零售
99801138,,明榮堂中藥行,花蓮縣花蓮市主農里１３鄰福建街４８號１樓,花蓮縣,花蓮市,主農里,花蓮市一般行政區,否,否,66000.0,2004,獨資,N,0,475111,中藥零售
26126911,,後山中古家電,花蓮縣花蓮市主農里１４鄰福建街１０號１樓,花蓮縣,花蓮市,主農里,花蓮市一般行政區,否,否,5000.0,2009,獨資,N,0,952312,家用電器維修
42758006,,益暄有限公司,花蓮縣花蓮市主農里１６鄰中順街６２號１樓,花蓮縣,花蓮市,主農里,花蓮市一般行政區,否,否,5000000.0,2015,有限公司,Y,1,454999,未分類其他食品批發
30206562,,吉太工程行,花蓮縣花蓮市主農里１７鄰中正路２４號１樓,花蓮縣,花蓮市,主農里,花蓮市一般行政區,否,否,249000.0,2010,獨資,Y,1,429099,未分類其他土木工程
25062805,,高第國際藝術有限公司,花蓮縣花蓮市主農里１９鄰福建街２６巷１１號１樓,花蓮縣,花蓮市,主農里,花蓮市一般行政區,否,否,4500000.0,2009,有限公司,Y,1,461913,平板玻璃批發
78849656,,益成當舖,花蓮縣花蓮市主農里２鄰中正路８３號１樓,花蓮縣,花蓮市,主農里,花蓮市一般行政區,否,否,1500000.0,1994,獨資,N,0,649611,典當服務
90203322,22555003,統一超商股份有限公司花蓮縣第一四五分公司,花蓮縣花蓮市主農里２１鄰中正路１５６號１樓,花蓮縣,花蓮市,主農里,花蓮市一般行政區,否,否,0.0,2022,本國公司設立之分公司,Y,1,471112,直營連鎖式便利商店
78852130,,正和平街米苔目,花蓮縣花蓮市主農里２２鄰中正路１２２﹒１２４號,花蓮縣,花蓮市,主農里,花蓮市一般行政區,否,否,5000.0,1994,獨資,N,0,561113,麵店、小吃店
09616098,,勝利水電工程行,花蓮縣花蓮市主農里２２鄰福建街８３巷２弄３號１樓,花蓮縣,花蓮市,主農里,花蓮市一般行政區,否,否,490000.0,2006,獨資,Y,1,433111,水電工程
31790710,,慶彰企業,花蓮縣花蓮市主農里３２鄰福建街２８號１樓,花蓮縣,花蓮市,主農里,花蓮市一般行政區,否,否,200000.0,2012,獨資,Y,1,471114,加盟連鎖式便利商店（無商品進、銷貨行為）
09623083,,元順土木包工業,花蓮縣花蓮市主農里３６鄰中順街５６巷３號１樓,花蓮縣,花蓮市,主農里,花蓮市一般行政區,否,否,1000000.0,2006,獨資,Y,1,429099,未分類其他土木工程
10563730,,全星達耀企業,花蓮縣花蓮市主農里４鄰福建街７１巷９號１樓,花蓮縣,花蓮市,主農里,花蓮市一般行政區,否,否,200000.0,2008,獨資,Y,1,471114,加盟連鎖式便利商店（無商品進、銷貨行為）
37918664,,輕井澤民宿,花蓮縣花蓮市主農里６鄰重慶路７７號,花蓮縣,花蓮市,主農里,花蓮市一般行政區,否,否,100000.0,2012,獨資,N,0,551013,民宿
87433665,,从出一瓢味麵食堂,花蓮縣花蓮市仁愛街１０４巷１號,花蓮縣,花蓮市,市區其他未標示里,花蓮市一般行政區,否,否,100000.0,2020,獨資,N,0,561113,麵店、小吃店
87433659,,糜粖粥房,花蓮縣花蓮市仁愛街１０４巷３號,花蓮縣,花蓮市,市區其他未標示里,花蓮市一般行政區,否,否,88000.0,2020,獨資,N,0,561113,麵店、小吃店
87433671,,蘭二　中式食創甜品店,花蓮縣花蓮市仁愛街１０４巷５號,花蓮縣,花蓮市,市區其他未標示里,花蓮市一般行政區,否,否,80000.0,2020,獨資,N,0,472922,西點麵包零售
20057515,,攤販,花蓮縣花蓮市仁愛街２０號右前側,花蓮縣,花蓮市,市區其他未標示里,花蓮市一般行政區,否,否,3000.0,1997,獨資,N,0,472936,檳榔零售
94217495,,歐納建設有限公司,花蓮縣花蓮市介林五街２５９號１樓,花蓮縣,花蓮市,市區其他未標示里,花蓮市一般行政區,否,否,2000000.0,2023,有限公司,Y,1,670012,不動產投資開發
57523921,,旭昇綠能源科技有限公司,花蓮縣花蓮市介林五街３６號一樓,花蓮縣,花蓮市,市區其他未標示里,花蓮市一般行政區,否,否,5000000.0,2017,有限公司,Y,1,433112,電路工程
18060726,,花崗亭小吃（８３６０８９０）,花蓮縣花蓮市公園路２３之４隔壁,花蓮縣,花蓮市,市區其他未標示里,花蓮市一般行政區,否,否,3000.0,2001,獨資,N,0,561200,餐食攤販
08154386,,有限責任花蓮縣立花崗國民中學員生消費合作社,花蓮縣花蓮市公園路４０號,花蓮縣,花蓮市,市區其他未標示里,花蓮市一般行政區,否,否,5000.0,2014,合作社,N,0,471914,消費合作社
30205389,,昱隆果菜行,花蓮縣花蓮市公有中山零售市場果菜類第４號攤位,花蓮縣,花蓮市,市區其他未標示里,花蓮市一般行政區,否,否,50000.0,2009,獨資,N,0,454115,農產品（果菜）批發市場承銷
34888358,,聖侑商號,花蓮縣花蓮市公有中山零售市場豬肉類第５號攤位,花蓮縣,花蓮市,市區其他未標示里,花蓮市一般行政區,否,否,5000.0,2010,獨資,N,0,472211,畜肉零售
13960136,,龍鳳魚行,花蓮縣花蓮市公有中山零售市場魚肉類第５號,花蓮縣,花蓮市,市區其他未標示里,花蓮市一般行政區,否,否,190000.0,2001,獨資,N,0,472311,水產品零售
94807372,,永興海產行,花蓮縣花蓮市公有復興零售市場海帶青豆類第臨１９７號,花蓮縣,花蓮市,市區其他未標示里,花蓮市一般行政區,否,否,5000.0,1982,獨資,N,0,472935,青草零售
78038024,,緣服飾,花蓮縣花蓮市公有復興零售市場第６３號,花蓮縣,花蓮市,市區其他未標示里,花蓮市一般行政區,否,否,5000.0,1992,獨資,N,0,473211,服裝零售
94760545,,聯勝商號,花蓮縣花蓮市公有復興零售市場豬肉類１１６號攤位,花蓮縣,花蓮市,市區其他未標示里,花蓮市一般行政區,否,否,5000.0,1979,獨資,N,0,454214,農產品（家畜及家禽肉品）批發市場承銷
85209493,,志品商行,花蓮縣花蓮市公有零售中山市場第３３號攤位,花蓮縣,花蓮市,主商里,金三角與東大門核心交會商圈,是,是,10000.0,2019,獨資,N,0,472211,畜肉零售
60280466,,娜娜玉里麵,花蓮縣花蓮市公有零售中山市場１１７號、１１８號、１３５號、１３６號攤位,花蓮縣,花蓮市,主商里,金三角與東大門核心交會商圈,是,是,100000.0,2025,獨資,N,0,561113,麵店、小吃店
95081636,,阿美手工水餃,花蓮縣花蓮市公有零售中山市場４４號攤位,花蓮縣,花蓮市,主商里,金三角與東大門核心交會商圈,是,是,5000.0,2024,獨資,N,0,561113,麵店、小吃店
95082375,,阿曜小吃,花蓮縣花蓮市公有零售中山市場７６攤位,花蓮縣,花蓮市,主商里,金三角與東大門核心交會商圈,是,是,5000.0,2024,獨資,N,0,561113,麵店、小吃店
13974912,,俊傑行,花蓮縣花蓮市公有零售市場復興市埸第１８號攤位,花蓮縣,花蓮市,市區其他未標示里,花蓮市一般行政區,否,否,3000.0,2002,獨資,N,0,453316,成禽批發
95097124,,雯記食坊,花蓮縣花蓮市公有零售復興市場１８５號攤位,花蓮縣,花蓮市,市區其他未標示里,花蓮市一般行政區,否,否,10000.0,2024,獨資,N,0,561113,麵店、小吃店
94770868,,永成號,花蓮縣花蓮市公有零售復興市場８１號攤位,花蓮縣,花蓮市,市區其他未標示里,花蓮市一般行政區,否,否,5000.0,1980,獨資,N,0,454214,農產品（家畜及家禽肉品）批發市場承銷
72849095,,班長土雞商號,花蓮縣花蓮市公有零售重慶市場第３７號攤位,花蓮縣,花蓮市,民族里,金三角與東大門核心交會商圈,是,是,10000.0,2018,獨資,N,0,472212,禽肉零售
95211547,,佳芫素食早餐,花蓮縣花蓮市公有零售重慶市場１１７號攤位,花蓮縣,花蓮市,民族里,金三角與東大門核心交會商圈,是,是,200000.0,2025,獨資,N,0,561111,早餐店
50724368,,怡真商行,花蓮縣花蓮市公有零售重慶市場１６４號攤位,花蓮縣,花蓮市,民族里,金三角與東大門核心交會商圈,是,是,10000.0,2016,獨資,N,0,472212,禽肉零售
91152188,,鼎吉商號,花蓮縣花蓮市公有零售重慶市場２０７號攤位,花蓮縣,花蓮市,民族里,金三角與東大門核心交會商圈,是,是,200000.0,2021,獨資,N,0,561200,餐食攤販
94787853,,萬生商號,花蓮縣花蓮市公有零售重慶市場２４號攤位,花蓮縣,花蓮市,民族里,金三角與東大門核心交會商圈,是,是,5000.0,1981,獨資,N,0,472211,畜肉零售
94843659,,公正商號,花蓮縣花蓮市公有零售重慶市場２４號攤位,花蓮縣,花蓮市,民族里,金三角與東大門核心交會商圈,是,是,5000.0,1984,獨資,N,0,472211,畜肉零售
72847287,,上欣漁行,花蓮縣花蓮市公有零售重慶市場２９號攤位,花蓮縣,花蓮市,民族里,金三角與東大門核心交會商圈,是,是,200000.0,2018,獨資,N,0,472311,水產品零售
82178216,,阿三哥商號,花蓮縣花蓮市公有零售重慶市場４０號攤位,花蓮縣,花蓮市,民族里,金三角與東大門核心交會商圈,是,是,30000.0,2018,獨資,N,0,472212,禽肉零售
91152379,,希彤果菜行,花蓮縣花蓮市公有零售重慶市場５４號攤位,花蓮縣,花蓮市,民族里,金三角與東大門核心交會商圈,是,是,300000.0,2021,獨資,N,0,472111,蔬菜零售
15790360,,滇緬玉美食,花蓮縣花蓮市化道路７號旁,花蓮縣,花蓮市,市區其他未標示里,花蓮市一般行政區,否,否,3000.0,2003,獨資,N,0,561200,餐食攤販
15781475,,攤販－曾惠美０９２０５９１８２３,花蓮縣花蓮市化道路９號旁,花蓮縣,花蓮市,市區其他未標示里,花蓮市一般行政區,否,否,3000.0,2002,獨資,N,0,561200,餐食攤販
61330372,12745271,竑穗興業股份有限公司花蓮五權營業處,花蓮縣花蓮市北濱街１０－１號旁,花蓮縣,花蓮市,市區其他未標示里,花蓮市一般行政區,否,否,0.0,2025,其他,Y,1,524100,停車場管理
87389160,,攤販－施游阿却,花蓮縣花蓮市南京街郵局旁,花蓮縣,花蓮市,主商里,金三角與東大門核心交會商圈,是,是,1000.0,2020,獨資,N,0,561200,餐食攤販
10032749,,攤販－黃俊勝,花蓮縣花蓮市南濱公園,花蓮縣,花蓮市,市區其他未標示里,花蓮市一般行政區,否,否,3000.0,2007,獨資,N,0,561200,餐食攤販
10033199,,攤販－黃軍強,花蓮縣花蓮市南濱公園,花蓮縣,花蓮市,市區其他未標示里,花蓮市一般行政區,否,否,3000.0,2007,獨資,N,0,932999,未分類其他娛樂及休閒服務
10033233,,攤販－吳瓊珊,花蓮縣花蓮市南濱公園,花蓮縣,花蓮市,市區其他未標示里,花蓮市一般行政區,否,否,3000.0,2007,獨資,N,0,561200,餐食攤販
78033267,,攤販―徐永昌,花蓮縣花蓮市南濱公園,花蓮縣,花蓮市,市區其他未標示里,花蓮市一般行政區,否,否,3000.0,1993,獨資,N,0,561200,餐食攤販
78033273,,攤販―蕭月梅,花蓮縣花蓮市南濱公園,花蓮縣,花蓮市,市區其他未標示里,花蓮市一般行政區,否,否,3000.0,1993,獨資,N,0,561113,麵店、小吃店
13965821,,攤販,花蓮縣花蓮市南濱夜市,花蓮縣,花蓮市,市區其他未標示里,花蓮市一般行政區,否,否,5000.0,2001,獨資,N,0,932412,小鋼珠（柏青哥）店
67945442,,檳榔攤,花蓮縣花蓮市博愛街３４３號旁,花蓮縣,花蓮市,主工里,金三角與東大門核心交會商圈,是,是,3000.0,1999,獨資,N,0,472936,檳榔零售
96807926,,女子商行有限公司,花蓮縣花蓮市博愛街８２號１樓,花蓮縣,花蓮市,主工里,金三角與東大門核心交會商圈,是,是,1000000.0,2024,有限公司,Y,1,561115,餐廳
78035650,,攤販,花蓮縣花蓮市和平路,花蓮縣,花蓮市,市區其他未標示里,花蓮市一般行政區,否,否,3000.0,1992,獨資,N,0,472935,青草零售
10619214,,攤販－張嶠山,花蓮縣花蓮市和平路３８８號前,花蓮縣,花蓮市,市區其他未標示里,花蓮市一般行政區,否,否,3000.0,2008,獨資,N,0,561200,餐食攤販
61337699,28858068,台灣普客二四股份有限公司花蓮商校街停車場,花蓮縣花蓮市商校街２３８號對面,花蓮縣,花蓮市,市區其他未標示里,花蓮市一般行政區,否,否,0.0,2025,其他,Y,1,524100,停車場管理
94721558,,漁家樂釣具專店,花蓮縣花蓮市國光里三民街１００號,花蓮縣,花蓮市,國光里,花蓮市一般行政區,否,否,8000.0,1977,獨資,N,0,476213,釣具零售
91598127,,承天佛具行,花蓮縣花蓮市國光里三民街８８號１樓,花蓮縣,花蓮市,國光里,花蓮市一般行政區,否,否,10000.0,2022,獨資,N,0,485212,宗教、喪葬用品零售
85208945,,友山企業社,花蓮縣花蓮市國光里大同街１１２－３號２樓,花蓮縣,花蓮市,國光里,花蓮市一般行政區,否,否,200000.0,2019,獨資,Y,1,469925,基本金屬批發
84159073,,飛霖實業有限公司,花蓮縣花蓮市國光里大同街１１４號,花蓮縣,花蓮市,國光里,花蓮市一般行政區,否,否,3000000.0,1993,有限公司,Y,1,456211,國產家用家具批發
94801530,,日興銀樓,花蓮縣花蓮市國光里大同街６９號１樓,花蓮縣,花蓮市,國光里,花蓮市一般行政區,否,否,300000.0,1982,獨資,Y,1,474511,金（銀）飾零售
76954441,,冠茗茶行,花蓮縣花蓮市國光里大同街７１號１樓,花蓮縣,花蓮市,國光里,花蓮市一般行政區,否,否,3000.0,1990,獨資,N,0,472915,茶葉零售
92641495,,平考菲商行,花蓮縣花蓮市國光里大同街８３號,花蓮縣,花蓮市,國光里,花蓮市一般行政區,否,否,200000.0,2023,獨資,N,0,563112,咖啡館
41464762,,一元汽車企業社,花蓮縣花蓮市國光里尚志路１３號,花蓮縣,花蓮市,國光里,花蓮市一般行政區,否,否,200000.0,2015,獨資,Y,1,951199,其他汽車維修
67937549,,酒庫大鎮,花蓮縣花蓮市國光里尚志路１３號,花蓮縣,花蓮市,國光里,花蓮市一般行政區,否,否,10000.0,1998,獨資,Y,1,472913,菸酒零售
91594092,,興宇工程行,花蓮縣花蓮市國光里尚志路１７－３號,花蓮縣,花蓮市,國光里,花蓮市一般行政區,否,否,238000.0,2022,獨資,Y,1,432000,庭園景觀工程
15783945,,尚豪企業社,花蓮縣花蓮市國光里尚志路２０―３號１樓,花蓮縣,花蓮市,國光里,花蓮市一般行政區,否,否,100000.0,2003,合夥,Y,1,484311,汽車零件、汽車百貨零售
94765318,,建興企業社,花蓮縣花蓮市國光里尚志路２０號,花蓮縣,花蓮市,國光里,花蓮市一般行政區,否,否,200000.0,1979,獨資,Y,1,951199,其他汽車維修
94015300,,大益鐵工廠,花蓮縣花蓮市國光里尚志路３號,花蓮縣,花蓮市,國光里,花蓮市一般行政區,否,否,30000.0,1977,獨資,N,0,254911,金屬裁剪、焊接處理
82196489,,卡本特企業,花蓮縣花蓮市國光里尚志路５―２號１樓,花蓮縣,花蓮市,國光里,花蓮市一般行政區,否,否,200000.0,2018,獨資,Y,1,474211,國產家用家具零售
31471455,,卡本特木藝民宿,花蓮縣花蓮市國光里尚志路５之２號,花蓮縣,花蓮市,國光里,花蓮市一般行政區,否,否,50000.0,2007,獨資,N,0,559099,未分類其他住宿
92640968,,辰浩企業社,花蓮縣花蓮市國光里尚志路９―７號１樓,花蓮縣,花蓮市,國光里,花蓮市一般行政區,否,否,240000.0,2023,合夥,Y,1,434011,室內裝潢工程
60252790,,富堅機械工程行,花蓮縣花蓮市國光里尚志路９－７號１樓,花蓮縣,花蓮市,國光里,花蓮市一般行政區,否,否,249000.0,2026,獨資,Y,1,439099,未分類其他專門營造
93610246,,金賀家冷凍食品有限公司,花蓮縣花蓮市國光里復興新村３６號,花蓮縣,花蓮市,國光里,花蓮市一般行政區,否,否,2000000.0,2024,有限公司,Y,1,472999,未分類其他食品、飲料及菸草製品零售
42947648,,都好餐飲顧問有限公司,花蓮縣花蓮市國光里復興新村５５―１號１樓,花蓮縣,花蓮市,國光里,花蓮市一般行政區,否,否,2000000.0,2018,有限公司,Y,1,472999,未分類其他食品、飲料及菸草製品零售
92641880,,茗記企業社,花蓮縣花蓮市國光里復興新村６８號,花蓮縣,花蓮市,國光里,花蓮市一般行政區,否,否,200000.0,2024,獨資,Y,1,812100,建築物一般清潔服務
94736898,,正安電機修配所,花蓮縣花蓮市國光里明心街７―１號,花蓮縣,花蓮市,國光里,花蓮市一般行政區,否,否,8000.0,1977,獨資,N,0,484311,汽車零件、汽車百貨零售
91157711,,明欣萬佳鄉早餐店,花蓮縣花蓮市國光里明禮路１０號１樓,花蓮縣,花蓮市,國光里,花蓮市一般行政區,否,否,50000.0,2021,獨資,N,0,561111,早餐店
94219000,,信興理髮店,花蓮縣花蓮市國光里明禮路１０３號,花蓮縣,花蓮市,國光里,花蓮市一般行政區,否,否,10000.0,1977,獨資,N,0,962112,理髮店
92636985,,聖王車業,花蓮縣花蓮市國光里明禮路１０９號,花蓮縣,花蓮市,國光里,花蓮市一般行政區,否,否,60000.0,2023,獨資,Y,1,959100,機車維修
94807555,,祥發行,花蓮縣花蓮市國光里明禮路１１７號,花蓮縣,花蓮市,國光里,花蓮市一般行政區,否,否,8000.0,1982,獨資,N,0,472936,檳榔零售
26790459,,匠心食堂,花蓮縣花蓮市國光里明禮路１２號,花蓮縣,花蓮市,國光里,花蓮市一般行政區,否,否,10000.0,2011,獨資,N,0,561113,麵店、小吃店
85209487,,松立家電企業,花蓮縣花蓮市國光里明禮路１４巷３號,花蓮縣,花蓮市,國光里,花蓮市一般行政區,否,否,100000.0,2019,獨資,Y,1,474199,其他家用電器零售
24860021,,裕達汽車租賃有限公司,花蓮縣花蓮市國光里明禮路１６―１號１樓,花蓮縣,花蓮市,國光里,花蓮市一般行政區,否,否,5000000.0,2015,有限公司,Y,1,493911,附駕駛之小客車租賃
41466305,,佶原工程行,花蓮縣花蓮市國光里明禮路１６―１號１樓,花蓮縣,花蓮市,國光里,花蓮市一般行政區,否,否,200000.0,2016,獨資,Y,1,439012,模板工程
26591141,,明星手藝行,花蓮縣花蓮市國光里明禮路１６號,花蓮縣,花蓮市,國光里,花蓮市一般行政區,否,否,5000.0,2010,獨資,N,0,485217,手工藝品零售
91595803,,三葉草晨堡早餐,花蓮縣花蓮市國光里明禮路１８―１號１樓,花蓮縣,花蓮市,國光里,花蓮市一般行政區,否,否,3000.0,2022,獨資,N,0,561111,早餐店
30380153,,林記明禮路蔥油餅,花蓮縣花蓮市國光里明禮路１８―３號１樓,花蓮縣,花蓮市,國光里,花蓮市一般行政區,否,否,60000.0,2009,獨資,N,0,561113,麵店、小吃店
89150852,,基地文化出版有限公司,花蓮縣花蓮市國光里明禮路１８―６號１樓,花蓮縣,花蓮市,國光里,花蓮市一般行政區,否,否,100000.0,2022,有限公司,Y,1,581311,實體書籍出版
94819721,,聯昌鐘錶眼鏡行８３５１７０８,花蓮縣花蓮市國光里明禮路２０之２號,花蓮縣,花蓮市,國光里,花蓮市一般行政區,否,否,5000.0,1983,獨資,N,0,474412,眼鏡及其零配件零售
95801023,,昇閔打字行,花蓮縣花蓮市國光里明禮路２０之４號―樓,花蓮縣,花蓮市,國光里,花蓮市一般行政區,否,否,3000.0,1995,獨資,N,0,820912,文件打字、撰稿及速記等服務
95214690,,洄響樂坊,花蓮縣花蓮市國光里明禮路２０－１號１樓,花蓮縣,花蓮市,國光里,花蓮市一般行政區,否,否,5000.0,2025,獨資,Y,1,902013,音樂表演
60245969,,創遠數位文創禮品行,花蓮縣花蓮市國光里明禮路２２－１號２樓,花蓮縣,花蓮市,國光里,花蓮市一般行政區,否,否,5000.0,2025,獨資,N,0,476112,書籍、雜誌零售
91588850,,森杉廚藝工作室,花蓮縣花蓮市國光里明禮路２２－２號２樓,花蓮縣,花蓮市,國光里,花蓮市一般行政區,否,否,10000.0,2022,獨資,N,0,476112,書籍、雜誌零售
72847929,,八百里燒肉,花蓮縣花蓮市國光里明禮路２６巷１０號,花蓮縣,花蓮市,國光里,花蓮市一般行政區,否,否,300000.0,2018,合夥,Y,1,561115,餐廳
85212960,,外婆家餐館,花蓮縣花蓮市國光里明禮路２６巷５號１樓,花蓮縣,花蓮市,國光里,花蓮市一般行政區,否,否,20000.0,2020,獨資,N,0,561113,麵店、小吃店
95210907,,星空美式餐廳,花蓮縣花蓮市國光里明禮路２８號１樓,花蓮縣,花蓮市,國光里,花蓮市一般行政區,否,否,50000.0,2025,獨資,N,0,561115,餐廳
94080809,,永豐薪炭行,花蓮縣花蓮市國光里明禮路３０之４號,花蓮縣,花蓮市,國光里,花蓮市一般行政區,否,否,5000.0,1977,獨資,N,0,482913,焦炭零售
90033191,,國興建設股份有限公司,花蓮縣花蓮市國光里明禮路７１―１１號１樓,花蓮縣,花蓮市,國光里,花蓮市一般行政區,否,否,1000000.0,2022,股份有限公司,Y,1,670012,不動產投資開發
13972718,,晉嘉藥局,花蓮縣花蓮市國光里明禮路７１―９號１樓,花蓮縣,花蓮市,國光里,花蓮市一般行政區,否,否,3000.0,2002,獨資,N,0,475112,西藥零售
90150161,,國陽不動產股份有限公司,花蓮縣花蓮市國光里明禮路７１－１１、７１－１２、７１－１３號１樓,花蓮縣,花蓮市,國光里,花蓮市一般行政區,否,否,1000000.0,2022,股份有限公司,Y,1,681211,不動產仲介
18059832,,美豔男女髮廊,花蓮縣花蓮市國光里明禮路７１－６號１樓,花蓮縣,花蓮市,國光里,花蓮市一般行政區,否,否,10000.0,2001,獨資,N,0,962112,理髮店
78047229,,怡甄服飾店,花蓮縣花蓮市國光里明禮路７５號１樓,花蓮縣,花蓮市,國光里,花蓮市一般行政區,否,否,50000.0,1992,獨資,Y,1,473211,服裝零售
18049188,,水平視覺工作室,花蓮縣花蓮市國光里明禮路８號１樓,花蓮縣,花蓮市,國光里,花蓮市一般行政區,否,否,3000.0,2000,獨資,N,0,731011,廣告代理商
83168362,83593205,番羽餐飲有限公司翻火鍋林森分公司,花蓮縣花蓮市國光里林森路２６４號,花蓮縣,花蓮市,國光里,花蓮市一般行政區,否,否,0.0,2020,本國公司設立之分公司,Y,1,561115,餐廳
42216930,,蓁紅剪髮屋,花蓮縣花蓮市國光里林森路２６８號１樓,花蓮縣,花蓮市,國光里,花蓮市一般行政區,否,否,200000.0,2015,獨資,N,0,962112,理髮店
78046621,,金吉芳香舖,花蓮縣花蓮市國光里林森路２８４號１樓,花蓮縣,花蓮市,國光里,花蓮市一般行政區,否,否,3000.0,1992,獨資,N,0,485212,宗教、喪葬用品零售
60198945,,悠悅民宿,花蓮縣花蓮市國光里林森路３２８―２號,花蓮縣,花蓮市,國光里,花蓮市一般行政區,否,否,150000.0,2025,獨資,N,0,551013,民宿
94823675,,順進車業行,花蓮縣花蓮市國光里林森路４２３號,花蓮縣,花蓮市,國光里,花蓮市一般行政區,否,否,3000.0,1983,獨資,N,0,959100,機車維修
49759260,,麥蕾蒂手作烘焙工作室,花蓮縣花蓮市國光里林森路４４５號１樓,花蓮縣,花蓮市,國光里,花蓮市一般行政區,否,否,245000.0,2016,獨資,N,0,487114,經營網路購物（食品、飲料類商品）
94005730,,大同紙盒行,花蓮縣花蓮市國光里林森路４５７號,花蓮縣,花蓮市,國光里,花蓮市一般行政區,否,否,3000.0,1978,獨資,Y,1,476111,文具零售
49777577,,米朵手作喇皂房,花蓮縣花蓮市國光里林森路４６７巷１號１樓,花蓮縣,花蓮市,國光里,花蓮市一般行政區,否,否,5000.0,2016,獨資,N,0,487199,其他電子購物及郵購
49746982,,宜宸企業社,花蓮縣花蓮市國光里進豐街２２巷１３號,花蓮縣,花蓮市,國光里,花蓮市一般行政區,否,否,240000.0,2016,獨資,Y,1,433212,管道工程
94261317,,順興行,花蓮縣花蓮市國光里進豐街３２號―樓,花蓮縣,花蓮市,國光里,花蓮市一般行政區,否,否,45000.0,1977,獨資,Y,1,453111,稻米批發
60565815,,源於設計有限公司,花蓮縣花蓮市國光里００２鄰大同街１１４號１樓,花蓮縣,花蓮市,國光里,花蓮市一般行政區,否,否,100000.0,2025,有限公司,Y,1,464411,辦公室家具批發
13977354,,邊城茶舖,花蓮縣花蓮市國光里００３鄰大同街８７、８９號１樓,花蓮縣,花蓮市,國光里,花蓮市一般行政區,否,否,200000.0,2002,獨資,Y,1,561113,麵店、小吃店
24438946,,富利建設有限公司,花蓮縣花蓮市國光里００３鄰大同街８９號２樓,花蓮縣,花蓮市,國光里,花蓮市一般行政區,否,否,15300000.0,2009,有限公司,Y,1,670012,不動產投資開發
28046061,,和樂國際旅行社有限公司,花蓮縣花蓮市國光里００３鄰明禮路２０―６號１樓,花蓮縣,花蓮市,國光里,花蓮市一般行政區,否,否,6000000.0,2005,有限公司,Y,1,790011,旅行業
50598828,,樂活早午餐,花蓮縣花蓮市國光里００３鄰明禮路２０號１樓,花蓮縣,花蓮市,國光里,花蓮市一般行政區,否,否,10000.0,2016,獨資,N,0,561111,早餐店
83470956,,款款廚藝有限公司,花蓮縣花蓮市國光里００３鄰明禮路２２―２號１樓,花蓮縣,花蓮市,國光里,花蓮市一般行政區,否,否,1000000.0,2020,有限公司,Y,1,472999,未分類其他食品、飲料及菸草製品零售
60250168,,碧海之藍潛水社,花蓮縣花蓮市國光里００３鄰明禮路２２－１號２樓,花蓮縣,花蓮市,國光里,花蓮市一般行政區,否,否,5000.0,2026,獨資,N,0,931912,水域運動服務
41466163,,哲學之丘商行,花蓮縣花蓮市國光里００３鄰明禮路２４號１樓,花蓮縣,花蓮市,國光里,花蓮市一般行政區,否,否,100000.0,2016,獨資,N,0,476111,文具零售
90335127,,群貿文化事業有限公司,花蓮縣花蓮市國光里００３鄰明禮路２４號１樓,花蓮縣,花蓮市,國光里,花蓮市一般行政區,否,否,1000000.0,2022,有限公司,Y,1,487199,其他電子購物及郵購
91595959,,水餃控花蓮美食餐廳,花蓮縣花蓮市國光里００４鄰林森路２７０號１樓,花蓮縣,花蓮市,國光里,花蓮市一般行政區,否,否,200000.0,2022,獨資,N,0,561115,餐廳
42781983,,涷黌設計有限公司,花蓮縣花蓮市國光里００４鄰林森路２７０號２樓,花蓮縣,花蓮市,國光里,花蓮市一般行政區,否,否,3940000.0,2016,有限公司,Y,1,740100,室內設計
93051067,,享橙企業,花蓮縣花蓮市國光里００４鄰林森路２７２號１樓,花蓮縣,花蓮市,國光里,花蓮市一般行政區,否,否,230000.0,2024,獨資,Y,1,731099,其他廣告服務
93055697,,億橙企業,花蓮縣花蓮市國光里００４鄰林森路２７２號１樓,花蓮縣,花蓮市,國光里,花蓮市一般行政區,否,否,230000.0,2024,獨資,Y,1,711111,建築設計、顧問
60253741,,隨便吃小吃店,花蓮縣花蓮市國光里００４鄰林森路２８０號１樓,花蓮縣,花蓮市,國光里,花蓮市一般行政區,否,否,50000.0,2026,獨資,N,0,561113,麵店、小吃店
95211568,,瑋橋企業社,花蓮縣花蓮市國光里００４鄰林森路２８０號１樓,花蓮縣,花蓮市,國光里,花蓮市一般行政區,否,否,30000.0,2025,獨資,N,0,932999,未分類其他娛樂及休閒服務
95430374,,拔元文化科技有限公司,花蓮縣花蓮市國光里００４鄰林森路３２０號１樓,花蓮縣,花蓮市,國光里,花蓮市一般行政區,否,否,100000.0,2024,有限公司,Y,1,723000,綜合研究發展服務
41215461,,漁家樂民宿,花蓮縣花蓮市國光里００８鄰三民街１０２號,花蓮縣,花蓮市,國光里,花蓮市一般行政區,否,否,200000.0,2014,獨資,N,0,551013,民宿
99171602,,民安復健科診所,花蓮縣花蓮市國光里００８鄰林森路２５８―２、３號,花蓮縣,花蓮市,國光里,花蓮市一般行政區,否,否,100000.0,2003,獨資,N,0,472933,保健營養食品零售
26650149,,小甜甜藥局,花蓮縣花蓮市國光里００８鄰林森路２５８―２號１樓,花蓮縣,花蓮市,國光里,花蓮市一般行政區,否,否,20000.0,2011,獨資,N,0,475112,西藥零售
91591341,,琦跡生活小舖,花蓮縣花蓮市國光里００８鄰林森路２５８－１號１樓,花蓮縣,花蓮市,國光里,花蓮市一般行政區,否,否,10000.0,2022,獨資,N,0,471999,未分類其他綜合商品零售
18054082,,一男珠寶工藝社,花蓮縣花蓮市國光里００９鄰明禮路１０５號１樓,花蓮縣,花蓮市,國光里,花蓮市一般行政區,否,否,20000.0,2001,獨資,N,0,959999,其他未分類個人及家庭用品維修
82180487,,竹汌小吃店,花蓮縣花蓮市國光里００９鄰進豐街６―３號１樓,花蓮縣,花蓮市,國光里,花蓮市一般行政區,否,否,80000.0,2019,獨資,N,0,561115,餐廳
41462510,,元上土木包工業,花蓮縣花蓮市國光里０１１鄰進豐街２２巷３號,花蓮縣,花蓮市,國光里,花蓮市一般行政區,否,否,1000000.0,2015,獨資,Y,1,429099,未分類其他土木工程
60762793,,宜沛建設有限公司,花蓮縣花蓮市國光里０１１鄰進豐街２２巷３號,花蓮縣,花蓮市,國光里,花蓮市一般行政區,否,否,2500000.0,2025,有限公司,Y,1,410013,住宅營建
50744667,,花蓮魔術館,花蓮縣花蓮市國光里０１２鄰進豐街２２巷１５號１樓,花蓮縣,花蓮市,國光里,花蓮市一般行政區,否,否,60000.0,2017,獨資,N,0,902099,其他藝術表演
91595199,,卓爾咖啡,花蓮縣花蓮市國光里０１２鄰進豐街２２巷１５號１樓,花蓮縣,花蓮市,國光里,花蓮市一般行政區,否,否,150000.0,2022,獨資,N,0,563112,咖啡館
00225193,,真好不動產有限公司,花蓮縣花蓮市國光里０１２鄰進豐街２６號１樓,花蓮縣,花蓮市,國光里,花蓮市一般行政區,否,否,3000000.0,2024,有限公司,Y,1,681211,不動產仲介
89842906,,金喬凰建設股份有限公司,花蓮縣花蓮市國光里０１２鄰進豐街２６號１樓,花蓮縣,花蓮市,國光里,花蓮市一般行政區,否,否,26000000.0,1994,股份有限公司,Y,1,670012,不動產投資開發
31472285,,順麗行,花蓮縣花蓮市國光里０１２鄰進豐街３６―１號,花蓮縣,花蓮市,國光里,花蓮市一般行政區,否,否,200000.0,2007,獨資,Y,1,454512,食用油脂批發
93072801,,藍屋民宿,花蓮縣花蓮市國光里０１４鄰三民街８６號,花蓮縣,花蓮市,國光里,花蓮市一般行政區,否,否,110000.0,2023,獨資,N,0,551013,民宿
61455793,,伍捌捌小吃店,花蓮縣花蓮市國光里０１４鄰三民街９４號１樓,花蓮縣,花蓮市,國光里,花蓮市一般行政區,否,否,60000.0,2026,獨資,N,0,561115,餐廳
92636248,,懇謙企業,花蓮縣花蓮市國光里０１４鄰林森路４３９巷２２―３號１樓,花蓮縣,花蓮市,國光里,花蓮市一般行政區,否,否,200000.0,2023,獨資,Y,1,681112,自有不動產租賃
93031252,,協進工程行,花蓮縣花蓮市國光里０１５鄰復興新村４３號右側,花蓮縣,花蓮市,國光里,花蓮市一般行政區,否,否,100000.0,2023,獨資,Y,1,410011,房屋修繕
30206599,,金日升砂石行,花蓮縣花蓮市國光里０１５鄰復興新村７１―４號,花蓮縣,花蓮市,國光里,花蓮市一般行政區,否,否,200000.0,2010,獨資,Y,1,461214,砂石批發
91589366,,啟東工程行,花蓮縣花蓮市國光里０１５鄰復興新村７４號,花蓮縣,花蓮市,國光里,花蓮市一般行政區,否,否,200000.0,2022,獨資,Y,1,434012,油漆粉刷、壁飾（紙）黏貼工程
93596075,,東俞工程顧問有限公司,花蓮縣花蓮市國光里０１７鄰復興新村５４―１號１樓,花蓮縣,花蓮市,國光里,花蓮市一般行政區,否,否,1000000.0,2024,有限公司,Y,1,410099,其他建築工程
72848413,,盛燦起重企業社,花蓮縣花蓮市國光里０１８鄰尚志路１１―３號１樓,花蓮縣,花蓮市,國光里,花蓮市一般行政區,否,否,200000.0,2018,獨資,Y,1,439014,起重工程
49778457,,總連企業社,花蓮縣花蓮市國光里０１８鄰尚志路１８號,花蓮縣,花蓮市,國光里,花蓮市一般行政區,否,否,200000.0,2016,獨資,Y,1,434014,防水工程
60565717,,三木目室內裝修設計有限公司,花蓮縣花蓮市國光里０１８鄰尚志路２０－８號１樓,花蓮縣,花蓮市,國光里,花蓮市一般行政區,否,否,360000.0,2025,有限公司,Y,1,434015,室內裝修工程
91594353,,景琂工程行,花蓮縣花蓮市國光里０１８鄰尚志路２０－９號１樓,花蓮縣,花蓮市,國光里,花蓮市一般行政區,否,否,200000.0,2022,獨資,Y,1,410013,住宅營建
37998934,,太昇汽車企業社,花蓮縣花蓮市國光里０２２鄰尚志路２５―３號,花蓮縣,花蓮市,國光里,花蓮市一般行政區,否,否,200000.0,2014,獨資,Y,1,951199,其他汽車維修
49748237,,琦翔企業社,花蓮縣花蓮市國光里０２２鄰尚志路２５―３號,花蓮縣,花蓮市,國光里,花蓮市一般行政區,否,否,100000.0,2016,獨資,N,0,485299,未分類其他全新商品零售
41248961,,富豪群渡假民宿,花蓮縣花蓮市國光里０２２鄰尚志路２９－１１號,花蓮縣,花蓮市,國光里,花蓮市一般行政區,否,否,100000.0,2015,獨資,N,0,551013,民宿
41202439,,總裁行館民宿,花蓮縣花蓮市國光里０２２鄰尚志路２９－７號,花蓮縣,花蓮市,國光里,花蓮市一般行政區,否,否,100000.0,2014,獨資,N,0,551013,民宿
41248977,,美侖秘境民宿,花蓮縣花蓮市國光里０２２鄰尚志路２９－８號,花蓮縣,花蓮市,國光里,花蓮市一般行政區,否,否,100000.0,2015,獨資,N,0,551013,民宿
41017477,,富春山居民宿,花蓮縣花蓮市國光里０２２鄰尚志路２９－９號,花蓮縣,花蓮市,國光里,花蓮市一般行政區,否,否,50000.0,2014,獨資,N,0,551013,民宿
70964169,,璞石藴玉咖啡,花蓮縣花蓮市國光里１鄰明禮路８號１樓,花蓮縣,花蓮市,國光里,花蓮市一般行政區,否,否,3000.0,1999,合夥,N,0,563112,咖啡館
30185433,,亞馬巴魯工程行,花蓮縣花蓮市國光里１０鄰明禮路３２巷８號,花蓮縣,花蓮市,國光里,花蓮市一般行政區,否,否,1000000.0,2009,獨資,Y,1,439099,未分類其他專門營造
10583840,,勝利科技,花蓮縣花蓮市國光里１０鄰進豐街１６號１樓,花蓮縣,花蓮市,國光里,花蓮市一般行政區,否,否,480000.0,2008,獨資,Y,1,483111,電腦及電腦週邊設備零售
94774935,,鮮魚攤販,花蓮縣花蓮市國光里１２鄰進豐街２２巷１７號,花蓮縣,花蓮市,國光里,花蓮市一般行政區,否,否,5000.0,1985,獨資,N,0,472311,水產品零售
97268566,,真好房屋仲介有限公司,花蓮縣花蓮市國光里１２鄰進豐街２６號１樓,花蓮縣,花蓮市,國光里,花蓮市一般行政區,否,否,1500000.0,1996,有限公司,Y,1,681211,不動產仲介
15790426,,冠翔企業社,花蓮縣花蓮市國光里１２鄰進豐街４４號１樓,花蓮縣,花蓮市,國光里,花蓮市一般行政區,否,否,240000.0,2003,獨資,Y,1,464913,消防設備批發
94821183,,明心紅茶,花蓮縣花蓮市國光里１２鄰進豐街５０號,花蓮縣,花蓮市,國光里,花蓮市一般行政區,否,否,3000.0,1983,獨資,N,0,561200,餐食攤販
94056701,,永光脚踏車修配業,花蓮縣花蓮市國光里１２鄰進豐街５２號１樓,花蓮縣,花蓮市,國光里,花蓮市一般行政區,否,否,3000.0,1977,獨資,N,0,476211,非電動自行車及非電動自行車零件零售
67946738,,古早麵,花蓮縣花蓮市國光里１２鄰進豐街５８號,花蓮縣,花蓮市,國光里,花蓮市一般行政區,否,否,3000.0,1998,獨資,N,0,561113,麵店、小吃店
99434020,,隆成鋼鋁業,花蓮縣花蓮市國光里１３鄰林森路４６７巷１號１樓,花蓮縣,花蓮市,國光里,花蓮市一般行政區,否,否,200000.0,2004,獨資,Y,1,481014,居家修繕用品零售
78851456,,億泉紙品商行,花蓮縣花蓮市國光里１３鄰林森路４６７巷４號,花蓮縣,花蓮市,國光里,花蓮市一般行政區,否,否,1200000.0,1994,獨資,Y,1,469923,紙張（板）批發
30209195,,順得鍛造精品企業社,花蓮縣花蓮市國光里１５鄰復興新村６９―２號,花蓮縣,花蓮市,國光里,花蓮市一般行政區,否,否,200000.0,2010,獨資,Y,1,434013,房屋設備安裝工程
08141003,,元六汽車電機行,花蓮縣花蓮市國光里１８鄰尚志路１７－３號,花蓮縣,花蓮市,國光里,花蓮市一般行政區,否,否,5000.0,1987,獨資,Y,1,951199,其他汽車維修
66960818,,澄霖工程行,花蓮縣花蓮市國光里２鄰大同街１１４―１號１樓,花蓮縣,花蓮市,國光里,花蓮市一般行政區,否,否,490000.0,2006,獨資,Y,1,434013,房屋設備安裝工程
34894540,,墨玉石壺坊,花蓮縣花蓮市國光里２２鄰尚志路２９―２號,花蓮縣,花蓮市,國光里,花蓮市一般行政區,否,否,30000.0,2011,獨資,N,0,472915,茶葉零售
09660517,,橘暖舖子,花蓮縣花蓮市國光里３鄰大同路９３號,花蓮縣,花蓮市,國光里,花蓮市一般行政區,否,否,400000.0,2006,合夥,N,0,473211,服裝零售
30201172,,旺旺不動產企業社,花蓮縣花蓮市國光里３鄰明禮路２０―８號１樓,花蓮縣,花蓮市,國光里,花蓮市一般行政區,否,否,100000.0,2009,獨資,Y,1,681211,不動產仲介
94795410,,中元銀樓,花蓮縣花蓮市國光里３鄰明禮路２０之５號１樓,花蓮縣,花蓮市,國光里,花蓮市一般行政區,否,否,150000.0,1981,獨資,Y,1,474511,金（銀）飾零售
94852586,,中華工藝社,花蓮縣花蓮市國光里３鄰明禮路２２―１號１樓,花蓮縣,花蓮市,國光里,花蓮市一般行政區,否,否,3000.0,1985,獨資,N,0,969018,刻印章
23881322,,東亞航空測量有限公司,花蓮縣花蓮市國光里４鄰明禮路２６巷１－３號,花蓮縣,花蓮市,國光里,花蓮市一般行政區,否,否,4000000.0,1989,有限公司,Y,1,711212,測量及非建築工程製圖服務
27922210,22555003,統一超商股份有限公司花蓮縣第三十四分公司,花蓮縣花蓮市國光里８鄰林森路２５８號,花蓮縣,花蓮市,國光里,花蓮市一般行政區,否,否,0.0,2005,本國公司設立之分公司,Y,1,471113,加盟連鎖式便利商店（有商品進、銷貨行為）
26787784,,騎士公園髮型,花蓮縣花蓮市國光里８鄰林森路２５８號２樓,花蓮縣,花蓮市,國光里,花蓮市一般行政區,否,否,10000.0,2011,合夥,N,0,962111,美髮院及髮廊
34894387,,火麒麟滑輪專賣店,花蓮縣花蓮市國光里８鄰林森路２６２號,花蓮縣,花蓮市,國光里,花蓮市一般行政區,否,否,200000.0,2011,獨資,N,0,476299,其他運動用品及器材零售
34844541,,花媽食坊,花蓮縣花蓮市國光里８鄰林森路２６２號１樓,花蓮縣,花蓮市,國光里,花蓮市一般行政區,否,否,50000.0,2010,獨資,N,0,561113,麵店、小吃店
30337261,,愛的屋禮品店,花蓮縣花蓮市國光里９鄰明禮路１０１號１樓,花蓮縣,花蓮市,國光里,花蓮市一般行政區,否,否,5000.0,2009,獨資,N,0,473999,未分類其他服飾品零售
94819264,,鶴立陞理髮廳,花蓮縣花蓮市國光里９鄰明禮路１０７號,花蓮縣,花蓮市,國光里,花蓮市一般行政區,否,否,5000.0,1983,獨資,N,0,962112,理髮店
64802483,,大和鋁業行,花蓮縣花蓮市國光里９鄰林森路４２５號１樓,花蓮縣,花蓮市,國光里,花蓮市一般行政區,否,否,200000.0,1988,獨資,Y,1,461511,金屬門窗批發
76969731,,飛揚車業行,花蓮縣花蓮市國光里９鄰林森路４２７號,花蓮縣,花蓮市,國光里,花蓮市一般行政區,否,否,20000.0,1991,獨資,N,0,484314,機車零件、機車百貨零售
93048900,,脊優骨工作室,花蓮縣花蓮市國威里三民街６１號１樓,花蓮縣,花蓮市,國威里,金三角商圈,是,否,50000.0,2024,獨資,N,0,969015,推拿按摩服務
60247262,,貓舖子商號,花蓮縣花蓮市國威里中山路２４４之１號１樓,花蓮縣,花蓮市,國威里,金三角商圈,是,否,100000.0,2025,獨資,N,0,485220,寵物零售
78849585,,巧玲飛精品服飾,花蓮縣花蓮市國威里中山路２４６―１號１樓,花蓮縣,花蓮市,國威里,金三角商圈,是,否,5000.0,1994,獨資,N,0,473211,服裝零售
93048774,,週末髮型設計,花蓮縣花蓮市國威里中山路２４６號１樓,花蓮縣,花蓮市,國威里,金三角商圈,是,否,200000.0,2024,合夥,N,0,962299,其他美容美體服務
93050187,,全新的心美容美體工作坊,花蓮縣花蓮市國威里中山路２４６號２樓,花蓮縣,花蓮市,國威里,金三角商圈,是,否,80000.0,2024,獨資,N,0,962299,其他美容美體服務
91593811,,唯美形象美學工作室,花蓮縣花蓮市國威里中山路２４６號４樓,花蓮縣,花蓮市,國威里,金三角商圈,是,否,10000.0,2022,獨資,N,0,962211,美甲美睫服務
91932100,22505790,大成鋼隆美家居室內裝修設計股份有限公司花蓮門市部,花蓮縣花蓮市國威里中山路２５８號１樓,花蓮縣,花蓮市,國威里,金三角商圈,是,否,0.0,2022,其他,Y,1,434011,室內裝潢工程
39950339,,寬霖室內裝修設計,花蓮縣花蓮市國威里中山路２５８號３樓,花蓮縣,花蓮市,國威里,金三角商圈,是,否,100000.0,2014,獨資,Y,1,434011,室內裝潢工程
93049289,,福展商行,花蓮縣花蓮市國威里中山路２６８號１樓,花蓮縣,花蓮市,國威里,金三角商圈,是,否,200000.0,2024,獨資,Y,1,471114,加盟連鎖式便利商店（無商品進、銷貨行為）
93057512,,買朋友小吃店,花蓮縣花蓮市國威里中山路２７２號１樓,花蓮縣,花蓮市,國威里,金三角商圈,是,否,50000.0,2024,獨資,N,0,561113,麵店、小吃店
93049773,,軒食小館,花蓮縣花蓮市國威里中山路２７８號,花蓮縣,花蓮市,國威里,金三角商圈,是,否,100000.0,2024,獨資,N,0,561113,麵店、小吃店
93054819,,匡富小吃,花蓮縣花蓮市國威里中山路２８０號１樓,花蓮縣,花蓮市,國威里,金三角商圈,是,否,80000.0,2024,獨資,N,0,561113,麵店、小吃店
60247930,,溪森工作室,花蓮縣花蓮市國威里中山路２８０號２樓,花蓮縣,花蓮市,國威里,金三角商圈,是,否,100000.0,2025,獨資,N,0,859311,瑜珈指導
31793569,,彧昇商行,花蓮縣花蓮市國威里中山路２８６號１樓,花蓮縣,花蓮市,國威里,金三角商圈,是,否,200000.0,2013,獨資,Y,1,471114,加盟連鎖式便利商店（無商品進、銷貨行為）
31793575,,彧輝商行,花蓮縣花蓮市國威里中山路２８６號１樓,花蓮縣,花蓮市,國威里,金三角商圈,是,否,200000.0,2013,獨資,Y,1,471114,加盟連鎖式便利商店（無商品進、銷貨行為）
31462982,,瑩瑩服飾,花蓮縣花蓮市國威里中山路２８８號１樓,花蓮縣,花蓮市,國威里,金三角商圈,是,否,300000.0,2007,合夥,Y,1,473211,服裝零售
13974791,,國聲清粥,花蓮縣花蓮市國威里中山路２９２號,花蓮縣,花蓮市,國威里,金三角商圈,是,否,3000.0,2002,獨資,N,0,561113,麵店、小吃店
91598674,,自我髮藝工作室,花蓮縣花蓮市國威里中山路３０２號１樓,花蓮縣,花蓮市,國威里,金三角商圈,是,否,180000.0,2021,獨資,N,0,962111,美髮院及髮廊
37994058,,上選佳品麵食店,花蓮縣花蓮市國威里中山路３０９號１樓,花蓮縣,花蓮市,國威里,金三角商圈,是,否,200000.0,2013,獨資,Y,1,561113,麵店、小吃店
09926328,,全球通訊行,花蓮縣花蓮市國威里中山路３１１號１樓,花蓮縣,花蓮市,國威里,金三角商圈,是,否,480000.0,2006,獨資,Y,1,483212,手機及手機週邊零配件零售
72876590,24305994,聽貝爾股份有限公司花蓮門市部,花蓮縣花蓮市國威里中山路３１５號１樓,花蓮縣,花蓮市,國威里,金三角商圈,是,否,0.0,2018,其他,Y,1,464211,電子器材、電子設備批發
42007835,,臻靚精品服飾,花蓮縣花蓮市國威里中山路３１８號１樓,花蓮縣,花蓮市,國威里,金三角商圈,是,否,200000.0,2015,獨資,Y,1,473211,服裝零售
67939687,,僑依斯服飾店,花蓮縣花蓮市國威里中山路３２３號,花蓮縣,花蓮市,國威里,金三角商圈,是,否,20000.0,1998,獨資,Y,1,473211,服裝零售
30165963,97179430,遠傳電信股份有限公司花蓮中山門市,花蓮縣花蓮市國威里中山路３３３號１樓,花蓮縣,花蓮市,國威里,金三角商圈,是,否,0.0,2008,其他,Y,1,610200,無線電信服務
95209970,,饗季餐飲,花蓮縣花蓮市國威里中山路３３５―２號１樓,花蓮縣,花蓮市,國威里,金三角商圈,是,否,50000.0,2025,獨資,N,0,561115,餐廳
92537492,,玖時企業社,花蓮縣花蓮市國威里中山路３４９號,花蓮縣,花蓮市,國威里,金三角商圈,是,否,100000.0,2023,獨資,N,0,561113,麵店、小吃店
50741090,,強一鐵板燒,花蓮縣花蓮市國威里中山路３５１號１樓,花蓮縣,花蓮市,國威里,金三角商圈,是,否,200000.0,2017,獨資,Y,1,561115,餐廳
60767896,82863412,小鹿文娛股份有限公司花蓮林森分公司,花蓮縣花蓮市國威里中山路３６１號,花蓮縣,花蓮市,國威里,金三角商圈,是,否,0.0,2025,本國公司設立之分公司,Y,1,551012,旅館
94657872,70799128,合作金庫商業銀行股份有限公司北花蓮分公司,花蓮縣花蓮市國威里中山路３７１號,花蓮縣,花蓮市,國威里,金三角商圈,是,否,0.0,1977,本國公司設立之分公司,N,0,641211,本國銀行
87350502,,巷弄咖啡,花蓮縣花蓮市國威里光復街１３０號１樓,花蓮縣,花蓮市,國威里,金三角商圈,是,否,50000.0,2020,獨資,N,0,563112,咖啡館
87348534,,雨樵懶人書店,花蓮縣花蓮市國威里光復街１３０號２樓,花蓮縣,花蓮市,國威里,金三角商圈,是,否,5000.0,2020,獨資,N,0,476112,書籍、雜誌零售
60582075,,嗨森童遊股份有限公司,花蓮縣花蓮市國威里光復街１３６號地下室１號,花蓮縣,花蓮市,國威里,金三角商圈,是,否,500000.0,2025,股份有限公司,Y,1,931299,其他運動場館
91155050,,雨璇烘焙工作室,花蓮縣花蓮市國威里光復街９１號１樓,花蓮縣,花蓮市,國威里,金三角商圈,是,否,10000.0,2021,獨資,Y,1,472922,西點麵包零售
92771840,,凱莉沙龍,花蓮縣花蓮市國威里光復街９３號,花蓮縣,花蓮市,國威里,金三角商圈,是,否,20000.0,2023,獨資,N,0,962111,美髮院及髮廊
41466889,,啾菈美髮服飾,花蓮縣花蓮市國威里光復街９７號１樓,花蓮縣,花蓮市,國威里,金三角商圈,是,否,10000.0,2016,獨資,N,0,473211,服裝零售
87344328,,阿木咖啡,花蓮縣花蓮市國威里光復街９９巷３號１樓,花蓮縣,花蓮市,國威里,金三角商圈,是,否,50000.0,2020,獨資,N,0,561113,麵店、小吃店
37995090,,慢慢旅行民宿,花蓮縣花蓮市國威里博愛街１７４―２號,花蓮縣,花蓮市,國威里,金三角商圈,是,否,1000000.0,2013,獨資,N,0,551013,民宿
26117379,,奇昇工程行,花蓮縣花蓮市國威里博愛街１７８－７號１樓,花蓮縣,花蓮市,國威里,金三角商圈,是,否,200000.0,2009,獨資,Y,1,434011,室內裝潢工程
67943319,,長春租書店,花蓮縣花蓮市國威里博愛街１８２號,花蓮縣,花蓮市,國威里,金三角商圈,是,否,3000.0,1998,獨資,N,0,773016,小說、漫畫及雜誌出租
41484330,,桑德維奇早餐吧,花蓮縣花蓮市國威里博愛街１８４號１樓,花蓮縣,花蓮市,國威里,金三角商圈,是,否,200000.0,2015,獨資,N,0,561111,早餐店
60253762,,沐禾實業,花蓮縣花蓮市國威里博愛街１８４號１樓,花蓮縣,花蓮市,國威里,金三角商圈,是,否,20000.0,2026,獨資,N,0,962299,其他美容美體服務
95800538,,怡華行,花蓮縣花蓮市國威里博愛街２３１之２號１樓,花蓮縣,花蓮市,國威里,金三角商圈,是,否,5000.0,1995,獨資,N,0,473211,服裝零售
50748208,,沐軒素食,花蓮縣花蓮市國威里博愛街２３５號１樓,花蓮縣,花蓮市,國威里,金三角商圈,是,否,100000.0,2018,獨資,N,0,561115,餐廳
50747279,,托斯卡妮民宿,花蓮縣花蓮市國威里博愛街２３５－１號,花蓮縣,花蓮市,國威里,金三角商圈,是,否,100000.0,2017,獨資,N,0,551013,民宿
78843082,,彭明德藝術工作坊,花蓮縣花蓮市國威里博愛路１７８之１３號１樓,花蓮縣,花蓮市,國威里,金三角商圈,是,否,3000.0,1993,獨資,N,0,485218,雕塑品零售
93050980,,福德商行,花蓮縣花蓮市國威里大同街１號,花蓮縣,花蓮市,國威里,金三角商圈,是,否,200000.0,2024,獨資,N,0,561111,早餐店
83080079,,齊邑建設開發有限公司,花蓮縣花蓮市國威里大同街１０２號１樓,花蓮縣,花蓮市,國威里,金三角商圈,是,否,3000000.0,2020,有限公司,Y,1,670012,不動產投資開發
90079597,,繆爾開發有限公司,花蓮縣花蓮市國威里大同街１０２號１樓,花蓮縣,花蓮市,國威里,金三角商圈,是,否,12100000.0,2022,有限公司,Y,1,670012,不動產投資開發
13971099,,早安你好早午餐,花蓮縣花蓮市國威里大同街１０４號,花蓮縣,花蓮市,國威里,金三角商圈,是,否,10000.0,2002,獨資,N,0,561111,早餐店
85212321,,咖哩郎餐飲,花蓮縣花蓮市國威里大同街１５之１號１樓,花蓮縣,花蓮市,國威里,金三角商圈,是,否,30000.0,2020,獨資,N,0,561115,餐廳
64806220,,錦隆行,花蓮縣花蓮市國威里大同街２３號１樓,花蓮縣,花蓮市,國威里,金三角商圈,是,否,9000.0,1988,獨資,N,0,473999,未分類其他服飾品零售
50740867,,日出大同企業社,花蓮縣花蓮市國威里大同街２７巷１號,花蓮縣,花蓮市,國威里,金三角商圈,是,否,50000.0,2017,獨資,N,0,681112,自有不動產租賃
86803859,,福隆大飯店股份有限公司,花蓮縣花蓮市國威里大同街２９號,花蓮縣,花蓮市,國威里,金三角商圈,是,否,13000000.0,1995,股份有限公司,Y,1,551012,旅館
89192396,90010541,小鹿貳號股份有限公司花蓮大同分公司,花蓮縣花蓮市國威里大同街２９號,花蓮縣,花蓮市,國威里,金三角商圈,是,否,0.0,2023,本國公司設立之分公司,Y,1,702099,其他管理顧問
94640079,,信香行有限公司,花蓮縣花蓮市國威里大同街３３號,花蓮縣,花蓮市,國威里,金三角商圈,是,否,4000000.0,1974,有限公司,Y,1,471999,未分類其他綜合商品零售
37961319,,芭比服飾,花蓮縣花蓮市國威里大同街３５―２號１樓,花蓮縣,花蓮市,國威里,金三角商圈,是,否,5000.0,2013,獨資,N,0,473211,服裝零售
92093027,,芝栢百貨行,花蓮縣花蓮市國威里大同街３５之３號―樓,花蓮縣,花蓮市,國威里,金三角商圈,是,否,3000.0,1994,獨資,N,0,473211,服裝零售
53162989,,全晉貿易有限公司,花蓮縣花蓮市國威里大同街３５號１樓,花蓮縣,花蓮市,國威里,金三角商圈,是,否,500000.0,2010,有限公司,Y,1,481011,漆料及塗料零售
94832180,,榮珍百貨行,花蓮縣花蓮市國威里大同街３５號１樓,花蓮縣,花蓮市,國威里,金三角商圈,是,否,3000.0,1984,獨資,N,0,473999,未分類其他服飾品零售
94624985,,花蓮農林企業有限公司,花蓮縣花蓮市國威里大同街３６號,花蓮縣,花蓮市,國威里,金三角商圈,是,否,1200000.0,1973,有限公司,Y,1,464999,未分類其他機械器具批發
85205948,,年豐工程行,花蓮縣花蓮市國威里大同街３７－２號１樓,花蓮縣,花蓮市,國威里,金三角商圈,是,否,2000000.0,2020,獨資,Y,1,433211,冷凍、通風、空調系統裝修工程
50747622,,屋漏痕藝術工作室,花蓮縣花蓮市國威里大同街４３號２樓,花蓮縣,花蓮市,國威里,金三角商圈,是,否,200000.0,2017,獨資,Y,1,901011,繪畫創作
94109215,,利東工礦股份有限公司,花蓮縣花蓮市國威里大同街５號,花蓮縣,花蓮市,國威里,金三角商圈,是,否,10000000.0,1967,股份有限公司,Y,1,060011,大理石採取
94653236,,利英工礦股份有限公司,花蓮縣花蓮市國威里大同街５號,花蓮縣,花蓮市,國威里,金三角商圈,是,否,26000000.0,1975,股份有限公司,Y,1,060011,大理石採取
13963274,,嘉徠排骨專賣店,花蓮縣花蓮市國威里大同街９號１樓,花蓮縣,花蓮市,國威里,金三角商圈,是,否,50000.0,2001,獨資,N,0,561112,便當、自助餐店
91202700,,福仁發達工作室,花蓮縣花蓮市國威里大同街９８巷５－１號１樓,花蓮縣,花蓮市,國威里,金三角商圈,是,否,100000.0,2021,獨資,Y,1,903015,藝術表演活動籌辦、監製與經紀
50748360,,咖啡月工作室,花蓮縣花蓮市國威里復興街６５―２號,花蓮縣,花蓮市,國威里,金三角商圈,是,否,10000.0,2018,獨資,N,0,563112,咖啡館
85207214,,黑潮拉麵,花蓮縣花蓮市國威里復興街７１號１樓,花蓮縣,花蓮市,國威里,金三角商圈,是,否,200000.0,2020,獨資,N,0,561113,麵店、小吃店
93603152,,旺福餐飲有限公司,花蓮縣花蓮市國威里復興街７８號,花蓮縣,花蓮市,國威里,金三角商圈,是,否,1000000.0,2024,有限公司,Y,1,561115,餐廳
67943057,,浪太大餐廳,花蓮縣花蓮市國威里復興街８６之１號,花蓮縣,花蓮市,國威里,金三角商圈,是,否,20000.0,1998,獨資,N,0,561115,餐廳
92535543,,釟八商行,花蓮縣花蓮市國威里復興街８８號,花蓮縣,花蓮市,國威里,金三角商圈,是,否,246000.0,2023,獨資,N,0,561115,餐廳
41461104,,安膜棒包膜工坊,花蓮縣花蓮市國威里復興街９６號,花蓮縣,花蓮市,國威里,金三角商圈,是,否,10000.0,2015,獨資,N,0,483299,其他通訊設備零售
92634895,,明富牛肉麵館,花蓮縣花蓮市國威里復興街９６－２號,花蓮縣,花蓮市,國威里,金三角商圈,是,否,200000.0,2023,獨資,N,0,561113,麵店、小吃店
91907073,,哈克行旅民宿,花蓮縣花蓮市國威里復興街９６－５號,花蓮縣,花蓮市,國威里,金三角商圈,是,否,100000.0,2022,獨資,N,0,551013,民宿
94264320,,雁山彩色印刷有限公司,花蓮縣花蓮市國威里復興街９８巷５號,花蓮縣,花蓮市,國威里,金三角商圈,是,否,10000000.0,1972,有限公司,Y,1,160100,印刷
41466570,,琴詩經典商行,花蓮縣花蓮市國威里新港街６２號１樓,花蓮縣,花蓮市,國威里,金三角商圈,是,否,200000.0,2016,獨資,N,0,472913,菸酒零售
95214116,,柔光美研工作室,花蓮縣花蓮市國威里新港街６２－１號１樓,花蓮縣,花蓮市,國威里,金三角商圈,是,否,200000.0,2025,獨資,N,0,962211,美甲美睫服務
15788245,,古早味早餐（８３２３２９８）,花蓮縣花蓮市國威里新港街６８號,花蓮縣,花蓮市,國威里,金三角商圈,是,否,3000.0,2003,獨資,N,0,561111,早餐店
85209402,,好韞商行,花蓮縣花蓮市國威里新港街６８號,花蓮縣,花蓮市,國威里,金三角商圈,是,否,238000.0,2019,獨資,Y,1,561115,餐廳
08129325,,張峻,花蓮縣花蓮市國威里新港街７２―２號,花蓮縣,花蓮市,國威里,金三角商圈,是,否,3000.0,1986,獨資,N,0,561113,麵店、小吃店
92098331,,菩提園商行,花蓮縣花蓮市國威里新港街７６之３號―樓,花蓮縣,花蓮市,國威里,金三角商圈,是,否,10000.0,1995,獨資,N,0,472999,未分類其他食品、飲料及菸草製品零售
49743177,,藍寓民宿,花蓮縣花蓮市國威里新港街７６號,花蓮縣,花蓮市,國威里,金三角商圈,是,否,200000.0,2016,獨資,N,0,551013,民宿
60275219,53601523,鼎豐國際開發股份有限公司百悅停車場,花蓮縣花蓮市國威里新港街７６－５號旁,花蓮縣,花蓮市,國威里,金三角商圈,是,否,0.0,2025,其他,Y,1,524100,停車場管理
78046474,,甲上美食,花蓮縣花蓮市國威里明禮路６７巷１號,花蓮縣,花蓮市,國威里,金三角商圈,是,否,3000.0,1992,獨資,N,0,561113,麵店、小吃店
18047793,,楊時尚髮型沙龍,花蓮縣花蓮市國威里明禮路６９―１號１樓,花蓮縣,花蓮市,國威里,金三角商圈,是,否,3000.0,2000,獨資,N,0,962112,理髮店
13972891,,幸運草手工藝精品坊（８３４８３２４）,花蓮縣花蓮市國威里明禮路６９－１號,花蓮縣,花蓮市,國威里,金三角商圈,是,否,10000.0,2002,獨資,N,0,485217,手工藝品零售
28216749,,咖多喜有限公司,花蓮縣花蓮市國威里林森路１９６巷４號１樓,花蓮縣,花蓮市,國威里,金三角商圈,是,否,1000000.0,2006,有限公司,Y,1,484314,機車零件、機車百貨零售
49770687,,喜樂行,花蓮縣花蓮市國威里林森路１９６巷４號１樓,花蓮縣,花蓮市,國威里,金三角商圈,是,否,100000.0,2016,獨資,Y,1,561115,餐廳
85206209,,東億不動產企業社,花蓮縣花蓮市國威里林森路１９６巷８―３號,花蓮縣,花蓮市,國威里,金三角商圈,是,否,200000.0,2020,獨資,Y,1,681211,不動產仲介
91153932,,東銓工程行,花蓮縣花蓮市國威里林森路１９６巷８―３號,花蓮縣,花蓮市,國威里,金三角商圈,是,否,250000.0,2021,獨資,Y,1,434011,室內裝潢工程
85213715,,沃土工作室,花蓮縣花蓮市國威里林森路１９６號４樓－１,花蓮縣,花蓮市,國威里,金三角商圈,是,否,100000.0,2020,獨資,N,0,702099,其他管理顧問
50748615,,艾德理髮廳,花蓮縣花蓮市國威里林森路２０２號１樓,花蓮縣,花蓮市,國威里,金三角商圈,是,否,5000.0,2018,獨資,N,0,962111,美髮院及髮廊
91270397,12758161,曼妮股份有限公司花蓮林森營業所,花蓮縣花蓮市國威里林森路２０２號１樓,花蓮縣,花蓮市,國威里,金三角商圈,是,否,0.0,2021,其他,Y,1,455211,服裝批發
41463187,,鑫鑫攝影照相器材,花蓮縣花蓮市國威里林森路２１０號１樓,花蓮縣,花蓮市,國威里,金三角商圈,是,否,249000.0,2015,獨資,Y,1,474922,照相器材零售
49780974,,高鋒資訊社,花蓮縣花蓮市國威里林森路２１２―１號１樓,花蓮縣,花蓮市,國威里,金三角商圈,是,否,20000.0,2016,獨資,N,0,483111,電腦及電腦週邊設備零售
55933250,,禾安軒有限公司,花蓮縣花蓮市國威里林森路２１２號１樓,花蓮縣,花蓮市,國威里,金三角商圈,是,否,2636000.0,2016,有限公司,Y,1,472918,咖啡零售
89225615,,中時旅行社股份有限公司,花蓮縣花蓮市國威里林森路２３６－４１號,花蓮縣,花蓮市,國威里,金三角商圈,是,否,7000000.0,1994,股份有限公司,Y,1,790011,旅行業
60250625,,佳航科技企業社,花蓮縣花蓮市國威里民國路１０１號２樓,花蓮縣,花蓮市,國威里,金三角商圈,是,否,248000.0,2026,獨資,Y,1,731013,公開展示廣告
60249536,,澤沐飲料店,花蓮縣花蓮市國威里民國路１０３之１號１樓,花蓮縣,花蓮市,國威里,金三角商圈,是,否,200000.0,2026,獨資,Y,1,563115,手搖飲店
31794217,,壹零參麵店,花蓮縣花蓮市國威里民國路１０３號１樓,花蓮縣,花蓮市,國威里,金三角商圈,是,否,100000.0,2013,獨資,N,0,561113,麵店、小吃店
60252742,,東海聚金滷味店,花蓮縣花蓮市國威里民國路１０３－２號,花蓮縣,花蓮市,國威里,金三角商圈,是,否,200000.0,2026,獨資,Y,1,561113,麵店、小吃店
78839398,,必佳電腦資訊社,花蓮縣花蓮市國威里民國路１０７號１樓,花蓮縣,花蓮市,國威里,金三角商圈,是,否,200000.0,1993,獨資,Y,1,483111,電腦及電腦週邊設備零售
93051897,,薇順裕冷飲店,花蓮縣花蓮市國威里民國路１０７號１樓,花蓮縣,花蓮市,國威里,金三角商圈,是,否,246000.0,2024,獨資,Y,1,563115,手搖飲店
26164935,,金城牛肉麵,花蓮縣花蓮市國威里民國路１３３―１號,花蓮縣,花蓮市,國威里,金三角商圈,是,否,3000.0,2009,獨資,N,0,561113,麵店、小吃店
10690709,,陳媽媽嘉義雞肉飯,花蓮縣花蓮市國威里民國路１３３號１樓,花蓮縣,花蓮市,國威里,金三角商圈,是,否,3000.0,2008,獨資,N,0,561113,麵店、小吃店
82182582,,奕星商號,花蓮縣花蓮市國威里民國路１３７號,花蓮縣,花蓮市,國威里,金三角商圈,是,否,100000.0,2019,獨資,N,0,561113,麵店、小吃店
20050885,,全興免洗餐具行,花蓮縣花蓮市國威里民國路１４５號,花蓮縣,花蓮市,國威里,金三角商圈,是,否,10000.0,1996,獨資,N,0,474911,免洗餐具零售
94190290,,泉興麵店,花蓮縣花蓮市國威里民國路１４５號,花蓮縣,花蓮市,國威里,金三角商圈,是,否,500000.0,1977,獨資,N,0,454918,麵食品批發
95215065,,柒月商行,花蓮縣花蓮市國威里民國路１４７號１樓,花蓮縣,花蓮市,國威里,金三角商圈,是,否,200000.0,2025,合夥,N,0,561113,麵店、小吃店
95209964,,皮皮咖哩食堂,花蓮縣花蓮市國威里民國路１５１之１號,花蓮縣,花蓮市,國威里,金三角商圈,是,否,60000.0,2025,獨資,N,0,561115,餐廳
27474780,,麗圓企業股份有限公司,花蓮縣花蓮市國威里民國路１５３號,花蓮縣,花蓮市,國威里,金三角商圈,是,否,20000000.0,2005,股份有限公司,Y,1,551012,旅館
41460695,,上老食企業,花蓮縣花蓮市國威里民國路１５９號１樓,花蓮縣,花蓮市,國威里,金三角商圈,是,否,200000.0,2015,獨資,Y,1,561113,麵店、小吃店
67945652,,花東客棧,花蓮縣花蓮市國威里民國路１６５號２樓之１等５９戶,花蓮縣,花蓮市,國威里,金三角商圈,是,否,240000.0,1999,合夥,Y,1,551012,旅館
80339905,23357868,台新綜合證券股份有限公司花蓮分公司,花蓮縣花蓮市國威里民國路１６７號,花蓮縣,花蓮市,國威里,金三角商圈,是,否,0.0,2002,本國公司設立之分公司,N,0,661100,證券商
61457461,,禾季商行,花蓮縣花蓮市國威里民國路８７號１樓,花蓮縣,花蓮市,國威里,金三角商圈,是,否,200000.0,2026,獨資,Y,1,472914,飲料零售
41463790,,信長企業社,花蓮縣花蓮市國威里民國路８９號１樓,花蓮縣,花蓮市,國威里,金三角商圈,是,否,50000.0,2015,獨資,Y,1,563115,手搖飲店
82194840,,岳澤坊,花蓮縣花蓮市國威里民國路９１號１樓,花蓮縣,花蓮市,國威里,金三角商圈,是,否,80000.0,2018,獨資,N,0,563115,手搖飲店
50748734,,金春發彩券行,花蓮縣花蓮市國威里民國路９３號１樓,花蓮縣,花蓮市,國威里,金三角商圈,是,否,50000.0,2018,獨資,N,0,920011,彩券銷售
91156678,,花福輕食餐盒,花蓮縣花蓮市國威里民國路９５號１樓,花蓮縣,花蓮市,國威里,金三角商圈,是,否,50000.0,2021,獨資,N,0,561112,便當、自助餐店
30339747,,永利廣東粥,花蓮縣花蓮市國威里民國路９７號,花蓮縣,花蓮市,國威里,金三角商圈,是,否,200000.0,2009,獨資,N,0,561113,麵店、小吃店
85314122,,歐兜賣雞蛋糕,花蓮縣花蓮市國威里自由街１２８―３號前,花蓮縣,花蓮市,國威里,金三角商圈,是,否,80000.0,2019,獨資,N,0,561113,麵店、小吃店
91555680,,歐兜賣烘焙坊,花蓮縣花蓮市國威里自由街１２８―３號１樓,花蓮縣,花蓮市,國威里,金三角商圈,是,否,100000.0,2021,獨資,N,0,472922,西點麵包零售
08129681,03795904,台灣電力股份有限公司東部發電廠,花蓮縣花蓮市國威里自由街１３６號,花蓮縣,花蓮市,國威里,金三角商圈,是,否,0.0,1986,其他,Y,1,351000,電力供應
30384236,,台灣電力股份有限公司東部發電廠員工消費合作社,花蓮縣花蓮市國威里自由街１３６號,花蓮縣,花蓮市,國威里,金三角商圈,是,否,15000.0,2009,合作社,Y,1,472926,冰品零售
92095284,,石庭客家小館,花蓮縣花蓮市國威里自由街１４０號１樓,花蓮縣,花蓮市,國威里,金三角商圈,是,否,50000.0,1994,合夥,Y,1,561115,餐廳
18050889,,中錸科技,花蓮縣花蓮市國威里自由街１４２號１樓,花蓮縣,花蓮市,國威里,金三角商圈,是,否,1200000.0,2000,獨資,Y,1,483111,電腦及電腦週邊設備零售
91152933,,靚衍美妍坊,花蓮縣花蓮市國威里自由街１４８號,花蓮縣,花蓮市,國威里,金三角商圈,是,否,249000.0,2021,獨資,N,0,962299,其他美容美體服務
91152574,,美力特區工作室,花蓮縣花蓮市國威里自由街１５０號地下室,花蓮縣,花蓮市,國威里,金三角商圈,是,否,200000.0,2021,獨資,N,0,931999,未分類其他運動服務
60743635,,喬斯渼國際有限公司,花蓮縣花蓮市國威里自由街１５０號６樓之５,花蓮縣,花蓮市,國威里,金三角商圈,是,否,1000000.0,2025,有限公司,Y,1,483212,手機及手機週邊零配件零售
83730051,,友茗有限公司,花蓮縣花蓮市國威里００３鄰民國路１３５號１樓,花蓮縣,花蓮市,國威里,金三角商圈,是,否,305000.0,2020,有限公司,Y,1,472914,飲料零售
26164528,,大同街阿嬤的古早味,花蓮縣花蓮市國威里００４鄰大同街３２－１號１樓,花蓮縣,花蓮市,國威里,金三角商圈,是,否,20000.0,2009,獨資,N,0,561113,麵店、小吃店
85208473,,祐霆租賃企業社,花蓮縣花蓮市國威里００４鄰新港街７６―１號１樓,花蓮縣,花蓮市,國威里,金三角商圈,是,否,228000.0,2019,獨資,Y,1,670012,不動產投資開發
42593223,,勝山國際科技有限公司,花蓮縣花蓮市國威里００５鄰中山路３１７號１樓,花蓮縣,花蓮市,國威里,金三角商圈,是,否,200000.0,2015,有限公司,Y,1,483111,電腦及電腦週邊設備零售
87349082,,熊寶生活館,花蓮縣花蓮市國威里００５鄰新港街５６―３號１樓,花蓮縣,花蓮市,國威里,金三角商圈,是,否,50000.0,2020,獨資,N,0,471999,未分類其他綜合商品零售
82178932,,瑞絲髮型工作室,花蓮縣花蓮市國威里００５鄰新港街５６―５號１樓,花蓮縣,花蓮市,國威里,金三角商圈,是,否,30000.0,2019,獨資,N,0,962111,美髮院及髮廊
93057816,,禾㥯商行,花蓮縣花蓮市國威里００５鄰民國路１３９―４號１樓,花蓮縣,花蓮市,國威里,金三角商圈,是,否,100000.0,2024,獨資,N,0,563115,手搖飲店
94644510,,華峰大理石工業股份有限公司,花蓮縣花蓮市國威里００５鄰民國路１３９號３樓之７,花蓮縣,花蓮市,國威里,金三角商圈,是,否,241460000.0,1973,股份有限公司,Y,1,461999,未分類其他建材批發
08650879,,牧羊犬服飾,花蓮縣花蓮市國威里００５鄰民國路１３９號５樓５號,花蓮縣,花蓮市,國威里,金三角商圈,是,否,30000.0,2005,獨資,N,0,487115,經營網路購物（服飾類商品）
91159773,,立峯商行,花蓮縣花蓮市國威里００６鄰中山路３３７號１樓,花蓮縣,花蓮市,國威里,金三角商圈,是,否,50000.0,2022,獨資,N,0,563199,其他飲料店
91151977,,儀式感韓國精品服飾,花蓮縣花蓮市國威里００７鄰中山路２４０號,花蓮縣,花蓮市,國威里,金三角商圈,是,否,5000.0,2021,獨資,N,0,473211,服裝零售
50592232,97176270,台灣大哥大股份有限公司花蓮民國營業處,花蓮縣花蓮市國威里００７鄰中山路２４０，２４０―１號１樓,花蓮縣,花蓮市,國威里,金三角商圈,是,否,0.0,2016,其他,Y,1,483212,手機及手機週邊零配件零售
39951034,,台隆五金行,花蓮縣花蓮市國威里００７鄰中山路２５４號１樓,花蓮縣,花蓮市,國威里,金三角商圈,是,否,200000.0,2014,獨資,Y,1,481013,金屬手工具零售
41247724,,福記餛飩,花蓮縣花蓮市國威里００７鄰中山路２５６號１樓,花蓮縣,花蓮市,國威里,金三角商圈,是,否,80000.0,2014,獨資,N,0,561113,麵店、小吃店
72846668,,洪家香企業,花蓮縣花蓮市國威里００７鄰中山路２６８號１樓,花蓮縣,花蓮市,國威里,金三角商圈,是,否,200000.0,2018,獨資,Y,1,471114,加盟連鎖式便利商店（無商品進、銷貨行為）
82184580,,大吉串物小吃,花蓮縣花蓮市國威里００７鄰民國路１５１之２、１５１之３號,花蓮縣,花蓮市,國威里,金三角商圈,是,否,200000.0,2019,獨資,Y,1,561113,麵店、小吃店
72845422,,采妮衣飾,花蓮縣花蓮市國威里００８鄰中山路２６２、２６４號１樓,花蓮縣,花蓮市,國威里,金三角商圈,是,否,80000.0,2018,獨資,Y,1,473211,服裝零售
41460935,,立捷通訊,花蓮縣花蓮市國威里００８鄰中山路２６６―１號１樓,花蓮縣,花蓮市,國威里,金三角商圈,是,否,240000.0,2015,獨資,Y,1,483212,手機及手機週邊零配件零售
91052934,,上奇有限公司,花蓮縣花蓮市國威里００８鄰中山路２６６―１號１樓,花蓮縣,花蓮市,國威里,金三角商圈,是,否,2000000.0,2021,有限公司,Y,1,464299,其他電子、通訊設備及其零組件批發
87531053,24326013,科林國際助聽器股份有限公司花蓮門市,花蓮縣花蓮市國威里００８鄰中山路２７６號１樓,花蓮縣,花蓮市,國威里,金三角商圈,是,否,0.0,2020,其他,Y,1,475113,醫療耗材零售
91155919,,珍香肉羹麵店,花蓮縣花蓮市國威里００８鄰中山路２７８號１樓,花蓮縣,花蓮市,國威里,金三角商圈,是,否,5000.0,2021,獨資,N,0,561113,麵店、小吃店
24889293,,新成室內裝修設計工程有限公司,花蓮縣花蓮市國威里００９鄰復興街６５―１號１樓,花蓮縣,花蓮市,國威里,金三角商圈,是,否,2000000.0,2015,有限公司,Y,1,434015,室內裝修工程
60250316,,日初理髮廳,花蓮縣花蓮市國威里０１０鄰三民街３５―１號１樓,花蓮縣,花蓮市,國威里,金三角商圈,是,否,100000.0,2026,獨資,N,0,962112,理髮店
60250110,,小義思食堂,花蓮縣花蓮市國威里０１０鄰三民街３５號１樓,花蓮縣,花蓮市,國威里,金三角商圈,是,否,60000.0,2026,獨資,N,0,561115,餐廳
61456028,,奔跑山豬運動行銷企業社,花蓮縣花蓮市國威里０１０鄰三民街３９號,花蓮縣,花蓮市,國威里,金三角商圈,是,否,200000.0,2026,獨資,Y,1,931999,未分類其他運動服務
41006957,,萩閣民宿,花蓮縣花蓮市國威里０１０鄰復興街８２─１號,花蓮縣,花蓮市,國威里,金三角商圈,是,否,100000.0,2014,獨資,N,0,551013,民宿
86820294,,寶安開發建設有限公司,花蓮縣花蓮市國威里０１０鄰民國路１６３號６樓之２,花蓮縣,花蓮市,國威里,金三角商圈,是,否,25000000.0,1992,有限公司,Y,1,670012,不動產投資開發
50748397,,梟梟咖啡屋,花蓮縣花蓮市國威里０１３鄰三民街４７―１號,花蓮縣,花蓮市,國威里,金三角商圈,是,否,100000.0,2018,獨資,N,0,563112,咖啡館
34886555,,環碩環境工程,花蓮縣花蓮市國威里０１３鄰三民街４９號１樓,花蓮縣,花蓮市,國威里,金三角商圈,是,否,1000000.0,2010,獨資,Y,1,292600,化工機械設備製造
61476559,,水子美學館,花蓮縣花蓮市國威里０１３鄰三民街５１號１樓,花蓮縣,花蓮市,國威里,金三角商圈,是,否,40000.0,2026,獨資,N,0,962299,其他美容美體服務
91650657,,財團法人花蓮縣光之島文化藝術基金會,花蓮縣花蓮市國威里０１５鄰明禮路６７巷１號,花蓮縣,花蓮市,國威里,金三角商圈,是,否,2000000.0,2022,其他,Y,1,702099,其他管理顧問
37998913,,寫寫字工作室,花蓮縣花蓮市國威里０１５鄰明禮路６７巷１號１樓,花蓮縣,花蓮市,國威里,金三角商圈,是,否,100000.0,2014,獨資,N,0,581311,實體書籍出版
60249825,,旺財小吃店,花蓮縣花蓮市國威里０１５鄰明禮路６７巷２號,花蓮縣,花蓮市,國威里,金三角商圈,是,否,50000.0,2026,獨資,N,0,561113,麵店、小吃店
41466945,,哈尼足體養生工坊,花蓮縣花蓮市國威里０１６鄰光復街１２２之１號１樓,花蓮縣,花蓮市,國威里,金三角商圈,是,否,100000.0,2016,獨資,N,0,969015,推拿按摩服務
41006963,,時尚秀精品服飾店,花蓮縣花蓮市國威里０１６鄰光復街１２８號１樓,花蓮縣,花蓮市,國威里,金三角商圈,是,否,100000.0,2014,獨資,N,0,473211,服裝零售
93051518,,再吃一口食堂,花蓮縣花蓮市國威里０１６鄰大同街１７號,花蓮縣,花蓮市,國威里,金三角商圈,是,否,60000.0,2024,獨資,N,0,561115,餐廳
60252481,,海雙美髮工作室,花蓮縣花蓮市國威里０１６鄰大同街１７號左邊,花蓮縣,花蓮市,國威里,金三角商圈,是,否,100000.0,2026,獨資,N,0,962111,美髮院及髮廊
41154669,,花蓮達魯瑪民宿,花蓮縣花蓮市國威里０１７鄰大同街３１號,花蓮縣,花蓮市,國威里,金三角商圈,是,否,50000.0,2014,獨資,N,0,551013,民宿
91254729,,淨悅自助洗衣,花蓮縣花蓮市國威里０１７鄰大同街３１號１樓,花蓮縣,花蓮市,國威里,金三角商圈,是,否,100000.0,2021,獨資,N,0,961012,自助洗衣店
41016218,,恆昌整復館,花蓮縣花蓮市國威里０１７鄰新港街８１―１號１樓,花蓮縣,花蓮市,國威里,金三角商圈,是,否,10000.0,2015,合夥,N,0,869919,國術損傷接骨、國術推拿服務
10009297,,華府殿廈管理委員會,花蓮縣花蓮市國威里０１８鄰光復街１３６號４樓之７,花蓮縣,花蓮市,國威里,金三角商圈,是,否,100000.0,2011,其他,N,0,949900,未分類其他組織
54959963,,自然原創設計有限公司,花蓮縣花蓮市國威里０１８鄰光復街１３６號６樓之３,花蓮縣,花蓮市,國威里,金三角商圈,是,否,200000.0,2018,有限公司,Y,1,473299,其他服裝及其配件零售
87333201,,自然禮讚設計工作室,花蓮縣花蓮市國威里０１８鄰光復街１３６號６樓３號,花蓮縣,花蓮市,國威里,金三角商圈,是,否,50000.0,2020,獨資,N,0,485217,手工藝品零售
92640664,,積財富彩券行,花蓮縣花蓮市國威里０１８鄰林森路２１２―１號１樓,花蓮縣,花蓮市,國威里,金三角商圈,是,否,50000.0,2023,獨資,N,0,920011,彩券銷售
93057962,,莯慕髮型工作室,花蓮縣花蓮市國威里０１８鄰林森路２１２―２號２樓,花蓮縣,花蓮市,國威里,金三角商圈,是,否,3000.0,2024,獨資,N,0,962111,美髮院及髮廊
87350778,,饕饕飲食店,花蓮縣花蓮市國威里０１８鄰林森路２１２－２號１樓,花蓮縣,花蓮市,國威里,金三角商圈,是,否,50000.0,2020,獨資,Y,1,561115,餐廳
89395483,86517384,永豐商業銀行股份有限公司花蓮分公司,花蓮縣花蓮市國威里０１８鄰林森路２１８－１號１、２、３、４樓,花蓮縣,花蓮市,國威里,金三角商圈,是,否,0.0,1995,本國公司設立之分公司,Y,1,641211,本國銀行
95803681,,鵝肉先生小吃店,花蓮縣花蓮市國威里０１９鄰林森路２２４號１、２、３樓,花蓮縣,花蓮市,國威里,金三角商圈,是,否,250000.0,1995,獨資,Y,1,561113,麵店、小吃店
10089600,,黃記雞排,花蓮縣花蓮市國威里０１９鄰林森路２２６號,花蓮縣,花蓮市,國威里,金三角商圈,是,否,3000.0,2007,獨資,N,0,561200,餐食攤販
91917522,53529092,臺灣力匯有限公司花蓮營業所,花蓮縣花蓮市國威里０２０鄰中山路３５９號１樓,花蓮縣,花蓮市,國威里,金三角商圈,是,否,0.0,2022,其他,Y,1,454920,保健營養食品批發
37783976,,花蓮香扁食店,花蓮縣花蓮市國威里０２１鄰中山路３４７―１號,花蓮縣,花蓮市,國威里,金三角商圈,是,否,200000.0,2012,獨資,Y,1,561113,麵店、小吃店
91150533,,湖畔餐飲,花蓮縣花蓮市國威里０２１鄰中山路３４７號,花蓮縣,花蓮市,國威里,金三角商圈,是,否,200000.0,2021,獨資,Y,1,561115,餐廳
31791458,,樵樵服飾,花蓮縣花蓮市國威里０２１鄰新港街７９―２號１樓,花蓮縣,花蓮市,國威里,金三角商圈,是,否,3000.0,2012,獨資,N,0,473211,服裝零售
93054389,,阿米斯娃娃商行,花蓮縣花蓮市國威里０２１鄰新港街７９―４號１樓,花蓮縣,花蓮市,國威里,金三角商圈,是,否,100000.0,2024,獨資,N,0,561115,餐廳
91590510,,京祚串燒居酒屋,花蓮縣花蓮市國威里０２１鄰新港街７９－１號１樓,花蓮縣,花蓮市,國威里,金三角商圈,是,否,100000.0,2022,獨資,N,0,561115,餐廳
61455301,,曜晨企業社,花蓮縣花蓮市國威里０２１鄰新港街７９－３號,花蓮縣,花蓮市,國威里,金三角商圈,是,否,200000.0,2026,獨資,N,0,563115,手搖飲店
92642305,,京之苑燒肉,花蓮縣花蓮市國威里０２２鄰中山路２９０號,花蓮縣,花蓮市,國威里,金三角商圈,是,否,100000.0,2024,獨資,N,0,561113,麵店、小吃店
91152954,,四季野餐企業,花蓮縣花蓮市國威里０２２鄰中山路２９６號１樓,花蓮縣,花蓮市,國威里,金三角商圈,是,否,50000.0,2021,獨資,Y,1,561113,麵店、小吃店
99803543,,濱綺步藝術指甲坊,花蓮縣花蓮市國威里０２２鄰中山路３００號,花蓮縣,花蓮市,國威里,金三角商圈,是,否,30000.0,2004,獨資,N,0,962111,美髮院及髮廊
95098355,,東藝數位影像輸出社,花蓮縣花蓮市國威里０２３鄰中山路３０６號１樓,花蓮縣,花蓮市,國威里,金三角商圈,是,否,1000000.0,2024,獨資,Y,1,760111,照相館
24618927,,蓮德傢俱有限公司,花蓮縣花蓮市國威里０２４鄰中山路３２２號,花蓮縣,花蓮市,國威里,金三角商圈,是,否,1200000.0,2014,有限公司,Y,1,474211,國產家用家具零售
60248136,,吉來企業社,花蓮縣花蓮市國威里０２４鄰林森路２３６―３４號,花蓮縣,花蓮市,國威里,金三角商圈,是,否,245000.0,2025,獨資,Y,1,494099,其他汽車貨運
97572953,,永樂工程有限公司,花蓮縣花蓮市國威里０２４鄰林森路２３６―３４號,花蓮縣,花蓮市,國威里,金三角商圈,是,否,1000000.0,2024,有限公司,Y,1,434013,房屋設備安裝工程
41006892,,晶鑽地產,花蓮縣花蓮市國威里０２４鄰林森路２３６―３４號８樓,花蓮縣,花蓮市,國威里,金三角商圈,是,否,200000.0,2014,獨資,Y,1,681211,不動產仲介
55869139,,麥田地產有限公司,花蓮縣花蓮市國威里０２４鄰林森路２３６―４０號,花蓮縣,花蓮市,國威里,金三角商圈,是,否,500000.0,2016,有限公司,Y,1,681211,不動產仲介
83583683,,鴻洋環保投顧有限公司,花蓮縣花蓮市國威里０２４鄰林森路２３６―４４號,花蓮縣,花蓮市,國威里,金三角商圈,是,否,1000000.0,2016,有限公司,Y,1,383099,其他資源物回收處理
95442322,,聚富輝投資有限公司,花蓮縣花蓮市國威里０２４鄰林森路２３６―４４號,花蓮縣,花蓮市,國威里,金三角商圈,是,否,1000000.0,2024,有限公司,Y,1,649911,投資有價證券
27366157,70554762,台灣知識庫股份有限公司花蓮分公司,花蓮縣花蓮市國威里０２４鄰林森路２４２號１樓,花蓮縣,花蓮市,國威里,金三角商圈,是,否,0.0,2004,本國公司設立之分公司,Y,1,620199,其他電腦程式設計
60256418,,春日好吃涼麵,花蓮縣花蓮市國威里０２５鄰大同街３９號１樓,花蓮縣,花蓮市,國威里,金三角商圈,是,否,50000.0,2025,獨資,N,0,561113,麵店、小吃店
64802596,,卜君雅舍,花蓮縣花蓮市國威里０２５鄰大同街４３號１樓,花蓮縣,花蓮市,國威里,金三角商圈,是,否,6000.0,1988,獨資,N,0,485299,未分類其他全新商品零售
10618284,,暹邏泰食,花蓮縣花蓮市國威里０２６鄰復興街６９號,花蓮縣,花蓮市,國威里,金三角商圈,是,否,20000.0,2008,獨資,N,0,561115,餐廳
42187132,04351626,光泉食品股份有限公司花蓮冷藏所,花蓮縣花蓮市國威里０２６鄰林森路２４４巷１號４樓之３,花蓮縣,花蓮市,國威里,金三角商圈,是,否,0.0,2015,其他,Y,1,454513,乳製品（奶粉除外）批發
91919824,,耀煦電腦資訊,花蓮縣花蓮市國威里０２６鄰林森路２４６―１號１樓,花蓮縣,花蓮市,國威里,金三角商圈,是,否,200000.0,2022,獨資,Y,1,487199,其他電子購物及郵購
93051502,,遇見時尚服飾精品店,花蓮縣花蓮市國威里０２６鄰林森路２４６―２號１樓,花蓮縣,花蓮市,國威里,金三角商圈,是,否,200000.0,2024,獨資,N,0,473999,未分類其他服飾品零售
60251841,,爪魂選物販賣店,花蓮縣花蓮市國威里０２６鄰林森路２４６－２號１樓,花蓮縣,花蓮市,國威里,金三角商圈,是,否,50000.0,2026,獨資,N,0,932414,夾娃娃機店
91590504,,靖捷企業社,花蓮縣花蓮市國威里０２７鄰大同街４７號１樓,花蓮縣,花蓮市,國威里,金三角商圈,是,否,80000.0,2022,獨資,N,0,476299,其他運動用品及器材零售
91150772,,金豐禾企業社,花蓮縣花蓮市國威里０２７鄰復興街９６―１號１樓,花蓮縣,花蓮市,國威里,金三角商圈,是,否,1000000.0,2021,獨資,Y,1,681211,不動產仲介
70778566,22957301,富邦綜合證券股份有限公司花蓮分公司,花蓮縣花蓮市國威里０２９鄰林森路２５６號２樓,花蓮縣,花蓮市,國威里,金三角商圈,是,否,0.0,2000,本國公司設立之分公司,Y,1,661100,證券商
92535831,,娜此競技企業社,花蓮縣花蓮市國威里０３０鄰光復街８７號７樓,花蓮縣,花蓮市,國威里,金三角商圈,是,否,50000.0,2023,獨資,N,0,932999,未分類其他娛樂及休閒服務
50748312,,新晨彩妝,花蓮縣花蓮市國威里０３０鄰光復街９７―４號２樓,花蓮縣,花蓮市,國威里,金三角商圈,是,否,10000.0,2018,獨資,N,0,962299,其他美容美體服務
41136939,,希柏服飾,花蓮縣花蓮市國威里０３０鄰光復街９７－２號,花蓮縣,花蓮市,國威里,金三角商圈,是,否,3000.0,2014,獨資,N,0,473211,服裝零售
83551958,,翰墨文化藝術有限公司,花蓮縣花蓮市國威里０３１鄰博愛街１７８―１３號１樓,花蓮縣,花蓮市,國威里,金三角商圈,是,否,100000.0,2020,有限公司,Y,1,469916,礦物（寶石除外）批發
41016934,,亮熹小舖,花蓮縣花蓮市國威里０３１鄰博愛街２２９號１樓,花蓮縣,花蓮市,國威里,金三角商圈,是,否,200000.0,2015,獨資,Y,1,561115,餐廳
41202212,,河南砂鍋手工扯麵館,花蓮縣花蓮市國威里０３１鄰民國路１０５號,花蓮縣,花蓮市,國威里,金三角商圈,是,否,3000.0,2014,合夥,N,0,561113,麵店、小吃店
37978395,,阿妹清粥小菜,花蓮縣花蓮市國威里０３２鄰民國路１０１號１樓,花蓮縣,花蓮市,國威里,金三角商圈,是,否,3000.0,2013,獨資,N,0,561113,麵店、小吃店
72847293,,鱻晏小吃店,花蓮縣花蓮市國威里０３２鄰民國路９３－１號１樓,花蓮縣,花蓮市,國威里,金三角商圈,是,否,50000.0,2018,獨資,N,0,561113,麵店、小吃店
82278995,,木民宿,花蓮縣花蓮市國威里０３３鄰光復街９９巷３號,花蓮縣,花蓮市,國威里,金三角商圈,是,否,50000.0,2018,獨資,N,0,551013,民宿
37999125,,波波雪花冰屋,花蓮縣花蓮市國威里０３３鄰大同街１５―１號,花蓮縣,花蓮市,國威里,金三角商圈,是,否,5000.0,2014,獨資,N,0,472926,冰品零售
91157135,,一步工作室,花蓮縣花蓮市國威里０３３鄰大同街１５―１號,花蓮縣,花蓮市,國威里,金三角商圈,是,否,200000.0,2021,獨資,N,0,931219,健身中心
15793866,,小不點美而美,花蓮縣花蓮市國威里０３３鄰大同街１５―１號１樓,花蓮縣,花蓮市,國威里,金三角商圈,是,否,30000.0,2003,獨資,Y,1,561111,早餐店
28900946,,看見雄光有限公司,花蓮縣花蓮市國威里０３４鄰林森路１９６―１號１樓,花蓮縣,花蓮市,國威里,金三角商圈,是,否,1000000.0,2008,有限公司,Y,1,474412,眼鏡及其零配件零售
94155358,,豪順旅行社有限公司,花蓮縣花蓮市國威里０３４鄰林森路２０６號１樓,花蓮縣,花蓮市,國威里,金三角商圈,是,否,6000000.0,2023,有限公司,Y,1,790011,旅行業
92537578,,天尼斯商行,花蓮縣花蓮市國威里０３４鄰林森路２１０―２號１樓,花蓮縣,花蓮市,國威里,金三角商圈,是,否,50000.0,2023,獨資,N,0,563199,其他飲料店
91159366,,林琬晴舞蹈設計工作室,花蓮縣花蓮市國威里０３４鄰林森路２１０―６號地下一樓,花蓮縣,花蓮市,國威里,金三角商圈,是,否,23000.0,2022,獨資,N,0,902012,舞團
82019132,12228473,神腦國際企業股份有限公司花蓮林森維修門市,花蓮縣花蓮市國威里０３４鄰林森路２１０―６號１樓,花蓮縣,花蓮市,國威里,金三角商圈,是,否,0.0,2018,其他,Y,1,483212,手機及手機週邊零配件零售
92641191,,希望創意工坊,花蓮縣花蓮市國威里０３４鄰林森路２１０號１樓,花蓮縣,花蓮市,國威里,金三角商圈,是,否,5000.0,2023,獨資,N,0,487199,其他電子購物及郵購
87388009,84591036,葡眾企業股份有限公司花蓮營業所,花蓮縣花蓮市國威里０３５鄰自由街１５０號２樓,花蓮縣,花蓮市,國威里,金三角商圈,是,否,0.0,2020,其他,Y,1,454700,非酒精飲料批發
91175458,,私立中國青年救國團花蓮團委會附設社會教育研習中心技藝短期補習班,花蓮縣花蓮市國威里０３５鄰自由街１５０號４樓之３及之５,花蓮縣,花蓮市,國威里,金三角商圈,是,否,1.0,2021,其他,Y,1,859999,其他未分類教育
85211569,,富達國際數位行銷企業社,花蓮縣花蓮市國威里０３５鄰自由街１５０號６樓之１,花蓮縣,花蓮市,國威里,金三角商圈,是,否,1000000.0,2019,獨資,Y,1,702099,其他管理顧問
26789208,,椿山日本料理,花蓮縣花蓮市國威里１鄰光復街１０８號１樓,花蓮縣,花蓮市,國威里,金三角商圈,是,否,50000.0,2011,獨資,N,0,561115,餐廳
53662231,23060248,全家便利商店股份有限公司花蓮光復分公司,花蓮縣花蓮市國威里１鄰民國路１２１號、１２３號、１２３－１號,花蓮縣,花蓮市,國威里,金三角商圈,是,否,0.0,2012,本國公司設立之分公司,Y,1,471112,直營連鎖式便利商店
31794482,,新欣麵館,花蓮縣花蓮市國威里１鄰民國路１２５號,花蓮縣,花蓮市,國威里,金三角商圈,是,否,200000.0,2013,獨資,Y,1,561113,麵店、小吃店
15782875,,東臨壽司店（８３４１４３８）,花蓮縣花蓮市國威里１鄰民國路１３１號,花蓮縣,花蓮市,國威里,金三角商圈,是,否,30000.0,2001,獨資,N,0,561113,麵店、小吃店
09631099,,熱海排骨飯,花蓮縣花蓮市國威里１０鄰民國路１５７號１樓,花蓮縣,花蓮市,國威里,金三角商圈,是,否,2000000.0,2006,獨資,Y,1,561112,便當、自助餐店
70762467,04231910,國泰世華商業銀行股份有限公司花蓮分公司,花蓮縣花蓮市國威里１０鄰民國路１６３號１丶２樓,花蓮縣,花蓮市,國威里,金三角商圈,是,否,0.0,2000,本國公司設立之分公司,N,0,641211,本國銀行
01821151,,宮澤火鍋,花蓮縣花蓮市國威里１１鄰復興街８６號１樓,花蓮縣,花蓮市,國威里,金三角商圈,是,否,30000.0,2013,獨資,N,0,561115,餐廳
34889407,,綠育企業社,花蓮縣花蓮市國威里１４鄰大同街３７－１號１樓,花蓮縣,花蓮市,國威里,金三角商圈,是,否,200000.0,2010,獨資,Y,1,483111,電腦及電腦週邊設備零售
26591085,,小一點洋行工作室,花蓮縣花蓮市國威里１５鄰明禮路６７巷１號,花蓮縣,花蓮市,國威里,金三角商圈,是,否,3000.0,2010,獨資,N,0,485217,手工藝品零售
80094182,,雅閣旅館股份有限公司,花蓮縣花蓮市國威里１８鄰光復街１３６號８樓之６,花蓮縣,花蓮市,國威里,金三角商圈,是,否,84915000.0,2003,股份有限公司,Y,1,551012,旅館
83793822,69568009,燦坤實業股份有限公司花蓮林森分公司,花蓮縣花蓮市國威里１８鄰林森路２１６、２１８號,花蓮縣,花蓮市,國威里,金三角商圈,是,否,0.0,2020,本國公司設立之分公司,Y,1,483111,電腦及電腦週邊設備零售
39968470,,芝蔴門餐廳,花蓮縣花蓮市國威里１８鄰林森路２２２號,花蓮縣,花蓮市,國威里,金三角商圈,是,否,50000.0,2013,獨資,N,0,561115,餐廳
26788849,,四季芳香美容,花蓮縣花蓮市國威里１９鄰新港街８２號１樓,花蓮縣,花蓮市,國威里,金三角商圈,是,否,3000.0,2011,合夥,N,0,962299,其他美容美體服務
31792870,,俊宏漁行,花蓮縣花蓮市國威里１９鄰新港街８２－３號１樓,花蓮縣,花蓮市,國威里,金三角商圈,是,否,200000.0,2012,合夥,Y,1,454399,其他水產品批發
70963703,,髻凱瑞美髮行,花蓮縣花蓮市國威里１９鄰林森路２３０―１號１樓,花蓮縣,花蓮市,國威里,金三角商圈,是,否,50000.0,1999,獨資,N,0,962111,美髮院及髮廊
31798522,,他口餐廳,花蓮縣花蓮市國威里２鄰復興街９２號１樓,花蓮縣,花蓮市,國威里,金三角商圈,是,否,50000.0,2013,獨資,N,0,561115,餐廳
94304603,,新金發交通器材行,花蓮縣花蓮市國威里２０鄰中山路３６７號,花蓮縣,花蓮市,國威里,金三角商圈,是,否,7000.0,1968,獨資,Y,1,484311,汽車零件、汽車百貨零售
18054750,,百世尼服飾店,花蓮縣花蓮市國威里２０鄰中山路３６９號１樓,花蓮縣,花蓮市,國威里,金三角商圈,是,否,200000.0,2001,獨資,Y,1,473211,服裝零售
18059158,,中山美髮美容院,花蓮縣花蓮市國威里２１鄰中山路３４５號１樓,花蓮縣,花蓮市,國威里,金三角商圈,是,否,3000.0,2001,獨資,N,0,962111,美髮院及髮廊
78844815,,大勝書局,花蓮縣花蓮市國威里２１鄰中山路３５３號１樓,花蓮縣,花蓮市,國威里,金三角商圈,是,否,30000.0,1993,獨資,Y,1,476111,文具零售
94141209,,金建興商號,花蓮縣花蓮市國威里２２鄰中山路２８４號,花蓮縣,花蓮市,國威里,金三角商圈,是,否,3000.0,1977,獨資,N,0,561111,早餐店
94189907,,保安堂藥房,花蓮縣花蓮市國威里２２鄰中山路２９４號,花蓮縣,花蓮市,國威里,金三角商圈,是,否,3000.0,1977,獨資,N,0,475111,中藥零售
13969468,,春龍商號,花蓮縣花蓮市國威里２２鄰中山路２９８號１樓,花蓮縣,花蓮市,國威里,金三角商圈,是,否,100000.0,2002,獨資,Y,1,472913,菸酒零售
34891874,,志成電子材料行,花蓮縣花蓮市國威里２３鄰三民街８４―１號,花蓮縣,花蓮市,國威里,金三角商圈,是,否,200000.0,2011,獨資,Y,1,160311,影音內容複製
94788683,,大同西藥房,花蓮縣花蓮市國威里２３鄰中山路３０８號,花蓮縣,花蓮市,國威里,金三角商圈,是,否,3000.0,1981,獨資,N,0,475112,西藥零售
49962664,,仁和堂藥房,花蓮縣花蓮市國威里２３鄰中山路３１６號１樓,花蓮縣,花蓮市,國威里,金三角商圈,是,否,5000.0,2005,獨資,N,0,475111,中藥零售
64806919,,安華洋行,花蓮縣花蓮市國威里２４鄰中山路３２０號,花蓮縣,花蓮市,國威里,金三角商圈,是,否,5000.0,1988,獨資,Y,1,472921,糖果餅乾零售
16954609,,旭淇實業有限公司,花蓮縣花蓮市國威里２４鄰林森路２３６－１６號５樓,花蓮縣,花蓮市,國威里,金三角商圈,是,否,5000000.0,1999,有限公司,Y,1,429099,未分類其他土木工程
26789116,,貝爾精品服飾,花蓮縣花蓮市國威里２４鄰林森路２３８號１樓,花蓮縣,花蓮市,國威里,金三角商圈,是,否,240000.0,2011,獨資,Y,1,473211,服裝零售
26788361,,慶源泰式小館,花蓮縣花蓮市國威里２５鄰大同街４５號、４５－１號,花蓮縣,花蓮市,國威里,金三角商圈,是,否,150000.0,2011,獨資,N,0,561115,餐廳
53279593,,巨門食品企業有限公司,花蓮縣花蓮市國威里２６鄰復興街７３號,花蓮縣,花蓮市,國威里,金三角商圈,是,否,1000000.0,2011,有限公司,Y,1,472999,未分類其他食品、飲料及菸草製品零售
26790726,,琴森音樂坊,花蓮縣花蓮市國威里２６鄰林森路２４４巷６號１樓,花蓮縣,花蓮市,國威里,金三角商圈,是,否,10000.0,2011,獨資,N,0,959911,樂器維修
31487013,,金玉鞋坊,花蓮縣花蓮市國威里２６鄰林森路２４６號１樓,花蓮縣,花蓮市,國威里,金三角商圈,是,否,300000.0,2007,獨資,Y,1,473312,鞋類及其配件（真皮鞋類及其配件除外）零售
53675123,23060248,全家便利商店股份有限公司花蓮博愛分公司,花蓮縣花蓮市國威里２６鄰林森路２５０號,花蓮縣,花蓮市,國威里,金三角商圈,是,否,0.0,2013,本國公司設立之分公司,Y,1,471112,直營連鎖式便利商店
70751617,03750168,台北富邦商業銀行股份有限公司花蓮分公司,花蓮縣花蓮市國威里２９鄰林森路２５６號１樓,花蓮縣,花蓮市,國威里,金三角商圈,是,否,0.0,1999,本國公司設立之分公司,N,0,641211,本國銀行
70826693,70826461,富邦產物保險股份有限公司花蓮分公司,花蓮縣花蓮市國威里２９鄰林森路２５６號３樓,花蓮縣,花蓮市,國威里,金三角商圈,是,否,0.0,2001,本國公司設立之分公司,N,0,652099,其他財產保險
95208629,,羽之文旅民宿,花蓮縣花蓮市國威里３１鄰博愛街１７６－５號,花蓮縣,花蓮市,國威里,金三角商圈,是,否,200000.0,2024,獨資,N,0,551013,民宿
37762894,,好旺電綉社,花蓮縣花蓮市國威里３１鄰博愛街２２７號,花蓮縣,花蓮市,國威里,金三角商圈,是,否,3000.0,2012,獨資,N,0,959916,衣服修改
70957370,,１０９茶飲專賣店,花蓮縣花蓮市國威里３１鄰民國路１０９號,花蓮縣,花蓮市,國威里,金三角商圈,是,否,3000.0,1999,獨資,N,0,563115,手搖飲店
18049547,,艾米咖啡館,花蓮縣花蓮市國威里３２鄰大同街４巷４號,花蓮縣,花蓮市,國威里,金三角商圈,是,否,20000.0,2000,獨資,Y,1,561113,麵店、小吃店
67943535,,美兆廚房精緻小館,花蓮縣花蓮市國威里３２鄰自由街１３０號１樓,花蓮縣,花蓮市,國威里,金三角商圈,是,否,250000.0,1998,獨資,Y,1,561113,麵店、小吃店
30208392,,大手牽小手服飾店,花蓮縣花蓮市國威里３４鄰光復街１０７號１樓,花蓮縣,花蓮市,國威里,金三角商圈,是,否,200000.0,2010,獨資,N,0,473211,服裝零售
99468674,,久儷精品坊,花蓮縣花蓮市國威里３４鄰博愛街２３１號１樓,花蓮縣,花蓮市,國威里,金三角商圈,是,否,3000.0,2004,獨資,N,0,473211,服裝零售
09884880,,巧連坊拼圖專賣店,花蓮縣花蓮市國威里３４鄰林森路２１０―１號１樓,花蓮縣,花蓮市,國威里,金三角商圈,是,否,3000.0,2007,獨資,N,0,476112,書籍、雜誌零售
10070790,,四八高地小吃部,花蓮縣花蓮市國威里４鄰大同街３２號,花蓮縣,花蓮市,國威里,金三角商圈,是,否,100000.0,2007,獨資,N,0,561113,麵店、小吃店
23835398,,瑞成通信有限公司,花蓮縣花蓮市國威里４鄰新港街７０－１號１樓,花蓮縣,花蓮市,國威里,金三角商圈,是,否,5000000.0,1990,有限公司,Y,1,433112,電路工程
70959882,,良友文具行,花蓮縣花蓮市國威里５鄰中山路３１３號１樓,花蓮縣,花蓮市,國威里,金三角商圈,是,否,248000.0,1999,獨資,Y,1,476111,文具零售
28979582,89743949,順發電腦股份有限公司花蓮分公司,花蓮縣花蓮市國威里５鄰中山路３１９號,花蓮縣,花蓮市,國威里,金三角商圈,是,否,0.0,2009,本國公司設立之分公司,Y,1,483111,電腦及電腦週邊設備零售
95801585,,麥式多歐式麵包,花蓮縣花蓮市國威里５鄰民國路１３９―１﹒２﹒３號１樓,花蓮縣,花蓮市,國威里,金三角商圈,是,否,2240000.0,1995,合夥,Y,1,089111,糕餅麵包製造
30321508,,國香園素食,花蓮縣花蓮市國威里５鄰民國路１３９―５號１樓,花蓮縣,花蓮市,國威里,金三角商圈,是,否,10000.0,2009,獨資,N,0,561113,麵店、小吃店
31792695,,佳和通訊行,花蓮縣花蓮市國威里５鄰民國路１４１號１樓,花蓮縣,花蓮市,國威里,金三角商圈,是,否,2000000.0,2012,獨資,Y,1,433112,電路工程
94761066,,瑞泰電機商行,花蓮縣花蓮市國威里６鄰中山路３２５號,花蓮縣,花蓮市,國威里,金三角商圈,是,否,400000.0,1985,獨資,Y,1,474199,其他家用電器零售
22557353,,東偉行有限公司,花蓮縣花蓮市國威里６鄰中山路３２７號,花蓮縣,花蓮市,國威里,金三角商圈,是,否,3000000.0,1987,有限公司,Y,1,481014,居家修繕用品零售
94663207,,德生葯局,花蓮縣花蓮市國威里６鄰中山路３２９號,花蓮縣,花蓮市,國威里,金三角商圈,是,否,5000.0,1977,獨資,N,0,475112,西藥零售
94805254,,東凱書局,花蓮縣花蓮市國威里７鄰中山路２５０號,花蓮縣,花蓮市,國威里,金三角商圈,是,否,10000.0,1982,獨資,N,0,476111,文具零售
94125313,,阜豐企業有限公司,花蓮縣花蓮市國威里７鄰中山路２５４號１樓,花蓮縣,花蓮市,國威里,金三角商圈,是,否,5000000.0,1973,有限公司,Y,1,464920,電力設備器材批發
31462651,,洪家香食品行,花蓮縣花蓮市國威里８鄰中山路２６６﹒２６８號,花蓮縣,花蓮市,國威里,金三角商圈,是,否,200000.0,2007,獨資,N,0,472919,肉鬆、肉乾、火腿、臘味零售
50736147,,奇檬子民宿,花蓮縣花蓮市國安里中山路３３０－１號,花蓮縣,花蓮市,國安里,花蓮市一般行政區,否,否,50000.0,2017,獨資,N,0,551013,民宿
83778667,,約伯康股份有限公司,花蓮縣花蓮市國安里中山路３３８號,花蓮縣,花蓮市,國安里,花蓮市一般行政區,否,否,3500000.0,2020,股份有限公司,Y,1,473312,鞋類及其配件（真皮鞋類及其配件除外）零售
20066628,94174806,有限責任花蓮第二信用合作社中山分社,花蓮縣花蓮市國安里中山路３４４號,花蓮縣,花蓮市,國安里,花蓮市一般行政區,否,否,0.0,1997,其他,N,0,641300,信用合作社
94189770,11456006,南山人壽保險股份有限公司花蓮分公司,花蓮縣花蓮市國安里中山路３５６號４樓,花蓮縣,花蓮市,國安里,花蓮市一般行政區,否,否,0.0,1979,本國公司設立之分公司,N,0,651000,人身保險
60248327,,酷豆子小舖,花蓮縣花蓮市國安里中山路３５８巷１１號,花蓮縣,花蓮市,國安里,花蓮市一般行政區,否,否,100000.0,2025,獨資,N,0,472914,飲料零售
83796567,,花東人家有限公司,花蓮縣花蓮市國安里中山路３５８巷１１號,花蓮縣,花蓮市,國安里,花蓮市一般行政區,否,否,200000.0,2020,有限公司,Y,1,456700,清潔用品批發
26113900,,小惡魔藝術指甲,花蓮縣花蓮市國安里中山路３６８號１樓,花蓮縣,花蓮市,國安里,花蓮市一般行政區,否,否,3000.0,2009,獨資,N,0,962211,美甲美睫服務
67935726,,麗王精品百貨,花蓮縣花蓮市國安里中山路３７０號１樓,花蓮縣,花蓮市,國安里,花蓮市一般行政區,否,否,2000000.0,1998,合夥,Y,1,457299,其他化粧品批發
76956497,,焦點沖印行,花蓮縣花蓮市國安里中山路３７４號１樓,花蓮縣,花蓮市,國安里,花蓮市一般行政區,否,否,2000000.0,1990,合夥,Y,1,160100,印刷
60205116,,欣興鎖匙行,花蓮縣花蓮市國安里中山路３９４巷３－２號,花蓮縣,花蓮市,國安里,花蓮市一般行政區,否,否,3000.0,2025,獨資,N,0,959917,開鎖及配鎖
93049915,,真豪足體養身館,花蓮縣花蓮市國安里中山路４０２號１樓,花蓮縣,花蓮市,國安里,花蓮市一般行政區,否,否,100000.0,2024,合夥,Y,1,969015,推拿按摩服務
82154360,,邱文章,花蓮縣花蓮市國安里中山路４０６－２號騎樓,花蓮縣,花蓮市,國安里,花蓮市一般行政區,否,否,3000.0,2018,獨資,N,0,932414,夾娃娃機店
92538751,,綺藝提琴行,花蓮縣花蓮市國安里中山路４０６－２號２樓,花蓮縣,花蓮市,國安里,花蓮市一般行政區,否,否,200000.0,2023,獨資,N,0,476112,書籍、雜誌零售
94506501,03741302,中華郵政股份有限公司花蓮郵局,花蓮縣花蓮市國安里中山路４０８號,花蓮縣,花蓮市,國安里,花蓮市一般行政區,否,否,0.0,2003,其他,Y,1,641500,郵政儲金匯兌
08121533,03741302,中華郵政股份有限公司花蓮國安郵局,花蓮縣花蓮市國安里中山路４０８號１樓,花蓮縣,花蓮市,國安里,花蓮市一般行政區,否,否,0.0,2003,其他,Y,1,541000,郵政業務服務
83272267,,旭日不動產股份有限公司,花蓮縣花蓮市國安里中山路４０８－６號１樓,花蓮縣,花蓮市,國安里,花蓮市一般行政區,否,否,1000000.0,2021,股份有限公司,Y,1,681211,不動產仲介
78852217,,大有當鋪,花蓮縣花蓮市國安里中山路４０８－７號１樓,花蓮縣,花蓮市,國安里,花蓮市一般行政區,否,否,1500000.0,1994,獨資,N,0,649611,典當服務
30208920,,小妮造型髮藝,花蓮縣花蓮市國安里中山路４１０―６號,花蓮縣,花蓮市,國安里,花蓮市一般行政區,否,否,200000.0,2010,獨資,N,0,962111,美髮院及髮廊
31796117,,大觀園企業社,花蓮縣花蓮市國安里中山路４１０號１樓,花蓮縣,花蓮市,國安里,花蓮市一般行政區,否,否,200000.0,2013,獨資,Y,1,476299,其他運動用品及器材零售
94845100,,立大車業行,花蓮縣花蓮市國安里中山路４１０－４號１樓,花蓮縣,花蓮市,國安里,花蓮市一般行政區,否,否,200000.0,1985,獨資,Y,1,451099,其他商品批發經紀
24357423,,熊邦企業經營管理顧問有限公司,花蓮縣花蓮市國安里中山路４１２巷１０號２樓,花蓮縣,花蓮市,國安里,花蓮市一般行政區,否,否,5000000.0,2009,有限公司,Y,1,620299,其他電腦諮詢及設備管理
25047713,,熊邦電子商務有限公司,花蓮縣花蓮市國安里中山路４１２巷１０號２樓,花蓮縣,花蓮市,國安里,花蓮市一般行政區,否,否,1000000.0,2009,有限公司,Y,1,452000,綜合商品批發
28746064,,熊邦資料處理有限公司,花蓮縣花蓮市國安里中山路４１２巷１０號２樓,花蓮縣,花蓮市,國安里,花蓮市一般行政區,否,否,500000.0,2007,有限公司,Y,1,631299,其他資料處理、主機及網站代管服務
45113161,,熊邦白鮑溪休閒農場有限公司,花蓮縣花蓮市國安里中山路４１２巷１０號２樓,花蓮縣,花蓮市,國安里,花蓮市一般行政區,否,否,4500000.0,2016,有限公司,Y,1,020011,造林
54953481,,珍豪饌實業股份有限公司,花蓮縣花蓮市國安里中山路４１２巷１０號２樓,花蓮縣,花蓮市,國安里,花蓮市一般行政區,否,否,5000000.0,2018,股份有限公司,Y,1,487199,其他電子購物及郵購
80425367,,歡樂熊商用系統顧問有限公司,花蓮縣花蓮市國安里中山路４１２巷１０號２樓,花蓮縣,花蓮市,國安里,花蓮市一般行政區,否,否,4000000.0,2003,有限公司,Y,1,631299,其他資料處理、主機及網站代管服務
61455631,,天然香企業社,花蓮縣花蓮市國安里中山路４１２巷１０號４樓,花蓮縣,花蓮市,國安里,花蓮市一般行政區,否,否,200000.0,2026,獨資,N,0,487199,其他電子購物及郵購
23246821,,興國砂石股份有限公司,花蓮縣花蓮市國安里中山路４１２巷１２號１樓,花蓮縣,花蓮市,國安里,花蓮市一般行政區,否,否,20000000.0,1989,股份有限公司,Y,1,060099,未分類砂、石採取及其他礦業
27801898,,楓葉園溫泉股份有限公司,花蓮縣花蓮市國安里中山路４１２巷１２號１樓,花蓮縣,花蓮市,國安里,花蓮市一般行政區,否,否,29000000.0,2005,股份有限公司,Y,1,932100,遊樂園及主題樂園
93051257,,軒緣小吃店,花蓮縣花蓮市國安里中山路４１２巷５號,花蓮縣,花蓮市,國安里,花蓮市一般行政區,否,否,50000.0,2024,獨資,N,0,561113,麵店、小吃店
82176250,,家瑞涼水店,花蓮縣花蓮市國安里中山路４１４號１樓,花蓮縣,花蓮市,國安里,花蓮市一般行政區,否,否,3000.0,2018,獨資,N,0,563199,其他飲料店
31449004,,金甌滷味店,花蓮縣花蓮市國安里中山路４１６―１號１樓及騎樓,花蓮縣,花蓮市,國安里,花蓮市一般行政區,否,否,3000.0,2007,獨資,N,0,561113,麵店、小吃店
31417360,,阿亮香雞排,花蓮縣花蓮市國安里中山路４１６―２號,花蓮縣,花蓮市,國安里,花蓮市一般行政區,否,否,3000.0,2006,獨資,N,0,561200,餐食攤販
49776726,,主恩小吃,花蓮縣花蓮市國安里中山路４１６―２號１樓,花蓮縣,花蓮市,國安里,花蓮市一般行政區,否,否,10000.0,2017,獨資,N,0,561113,麵店、小吃店
91157655,,誠一不動產企業社,花蓮縣花蓮市國安里中山路４１６―３號１樓,花蓮縣,花蓮市,國安里,花蓮市一般行政區,否,否,200000.0,2021,合夥,Y,1,681211,不動產仲介
41008723,,弘爺早午餐,花蓮縣花蓮市國安里中山路４１６―５號１樓,花蓮縣,花蓮市,國安里,花蓮市一般行政區,否,否,50000.0,2014,獨資,N,0,561111,早餐店
57533809,,阿爾派國際有限公司,花蓮縣花蓮市國安里中山路４１６―６號１樓,花蓮縣,花蓮市,國安里,花蓮市一般行政區,否,否,3000000.0,2017,有限公司,Y,1,454812,咖啡批發
41016982,,宥安冷飲店,花蓮縣花蓮市國安里中山路４１６號,花蓮縣,花蓮市,國安里,花蓮市一般行政區,否,否,10000.0,2015,獨資,Y,1,472914,飲料零售
28110746,,大閩亞宙食品有限公司,花蓮縣花蓮市國安里中山路４１６－６號,花蓮縣,花蓮市,國安里,花蓮市一般行政區,否,否,500000.0,2006,有限公司,Y,1,454812,咖啡批發
08148441,,有限責任國立花蓮高級商業職業學校員生消費合作社,花蓮縣花蓮市國安里中山路４１８號,花蓮縣,花蓮市,國安里,花蓮市一般行政區,否,否,27000.0,1987,合作社,N,0,471914,消費合作社
94648038,,有限責任台灣花蓮商職員工福利,花蓮縣花蓮市國安里中山路４１８號,花蓮縣,花蓮市,國安里,花蓮市一般行政區,否,否,15000.0,1977,其他,N,0,474999,未分類其他家用器具及用品零售
91597984,,一球入魂地瓜球,花蓮縣花蓮市國安里中山路４２０－４號,花蓮縣,花蓮市,國安里,花蓮市一般行政區,否,否,200000.0,2022,獨資,N,0,561113,麵店、小吃店
82180472,,妮娜醬烘培工作室,花蓮縣花蓮市國安里中山路４２０－４號１樓,花蓮縣,花蓮市,國安里,花蓮市一般行政區,否,否,5000.0,2019,獨資,N,0,472999,未分類其他食品、飲料及菸草製品零售
09623561,,時光書店,花蓮縣花蓮市國安里建國路８號,花蓮縣,花蓮市,國安里,花蓮市一般行政區,否,否,70000.0,2006,獨資,N,0,476112,書籍、雜誌零售
30386797,,老牌蔥油餅商行,花蓮縣花蓮市國安里復興街１１０巷２號旁攤販,花蓮縣,花蓮市,國安里,花蓮市一般行政區,否,否,3000.0,2009,獨資,N,0,561200,餐食攤販
78046729,,大成鋁業行,花蓮縣花蓮市國安里復興街１１２號１樓,花蓮縣,花蓮市,國安里,花蓮市一般行政區,否,否,200000.0,1992,獨資,Y,1,434013,房屋設備安裝工程
94849422,,遠景印刷企業有限公司,花蓮縣花蓮市國安里復興街８１號,花蓮縣,花蓮市,國安里,花蓮市一般行政區,否,否,7000000.0,1985,有限公司,Y,1,160100,印刷
54798968,,明正不動產有限公司,花蓮縣花蓮市國安里明心街１―２７號及１―２８號１－２樓,花蓮縣,花蓮市,國安里,花蓮市一般行政區,否,否,500000.0,2014,有限公司,Y,1,681211,不動產仲介
87345311,,諾亞方舟企業社,花蓮縣花蓮市國安里明心街１―３８號,花蓮縣,花蓮市,國安里,花蓮市一般行政區,否,否,200000.0,2020,獨資,Y,1,702012,行銷管理顧問
94273550,,吉野安有限公司,花蓮縣花蓮市國安里明心街１―３８號,花蓮縣,花蓮市,國安里,花蓮市一般行政區,否,否,200000.0,2023,有限公司,Y,1,681111,自有不動產買賣
60375316,,聖堂工程顧問有限公司,花蓮縣花蓮市國安里明心街１―３８號一樓,花蓮縣,花蓮市,國安里,花蓮市一般行政區,否,否,1000000.0,2026,有限公司,Y,1,711299,其他工程服務及相關技術顧問
92640670,,亞太建築工作室,花蓮縣花蓮市國安里明心街１―３９號１樓,花蓮縣,花蓮市,國安里,花蓮市一般行政區,否,否,238000.0,2023,獨資,Y,1,740100,室內設計
54992386,,誠理諮詢顧問有限公司,花蓮縣花蓮市國安里明心街１―４２號１樓,花蓮縣,花蓮市,國安里,花蓮市一般行政區,否,否,500000.0,2019,有限公司,Y,1,649699,其他民間融資
49754429,,隆德工程行,花蓮縣花蓮市國安里明心街１之４２號四樓之２,花蓮縣,花蓮市,國安里,花蓮市一般行政區,否,否,1000000.0,2016,獨資,Y,1,433111,水電工程
13963393,,賈貴琳髮廊,花蓮縣花蓮市國安里明心街１－２６號１樓,花蓮縣,花蓮市,國安里,花蓮市一般行政區,否,否,5000.0,2001,獨資,N,0,962111,美髮院及髮廊
91593832,,禾葳髮藝,花蓮縣花蓮市國安里明心街１－２９號,花蓮縣,花蓮市,國安里,花蓮市一般行政區,否,否,50000.0,2022,獨資,N,0,962111,美髮院及髮廊
89525401,,億學實業有限公司,花蓮縣花蓮市國安里明心街１－３６號１樓,花蓮縣,花蓮市,國安里,花蓮市一般行政區,否,否,5000000.0,1995,有限公司,Y,1,483111,電腦及電腦週邊設備零售
50747094,,文源書店,花蓮縣花蓮市國安里明心街１－４０號１樓,花蓮縣,花蓮市,國安里,花蓮市一般行政區,否,否,100000.0,2017,獨資,Y,1,458112,書籍、雜誌批發
97350740,,文風企業有限公司,花蓮縣花蓮市國安里明心街６之３號,花蓮縣,花蓮市,國安里,花蓮市一般行政區,否,否,2000000.0,1997,有限公司,Y,1,160100,印刷
30209033,,老榕樹生炒羊肉店,花蓮縣花蓮市國安里明智街６９號１樓,花蓮縣,花蓮市,國安里,花蓮市一般行政區,否,否,200000.0,2010,獨資,Y,1,561115,餐廳
87345760,,澳力義式餐廳,花蓮縣花蓮市國安里明智街７５號１樓,花蓮縣,花蓮市,國安里,花蓮市一般行政區,否,否,98000.0,2020,獨資,N,0,561115,餐廳
82176391,,依得商店,花蓮縣花蓮市國安里明禮路５４號１樓,花蓮縣,花蓮市,國安里,花蓮市一般行政區,否,否,10000.0,2018,獨資,N,0,472999,未分類其他食品、飲料及菸草製品零售
93054992,,食現早午餐,花蓮縣花蓮市國安里明禮路５６號,花蓮縣,花蓮市,國安里,花蓮市一般行政區,否,否,249999.0,2024,獨資,N,0,561115,餐廳
78851006,,永裕豆漿,花蓮縣花蓮市國安里林森路３９３號１樓,花蓮縣,花蓮市,國安里,花蓮市一般行政區,否,否,5000.0,1994,獨資,N,0,561113,麵店、小吃店
62252748,,花蓮翻譯社有限公司,花蓮縣花蓮市國安里林森路３９７－１號１樓,花蓮縣,花蓮市,國安里,花蓮市一般行政區,否,否,100000.0,2026,有限公司,Y,1,760200,翻譯服務
42030630,42612538,開元食品工業股份有限公司花蓮營業所,花蓮縣花蓮市國安里林森路４０１號１樓,花蓮縣,花蓮市,國安里,花蓮市一般行政區,否,否,0.0,2015,其他,Y,1,089999,其他未分類食品製造
31794526,,全星企業社,花蓮縣花蓮市國安里林森路４０３號,花蓮縣,花蓮市,國安里,花蓮市一般行政區,否,否,80000.0,2013,獨資,Y,1,472914,飲料零售
22820782,12148598,中興保全科技股份有限公司花蓮分公司,花蓮縣花蓮市國安里林森路４０９及４１１號４樓,花蓮縣,花蓮市,國安里,花蓮市一般行政區,否,否,0.0,1988,本國公司設立之分公司,Y,1,800012,系統保全服務
82184723,,皇家峇里美容,花蓮縣花蓮市國安里林森路４０９號,花蓮縣,花蓮市,國安里,花蓮市一般行政區,否,否,50000.0,2019,獨資,N,0,969015,推拿按摩服務
27410365,,峻毅建設有限公司,花蓮縣花蓮市國安里林森路４０９號６樓,花蓮縣,花蓮市,國安里,花蓮市一般行政區,否,否,10000000.0,2004,有限公司,Y,1,670012,不動產投資開發
27777031,,童話汽車旅館有限公司,花蓮縣花蓮市國安里林森路４０９號６樓,花蓮縣,花蓮市,國安里,花蓮市一般行政區,否,否,20000000.0,2005,有限公司,Y,1,551012,旅館
57537609,,浪立建設有限公司,花蓮縣花蓮市國安里林森路４０９號６樓,花蓮縣,花蓮市,國安里,花蓮市一般行政區,否,否,2000000.0,2017,有限公司,Y,1,670012,不動產投資開發
83390638,,以樂建設有限公司,花蓮縣花蓮市國安里林森路４０９號６樓,花蓮縣,花蓮市,國安里,花蓮市一般行政區,否,否,10000000.0,2023,有限公司,Y,1,670012,不動產投資開發
99835405,,榮美企業社,花蓮縣花蓮市國安里林森路４０９號６樓,花蓮縣,花蓮市,國安里,花蓮市一般行政區,否,否,2500000.0,2004,獨資,Y,1,475299,其他化粧品零售
34918418,,高雄鴨肉小吃,花蓮縣花蓮市國安里林森路４１１號１樓,花蓮縣,花蓮市,國安里,花蓮市一般行政區,否,否,60000.0,2010,獨資,N,0,561113,麵店、小吃店
80585743,,金環邦運通旅行社股份有限公司,花蓮縣花蓮市國安里林森路４１１號６樓,花蓮縣,花蓮市,國安里,花蓮市一般行政區,否,否,7000000.0,2003,股份有限公司,Y,1,790011,旅行業
60685488,,史密斯運動有限公司,花蓮縣花蓮市國安里林森路４１１號７樓,花蓮縣,花蓮市,國安里,花蓮市一般行政區,否,否,1000000.0,2025,有限公司,Y,1,475113,醫療耗材零售
82183098,,田品商店,花蓮縣花蓮市國安里進豐街１號１樓,花蓮縣,花蓮市,國安里,花蓮市一般行政區,否,否,200000.0,2019,獨資,Y,1,473299,其他服裝及其配件零售
97424757,,永吉旅行社股份有限公司,花蓮縣花蓮市國安里進豐街４５號,花蓮縣,花蓮市,國安里,花蓮市一般行政區,否,否,6000000.0,1997,股份有限公司,Y,1,790011,旅行業
87347205,,禾楹企業社,花蓮縣花蓮市國安里００１鄰中山路３２８―２號１樓,花蓮縣,花蓮市,國安里,花蓮市一般行政區,否,否,100000.0,2020,獨資,Y,1,563199,其他飲料店
55911283,,大保比食品有限公司,花蓮縣花蓮市國安里００１鄰中山路３３０號１樓,花蓮縣,花蓮市,國安里,花蓮市一般行政區,否,否,600000.0,2016,有限公司,Y,1,471999,未分類其他綜合商品零售
91153742,,虹騰實業社,花蓮縣花蓮市國安里００１鄰中山路３３０號１樓,花蓮縣,花蓮市,國安里,花蓮市一般行政區,否,否,100000.0,2021,獨資,Y,1,760199,其他攝影
42595931,,麗池飯包有限公司,花蓮縣花蓮市國安里００１鄰中山路３３６號,花蓮縣,花蓮市,國安里,花蓮市一般行政區,否,否,1000000.0,2015,有限公司,Y,1,561112,便當、自助餐店
85360384,,晴友麵店,花蓮縣花蓮市國安里００２鄰中山路３５８巷２０號,花蓮縣,花蓮市,國安里,花蓮市一般行政區,否,否,3000.0,2019,獨資,N,0,561113,麵店、小吃店
13968165,,頑美女神美容精品,花蓮縣花蓮市國安里００３鄰中山路３６２號,花蓮縣,花蓮市,國安里,花蓮市一般行政區,否,否,3000.0,2002,獨資,N,0,962111,美髮院及髮廊
72710310,,媽媽味自助餐,花蓮縣花蓮市國安里００３鄰中山路３６４號１樓,花蓮縣,花蓮市,國安里,花蓮市一般行政區,否,否,3000.0,2017,獨資,N,0,561112,便當、自助餐店
82178525,,優德鞋坊,花蓮縣花蓮市國安里００４鄰中山路３９０號,花蓮縣,花蓮市,國安里,花蓮市一般行政區,否,否,10000.0,2018,獨資,N,0,959913,鞋、皮革品修理
31504977,,古早味青草茶攤,花蓮縣花蓮市國安里００５鄰復興街１０６號（左側）,花蓮縣,花蓮市,國安里,花蓮市一般行政區,否,否,60000.0,2011,獨資,N,0,563199,其他飲料店
72848217,,芭樂一號古厝便當,花蓮縣花蓮市國安里００９鄰建國路１、３、５、７號,花蓮縣,花蓮市,國安里,花蓮市一般行政區,否,否,150000.0,2018,獨資,N,0,561112,便當、自助餐店
93053683,,木云商行,花蓮縣花蓮市國安里００９鄰林森路４０５巷１號,花蓮縣,花蓮市,國安里,花蓮市一般行政區,否,否,100000.0,2024,獨資,N,0,563199,其他飲料店
91594570,,神田屋食品行,花蓮縣花蓮市國安里００９鄰林森路４０７號,花蓮縣,花蓮市,國安里,花蓮市一般行政區,否,否,100000.0,2022,獨資,Y,1,561115,餐廳
95209985,,教練咖哩店,花蓮縣花蓮市國安里００９鄰林森路４１３號,花蓮縣,花蓮市,國安里,花蓮市一般行政區,否,否,50000.0,2025,獨資,N,0,561115,餐廳
58121609,,吉良宗則有限公司,花蓮縣花蓮市國安里０１０鄰建國路２號,花蓮縣,花蓮市,國安里,花蓮市一般行政區,否,否,800000.0,2017,有限公司,Y,1,731013,公開展示廣告
69626063,,自然有漁有限公司,花蓮縣花蓮市國安里０１０鄰建國路２３號１樓,花蓮縣,花蓮市,國安里,花蓮市一般行政區,否,否,5000000.0,2017,有限公司,Y,1,561115,餐廳
83172324,,森深試務所有限公司,花蓮縣花蓮市國安里０１０鄰建國路２３號１樓,花蓮縣,花蓮市,國安里,花蓮市一般行政區,否,否,5000000.0,2020,有限公司,Y,1,903015,藝術表演活動籌辦、監製與經紀
90406213,,軒水蓮有限公司,花蓮縣花蓮市國安里０１０鄰建國路６巷２號１樓,花蓮縣,花蓮市,國安里,花蓮市一般行政區,否,否,300000.0,2021,有限公司,Y,1,472913,菸酒零售
13967095,,聚豐實業社,花蓮縣花蓮市國安里０１０鄰正義街６號１樓,花蓮縣,花蓮市,國安里,花蓮市一般行政區,否,否,5200000.0,2002,獨資,Y,1,433212,管道工程
82340273,,芳村活海產,花蓮縣花蓮市國安里０１０鄰正義街８號,花蓮縣,花蓮市,國安里,花蓮市一般行政區,否,否,200000.0,2019,獨資,Y,1,561115,餐廳
24226324,,邁思會展有限公司,花蓮縣花蓮市國安里０１４鄰中山路３９６號,花蓮縣,花蓮市,國安里,花蓮市一般行政區,否,否,5000000.0,2008,有限公司,Y,1,820211,會議籌辦
50600009,,花蓮中山精剪屋,花蓮縣花蓮市國安里０１４鄰中山路４０２－１號,花蓮縣,花蓮市,國安里,花蓮市一般行政區,否,否,20000.0,2016,合夥,N,0,962111,美髮院及髮廊
50743610,,世新攝影,花蓮縣花蓮市國安里０１４鄰中山路４０６號１樓,花蓮縣,花蓮市,國安里,花蓮市一般行政區,否,否,50000.0,2017,獨資,N,0,760112,相片沖洗
29309077,,紅豚美髮院,花蓮縣花蓮市國安里０１４鄰復興街１３０號１樓,花蓮縣,花蓮市,國安里,花蓮市一般行政區,否,否,3000.0,2004,獨資,N,0,962111,美髮院及髮廊
30258929,,金鴻大理石企業社,花蓮縣花蓮市國安里０１４鄰明心街１―３７號１樓,花蓮縣,花蓮市,國安里,花蓮市一般行政區,否,否,160000.0,2009,獨資,Y,1,234011,石材家具及其製品製造
50740780,,仟旅行,花蓮縣花蓮市國安里０１５鄰中山路４０８―８號１樓,花蓮縣,花蓮市,國安里,花蓮市一般行政區,否,否,200000.0,2017,獨資,Y,1,473911,行李箱、旅行袋（箱）、背包、公事包、化粧箱零售
96972880,86519539,台新國際商業銀行股份有限公司花蓮分公司,花蓮縣花蓮市國安里０１５鄰中山路４０８―９號１－４樓,花蓮縣,花蓮市,國安里,花蓮市一般行政區,否,否,0.0,1996,本國公司設立之分公司,N,0,641211,本國銀行
92641565,,芳心瑜珈工作室,花蓮縣花蓮市國安里０１５鄰中山路４１２巷１６號,花蓮縣,花蓮市,國安里,花蓮市一般行政區,否,否,60000.0,2023,獨資,N,0,859311,瑜珈指導
91646211,,佑全花蓮中山藥局,花蓮縣花蓮市國安里１鄰中山路３２６號１、２樓,花蓮縣,花蓮市,國安里,花蓮市一般行政區,否,否,10000.0,2022,獨資,Y,1,475112,西藥零售
76952611,,白馬機車行,花蓮縣花蓮市國安里１鄰中山路３３２號,花蓮縣,花蓮市,國安里,花蓮市一般行政區,否,否,9000.0,1990,獨資,N,0,484211,全新機車零售
30157534,,芷輝服飾行,花蓮縣花蓮市國安里１鄰中山路３４０號１樓,花蓮縣,花蓮市,國安里,花蓮市一般行政區,否,否,249000.0,2008,獨資,Y,1,473211,服裝零售
27297103,,金壽砂石股份有限公司,花蓮縣花蓮市國安里１鄰中山路４１２巷１２號１樓,花蓮縣,花蓮市,國安里,花蓮市一般行政區,否,否,54000000.0,2004,股份有限公司,Y,1,461214,砂石批發
99783434,97160729,美商亞洲美樂家有限公司台灣分公司花蓮營業所,花蓮縣花蓮市國安里１０鄰正義街８－２﹒８－３號,花蓮縣,花蓮市,國安里,花蓮市一般行政區,否,否,0.0,2004,其他,Y,1,452000,綜合商品批發
26798918,,大力檳榔,花蓮縣花蓮市國安里１２鄰進豐街４３號,花蓮縣,花蓮市,國安里,花蓮市一般行政區,否,否,3000.0,2011,獨資,N,0,472936,檳榔零售
94012802,,三和堂藥行,花蓮縣花蓮市國安里１２鄰進豐街４９號,花蓮縣,花蓮市,國安里,花蓮市一般行政區,否,否,5000.0,1970,獨資,N,0,475111,中藥零售
20050554,,興曄鋼鋁,花蓮縣花蓮市國安里１４鄰中山路３９６號,花蓮縣,花蓮市,國安里,花蓮市一般行政區,否,否,50000.0,1996,獨資,Y,1,481014,居家修繕用品零售
26154205,,台灣拓普生技,花蓮縣花蓮市國安里１４鄰中山路３９６號１樓,花蓮縣,花蓮市,國安里,花蓮市一般行政區,否,否,500000.0,2009,獨資,Y,1,457199,其他藥品及醫療用品批發
34892959,,進來商行,花蓮縣花蓮市國安里１４鄰中山路４０６―２號１樓,花蓮縣,花蓮市,國安里,花蓮市一般行政區,否,否,200000.0,2011,獨資,Y,1,471114,加盟連鎖式便利商店（無商品進、銷貨行為）
53010392,23060248,全家便利商店股份有限公司花蓮國安分公司,花蓮縣花蓮市國安里１４鄰中山路４０６―２號１樓,花蓮縣,花蓮市,國安里,花蓮市一般行政區,否,否,0.0,2011,本國公司設立之分公司,Y,1,471113,加盟連鎖式便利商店（有商品進、銷貨行為）
26108527,,明心左岸,花蓮縣花蓮市國安里１４鄰明心街１―４１號３樓,花蓮縣,花蓮市,國安里,花蓮市一般行政區,否,否,5000.0,2009,獨資,N,0,551013,民宿
08146035,,梵廸髮藝造型,花蓮縣花蓮市國安里１４鄰明心街１－３４號１樓,花蓮縣,花蓮市,國安里,花蓮市一般行政區,否,否,3000.0,1987,獨資,N,0,962111,美髮院及髮廊
67946456,11826470,台灣雅芳股份有限公司花蓮區域服務中心,花蓮縣花蓮市國安里１４鄰明心街２―１號１樓,花蓮縣,花蓮市,國安里,花蓮市一般行政區,否,否,0.0,1999,其他,Y,1,475299,其他化粧品零售
26792180,,綺麗實業社,花蓮縣花蓮市國安里１４鄰明心街２之１號,花蓮縣,花蓮市,國安里,花蓮市一般行政區,否,否,200000.0,2012,合夥,Y,1,457299,其他化粧品批發
34886485,,昌暉企業社,花蓮縣花蓮市國安里１４鄰明心街６―３號１樓,花蓮縣,花蓮市,國安里,花蓮市一般行政區,否,否,1000000.0,2010,獨資,Y,1,464411,辦公室家具批發
86357942,,歐菲斯企業有限公司,花蓮縣花蓮市國安里１４鄰明心街６―６號１樓,花蓮縣,花蓮市,國安里,花蓮市一般行政區,否,否,1000000.0,1991,有限公司,Y,1,464499,其他辦公用機械器具批發
94839780,,藍天照相打字,花蓮縣花蓮市國安里１４鄰明心街６之５號,花蓮縣,花蓮市,國安里,花蓮市一般行政區,否,否,5000.0,1984,獨資,N,0,820912,文件打字、撰稿及速記等服務
70965553,,小毛牛肉麵,花蓮縣花蓮市國安里１４鄰明心街６－１號１樓,花蓮縣,花蓮市,國安里,花蓮市一般行政區,否,否,3000.0,1999,獨資,N,0,561113,麵店、小吃店
13974645,,白雲美工社,花蓮縣花蓮市國安里１４鄰明心街６－５號１樓,花蓮縣,花蓮市,國安里,花蓮市一般行政區,否,否,3000.0,2002,獨資,N,0,731099,其他廣告服務
94838419,,㓓洋水族館,花蓮縣花蓮市國安里１５鄰中山路４０８―４號,花蓮縣,花蓮市,國安里,花蓮市一般行政區,否,否,10000.0,1984,獨資,N,0,485220,寵物零售
08122857,,東部電器行,花蓮縣花蓮市國安里１５鄰中山路４１２巷２７號,花蓮縣,花蓮市,國安里,花蓮市一般行政區,否,否,10000.0,1985,獨資,N,0,474199,其他家用電器零售
13974693,,大紅蕃薑母鴨小吃店,花蓮縣花蓮市國安里１５鄰明智街６９號１樓,花蓮縣,花蓮市,國安里,花蓮市一般行政區,否,否,500000.0,2002,合夥,Y,1,561113,麵店、小吃店
26795757,,大石小樹洋食廚房,花蓮縣花蓮市國安里１５鄰明智街７１號１樓,花蓮縣,花蓮市,國安里,花蓮市一般行政區,否,否,100000.0,2012,獨資,N,0,561113,麵店、小吃店
53979815,,邊境法式點心有限公司,花蓮縣花蓮市國安里１５鄰明智街７３號１樓,花蓮縣,花蓮市,國安里,花蓮市一般行政區,否,否,1000000.0,2012,有限公司,Y,1,472999,未分類其他食品、飲料及菸草製品零售
94374001,03700301,臺灣土地銀行股份有限公司花蓮分公司,花蓮縣花蓮市國安里２鄰中山路３５６號,花蓮縣,花蓮市,國安里,花蓮市一般行政區,否,否,0.0,1953,本國公司設立之分公司,N,0,641211,本國銀行
94060206,,永昌鐵工廠,花蓮縣花蓮市國安里３鄰中山路３６０之１號,花蓮縣,花蓮市,國安里,花蓮市一般行政區,否,否,5000.0,1977,獨資,N,0,959999,其他未分類個人及家庭用品維修
09919760,,上典食補店,花蓮縣花蓮市國安里３鄰中山路３６６號,花蓮縣,花蓮市,國安里,花蓮市一般行政區,否,否,3000.0,2006,獨資,N,0,561113,麵店、小吃店
78849282,,天佑帽行,花蓮縣花蓮市國安里４鄰中山路３８２號１樓,花蓮縣,花蓮市,國安里,花蓮市一般行政區,否,否,45000.0,1994,獨資,N,0,473217,帽子零售
37752426,,珈琲傳奇自家煎焙工房,花蓮縣花蓮市國安里４鄰中山路３８６號,花蓮縣,花蓮市,國安里,花蓮市一般行政區,否,否,300000.0,2012,獨資,N,0,563112,咖啡館
31609206,,美紅越南美食,花蓮縣花蓮市國安里５鄰復興街１０４巷２號１樓,花蓮縣,花蓮市,國安里,花蓮市一般行政區,否,否,3000.0,2011,獨資,N,0,561113,麵店、小吃店
30377880,,炸蛋蔥油餅,花蓮縣花蓮市國安里８鄰復興街１０２號騎樓,花蓮縣,花蓮市,國安里,花蓮市一般行政區,否,否,10000.0,2009,獨資,N,0,561200,餐食攤販
27884709,,原鄉興業有限公司,花蓮縣花蓮市國安里８鄰復興街７９巷１號,花蓮縣,花蓮市,國安里,花蓮市一般行政區,否,否,6000000.0,2005,有限公司,Y,1,469999,其他未分類專賣批發
26794645,,飛鏢運動吧餐館,花蓮縣花蓮市國安里９鄰林森路４１５號,花蓮縣,花蓮市,國安里,花蓮市一般行政區,否,否,5000.0,2012,獨資,N,0,561113,麵店、小吃店
93054043,,翔天貿易商行,花蓮縣花蓮市國富里中央路三段６４６號,花蓮縣,花蓮市,國富里,花蓮市一般行政區,否,否,200000.0,2024,獨資,Y,1,455299,其他服裝及其配件批發
95175155,,心予美學工作室,花蓮縣花蓮市國富里中央路三段６５０號,花蓮縣,花蓮市,國富里,花蓮市一般行政區,否,否,50000.0,2024,獨資,N,0,962211,美甲美睫服務
93053620,,禾沐空間規劃,花蓮縣花蓮市國富里中央路三段６５０號１樓,花蓮縣,花蓮市,國富里,花蓮市一般行政區,否,否,1000000.0,2024,獨資,Y,1,439099,未分類其他專門營造
60246427,,銘新車業,花蓮縣花蓮市國富里中央路三段６９２號１樓,花蓮縣,花蓮市,國富里,花蓮市一般行政區,否,否,30000.0,2025,獨資,N,0,951200,汽車美容
50856304,12974273,德森科技股份有限公司花蓮分公司,花蓮縣花蓮市國富里中央路三段７６０號１樓,花蓮縣,花蓮市,國富里,花蓮市一般行政區,否,否,0.0,2018,本國公司設立之分公司,Y,1,475199,其他藥品及醫療用品零售
56604848,,果果旅行社有限公司,花蓮縣花蓮市國富里中央路三段８３２號１樓,花蓮縣,花蓮市,國富里,花蓮市一般行政區,否,否,6000000.0,2017,有限公司,Y,1,790011,旅行業
94789732,,金峯行,花蓮縣花蓮市國富里中央路３段６５８號,花蓮縣,花蓮市,國富里,花蓮市一般行政區,否,否,3000.0,1981,獨資,Y,1,462016,農藥批發
26134840,,８分新中古胎,花蓮縣花蓮市國富里中央路３段６９６號１樓,花蓮縣,花蓮市,國富里,花蓮市一般行政區,否,否,3000.0,2009,獨資,N,0,484315,汽車輪胎零售
64814684,,佳香實業社,花蓮縣花蓮市國富里中央路３段７５０巷６號,花蓮縣,花蓮市,國富里,花蓮市一般行政區,否,否,200000.0,1989,獨資,Y,1,454999,未分類其他食品批發
99834807,,泰興疏菜,花蓮縣花蓮市國富里中央路３段７８８號１樓,花蓮縣,花蓮市,國富里,花蓮市一般行政區,否,否,300000.0,2004,獨資,N,0,454111,蔬菜批發
08130771,,富源行,花蓮縣花蓮市國富里中央路３段７９０－１號,花蓮縣,花蓮市,國富里,花蓮市一般行政區,否,否,30000.0,1986,獨資,Y,1,452000,綜合商品批發
94245324,,華雲企劃,花蓮縣花蓮市國富里中央路３段７９６號,花蓮縣,花蓮市,國富里,花蓮市一般行政區,否,否,200000.0,1977,獨資,Y,1,731011,廣告代理商
49741635,,莊敬小吃部,花蓮縣花蓮市國富里中央路３段８０２．８０６號１樓,花蓮縣,花蓮市,國富里,花蓮市一般行政區,否,否,5000.0,2016,獨資,N,0,561111,早餐店
70787137,22555003,統一超商股份有限公司花蓮縣第三十五分公司,花蓮縣花蓮市國富里中央路３段８０８至８１０號１樓,花蓮縣,花蓮市,國富里,花蓮市一般行政區,否,否,0.0,2000,本國公司設立之分公司,Y,1,471112,直營連鎖式便利商店
49962382,,香港龍城快餐店,花蓮縣花蓮市國富里中央路３段８１６號１樓,花蓮縣,花蓮市,國富里,花蓮市一般行政區,否,否,3000.0,2005,獨資,N,0,561113,麵店、小吃店
67930638,,琳寶石坊,花蓮縣花蓮市國富里中央路３段８３０號１樓,花蓮縣,花蓮市,國富里,花蓮市一般行政區,否,否,3000.0,1998,獨資,N,0,485217,手工藝品零售
91599688,,４８好牛,花蓮縣花蓮市國富里中山市場１１１、１１２、１２９、１３０號攤位,花蓮縣,花蓮市,國富里,花蓮市一般行政區,否,否,50000.0,2022,獨資,N,0,561200,餐食攤販
12827717,,成朋電腦有限公司,花蓮縣花蓮市國富里中山路６７３號１樓,花蓮縣,花蓮市,國富里,花蓮市一般行政區,否,否,2000000.0,2001,有限公司,Y,1,464111,電腦及電腦週邊設備批發
37994199,,宏達機車行,花蓮縣花蓮市國富里中山路６７７號１樓,花蓮縣,花蓮市,國富里,花蓮市一般行政區,否,否,50000.0,2013,獨資,Y,1,484314,機車零件、機車百貨零售
94770522,,新源盛珍食品行,花蓮縣花蓮市國富里中山路６９３及６９５號,花蓮縣,花蓮市,國富里,花蓮市一般行政區,否,否,8000.0,1980,獨資,N,0,472999,未分類其他食品、飲料及菸草製品零售
78042821,,立達光電工程行,花蓮縣花蓮市國富里中山路７０３號１樓,花蓮縣,花蓮市,國富里,花蓮市一般行政區,否,否,249900.0,1992,獨資,Y,1,433112,電路工程
09915883,,花東廣告社,花蓮縣花蓮市國富里中山路７３１號１樓,花蓮縣,花蓮市,國富里,花蓮市一般行政區,否,否,1000000.0,2006,獨資,Y,1,731013,公開展示廣告
37990406,,金喜藥局,花蓮縣花蓮市國富里中山路７３３號１樓,花蓮縣,花蓮市,國富里,花蓮市一般行政區,否,否,10000.0,2013,合夥,N,0,475112,西藥零售
94655754,,立光電机修理所,花蓮縣花蓮市國富里中山路７３５號,花蓮縣,花蓮市,國富里,花蓮市一般行政區,否,否,3000.0,1977,獨資,N,0,959999,其他未分類個人及家庭用品維修
92536727,,周家綿綿冰店,花蓮縣花蓮市國富里中山路７３５號１樓,花蓮縣,花蓮市,國富里,花蓮市一般行政區,否,否,50000.0,2023,獨資,N,0,563199,其他飲料店
94828067,,昶通通信有限公司,花蓮縣花蓮市國富里中山路７３７號,花蓮縣,花蓮市,國富里,花蓮市一般行政區,否,否,5000000.0,1983,有限公司,Y,1,483211,電話機零售
20066578,94174806,有限責任花蓮第二信用合作社富國分社,花蓮縣花蓮市國富里中山路７３９號,花蓮縣,花蓮市,國富里,花蓮市一般行政區,否,否,0.0,1997,其他,N,0,641300,信用合作社
16328939,22006252,全國電子股份有限公司花蓮縣第二分公司,花蓮縣花蓮市國富里中山路７４９號,花蓮縣,花蓮市,國富里,花蓮市一般行政區,否,否,0.0,1998,本國公司設立之分公司,Y,1,456111,家電材料批發
26794477,,美麗主題館,花蓮縣花蓮市國富里中山路７９９號１樓,花蓮縣,花蓮市,國富里,花蓮市一般行政區,否,否,50000.0,2012,獨資,N,0,962299,其他美容美體服務
50748283,,美崙信昌企業社,花蓮縣花蓮市國富里中山路８３９號１樓,花蓮縣,花蓮市,國富里,花蓮市一般行政區,否,否,100000.0,2018,獨資,N,0,471913,雜貨店
09895578,,中山攝影社,花蓮縣花蓮市國富里中山路８４７號１樓,花蓮縣,花蓮市,國富里,花蓮市一般行政區,否,否,200000.0,2007,獨資,Y,1,760112,相片沖洗
20064234,,將將好豆漿店,花蓮縣花蓮市國富里中山路８５１號１樓,花蓮縣,花蓮市,國富里,花蓮市一般行政區,否,否,3000.0,1997,獨資,N,0,561111,早餐店
93048042,,仁本通商號,花蓮縣花蓮市國富里中山路８５５號１樓,花蓮縣,花蓮市,國富里,花蓮市一般行政區,否,否,200000.0,2024,獨資,N,0,561113,麵店、小吃店
85209894,,真碩商行,花蓮縣花蓮市國富里中山路８５７號１樓,花蓮縣,花蓮市,國富里,花蓮市一般行政區,否,否,200000.0,2020,獨資,N,0,563199,其他飲料店
09741700,,紅竹池上飯包,花蓮縣花蓮市國富里中山路８５９號１樓,花蓮縣,花蓮市,國富里,花蓮市一般行政區,否,否,30000.0,2006,獨資,N,0,561112,便當、自助餐店
94161041,55882153,莫尼美食股份有限公司國富分公司,花蓮縣花蓮市國富里中山路８６５號１樓,花蓮縣,花蓮市,國富里,花蓮市一般行政區,否,否,0.0,2023,本國公司設立之分公司,Y,1,561111,早餐店
82180000,,茶天下茶飲店,花蓮縣花蓮市國富里中山路８６７號１樓,花蓮縣,花蓮市,國富里,花蓮市一般行政區,否,否,10000.0,2019,獨資,Y,1,472914,飲料零售
93053473,,美倢企業社,花蓮縣花蓮市國富里中山路８７１號,花蓮縣,花蓮市,國富里,花蓮市一般行政區,否,否,50000.0,2024,獨資,N,0,561113,麵店、小吃店
13964442,,粵饌食品專賣,花蓮縣花蓮市國富里中山路８７３號１樓,花蓮縣,花蓮市,國富里,花蓮市一般行政區,否,否,200000.0,2001,獨資,N,0,561113,麵店、小吃店
92636107,,餐餐野餐企業,花蓮縣花蓮市國富里中山路８７７號１樓,花蓮縣,花蓮市,國富里,花蓮市一般行政區,否,否,50000.0,2023,獨資,Y,1,561113,麵店、小吃店
91596824,,君安冷飲店,花蓮縣花蓮市國富里中山路８７９號１樓,花蓮縣,花蓮市,國富里,花蓮市一般行政區,否,否,10000.0,2022,獨資,Y,1,563115,手搖飲店
92536228,,麥丼飯店,花蓮縣花蓮市國富里中山路８８１號一樓,花蓮縣,花蓮市,國富里,花蓮市一般行政區,否,否,200000.0,2023,獨資,N,0,561113,麵店、小吃店
49741229,,慧萊素食,花蓮縣花蓮市國富里中山路８８３號１樓,花蓮縣,花蓮市,國富里,花蓮市一般行政區,否,否,50000.0,2016,獨資,N,0,561113,麵店、小吃店
64814713,,中山西服部,花蓮縣花蓮市國富里中山路８８５號,花蓮縣,花蓮市,國富里,花蓮市一般行政區,否,否,5000.0,1989,獨資,N,0,121015,梭織服裝訂製
41463763,,心山豆商行,花蓮縣花蓮市國富里中山路８８９號１樓,花蓮縣,花蓮市,國富里,花蓮市一般行政區,否,否,80000.0,2015,獨資,N,0,561115,餐廳
54372386,22555003,統一超商股份有限公司花蓮縣第九十分公司,花蓮縣花蓮市國富里中山路８９１號、８９３號１樓,花蓮縣,花蓮市,國富里,花蓮市一般行政區,否,否,0.0,2013,本國公司設立之分公司,Y,1,471112,直營連鎖式便利商店
31779525,,幸福包子,花蓮縣花蓮市國富里中山路９０１號,花蓮縣,花蓮市,國富里,花蓮市一般行政區,否,否,3000.0,2012,獨資,N,0,561113,麵店、小吃店
76969520,,六合自助餐,花蓮縣花蓮市國富里中山路９０１號１樓,花蓮縣,花蓮市,國富里,花蓮市一般行政區,否,否,5000.0,1991,獨資,N,0,561113,麵店、小吃店
42574210,,曜霖有限公司,花蓮縣花蓮市國富里中山路９０１號４樓,花蓮縣,花蓮市,國富里,花蓮市一般行政區,否,否,2000000.0,2015,有限公司,Y,1,457113,醫療耗材批發
72772785,,青鮮蔬菜站,花蓮縣花蓮市國富里公有零售中山市場第１３１號攤位,花蓮縣,花蓮市,國富里,花蓮市一般行政區,否,否,5000.0,2017,獨資,N,0,472111,蔬菜零售
50742696,,協和魚行,花蓮縣花蓮市國富里公有零售中山市場第２９號攤位,花蓮縣,花蓮市,國富里,花蓮市一般行政區,否,否,50000.0,2017,獨資,N,0,472311,水產品零售
61357625,,芳香炸湯翅,花蓮縣花蓮市國富里公有零售中山市場１３４號攤位,花蓮縣,花蓮市,國富里,花蓮市一般行政區,否,否,100000.0,2025,獨資,N,0,561200,餐食攤販
08130836,,同福豆腐食品店,花蓮縣花蓮市國富里國富三街１號,花蓮縣,花蓮市,國富里,花蓮市一般行政區,否,否,5000.0,1986,獨資,N,0,472927,豆類製品零售
70964772,,衣梵服飾精品名店,花蓮縣花蓮市國富里國富三街３號１樓,花蓮縣,花蓮市,國富里,花蓮市一般行政區,否,否,6000.0,1999,獨資,N,0,473311,真皮鞋類及其配件零售
97374145,,建陞水電工程有限公司,花蓮縣花蓮市國富里國富三街６０號,花蓮縣,花蓮市,國富里,花蓮市一般行政區,否,否,10000000.0,1997,有限公司,Y,1,433111,水電工程
13971984,,一流企業社,花蓮縣花蓮市國富里國富三街６７號１樓,花蓮縣,花蓮市,國富里,花蓮市一般行政區,否,否,190000.0,2002,獨資,N,0,474115,家用排油煙機零售
15781046,,大介工房,花蓮縣花蓮市國富里國富三街７０號１樓,花蓮縣,花蓮市,國富里,花蓮市一般行政區,否,否,200000.0,2002,獨資,Y,1,232999,未分類其他陶瓷製品製造
10572908,,富貴國際商行,花蓮縣花蓮市國富里國富三街７１號１樓,花蓮縣,花蓮市,國富里,花蓮市一般行政區,否,否,200000.0,2008,合夥,Y,1,487212,多層次傳銷（商品銷貨收入）
30360656,,億晟水電工程行,花蓮縣花蓮市國富里國富三街７６號１樓,花蓮縣,花蓮市,國富里,花蓮市一般行政區,否,否,200000.0,2009,獨資,Y,1,433211,冷凍、通風、空調系統裝修工程
53378117,,誠和品牌行銷股份有限公司,花蓮縣花蓮市國富里國富三街９號、１１號,花蓮縣,花蓮市,國富里,花蓮市一般行政區,否,否,5200000.0,2011,股份有限公司,Y,1,089199,其他烘焙炊蒸食品製造
84193488,,永吉利有限公司,花蓮縣花蓮市國富里國富三街９號１樓,花蓮縣,花蓮市,國富里,花蓮市一般行政區,否,否,13900000.0,1993,有限公司,Y,1,454999,未分類其他食品批發
10054118,,名圓企業社,花蓮縣花蓮市國富里國富三街９３號１樓,花蓮縣,花蓮市,國富里,花蓮市一般行政區,否,否,498000.0,2007,獨資,Y,1,473999,未分類其他服飾品零售
92536472,,宸鳴消防工程行,花蓮縣花蓮市國富里國富九街１２之１號１樓,花蓮縣,花蓮市,國富里,花蓮市一般行政區,否,否,200000.0,2023,獨資,Y,1,464913,消防設備批發
13974217,,陵春堂蔘藥房,花蓮縣花蓮市國富里國富九街２３號１樓,花蓮縣,花蓮市,國富里,花蓮市一般行政區,否,否,9000.0,2002,獨資,N,0,475111,中藥零售
95208851,,洄鄉商行,花蓮縣花蓮市國富里國富二十一街３３號１樓,花蓮縣,花蓮市,國富里,花蓮市一般行政區,否,否,10000.0,2024,獨資,N,0,486111,食品零售攤販
70962417,,睿森多媒體企業社,花蓮縣花蓮市國富里國富二十二街２７號１樓,花蓮縣,花蓮市,國富里,花蓮市一般行政區,否,否,30000.0,1999,獨資,Y,1,473211,服裝零售
83302240,,舞跨界原藝事業股份有限公司,花蓮縣花蓮市國富里國富二十二街２７號１樓,花蓮縣,花蓮市,國富里,花蓮市一般行政區,否,否,2000000.0,2020,股份有限公司,Y,1,902012,舞團
31790599,,力新綠化工程行,花蓮縣花蓮市國富里國富二十五街２巷２號１樓,花蓮縣,花蓮市,國富里,花蓮市一般行政區,否,否,200000.0,2012,獨資,Y,1,453212,種苗批發
92538154,,麗景企業社,花蓮縣花蓮市國富里國富二十五街２巷２號１樓,花蓮縣,花蓮市,國富里,花蓮市一般行政區,否,否,200000.0,2023,獨資,Y,1,812100,建築物一般清潔服務
82177504,,進泰商號,花蓮縣花蓮市國富里國富二十五街４號１樓,花蓮縣,花蓮市,國富里,花蓮市一般行政區,否,否,230000.0,2018,獨資,Y,1,454611,國產菸酒批發
31798059,,景成工程行,花蓮縣花蓮市國富里國富二十八街６６號１樓,花蓮縣,花蓮市,國富里,花蓮市一般行政區,否,否,20000.0,2013,獨資,Y,1,421000,道路工程
60246720,,澤謙企業社,花蓮縣花蓮市國富里國富二十八街６７號１樓,花蓮縣,花蓮市,國富里,花蓮市一般行政區,否,否,100000.0,2025,獨資,Y,1,487114,經營網路購物（食品、飲料類商品）
20060048,,荳菜市菜行,花蓮縣花蓮市國富里國富二十八街８７號,花蓮縣,花蓮市,國富里,花蓮市一般行政區,否,否,3000.0,1997,獨資,N,0,454115,農產品（果菜）批發市場承銷
41461961,,稻草人休閒運動企業社,花蓮縣花蓮市國富里國富二十街１７號１樓,花蓮縣,花蓮市,國富里,花蓮市一般行政區,否,否,10000.0,2015,獨資,N,0,859399,其他運動及休閒教育
37997180,,身耕館,花蓮縣花蓮市國富里國富二十街２０號１樓,花蓮縣,花蓮市,國富里,花蓮市一般行政區,否,否,6000.0,2013,獨資,N,0,969015,推拿按摩服務
42943988,,鴻華資產管理有限公司,花蓮縣花蓮市國富里國富二街１０２號,花蓮縣,花蓮市,國富里,花蓮市一般行政區,否,否,880000.0,2018,有限公司,Y,1,681211,不動產仲介
99844299,,永大園藝景觀企業社,花蓮縣花蓮市國富里國富二街１０５號７樓之３,花蓮縣,花蓮市,國富里,花蓮市一般行政區,否,否,200000.0,2004,獨資,Y,1,432000,庭園景觀工程
82179524,,雯晉蔬菜行,花蓮縣花蓮市國富里國富二街１３４號１樓,花蓮縣,花蓮市,國富里,花蓮市一般行政區,否,否,50000.0,2019,獨資,N,0,472111,蔬菜零售
09727138,,喬麗思美妍舘,花蓮縣花蓮市國富里國富二街１４５號１樓,花蓮縣,花蓮市,國富里,花蓮市一般行政區,否,否,200000.0,2006,獨資,N,0,969011,美姿禮儀造型設計
83241856,,宇威創意有限公司,花蓮縣花蓮市國富里國富二街１６１號１樓,花蓮縣,花蓮市,國富里,花蓮市一般行政區,否,否,1600000.0,2021,有限公司,Y,1,631299,其他資料處理、主機及網站代管服務
53578038,,勝泓保全股份有限公司,花蓮縣花蓮市國富里國富二街１６７號,花蓮縣,花蓮市,國富里,花蓮市一般行政區,否,否,40000000.0,2011,股份有限公司,Y,1,800011,保全服務
84978299,,勝泓科技有限公司,花蓮縣花蓮市國富里國富二街１６７號,花蓮縣,花蓮市,國富里,花蓮市一般行政區,否,否,5000000.0,1994,有限公司,Y,1,476111,文具零售
13966722,,德育實業社,花蓮縣花蓮市國富里國富二街１８２號１樓,花蓮縣,花蓮市,國富里,花蓮市一般行政區,否,否,1000000.0,2002,獨資,Y,1,433112,電路工程
70966336,,荳荳漫畫屋,花蓮縣花蓮市國富里國富二街２０２號１樓,花蓮縣,花蓮市,國富里,花蓮市一般行政區,否,否,3000.0,1999,獨資,N,0,773016,小說、漫畫及雜誌出租
41015956,,花道工作室,花蓮縣花蓮市國富里國富二街２１號一樓,花蓮縣,花蓮市,國富里,花蓮市一般行政區,否,否,50000.0,2015,獨資,N,0,485111,切花、盆栽零售
91589056,,莉亞印尼店,花蓮縣花蓮市國富里國富二街２１０號１樓,花蓮縣,花蓮市,國富里,花蓮市一般行政區,否,否,20000.0,2022,獨資,N,0,471913,雜貨店
93056534,,招財早餐店,花蓮縣花蓮市國富里國富二街４５號１樓,花蓮縣,花蓮市,國富里,花蓮市一般行政區,否,否,80000.0,2024,獨資,N,0,561111,早餐店
18062506,,全鋒企業社,花蓮縣花蓮市國富里國富二街５７號１樓,花蓮縣,花蓮市,國富里,花蓮市一般行政區,否,否,10000.0,2001,獨資,N,0,474199,其他家用電器零售
09859778,,瑞峰茗茶,花蓮縣花蓮市國富里國富二街６７號１樓,花蓮縣,花蓮市,國富里,花蓮市一般行政區,否,否,70000.0,2007,獨資,N,0,472915,茶葉零售
70677595,,承太營造有限公司,花蓮縣花蓮市國富里國富二街６７號１樓,花蓮縣,花蓮市,國富里,花蓮市一般行政區,否,否,48000000.0,2000,有限公司,Y,1,429099,未分類其他土木工程
61455816,,涵星傳媒工作室,花蓮縣花蓮市國富里國富二街７０―５號５樓,花蓮縣,花蓮市,國富里,花蓮市一般行政區,否,否,80000.0,2026,獨資,N,0,902017,個人網路(網紅)表演活動
92536135,,捷龍建築室內裝修工程行,花蓮縣花蓮市國富里國富二街７０之１號２樓,花蓮縣,花蓮市,國富里,花蓮市一般行政區,否,否,240000.0,2023,獨資,Y,1,434011,室內裝潢工程
10652418,,一定通企業社,花蓮縣花蓮市國富里國富二街７０號１樓,花蓮縣,花蓮市,國富里,花蓮市一般行政區,否,否,240000.0,2008,獨資,Y,1,439014,起重工程
49754835,,澄瑩整體形象設計工作室,花蓮縣花蓮市國富里國富二街８４號１樓,花蓮縣,花蓮市,國富里,花蓮市一般行政區,否,否,200000.0,2016,獨資,N,0,969011,美姿禮儀造型設計
27414257,,新視野電腦整合企劃有限公司,花蓮縣花蓮市國富里國富二街９３號１樓,花蓮縣,花蓮市,國富里,花蓮市一般行政區,否,否,500000.0,2004,有限公司,Y,1,483111,電腦及電腦週邊設備零售
93055394,,墨墨雞雞企業社,花蓮縣花蓮市國富里國富五街１９號１樓,花蓮縣,花蓮市,國富里,花蓮市一般行政區,否,否,200000.0,2024,獨資,Y,1,561113,麵店、小吃店
30203137,,宏晟土木包工業,花蓮縣花蓮市國富里國富五街３２號１樓,花蓮縣,花蓮市,國富里,花蓮市一般行政區,否,否,1000000.0,2009,獨資,Y,1,429099,未分類其他土木工程
87516412,,Ｓｅｒｅｎａ英文家教,花蓮縣花蓮市國富里國富五街３６號１樓,花蓮縣,花蓮市,國富里,花蓮市一般行政區,否,否,10000.0,2020,獨資,N,0,859112,外語補習教育（數位學習除外）
94667891,,天祥汽車行,花蓮縣花蓮市國富里國富八街５６號,花蓮縣,花蓮市,國富里,花蓮市一般行政區,否,否,1500000.0,1977,獨資,N,0,493200,計程車客運
94675457,,玉榮汽車行,花蓮縣花蓮市國富里國富八街５６號１樓,花蓮縣,花蓮市,國富里,花蓮市一般行政區,否,否,2000000.0,1989,獨資,N,0,493200,計程車客運
91554198,,阿貞放山雞肉,花蓮縣花蓮市國富里國富六街１號騎樓,花蓮縣,花蓮市,國富里,花蓮市一般行政區,否,否,50000.0,2021,獨資,N,0,472212,禽肉零售
93048063,,市八阿松菜店,花蓮縣花蓮市國富里國富六街２６號１樓,花蓮縣,花蓮市,國富里,花蓮市一般行政區,否,否,100000.0,2024,獨資,N,0,472111,蔬菜零售
78048212,,捷捷工程行,花蓮縣花蓮市國富里國富六街３３號１樓,花蓮縣,花蓮市,國富里,花蓮市一般行政區,否,否,200000.0,1992,獨資,Y,1,439099,未分類其他專門營造
91265401,,日香雞鴨莊,花蓮縣花蓮市國富里國富六街３７號１樓,花蓮縣,花蓮市,國富里,花蓮市一般行政區,否,否,50000.0,2021,獨資,N,0,561113,麵店、小吃店
91594332,,阿秋商行,花蓮縣花蓮市國富里國富六街３９號１樓,花蓮縣,花蓮市,國富里,花蓮市一般行政區,否,否,10000.0,2022,獨資,N,0,487114,經營網路購物（食品、飲料類商品）
94727928,,偉仁商號,花蓮縣花蓮市國富里國富六街４２－１號,花蓮縣,花蓮市,國富里,花蓮市一般行政區,否,否,5000.0,1977,獨資,N,0,472211,畜肉零售
13962211,,好家商號,花蓮縣花蓮市國富里國富六街４２－１號１樓,花蓮縣,花蓮市,國富里,花蓮市一般行政區,否,否,3000.0,2001,獨資,N,0,453316,成禽批發
34889954,,寶發金香佛俱商行,花蓮縣花蓮市國富里國富六街４８號１樓,花蓮縣,花蓮市,國富里,花蓮市一般行政區,否,否,150000.0,2010,獨資,N,0,485212,宗教、喪葬用品零售
93052045,,新昕工程行,花蓮縣花蓮市國富里國富十七街８號,花蓮縣,花蓮市,國富里,花蓮市一般行政區,否,否,200000.0,2024,獨資,Y,1,429099,未分類其他土木工程
60229525,,寶珠工作室,花蓮縣花蓮市國富里國富十七街９號,花蓮縣,花蓮市,國富里,花蓮市一般行政區,否,否,100000.0,2025,獨資,Y,1,487115,經營網路購物（服飾類商品）
95214657,,要的嘉壹工作室,花蓮縣花蓮市國富里國富十七街９號,花蓮縣,花蓮市,國富里,花蓮市一般行政區,否,否,200000.0,2025,獨資,Y,1,487199,其他電子購物及郵購
39951007,,法斯特渡假民宿,花蓮縣花蓮市國富里國富十八街２―１號,花蓮縣,花蓮市,國富里,花蓮市一般行政區,否,否,3000.0,2014,獨資,N,0,551013,民宿
61497479,,林怡心,花蓮縣花蓮市國富里國富十八街２８號,花蓮縣,花蓮市,國富里,花蓮市一般行政區,否,否,100000.0,2026,獨資,N,0,487199,其他電子購物及郵購
90125059,,玉山淨化科技有限公司,花蓮縣花蓮市國富里國富十四街１１號１樓,花蓮縣,花蓮市,國富里,花蓮市一般行政區,否,否,3000000.0,2022,有限公司,Y,1,461999,未分類其他建材批發
92533159,,油䔛工作室,花蓮縣花蓮市國富里國富十四街１１號４樓,花蓮縣,花蓮市,國富里,花蓮市一般行政區,否,否,50000.0,2022,獨資,N,0,487115,經營網路購物（服飾類商品）
15783115,,大吉鋁業五金行（８３４８４０６）,花蓮縣花蓮市國富里國富十四街２６號１樓,花蓮縣,花蓮市,國富里,花蓮市一般行政區,否,否,200000.0,2003,獨資,Y,1,461511,金屬門窗批發
15794746,,洪家香麵廚,花蓮縣花蓮市國富里國富十四街９號１樓,花蓮縣,花蓮市,國富里,花蓮市一般行政區,否,否,3000.0,2003,獨資,N,0,561113,麵店、小吃店
09673392,,衣登寶精品服飾,花蓮縣花蓮市國富里國富十街１０３號１樓,花蓮縣,花蓮市,國富里,花蓮市一般行政區,否,否,50000.0,2006,獨資,N,0,473211,服裝零售
89505480,,包您通有限公司,花蓮縣花蓮市國富里國富十街１０５號,花蓮縣,花蓮市,國富里,花蓮市一般行政區,否,否,5000000.0,1995,有限公司,Y,1,381111,一般事業廢棄物清除
87351278,,瑞樂絲早午餐,花蓮縣花蓮市國富里國富十街１２８號１樓,花蓮縣,花蓮市,國富里,花蓮市一般行政區,否,否,100000.0,2021,獨資,N,0,561111,早餐店
99777209,,你會紅髮廊,花蓮縣花蓮市國富里國富十街１３號１樓,花蓮縣,花蓮市,國富里,花蓮市一般行政區,否,否,3000.0,2004,獨資,N,0,962111,美髮院及髮廊
76957708,,台菁菓菜行,花蓮縣花蓮市國富里國富十街１３３號,花蓮縣,花蓮市,國富里,花蓮市一般行政區,否,否,3000.0,1990,獨資,N,0,454115,農產品（果菜）批發市場承銷
53600691,,東品豐生技有限公司,花蓮縣花蓮市國富里國富十街１３３號１樓,花蓮縣,花蓮市,國富里,花蓮市一般行政區,否,否,500000.0,2011,有限公司,Y,1,457113,醫療耗材批發
23877404,,奇群企業有限公司,花蓮縣花蓮市國富里國富十街１３９號,花蓮縣,花蓮市,國富里,花蓮市一般行政區,否,否,1000000.0,1990,有限公司,Y,1,771311,影印機出租
50743554,,奇群企業社,花蓮縣花蓮市國富里國富十街１３９號１樓,花蓮縣,花蓮市,國富里,花蓮市一般行政區,否,否,200000.0,2017,獨資,Y,1,771311,影印機出租
30207366,,米果早餐吧,花蓮縣花蓮市國富里國富十街１４９號１樓,花蓮縣,花蓮市,國富里,花蓮市一般行政區,否,否,100000.0,2010,獨資,N,0,561111,早餐店
26119073,,謝依倫企業社,花蓮縣花蓮市國富里國富十街１６９號１樓,花蓮縣,花蓮市,國富里,花蓮市一般行政區,否,否,100000.0,2009,獨資,N,0,559099,未分類其他住宿
26119067,,陳素瑩企業社,花蓮縣花蓮市國富里國富十街１７１號１樓,花蓮縣,花蓮市,國富里,花蓮市一般行政區,否,否,100000.0,2009,獨資,N,0,559099,未分類其他住宿
26119051,,魏永捷企業社,花蓮縣花蓮市國富里國富十街１７３號１樓,花蓮縣,花蓮市,國富里,花蓮市一般行政區,否,否,100000.0,2009,獨資,N,0,559099,未分類其他住宿
26119088,,魏永昌企業社,花蓮縣花蓮市國富里國富十街１７５號１樓,花蓮縣,花蓮市,國富里,花蓮市一般行政區,否,否,100000.0,2009,獨資,N,0,559099,未分類其他住宿
50746503,,阿騰手工咖啡烘焙坊,花蓮縣花蓮市國富里國富十街１８５號１樓,花蓮縣,花蓮市,國富里,花蓮市一般行政區,否,否,10000.0,2017,獨資,N,0,487112,經營電視購物、電台購物
93052170,,樂益企業社,花蓮縣花蓮市國富里國富十街１９１號,花蓮縣,花蓮市,國富里,花蓮市一般行政區,否,否,3000.0,2024,獨資,N,0,932414,夾娃娃機店
92640593,,沐恩創意設計工作室,花蓮縣花蓮市國富里國富十街１９１號１樓,花蓮縣,花蓮市,國富里,花蓮市一般行政區,否,否,30000.0,2023,獨資,N,0,740914,視覺傳達與平面設計
54212234,,永裕挖斗企業有限公司,花蓮縣花蓮市國富里國富十街１９５號１樓,花蓮縣,花蓮市,國富里,花蓮市一般行政區,否,否,500000.0,2013,有限公司,Y,1,340099,其他產業用機械設備維修及安裝
54978188,,冠群營造有限公司,花蓮縣花蓮市國富里國富十街１９５號１樓,花蓮縣,花蓮市,國富里,花蓮市一般行政區,否,否,10000000.0,2019,有限公司,Y,1,429099,未分類其他土木工程
57519200,,冠元興業有限公司,花蓮縣花蓮市國富里國富十街１９５號１樓,花蓮縣,花蓮市,國富里,花蓮市一般行政區,否,否,3500000.0,2017,有限公司,Y,1,429099,未分類其他土木工程
02921050,,十街民宿,花蓮縣花蓮市國富里國富十街３９號,花蓮縣,花蓮市,國富里,花蓮市一般行政區,否,否,10000.0,2013,獨資,N,0,551013,民宿
15789933,,峰岳資訊,花蓮縣花蓮市國富里國富十街３９號１樓,花蓮縣,花蓮市,國富里,花蓮市一般行政區,否,否,200000.0,2003,獨資,Y,1,952100,電腦及其週邊設備維修
92094601,,華華電機行,花蓮縣花蓮市國富里國富十街４０號１樓,花蓮縣,花蓮市,國富里,花蓮市一般行政區,否,否,200000.0,1994,獨資,Y,1,464211,電子器材、電子設備批發
87524454,,慶修商鋪,花蓮縣花蓮市國富里國富十街４６―１號１樓,花蓮縣,花蓮市,國富里,花蓮市一般行政區,否,否,3000.0,2020,獨資,N,0,487114,經營網路購物（食品、飲料類商品）
24406493,,嘉澤不動產有限公司,花蓮縣花蓮市國富里國富十街４８號,花蓮縣,花蓮市,國富里,花蓮市一般行政區,否,否,1000000.0,2009,有限公司,Y,1,681211,不動產仲介
49767135,,劉家傳手工碳烤豬肉乾,花蓮縣花蓮市國富里國富十街５號１樓,花蓮縣,花蓮市,國富里,花蓮市一般行政區,否,否,6000.0,2016,獨資,N,0,472919,肉鬆、肉乾、火腿、臘味零售
93054450,,市八水果店,花蓮縣花蓮市國富里國富十街５７號,花蓮縣,花蓮市,國富里,花蓮市一般行政區,否,否,30000.0,2024,獨資,N,0,472112,水果零售
15785752,,益新乾洗店,花蓮縣花蓮市國富里國富十街５９號,花蓮縣,花蓮市,國富里,花蓮市一般行政區,否,否,10000.0,2003,獨資,N,0,961099,其他洗衣服務
49780340,,八毛利水果行,花蓮縣花蓮市國富里國富十街６７號,花蓮縣,花蓮市,國富里,花蓮市一般行政區,否,否,5000.0,2016,獨資,N,0,472112,水果零售
87349576,,緯駿資訊社,花蓮縣花蓮市國富里國富十街７５號１樓,花蓮縣,花蓮市,國富里,花蓮市一般行政區,否,否,200000.0,2020,獨資,Y,1,483111,電腦及電腦週邊設備零售
99822963,,明園素食坊,花蓮縣花蓮市國富里國富十街８號,花蓮縣,花蓮市,國富里,花蓮市一般行政區,否,否,15000.0,2004,獨資,N,0,561113,麵店、小吃店
94835335,,東昇商號,花蓮縣花蓮市國富里國富十街８５號,花蓮縣,花蓮市,國富里,花蓮市一般行政區,否,否,5000.0,1984,獨資,N,0,472211,畜肉零售
67935107,,貴族洗衣店,花蓮縣花蓮市國富里國富十街８６號,花蓮縣,花蓮市,國富里,花蓮市一般行政區,否,否,10000.0,1998,獨資,N,0,961099,其他洗衣服務
18053507,,慈聖金香行,花蓮縣花蓮市國富里國富十街８９號１樓,花蓮縣,花蓮市,國富里,花蓮市一般行政區,否,否,3000.0,2001,獨資,N,0,485212,宗教、喪葬用品零售
41460371,,雙木林商行,花蓮縣花蓮市國富里國富十街９０號１樓,花蓮縣,花蓮市,國富里,花蓮市一般行政區,否,否,50000.0,2015,獨資,N,0,472911,調理包食品零售
19534286,,維昌水電工程行,花蓮縣花蓮市國富里國富十街９１號,花蓮縣,花蓮市,國富里,花蓮市一般行政區,否,否,2000000.0,1996,獨資,Y,1,433111,水電工程
62210157,,程鑫水電工程有限公司,花蓮縣花蓮市國富里國富十街９１號１樓,花蓮縣,花蓮市,國富里,花蓮市一般行政區,否,否,2000000.0,2026,有限公司,Y,1,433111,水電工程
67936491,,水佳人精品服飾,花蓮縣花蓮市國富里國富十街９２號,花蓮縣,花蓮市,國富里,花蓮市一般行政區,否,否,3000.0,1998,獨資,N,0,473211,服裝零售
60250982,,镹肆傳統整復推拿工作室,花蓮縣花蓮市國富里國富十街９３號１樓,花蓮縣,花蓮市,國富里,花蓮市一般行政區,否,否,50000.0,2026,獨資,N,0,969015,推拿按摩服務
92538886,,剪髮讚快剪店,花蓮縣花蓮市國富里國富十街９７號,花蓮縣,花蓮市,國富里,花蓮市一般行政區,否,否,200000.0,2023,獨資,N,0,962111,美髮院及髮廊
09728072,,金英寶藥局,花蓮縣花蓮市國富里國富十街９８號１樓,花蓮縣,花蓮市,國富里,花蓮市一般行政區,否,否,200000.0,2006,獨資,Y,1,475112,西藥零售
82321368,,好吃９９,花蓮縣花蓮市國富里國富十街９９號,花蓮縣,花蓮市,國富里,花蓮市一般行政區,否,否,50000.0,2019,獨資,N,0,561113,麵店、小吃店
91154313,,一級棒自助洗衣店,花蓮縣花蓮市國富里富國路１０３號１樓,花蓮縣,花蓮市,國富里,花蓮市一般行政區,否,否,10000.0,2021,獨資,N,0,961012,自助洗衣店
08125025,,源興鐘錶眼鏡行,花蓮縣花蓮市國富里富國路１１號,花蓮縣,花蓮市,國富里,花蓮市一般行政區,否,否,6000.0,1985,獨資,Y,1,474411,鐘錶及其零配件零售
09990411,,大土豆傳統豆花富國店,花蓮縣花蓮市國富里富國路１１８號１樓,花蓮縣,花蓮市,國富里,花蓮市一般行政區,否,否,5000.0,2006,獨資,N,0,563199,其他飲料店
08140834,,松大水電材料行,花蓮縣花蓮市國富里富國路１３２號１樓,花蓮縣,花蓮市,國富里,花蓮市一般行政區,否,否,5000.0,1987,獨資,Y,1,481014,居家修繕用品零售
49766662,,富國投幣式洗衣,花蓮縣花蓮市國富里富國路１３４號１樓,花蓮縣,花蓮市,國富里,花蓮市一般行政區,否,否,20000.0,2016,獨資,N,0,961012,自助洗衣店
89112936,,京鼎工程顧問有限公司,花蓮縣花蓮市國富里富國路１３５號,花蓮縣,花蓮市,國富里,花蓮市一般行政區,否,否,900000.0,2023,有限公司,Y,1,711211,土木工程顧問
82177568,,瑋晟商號,花蓮縣花蓮市國富里富國路１３６號１樓,花蓮縣,花蓮市,國富里,花蓮市一般行政區,否,否,100000.0,2018,獨資,N,0,561111,早餐店
95209866,,舒柔美容護膚工作室,花蓮縣花蓮市國富里富國路１３７號１、２樓,花蓮縣,花蓮市,國富里,花蓮市一般行政區,否,否,200000.0,2025,獨資,N,0,962299,其他美容美體服務
67936464,,水世界運動休閒用品店,花蓮縣花蓮市國富里富國路１５５號１樓,花蓮縣,花蓮市,國富里,花蓮市一般行政區,否,否,200000.0,1998,獨資,Y,1,455999,未分類其他服飾品批發
42008449,53153460,見暉批發有限公司富國分店,花蓮縣花蓮市國富里富國路１５７號,花蓮縣,花蓮市,國富里,花蓮市一般行政區,否,否,0.0,2015,其他,Y,1,452000,綜合商品批發
78847073,94170409,花蓮市農會自強生鮮超級市場,花蓮縣花蓮市國富里富國路２０號１樓,花蓮縣,花蓮市,國富里,花蓮市一般行政區,否,否,0.0,1993,其他,Y,1,471916,超級市場
95215874,,謝平方商行,花蓮縣花蓮市國富里富國路２１號１樓,花蓮縣,花蓮市,國富里,花蓮市一般行政區,否,否,100000.0,2025,獨資,N,0,561111,早餐店
26134449,,飛皇早餐店,花蓮縣花蓮市國富里富國路２３－１號,花蓮縣,花蓮市,國富里,花蓮市一般行政區,否,否,10000.0,2009,獨資,N,0,561111,早餐店
93049794,,廉晟土木包工業,花蓮縣花蓮市國富里富國路３２號３樓,花蓮縣,花蓮市,國富里,花蓮市一般行政區,否,否,1000000.0,2024,獨資,Y,1,410011,房屋修繕
95215305,,鄰家水餃,花蓮縣花蓮市國富里富國路３７號１樓,花蓮縣,花蓮市,國富里,花蓮市一般行政區,否,否,30000.0,2025,獨資,N,0,561113,麵店、小吃店
28387010,,郭榮市食品有限公司,花蓮縣花蓮市國富里富國路４１號１、２樓,花蓮縣,花蓮市,國富里,花蓮市一般行政區,否,否,2000000.0,2006,有限公司,Y,1,472999,未分類其他食品、飲料及菸草製品零售
09941138,,茱麗安服飾精品,花蓮縣花蓮市國富里富國路４２號１樓,花蓮縣,花蓮市,國富里,花蓮市一般行政區,否,否,3000.0,2006,獨資,N,0,473211,服裝零售
21687977,,朱麗摩兒內衣館,花蓮縣花蓮市國富里富國路４２號１樓,花蓮縣,花蓮市,國富里,花蓮市一般行政區,否,否,3000.0,2005,獨資,N,0,473211,服裝零售
08651271,,朱麗摩兒美容館,花蓮縣花蓮市國富里富國路４２號２樓,花蓮縣,花蓮市,國富里,花蓮市一般行政區,否,否,100000.0,2005,獨資,N,0,962111,美髮院及髮廊
99790239,,湯之花花蓮旗艦店,花蓮縣花蓮市國富里富國路４２號３樓,花蓮縣,花蓮市,國富里,花蓮市一般行政區,否,否,3000.0,2004,獨資,N,0,473211,服裝零售
85210323,,初發點美食坊,花蓮縣花蓮市國富里富國路４３號１樓,花蓮縣,花蓮市,國富里,花蓮市一般行政區,否,否,100000.0,2020,獨資,Y,1,561111,早餐店
95169317,,富國南北雜貨商行,花蓮縣花蓮市國富里富國路４３號１樓後,花蓮縣,花蓮市,國富里,花蓮市一般行政區,否,否,8000.0,2024,獨資,N,0,471913,雜貨店
09665225,,維多利亞名店,花蓮縣花蓮市國富里富國路４６號１樓,花蓮縣,花蓮市,國富里,花蓮市一般行政區,否,否,498000.0,2006,獨資,Y,1,475299,其他化粧品零售
09825193,,維格藥局,花蓮縣花蓮市國富里富國路４８號１樓,花蓮縣,花蓮市,國富里,花蓮市一般行政區,否,否,150000.0,2007,獨資,Y,1,475112,西藥零售
41461738,,宏億汽車商行,花蓮縣花蓮市國富里富國路５號１樓,花蓮縣,花蓮市,國富里,花蓮市一般行政區,否,否,150000.0,2015,獨資,Y,1,484112,中古汽車零售
26597601,,秝秝飽滿手工水餃,花蓮縣花蓮市國富里富國路５０號１樓,花蓮縣,花蓮市,國富里,花蓮市一般行政區,否,否,100000.0,2010,獨資,N,0,561113,麵店、小吃店
87350221,,上岩商行,花蓮縣花蓮市國富里富國路６４號１樓,花蓮縣,花蓮市,國富里,花蓮市一般行政區,否,否,150000.0,2020,獨資,N,0,561115,餐廳
31798516,,富玉菓菜行,花蓮縣花蓮市國富里富國路７號,花蓮縣,花蓮市,國富里,花蓮市一般行政區,否,否,200000.0,2013,獨資,N,0,454111,蔬菜批發
54543038,,璽多開發建設有限公司,花蓮縣花蓮市國富里富國路７號１樓,花蓮縣,花蓮市,國富里,花蓮市一般行政區,否,否,15000000.0,2013,有限公司,Y,1,670012,不動產投資開發
94266312,,通寶成有限公司,花蓮縣花蓮市國富里富國路７號１樓,花蓮縣,花蓮市,國富里,花蓮市一般行政區,否,否,1000000.0,2023,有限公司,Y,1,702099,其他管理顧問
08131949,,龍吟彫刻社,花蓮縣花蓮市國富里富國路７６號,花蓮縣,花蓮市,國富里,花蓮市一般行政區,否,否,3000.0,1986,獨資,N,0,485217,手工藝品零售
37995155,,龍穩贏投注站,花蓮縣花蓮市國富里富國路７６號,花蓮縣,花蓮市,國富里,花蓮市一般行政區,否,否,30000.0,2013,獨資,N,0,920011,彩券銷售
92638604,,龍贏彩券行,花蓮縣花蓮市國富里富國路７６號１樓,花蓮縣,花蓮市,國富里,花蓮市一般行政區,否,否,50000.0,2023,獨資,N,0,920011,彩券銷售
92636818,,珍麗美容坊,花蓮縣花蓮市國富里富國路８０―１號１樓,花蓮縣,花蓮市,國富里,花蓮市一般行政區,否,否,3000.0,2023,獨資,N,0,962299,其他美容美體服務
91383879,,國富一號企業社,花蓮縣花蓮市國富里富國路８２―１號及８２―２號,花蓮縣,花蓮市,國富里,花蓮市一般行政區,否,否,30000.0,2021,獨資,N,0,681112,自有不動產租賃
92637680,,戰櫟跆拳道訓練館,花蓮縣花蓮市國富里富國路８２―１號１樓,花蓮縣,花蓮市,國富里,花蓮市一般行政區,否,否,100000.0,2023,獨資,N,0,859314,武術指導
09666462,,宏偉車業行,花蓮縣花蓮市國富里富國路８２號１樓,花蓮縣,花蓮市,國富里,花蓮市一般行政區,否,否,490000.0,2006,獨資,Y,1,484211,全新機車零售
41466115,,明輪租賃行,花蓮縣花蓮市國富里富國路８２號２樓,花蓮縣,花蓮市,國富里,花蓮市一般行政區,否,否,200000.0,2016,獨資,Y,1,772911,機車出租
78851553,,中山洗衣店,花蓮縣花蓮市國富里富國路８５號,花蓮縣,花蓮市,國富里,花蓮市一般行政區,否,否,3000.0,1994,獨資,N,0,961099,其他洗衣服務
91596747,,小芳烘焙專賣店,花蓮縣花蓮市國富里富國路８８號１樓,花蓮縣,花蓮市,國富里,花蓮市一般行政區,否,否,20000.0,2022,獨資,Y,1,472922,西點麵包零售
50633965,,阿紅魷魚𥺧,花蓮縣花蓮市國富里富國路９號,花蓮縣,花蓮市,國富里,花蓮市一般行政區,否,否,230000.0,2016,獨資,N,0,561113,麵店、小吃店
94813661,,中華鐘錶眼鏡行,花蓮縣花蓮市國富里富國路９１號,花蓮縣,花蓮市,國富里,花蓮市一般行政區,否,否,5000.0,1982,獨資,N,0,959915,鐘錶維修
60256249,,富育美容美體,花蓮縣花蓮市國富里富國路９３號１樓,花蓮縣,花蓮市,國富里,花蓮市一般行政區,否,否,100000.0,2025,獨資,N,0,962299,其他美容美體服務
30202453,,方元手工餛飩麵,花蓮縣花蓮市國富里富國路９７號,花蓮縣,花蓮市,國富里,花蓮市一般行政區,否,否,200000.0,2009,獨資,N,0,561113,麵店、小吃店
87345614,,萍萍早餐店,花蓮縣花蓮市國富里富祥街１０７號１樓,花蓮縣,花蓮市,國富里,花蓮市一般行政區,否,否,3000.0,2020,獨資,N,0,561111,早餐店
95211770,,指藝美甲,花蓮縣花蓮市國富里富祥街１２０號１樓,花蓮縣,花蓮市,國富里,花蓮市一般行政區,否,否,20000.0,2025,獨資,N,0,962299,其他美容美體服務
70956766,,真精品服飾,花蓮縣花蓮市國富里富祥街１２１號１樓,花蓮縣,花蓮市,國富里,花蓮市一般行政區,否,否,3000.0,1999,獨資,Y,1,473211,服裝零售
41017005,,日出冷凍食品,花蓮縣花蓮市國富里富祥街１３０號１樓,花蓮縣,花蓮市,國富里,花蓮市一般行政區,否,否,200000.0,2015,獨資,N,0,472211,畜肉零售
13972935,,連記海產小吃,花蓮縣花蓮市國富里富祥街１３３號,花蓮縣,花蓮市,國富里,花蓮市一般行政區,否,否,3000.0,2002,獨資,N,0,561113,麵店、小吃店
34891678,,自由文化企業社,花蓮縣花蓮市國富里富祥街１３４號１樓,花蓮縣,花蓮市,國富里,花蓮市一般行政區,否,否,3000.0,2011,獨資,N,0,820999,未分類其他行政支援服務
91592025,,使腦津創意工作室,花蓮縣花蓮市國富里富祥街１４６號４樓,花蓮縣,花蓮市,國富里,花蓮市一般行政區,否,否,240000.0,2022,獨資,N,0,731099,其他廣告服務
53269883,,千昱鎂資訊有限公司,花蓮縣花蓮市國富里富祥街１５號１樓,花蓮縣,花蓮市,國富里,花蓮市一般行政區,否,否,300000.0,2010,有限公司,Y,1,483111,電腦及電腦週邊設備零售
37940997,,東耀房屋,花蓮縣花蓮市國富里富祥街４８及５０號,花蓮縣,花蓮市,國富里,花蓮市一般行政區,否,否,200000.0,2013,合夥,Y,1,681211,不動產仲介
62135799,,春秧有限公司,花蓮縣花蓮市國富里富祥街４８號１樓,花蓮縣,花蓮市,國富里,花蓮市一般行政區,否,否,100000.0,2026,有限公司,Y,1,454811,茶葉批發
83214788,,美硯有限公司,花蓮縣花蓮市國富里富祥街４８號１樓,花蓮縣,花蓮市,國富里,花蓮市一般行政區,否,否,1000000.0,2021,有限公司,Y,1,487213,多層次傳銷（佣金收入）
85232038,,少婕藝術美甲,花蓮縣花蓮市國富里富祥街４８號１樓,花蓮縣,花蓮市,國富里,花蓮市一般行政區,否,否,50000.0,2019,獨資,N,0,962211,美甲美睫服務
93662721,,恩宇鑫國際事業有限公司,花蓮縣花蓮市國富里富祥街４８號１樓,花蓮縣,花蓮市,國富里,花蓮市一般行政區,否,否,200000.0,2024,有限公司,Y,1,472999,未分類其他食品、飲料及菸草製品零售
96683930,,國業室內裝修設計工程有限公司,花蓮縣花蓮市國富里富祥街４８號１樓,花蓮縣,花蓮市,國富里,花蓮市一般行政區,否,否,1000000.0,2024,有限公司,Y,1,434015,室內裝修工程
98648805,,禾康油漆工程有限公司,花蓮縣花蓮市國富里富祥街４８號１樓,花蓮縣,花蓮市,國富里,花蓮市一般行政區,否,否,1000000.0,2024,有限公司,Y,1,434012,油漆粉刷、壁飾（紙）黏貼工程
34892986,,原漾工坊,花蓮縣花蓮市國富里富祥街５２號,花蓮縣,花蓮市,國富里,花蓮市一般行政區,否,否,5000.0,2011,獨資,N,0,115117,窗簾、沙發套、椅套、桌巾製造
93010171,,洛緹精緻美學,花蓮縣花蓮市國富里富祥街５２號１樓,花蓮縣,花蓮市,國富里,花蓮市一般行政區,否,否,120000.0,2023,獨資,N,0,962211,美甲美睫服務
61392025,,立萱企業社,花蓮縣花蓮市國富里富祥街５４號１樓,花蓮縣,花蓮市,國富里,花蓮市一般行政區,否,否,50000.0,2026,獨資,N,0,932414,夾娃娃機店
41135827,,好康ｓｐｏｔｓ民宿,花蓮縣花蓮市國富里富祥街５７號,花蓮縣,花蓮市,國富里,花蓮市一般行政區,否,否,60000.0,2014,獨資,N,0,551013,民宿
93051550,,沃洱美妍工作室,花蓮縣花蓮市國富里富祥街６７號２樓,花蓮縣,花蓮市,國富里,花蓮市一般行政區,否,否,200000.0,2024,獨資,N,0,962211,美甲美睫服務
94850412,,順泰企業社,花蓮縣花蓮市國富里富祥街７９號,花蓮縣,花蓮市,國富里,花蓮市一般行政區,否,否,70000.0,1985,獨資,N,0,481014,居家修繕用品零售
91152568,,君怡早午餐,花蓮縣花蓮市國富里富祥街９２－１號１樓,花蓮縣,花蓮市,國富里,花蓮市一般行政區,否,否,100000.0,2021,獨資,N,0,561115,餐廳
82175766,,順隆蛋行,花蓮縣花蓮市國富里建昌路２０８號１樓,花蓮縣,花蓮市,國富里,花蓮市一般行政區,否,否,50000.0,2018,獨資,Y,1,454511,蛋類批發
61409356,,熊厚甜點工作室,花蓮縣花蓮市國富里建昌路２２８號７樓之３,花蓮縣,花蓮市,國富里,花蓮市一般行政區,否,否,10000.0,2026,獨資,N,0,561200,餐食攤販
91389819,,市八十三街停車場,花蓮縣花蓮市國富里莊敬段４２３地號,花蓮縣,花蓮市,國富里,花蓮市一般行政區,否,否,3000.0,2021,獨資,N,0,524100,停車場管理
10035035,,上壘運動休閒舖,花蓮縣花蓮市國富里莊敬路１１２號,花蓮縣,花蓮市,國富里,花蓮市一般行政區,否,否,100000.0,2007,獨資,N,0,476299,其他運動用品及器材零售
02746856,,熊之蜜民宿,花蓮縣花蓮市國富里莊敬路２００號,花蓮縣,花蓮市,國富里,花蓮市一般行政區,否,否,3000.0,2013,獨資,N,0,551013,民宿
34917635,,傑米料理,花蓮縣花蓮市國富里莊敬路２０２號１樓,花蓮縣,花蓮市,國富里,花蓮市一般行政區,否,否,3000.0,2010,獨資,Y,1,561113,麵店、小吃店
08154153,,真善美牙醫診所,花蓮縣花蓮市國富里莊敬路２０６號,花蓮縣,花蓮市,國富里,花蓮市一般行政區,否,否,20000.0,1992,獨資,N,0,475299,其他化粧品零售
08135585,,宏泰玻璃行,花蓮縣花蓮市國富里莊敬路２１４號,花蓮縣,花蓮市,國富里,花蓮市一般行政區,否,否,30000.0,1986,獨資,Y,1,461914,玻璃纖維建材製品批發
37993282,,光速資訊企業社,花蓮縣花蓮市國富里莊敬路２１８號１樓,花蓮縣,花蓮市,國富里,花蓮市一般行政區,否,否,10000.0,2013,獨資,Y,1,483111,電腦及電腦週邊設備零售
60197410,,曜安藥局,花蓮縣花蓮市國富里莊敬路２２０號１樓,花蓮縣,花蓮市,國富里,花蓮市一般行政區,否,否,50000.0,2025,獨資,N,0,475112,西藥零售
54739336,16960829,廣鐸企業有限公司花蓮分公司,花蓮縣花蓮市國富里莊敬路２２２號１樓,花蓮縣,花蓮市,國富里,花蓮市一般行政區,否,否,0.0,2013,本國公司設立之分公司,Y,1,464111,電腦及電腦週邊設備批發
26135524,,麗潔淨洗鞋洗包店,花蓮縣花蓮市國富里莊敬路２３０號１樓,花蓮縣,花蓮市,國富里,花蓮市一般行政區,否,否,30000.0,2009,獨資,N,0,969099,未分類其他個人服務
90152338,,富元長期照護股份有限公司,花蓮縣花蓮市國富里莊敬路２３０號１樓,花蓮縣,花蓮市,國富里,花蓮市一般行政區,否,否,1580000.0,2022,股份有限公司,Y,1,869916,居家護理機構
98646855,,麗耀有限公司,花蓮縣花蓮市國富里莊敬路２４０號１樓,花蓮縣,花蓮市,國富里,花蓮市一般行政區,否,否,5000000.0,2024,有限公司,Y,1,670012,不動產投資開發
72847836,,翊傑工程企業社,花蓮縣花蓮市國富里莊敬路２５０號３樓之１,花蓮縣,花蓮市,國富里,花蓮市一般行政區,否,否,3700000.0,2018,獨資,Y,1,434013,房屋設備安裝工程
95495946,,宏錡建設股份有限公司,花蓮縣花蓮市國富里莊敬路２９７號１樓,花蓮縣,花蓮市,國富里,花蓮市一般行政區,否,否,3000000.0,2024,股份有限公司,Y,1,670012,不動產投資開發
93056491,,韓藝廚房,花蓮縣花蓮市國富里莊敬路３０３號１樓,花蓮縣,花蓮市,國富里,花蓮市一般行政區,否,否,200000.0,2024,獨資,N,0,561113,麵店、小吃店
13963324,,雅境水電行,花蓮縣花蓮市國富里莊敬路３１０號１樓,花蓮縣,花蓮市,國富里,花蓮市一般行政區,否,否,100000.0,2001,獨資,Y,1,433111,水電工程
13005350,,亞順營造有限公司,花蓮縣花蓮市國富里莊敬路３２０號１樓,花蓮縣,花蓮市,國富里,花蓮市一般行政區,否,否,3600000.0,2002,有限公司,Y,1,410013,住宅營建
26790465,,歐馨餐坊,花蓮縣花蓮市國富里莊敬路３２２號１樓,花蓮縣,花蓮市,國富里,花蓮市一般行政區,否,否,3000.0,2011,獨資,N,0,561113,麵店、小吃店
62055893,,庭安健康有限公司,花蓮縣花蓮市國富里莊敬路３２４號２樓,花蓮縣,花蓮市,國富里,花蓮市一般行政區,否,否,100000.0,2026,有限公司,Y,1,702099,其他管理顧問
99817069,,莊敬早點,花蓮縣花蓮市國富里莊敬路３２６號１樓,花蓮縣,花蓮市,國富里,花蓮市一般行政區,否,否,3000.0,2004,獨資,N,0,561111,早餐店
18057721,,統盈影印社,花蓮縣花蓮市國富里莊敬路３３２號１樓,花蓮縣,花蓮市,國富里,花蓮市一般行政區,否,否,10000.0,2001,獨資,N,0,820300,影印服務
94825414,,大統印刷行,花蓮縣花蓮市國富里莊敬路３３４號,花蓮縣,花蓮市,國富里,花蓮市一般行政區,否,否,9000.0,1983,獨資,Y,1,160100,印刷
95214919,,奕鑫魚羹館,花蓮縣花蓮市國富里莊敬路３３６號１樓,花蓮縣,花蓮市,國富里,花蓮市一般行政區,否,否,200000.0,2025,獨資,N,0,561113,麵店、小吃店
10614246,,慈心餐坊,花蓮縣花蓮市國富里莊敬路３４４號１,花蓮縣,花蓮市,國富里,花蓮市一般行政區,否,否,150000.0,2008,獨資,N,0,561113,麵店、小吃店
95209599,,欣翔企業社,花蓮縣花蓮市國富里莊敬路３４５號１樓,花蓮縣,花蓮市,國富里,花蓮市一般行政區,否,否,20000.0,2025,獨資,N,0,820300,影印服務
64817248,,東成鋁業社,花蓮縣花蓮市國富里莊敬路３４６號１樓,花蓮縣,花蓮市,國富里,花蓮市一般行政區,否,否,3000.0,1989,獨資,N,0,461511,金屬門窗批發
30114584,,八方香傳鍋貼水餃專賣店,花蓮縣花蓮市國富里莊敬路３５８號１樓,花蓮縣,花蓮市,國富里,花蓮市一般行政區,否,否,200000.0,2008,獨資,Y,1,561113,麵店、小吃店
80022322,22555003,統一超商股份有限公司花蓮縣第四十七分公司,花蓮縣花蓮市國富里莊敬路７２號、國富十街１－１號１樓,花蓮縣,花蓮市,國富里,花蓮市一般行政區,否,否,0.0,2003,本國公司設立之分公司,Y,1,471112,直營連鎖式便利商店
91591406,,婉心商舖,花蓮縣花蓮市國富里莊敬路７２號１樓、國富十街１―１號１樓,花蓮縣,花蓮市,國富里,花蓮市一般行政區,否,否,248000.0,2022,獨資,Y,1,471114,加盟連鎖式便利商店（無商品進、銷貨行為）
91591068,,墨墨商號,花蓮縣花蓮市國富里莊敬路８６號１樓,花蓮縣,花蓮市,國富里,花蓮市一般行政區,否,否,50000.0,2022,獨資,N,0,561113,麵店、小吃店
10017607,,養心樓素食館,花蓮縣花蓮市國富里莊敬路８８號１樓,花蓮縣,花蓮市,國富里,花蓮市一般行政區,否,否,480000.0,2007,獨資,N,0,561115,餐廳
50746314,,谷萊廚房,花蓮縣花蓮市國富里莊敬路９２號１樓,花蓮縣,花蓮市,國富里,花蓮市一般行政區,否,否,50000.0,2017,獨資,N,0,561115,餐廳
61456879,,鎮鑫工程行,花蓮縣花蓮市國富里００１鄰國富路１１―６號１樓,花蓮縣,花蓮市,國富里,花蓮市一般行政區,否,否,238000.0,2026,獨資,Y,1,431017,紮鋼筋工程
91157579,,宇城岡工程行,花蓮縣花蓮市國富里００１鄰國富路１１―６號１樓,花蓮縣,花蓮市,國富里,花蓮市一般行政區,否,否,249900.0,2021,獨資,Y,1,812100,建築物一般清潔服務
91596697,,貳貳玖工作室,花蓮縣花蓮市國富里００２鄰莊敬路２０號１樓,花蓮縣,花蓮市,國富里,花蓮市一般行政區,否,否,5000.0,2022,獨資,N,0,487199,其他電子購物及郵購
92638007,,鑫旺旺彩券行,花蓮縣花蓮市國富里００２鄰莊敬路４８號１樓,花蓮縣,花蓮市,國富里,花蓮市一般行政區,否,否,100000.0,2023,獨資,N,0,920011,彩券銷售
91155663,,木子先生工作坊,花蓮縣花蓮市國富里００３鄰國富一街１０號１樓,花蓮縣,花蓮市,國富里,花蓮市一般行政區,否,否,100000.0,2021,獨資,N,0,487114,經營網路購物（食品、飲料類商品）
22167539,,倍生企業管理顧問股份有限公司,花蓮縣花蓮市國富里００３鄰國富一街１４號１樓,花蓮縣,花蓮市,國富里,花蓮市一般行政區,否,否,3700000.0,1986,股份有限公司,Y,1,702011,財務管理顧問
54780931,,興萬年建設有限公司,花蓮縣花蓮市國富里００４鄰國富三街６０號１樓,花蓮縣,花蓮市,國富里,花蓮市一般行政區,否,否,11000000.0,2014,有限公司,Y,1,670012,不動產投資開發
90193099,,双利投資開發有限公司,花蓮縣花蓮市國富里００４鄰國富三街６０號１樓,花蓮縣,花蓮市,國富里,花蓮市一般行政區,否,否,2500000.0,2022,有限公司,Y,1,670012,不動產投資開發
92639462,,家有囍事商行,花蓮縣花蓮市國富里００４鄰國富三街６８號,花蓮縣,花蓮市,國富里,花蓮市一般行政區,否,否,240000.0,2023,獨資,N,0,487199,其他電子購物及郵購
09864688,,世達資訊企業社,花蓮縣花蓮市國富里００４鄰國富三街６８號１樓,花蓮縣,花蓮市,國富里,花蓮市一般行政區,否,否,450000.0,2007,合夥,Y,1,483111,電腦及電腦週邊設備零售
82177841,,府穎工程行,花蓮縣花蓮市國富里００４鄰國富五街１１號１樓,花蓮縣,花蓮市,國富里,花蓮市一般行政區,否,否,160000.0,2018,獨資,Y,1,429099,未分類其他土木工程
90204477,,敦耀建設有限公司,花蓮縣花蓮市國富里００４鄰國富五街６９號２樓,花蓮縣,花蓮市,國富里,花蓮市一般行政區,否,否,2000000.0,2022,有限公司,Y,1,670012,不動產投資開發
41459135,,藍米社企工作室,花蓮縣花蓮市國富里００９鄰國富十三街９號２樓之６,花蓮縣,花蓮市,國富里,花蓮市一般行政區,否,否,60000.0,2015,獨資,N,0,731011,廣告代理商
58647301,,建育建設有限公司,花蓮縣花蓮市國富里００９鄰國富十二街１０號１樓,花蓮縣,花蓮市,國富里,花蓮市一般行政區,否,否,5000000.0,2017,有限公司,Y,1,681111,自有不動產買賣
42953198,,食禾有限公司,花蓮縣花蓮市國富里００９鄰國富十街７６號５樓之１,花蓮縣,花蓮市,國富里,花蓮市一般行政區,否,否,300000.0,2018,有限公司,Y,1,472913,菸酒零售
41015359,,千景企業社,花蓮縣花蓮市國富里０１０鄰國富十三街３７號１樓,花蓮縣,花蓮市,國富里,花蓮市一般行政區,否,否,200000.0,2015,獨資,Y,1,429011,淤泥疏濬工程
60397466,,峻誠濬業有限公司,花蓮縣花蓮市國富里０１０鄰國富十三街３７號１樓,花蓮縣,花蓮市,國富里,花蓮市一般行政區,否,否,1000000.0,2026,有限公司,Y,1,429011,淤泥疏濬工程
41467331,,一號美髮美容工作室,花蓮縣花蓮市國富里０１０鄰國富十街６５號１樓,花蓮縣,花蓮市,國富里,花蓮市一般行政區,否,否,100000.0,2016,獨資,N,0,962111,美髮院及髮廊
49764432,,建宏計程表行,花蓮縣花蓮市國富里０１１鄰國富八街５６號１樓,花蓮縣,花蓮市,國富里,花蓮市一般行政區,否,否,100000.0,2016,獨資,N,0,952311,視聽電子產品維修
94261560,,統一汽車行,花蓮縣花蓮市國富里０１１鄰國富八街５６號１樓,花蓮縣,花蓮市,國富里,花蓮市一般行政區,否,否,600000.0,1977,獨資,N,0,493200,計程車客運
94753116,,七星汽車行,花蓮縣花蓮市國富里０１１鄰國富八街５６號１樓,花蓮縣,花蓮市,國富里,花蓮市一般行政區,否,否,800000.0,1979,獨資,N,0,493200,計程車客運
82178497,,錡盛商行,花蓮縣花蓮市國富里０１１鄰國富十一街２８號１樓,花蓮縣,花蓮市,國富里,花蓮市一般行政區,否,否,200000.0,2018,獨資,Y,1,951200,汽車美容
15785774,,瑞品家具行,花蓮縣花蓮市國富里０１１鄰國富十一街３２號５樓之５,花蓮縣,花蓮市,國富里,花蓮市一般行政區,否,否,1003000.0,2003,獨資,Y,1,474211,國產家用家具零售
95211552,,宏承商行,花蓮縣花蓮市國富里０１３鄰莊敬路１４６號１樓,花蓮縣,花蓮市,國富里,花蓮市一般行政區,否,否,200000.0,2025,獨資,Y,1,475199,其他藥品及醫療用品零售
91038217,,隆順金建設有限公司,花蓮縣花蓮市國富里０１３鄰莊敬路１４８號１樓,花蓮縣,花蓮市,國富里,花蓮市一般行政區,否,否,15000000.0,2021,有限公司,Y,1,670012,不動產投資開發
91588845,,一鼎紅麻辣館,花蓮縣花蓮市國富里０１３鄰莊敬路１５８―１號,花蓮縣,花蓮市,國富里,花蓮市一般行政區,否,否,50000.0,2022,獨資,N,0,561115,餐廳
92634987,,丞宇食坊,花蓮縣花蓮市國富里０１４鄰富國路１３９號,花蓮縣,花蓮市,國富里,花蓮市一般行政區,否,否,150000.0,2023,獨資,N,0,561113,麵店、小吃店
83491663,,謙誠不動產有限公司,花蓮縣花蓮市國富里０１４鄰富國路１４３號１樓,花蓮縣,花蓮市,國富里,花蓮市一般行政區,否,否,1000000.0,2019,有限公司,Y,1,681211,不動產仲介
89144178,,雙誠建設有限公司,花蓮縣花蓮市國富里０１４鄰富國路１４３號２樓,花蓮縣,花蓮市,國富里,花蓮市一般行政區,否,否,2000000.0,2023,有限公司,Y,1,670012,不動產投資開發
94224411,,永廉當舖,花蓮縣花蓮市國富里０１４鄰富國路６―１號１樓,花蓮縣,花蓮市,國富里,花蓮市一般行政區,否,否,1500000.0,1977,獨資,N,0,649611,典當服務
60253340,,元亨小吃,花蓮縣花蓮市國富里０１４鄰富國路６―２號１樓,花蓮縣,花蓮市,國富里,花蓮市一般行政區,否,否,100000.0,2026,獨資,N,0,561200,餐食攤販
49742206,,髮瑟造型,花蓮縣花蓮市國富里０１４鄰莊敬路１６０號１樓,花蓮縣,花蓮市,國富里,花蓮市一般行政區,否,否,3000.0,2016,獨資,N,0,962111,美髮院及髮廊
31672994,,采臻麵館,花蓮縣花蓮市國富里０１４鄰莊敬路１６２號１樓,花蓮縣,花蓮市,國富里,花蓮市一般行政區,否,否,20000.0,2012,獨資,N,0,561113,麵店、小吃店
58718678,,富樂福娛樂有限公司,花蓮縣花蓮市國富里０１５鄰國富十三街４８號,花蓮縣,花蓮市,國富里,花蓮市一般行政區,否,否,20000.0,2017,有限公司,Y,1,903015,藝術表演活動籌辦、監製與經紀
91065662,69568009,燦坤實業股份有限公司花蓮富國分公司,花蓮縣花蓮市國富里０１５鄰富國路１０５號,花蓮縣,花蓮市,國富里,花蓮市一般行政區,否,否,0.0,2021,本國公司設立之分公司,Y,1,474199,其他家用電器零售
42757941,,琍華珠寶有限公司,花蓮縣花蓮市國富里０１５鄰富國路４５號１樓,花蓮縣,花蓮市,國富里,花蓮市一般行政區,否,否,200000.0,2015,有限公司,Y,1,474511,金（銀）飾零售
87351761,,王府普洱茶行,花蓮縣花蓮市國富里０１５鄰富國路４９號１樓,花蓮縣,花蓮市,國富里,花蓮市一般行政區,否,否,100000.0,2021,獨資,N,0,472915,茶葉零售
92639293,,錢嫂彩券行,花蓮縣花蓮市國富里０１５鄰富國路５１號１樓,花蓮縣,花蓮市,國富里,花蓮市一般行政區,否,否,50000.0,2023,獨資,N,0,920011,彩券銷售
50717492,,成功青草茶,花蓮縣花蓮市國富里０１５鄰富國路６７號１樓,花蓮縣,花蓮市,國富里,花蓮市一般行政區,否,否,3000.0,2016,獨資,N,0,563115,手搖飲店
92635212,,來客早午餐,花蓮縣花蓮市國富里０１５鄰富國路８１號１樓,花蓮縣,花蓮市,國富里,花蓮市一般行政區,否,否,100000.0,2023,獨資,N,0,561111,早餐店
31491121,,茶舍商行,花蓮縣花蓮市國富里０１５鄰富國路８５―１號,花蓮縣,花蓮市,國富里,花蓮市一般行政區,否,否,3000.0,2007,獨資,Y,1,472914,飲料零售
60252757,,佑潔自助洗衣店,花蓮縣花蓮市國富里０１６鄰國富十街１３２號,花蓮縣,花蓮市,國富里,花蓮市一般行政區,否,否,100000.0,2026,獨資,N,0,961012,自助洗衣店
54796835,,大雅建材有限公司,花蓮縣花蓮市國富里０１６鄰國富十街１５６號１樓,花蓮縣,花蓮市,國富里,花蓮市一般行政區,否,否,1680000.0,2014,有限公司,Y,1,461311,貼面石材批發
93057317,,月沐企業社,花蓮縣花蓮市國富里０１６鄰國富十街１６４號１樓,花蓮縣,花蓮市,國富里,花蓮市一般行政區,否,否,10000.0,2024,獨資,N,0,952312,家用電器維修
43042803,22555003,統一超商股份有限公司花蓮縣第九十五分公司,花蓮縣花蓮市國富里０１８鄰富國路３２號１樓,花蓮縣,花蓮市,國富里,花蓮市一般行政區,否,否,0.0,2016,本國公司設立之分公司,Y,1,471113,加盟連鎖式便利商店（有商品進、銷貨行為）
92638463,,走廊瑜珈工作室,花蓮縣花蓮市國富里０１８鄰富國路３２號２樓,花蓮縣,花蓮市,國富里,花蓮市一般行政區,否,否,150000.0,2023,獨資,N,0,931999,未分類其他運動服務
87350073,,零食嗑商行,花蓮縣花蓮市國富里０１８鄰富國路３６號１樓,花蓮縣,花蓮市,國富里,花蓮市一般行政區,否,否,150000.0,2020,獨資,N,0,472999,未分類其他食品、飲料及菸草製品零售
30393208,,家豐車業,花蓮縣花蓮市國富里０１８鄰富國路６８號１樓,花蓮縣,花蓮市,國富里,花蓮市一般行政區,否,否,50000.0,2009,獨資,N,0,959100,機車維修
72847110,,芋道爺爺茶坊,花蓮縣花蓮市國富里０１８鄰富國路７０號１樓,花蓮縣,花蓮市,國富里,花蓮市一般行政區,否,否,200000.0,2018,獨資,N,0,563199,其他飲料店
82176147,,升堡裝璜行,花蓮縣花蓮市國富里０１９鄰國富十四街１５號１樓,花蓮縣,花蓮市,國富里,花蓮市一般行政區,否,否,220000.0,2018,獨資,Y,1,434011,室內裝潢工程
82181303,,直人企業社,花蓮縣花蓮市國富里０１９鄰國富十四街２１號１樓,花蓮縣,花蓮市,國富里,花蓮市一般行政區,否,否,248000.0,2019,獨資,Y,1,813000,綠化服務
87344592,,貝果行銷企業社,花蓮縣花蓮市國富里０１９鄰國富十四街２１號１樓,花蓮縣,花蓮市,國富里,花蓮市一般行政區,否,否,248000.0,2020,獨資,Y,1,731099,其他廣告服務
95222087,,洪皓緯個人計程車行,花蓮縣花蓮市國富里０１９鄰國富十四街２１號１樓,花蓮縣,花蓮市,國富里,花蓮市一般行政區,否,否,5000.0,2024,獨資,N,0,493200,計程車客運
34865931,,志鑫汽車電機行,花蓮縣花蓮市國富里０２１鄰國富十七街１９號１樓,花蓮縣,花蓮市,國富里,花蓮市一般行政區,否,否,100000.0,2010,獨資,N,0,951199,其他汽車維修
60253355,,悠然小舖,花蓮縣花蓮市國富里０２１鄰國富十七街９號,花蓮縣,花蓮市,國富里,花蓮市一般行政區,否,否,200000.0,2026,獨資,Y,1,487199,其他電子購物及郵購
93579054,,青森貿易有限公司,花蓮縣花蓮市國富里０２１鄰國富十七街９號,花蓮縣,花蓮市,國富里,花蓮市一般行政區,否,否,100000.0,2024,有限公司,Y,1,451099,其他商品批發經紀
93595266,,立章有限公司,花蓮縣花蓮市國富里０２１鄰國富十七街９號,花蓮縣,花蓮市,國富里,花蓮市一般行政區,否,否,1000000.0,2024,有限公司,Y,1,670012,不動產投資開發
60252709,,宏章工程行,花蓮縣花蓮市國富里０２１鄰國富十七街９號１樓,花蓮縣,花蓮市,國富里,花蓮市一般行政區,否,否,200000.0,2026,獨資,Y,1,434011,室內裝潢工程
30204353,,非凡眼鏡,花蓮縣花蓮市國富里０２１鄰富國路１２２號１樓,花蓮縣,花蓮市,國富里,花蓮市一般行政區,否,否,180000.0,2009,獨資,N,0,474412,眼鏡及其零配件零售
60249992,,宸妡車業,花蓮縣花蓮市國富里０２１鄰富國路１４０號１樓,花蓮縣,花蓮市,國富里,花蓮市一般行政區,否,否,249000.0,2026,獨資,Y,1,484211,全新機車零售
60246398,,澄心企業行,花蓮縣花蓮市國富里０２１鄰莊敬路１８６號１樓,花蓮縣,花蓮市,國富里,花蓮市一般行政區,否,否,248000.0,2025,獨資,Y,1,434015,室內裝修工程
89854487,,健展有限公司,花蓮縣花蓮市國富里０２２鄰國富二街１３９－１號,花蓮縣,花蓮市,國富里,花蓮市一般行政區,否,否,1000000.0,1994,有限公司,Y,1,452000,綜合商品批發
93623474,,岩翔工程有限公司,花蓮縣花蓮市國富里０２２鄰國富十七街１０號２樓之６,花蓮縣,花蓮市,國富里,花蓮市一般行政區,否,否,500000.0,2024,有限公司,Y,1,434011,室內裝潢工程
42574892,,喬恩旅行社有限公司,花蓮縣花蓮市國富里０２３鄰國富二街１７２號１樓,花蓮縣,花蓮市,國富里,花蓮市一般行政區,否,否,6000000.0,2015,有限公司,Y,1,790011,旅行業
91155827,,一鎗影像工作室,花蓮縣花蓮市國富里０２４鄰國富二十街１９號１樓,花蓮縣,花蓮市,國富里,花蓮市一般行政區,否,否,20000.0,2021,獨資,N,0,760113,代客攝影（結婚攝影除外）
82178193,,范倪品蔚空間工作室,花蓮縣花蓮市國富里０２４鄰國富十八街３０號２樓,花蓮縣,花蓮市,國富里,花蓮市一般行政區,否,否,66000.0,2018,獨資,N,0,485217,手工藝品零售
37996838,,安庭樂器工作室,花蓮縣花蓮市國富里０２６鄰國富二街１６９號１樓,花蓮縣,花蓮市,國富里,花蓮市一般行政區,否,否,100000.0,2013,獨資,N,0,959911,樂器維修
93049056,,全富裕工程行,花蓮縣花蓮市國富里０３１鄰國富二十一街４３號１樓,花蓮縣,花蓮市,國富里,花蓮市一般行政區,否,否,200000.0,2024,獨資,Y,1,433211,冷凍、通風、空調系統裝修工程
24617315,,宏雄建設有限公司,花蓮縣花蓮市國富里０３１鄰富祥街１７號１樓,花蓮縣,花蓮市,國富里,花蓮市一般行政區,否,否,8000000.0,2014,有限公司,Y,1,670012,不動產投資開發
96789928,,宏晴建設有限公司,花蓮縣花蓮市國富里０３１鄰富祥街１７號１樓,花蓮縣,花蓮市,國富里,花蓮市一般行政區,否,否,10000000.0,2024,有限公司,Y,1,670012,不動產投資開發
91156972,,鹿禾餐廳,花蓮縣花蓮市國富里０３１鄰富祥街９號１樓,花蓮縣,花蓮市,國富里,花蓮市一般行政區,否,否,200000.0,2021,獨資,N,0,561115,餐廳
93053348,,力旺工程行,花蓮縣花蓮市國富里０３２鄰國富二十七街１號１樓,花蓮縣,花蓮市,國富里,花蓮市一般行政區,否,否,200000.0,2024,獨資,Y,1,456912,家用瓦斯器具批發
41011282,,泰順工程行,花蓮縣花蓮市國富里０３２鄰國富二十八街８１號１樓,花蓮縣,花蓮市,國富里,花蓮市一般行政區,否,否,200000.0,2014,獨資,Y,1,433211,冷凍、通風、空調系統裝修工程
39950990,,宏碩企業社,花蓮縣花蓮市國富里０３２鄰富祥街２０４號１樓,花蓮縣,花蓮市,國富里,花蓮市一般行政區,否,否,246000.0,2014,獨資,Y,1,433199,其他機電、電信及電路設備安裝
92503649,,有限責任花蓮縣東興農業科技生產合作社,花蓮縣花蓮市國富里０３３鄰國富二十七街４號１樓,花蓮縣,花蓮市,國富里,花蓮市一般行政區,否,否,196000.0,2022,合作社,Y,1,472111,蔬菜零售
54957212,,杰宇建設有限公司,花蓮縣花蓮市國富里０３４鄰中央路三段６５６號１樓,花蓮縣,花蓮市,國富里,花蓮市一般行政區,否,否,5000000.0,2018,有限公司,Y,1,670012,不動產投資開發
61457194,,完美時刻商行,花蓮縣花蓮市國富里０３４鄰國富二十八街９０號,花蓮縣,花蓮市,國富里,花蓮市一般行政區,否,否,200000.0,2026,獨資,N,0,561115,餐廳
82775396,,景翰企業股份有限公司,花蓮縣花蓮市國富里０３５鄰中央路三段７２０巷５號１０樓,花蓮縣,花蓮市,國富里,花蓮市一般行政區,否,否,10000000.0,2019,股份有限公司,Y,1,670012,不動產投資開發
85205428,,好家在自助洗衣,花蓮縣花蓮市國富里０３５鄰中央路三段７２６號１樓,花蓮縣,花蓮市,國富里,花蓮市一般行政區,否,否,30000.0,2019,獨資,N,0,961012,自助洗衣店
10635404,,花蓮原木傢俱,花蓮縣花蓮市國富里０３５鄰中央路三段７２８號１樓,花蓮縣,花蓮市,國富里,花蓮市一般行政區,否,否,3240000.0,2008,獨資,Y,1,474211,國產家用家具零售
62160728,,奔野織造有限公司,花蓮縣花蓮市國富里０３５鄰中央路三段７３０號１０樓之９,花蓮縣,花蓮市,國富里,花蓮市一般行政區,否,否,100000.0,2026,有限公司,Y,1,487199,其他電子購物及郵購
42961227,,藝設室內裝修有限公司,花蓮縣花蓮市國富里０３５鄰中央路三段７３０號４樓之１９,花蓮縣,花蓮市,國富里,花蓮市一般行政區,否,否,500000.0,2018,有限公司,Y,1,434015,室內裝修工程
92629871,,吉安早餐店,花蓮縣花蓮市國富里０３５鄰中央路三段７３２號,花蓮縣,花蓮市,國富里,花蓮市一般行政區,否,否,2000.0,2023,獨資,N,0,561111,早餐店
91591383,,岢栗蕗女孩甜點工作室,花蓮縣花蓮市國富里０３５鄰中央路三段７４２號１樓,花蓮縣,花蓮市,國富里,花蓮市一般行政區,否,否,100000.0,2022,獨資,N,0,487114,經營網路購物（食品、飲料類商品）
85210484,,金鳳蔬食水餃,花蓮縣花蓮市國富里０３５鄰中央路３段７３０號６樓之１６,花蓮縣,花蓮市,國富里,花蓮市一般行政區,否,否,10000.0,2020,獨資,N,0,472999,未分類其他食品、飲料及菸草製品零售
42153800,,鈺興行,花蓮縣花蓮市國富里０３６鄰中央路三段７５２號１樓,花蓮縣,花蓮市,國富里,花蓮市一般行政區,否,否,20000.0,2015,獨資,N,0,472111,蔬菜零售
19535216,,翰學影印打字社,花蓮縣花蓮市國富里０３６鄰中央路三段７６６號１樓,花蓮縣,花蓮市,國富里,花蓮市一般行政區,否,否,50000.0,1996,獨資,N,0,820300,影印服務
93584676,,喬食間有限公司,花蓮縣花蓮市國富里０３６鄰中央路三段７９８號１樓,花蓮縣,花蓮市,國富里,花蓮市一般行政區,否,否,200000.0,2024,有限公司,Y,1,561111,早餐店
40958767,,市民小站,花蓮縣花蓮市國富里０３６鄰中央路三段８００號,花蓮縣,花蓮市,國富里,花蓮市一般行政區,否,否,35000.0,2014,獨資,N,0,561111,早餐店
82182730,,博君早午餐,花蓮縣花蓮市國富里０３６鄰莊敬路３２１號１樓,花蓮縣,花蓮市,國富里,花蓮市一般行政區,否,否,249000.0,2019,獨資,N,0,561111,早餐店
61455604,,九龍車業行,花蓮縣花蓮市國富里０３７鄰中央路三段８１６號,花蓮縣,花蓮市,國富里,花蓮市一般行政區,否,否,240000.0,2026,獨資,N,0,959100,機車維修
70960852,,裕全車料行,花蓮縣花蓮市國富里０３７鄰中央路三段８１８號,花蓮縣,花蓮市,國富里,花蓮市一般行政區,否,否,30000.0,1999,獨資,N,0,484314,機車零件、機車百貨零售
54979433,,成真整合有限公司,花蓮縣花蓮市國富里０３７鄰中央路三段８２２號,花蓮縣,花蓮市,國富里,花蓮市一般行政區,否,否,500000.0,2019,有限公司,Y,1,903015,藝術表演活動籌辦、監製與經紀
41466993,,福康醫療器材行,花蓮縣花蓮市國富里０３７鄰中央路三段８２６號１樓,花蓮縣,花蓮市,國富里,花蓮市一般行政區,否,否,50000.0,2016,獨資,Y,1,457113,醫療耗材批發
83214632,,森原有限公司,花蓮縣花蓮市國富里０３７鄰中央路三段８２８號１樓,花蓮縣,花蓮市,國富里,花蓮市一般行政區,否,否,500000.0,2021,有限公司,Y,1,475113,醫療耗材零售
41466298,,永康用品社,花蓮縣花蓮市國富里０３７鄰中央路三段８２８號３樓,花蓮縣,花蓮市,國富里,花蓮市一般行政區,否,否,10000.0,2016,獨資,N,0,474914,衛生用紙零售
54121467,,菓菓整合有限公司,花蓮縣花蓮市國富里０３７鄰中央路三段８３２號１樓,花蓮縣,花蓮市,國富里,花蓮市一般行政區,否,否,5000000.0,2013,有限公司,Y,1,903015,藝術表演活動籌辦、監製與經紀
34880335,80028607,馬來西亞商科士威有限公司台灣分公司花蓮中山店,花蓮縣花蓮市國富里０３７鄰中央路三段８３６號１樓,花蓮縣,花蓮市,國富里,花蓮市一般行政區,否,否,0.0,2010,其他,Y,1,456999,未分類其他家用器具及用品批發
72845133,,宇信通訊,花蓮縣花蓮市國富里０３７鄰中央路三段８３６號１樓,花蓮縣,花蓮市,國富里,花蓮市一般行政區,否,否,100000.0,2018,獨資,Y,1,610200,無線電信服務
50743479,,隆成企業社,花蓮縣花蓮市國富里０３８鄰國富二十五街６９號,花蓮縣,花蓮市,國富里,花蓮市一般行政區,否,否,50000.0,2017,獨資,N,0,681112,自有不動產租賃
54997896,,好厝咖租賃住宅包租代管有限公司,花蓮縣花蓮市國富里０３８鄰富祥街５０號１樓,花蓮縣,花蓮市,國富里,花蓮市一般行政區,否,否,600000.0,2019,有限公司,Y,1,681112,自有不動產租賃
99018039,,富祥華廈管理委員會,花蓮縣花蓮市國富里０３８鄰富祥街７２號,花蓮縣,花蓮市,國富里,花蓮市一般行政區,否,否,3000.0,2002,其他,N,0,681112,自有不動產租賃
39951082,,堅石實業社,花蓮縣花蓮市國富里０３８鄰富祥街７８號１樓,花蓮縣,花蓮市,國富里,花蓮市一般行政區,否,否,200000.0,2014,獨資,Y,1,483111,電腦及電腦週邊設備零售
85269392,,靜好空間工作室,花蓮縣花蓮市國富里０４２鄰國富二十一街２號,花蓮縣,花蓮市,國富里,花蓮市一般行政區,否,否,200000.0,2019,獨資,N,0,859399,其他運動及休閒教育
61456218,,明廉臭豆腐,花蓮縣花蓮市國富里０４２鄰富祥街７―２號,花蓮縣,花蓮市,國富里,花蓮市一般行政區,否,否,100000.0,2026,獨資,N,0,561113,麵店、小吃店
87364702,,阿好姊三代目選物販賣機,花蓮縣花蓮市國富里０４２鄰富祥街７―２號１樓,花蓮縣,花蓮市,國富里,花蓮市一般行政區,否,否,100000.0,2020,獨資,N,0,932414,夾娃娃機店
91593122,,慧群食品行,花蓮縣花蓮市國富里０４２鄰富祥街７號,花蓮縣,花蓮市,國富里,花蓮市一般行政區,否,否,100000.0,2022,獨資,N,0,561111,早餐店
64814158,,正輝土木包工業,花蓮縣花蓮市國富里０４３鄰中山路７８１號１樓,花蓮縣,花蓮市,國富里,花蓮市一般行政區,否,否,1000000.0,1989,合夥,Y,1,429099,未分類其他土木工程
78854192,,正輝工程行,花蓮縣花蓮市國富里０４３鄰中山路７８１號１樓,花蓮縣,花蓮市,國富里,花蓮市一般行政區,否,否,5000000.0,1994,獨資,Y,1,439099,未分類其他專門營造
16189021,,順聯營造有限公司,花蓮縣花蓮市國富里０４３鄰中山路７９１巷１０號１樓,花蓮縣,花蓮市,國富里,花蓮市一般行政區,否,否,3600000.0,1997,有限公司,Y,1,429099,未分類其他土木工程
91160125,,順聯企業社,花蓮縣花蓮市國富里０４３鄰中山路７９１巷１０號１樓,花蓮縣,花蓮市,國富里,花蓮市一般行政區,否,否,200000.0,2022,獨資,Y,1,429099,未分類其他土木工程
41459374,,庸的廚房,花蓮縣花蓮市國富里０４３鄰中山路７９１巷８號１樓,花蓮縣,花蓮市,國富里,花蓮市一般行政區,否,否,50000.0,2015,獨資,N,0,561113,麵店、小吃店
26639709,,大後山美食坊,花蓮縣花蓮市國富里０４３鄰中山路８０１號１樓,花蓮縣,花蓮市,國富里,花蓮市一般行政區,否,否,50000.0,2011,獨資,N,0,561113,麵店、小吃店
87353640,,尚藝室內裝修工作室,花蓮縣花蓮市國富里０４３鄰中山路８０３號１樓,花蓮縣,花蓮市,國富里,花蓮市一般行政區,否,否,200000.0,2021,獨資,Y,1,434015,室內裝修工程
92637400,,金發財彩券行,花蓮縣花蓮市國富里０４３鄰中山路８１１號１樓,花蓮縣,花蓮市,國富里,花蓮市一般行政區,否,否,3000.0,2023,獨資,N,0,920011,彩券銷售
85209655,,北新冷氣行,花蓮縣花蓮市國富里０４３鄰中山路８１１號２樓,花蓮縣,花蓮市,國富里,花蓮市一般行政區,否,否,228000.0,2019,獨資,Y,1,952312,家用電器維修
91589507,,鎖向無敵企業社,花蓮縣花蓮市國富里０４３鄰中山路８１１號２樓,花蓮縣,花蓮市,國富里,花蓮市一般行政區,否,否,6000.0,2022,獨資,Y,1,461517,金屬手工具批發
91595141,,豐達工程企業社,花蓮縣花蓮市國富里０４３鄰中山路８１７號１樓,花蓮縣,花蓮市,國富里,花蓮市一般行政區,否,否,200000.0,2022,獨資,Y,1,434015,室內裝修工程
34883868,,發財汽車,花蓮縣花蓮市國富里０４３鄰中山路８２９號１樓,花蓮縣,花蓮市,國富里,花蓮市一般行政區,否,否,5000.0,2010,獨資,N,0,484112,中古汽車零售
91592854,,新聖車業,花蓮縣花蓮市國富里０４３鄰中山路８２９號１樓,花蓮縣,花蓮市,國富里,花蓮市一般行政區,否,否,50000.0,2022,獨資,N,0,959100,機車維修
87345500,,人間風味食堂,花蓮縣花蓮市國富里０４３鄰中山路８４９號１樓,花蓮縣,花蓮市,國富里,花蓮市一般行政區,否,否,80000.0,2020,獨資,N,0,561115,餐廳
92641185,,美輪匠手洗車,花蓮縣花蓮市國富里０４４鄰富國路８－１號１樓,花蓮縣,花蓮市,國富里,花蓮市一般行政區,否,否,200000.0,2023,獨資,N,0,951200,汽車美容
31656853,,思莎雅髮園,花蓮縣花蓮市國富里０４５鄰富國路２３號１樓,花蓮縣,花蓮市,國富里,花蓮市一般行政區,否,否,3000.0,2012,獨資,N,0,962112,理髮店
10090043,,仙絲髮廊,花蓮縣花蓮市國富里０４５鄰富國路３１號１樓,花蓮縣,花蓮市,國富里,花蓮市一般行政區,否,否,10000.0,2007,獨資,N,0,962111,美髮院及髮廊
41011754,,吉成企業社,花蓮縣花蓮市國富里０４６鄰中山路６８９號１樓,花蓮縣,花蓮市,國富里,花蓮市一般行政區,否,否,200000.0,2014,獨資,Y,1,483111,電腦及電腦週邊設備零售
41115580,,日昇企業社,花蓮縣花蓮市國富里０４６鄰中山路７４７號,花蓮縣,花蓮市,國富里,花蓮市一般行政區,否,否,3000.0,2014,獨資,N,0,932413,投幣式兒童騎乘機械玩具店
91155707,,喬心商號,花蓮縣花蓮市國富里０４７鄰國富九街８號１樓,花蓮縣,花蓮市,國富里,花蓮市一般行政區,否,否,3000.0,2021,獨資,N,0,472211,畜肉零售
29053477,70368198,長伶旅行社有限公司花蓮分公司,花蓮縣花蓮市國富里１鄰國富路１１―６號１樓,花蓮縣,花蓮市,國富里,花蓮市一般行政區,否,否,0.0,2008,本國公司設立之分公司,Y,1,790011,旅行業
95801207,,好康企業社,花蓮縣花蓮市國富里１０鄰國富十街５７號１樓,花蓮縣,花蓮市,國富里,花蓮市一般行政區,否,否,490000.0,1995,獨資,Y,1,481014,居家修繕用品零售
94657465,,建宏交通有限公司,花蓮縣花蓮市國富里１１鄰國富八街５６號,花蓮縣,花蓮市,國富里,花蓮市一般行政區,否,否,2000000.0,1977,有限公司,N,0,493200,計程車客運
13970388,,偉弘商號,花蓮縣花蓮市國富里１３鄰國富六街４２―１號１樓,花蓮縣,花蓮市,國富里,花蓮市一般行政區,否,否,5000.0,2002,獨資,N,0,454214,農產品（家畜及家禽肉品）批發市場承銷
08124454,,海心蛋糕食品行,花蓮縣花蓮市國富里１３鄰莊敬路８２號１樓,花蓮縣,花蓮市,國富里,花蓮市一般行政區,否,否,3000.0,1985,獨資,Y,1,472922,西點麵包零售
15794838,,大碗公麵店,花蓮縣花蓮市國富里１３鄰莊敬路８４號１樓,花蓮縣,花蓮市,國富里,花蓮市一般行政區,否,否,3000.0,2003,獨資,N,0,561113,麵店、小吃店
34889075,,順永玻璃行,花蓮縣花蓮市國富里１３鄰莊敬路８４號１樓,花蓮縣,花蓮市,國富里,花蓮市一般行政區,否,否,200000.0,2010,獨資,Y,1,434013,房屋設備安裝工程
70968812,,伊沙造型髮藝,花蓮縣花蓮市國富里１４鄰國富十街６號,花蓮縣,花蓮市,國富里,花蓮市一般行政區,否,否,3000.0,2000,獨資,N,0,962111,美髮院及髮廊
70962649,,榮華鋁業,花蓮縣花蓮市國富里１４鄰莊敬路１６６號,花蓮縣,花蓮市,國富里,花蓮市一般行政區,否,否,245000.0,1999,獨資,Y,1,461511,金屬門窗批發
84578322,,一級棒樹脂門有限公司,花蓮縣花蓮市國富里１５鄰富國路１０３號１樓,花蓮縣,花蓮市,國富里,花蓮市一般行政區,否,否,1000000.0,1993,有限公司,Y,1,461999,未分類其他建材批發
08121674,03741302,中華郵政股份有限公司花蓮富國路郵局,花蓮縣花蓮市國富里１５鄰富國路５２號,花蓮縣,花蓮市,國富里,花蓮市一般行政區,否,否,0.0,2002,其他,Y,1,541000,郵政業務服務
19536025,,寶山企業行,花蓮縣花蓮市國富里１５鄰富國路５３號１樓,花蓮縣,花蓮市,國富里,花蓮市一般行政區,否,否,200000.0,1996,獨資,Y,1,060011,大理石採取
94841884,,振東機車行,花蓮縣花蓮市國富里１５鄰富國路５５號１樓,花蓮縣,花蓮市,國富里,花蓮市一般行政區,否,否,3000.0,1984,獨資,N,0,484314,機車零件、機車百貨零售
99469414,,丞泰餐飲店,花蓮縣花蓮市國富里１５鄰富國路５７號１樓,花蓮縣,花蓮市,國富里,花蓮市一般行政區,否,否,100000.0,2004,獨資,N,0,561113,麵店、小吃店
78852407,,恆茂電子材料行,花蓮縣花蓮市國富里１５鄰富國路５９號１樓,花蓮縣,花蓮市,國富里,花蓮市一般行政區,否,否,5000.0,1994,獨資,N,0,464211,電子器材、電子設備批發
99829950,,長來小吃店,花蓮縣花蓮市國富里１５鄰富國路６１號１樓,花蓮縣,花蓮市,國富里,花蓮市一般行政區,否,否,3000.0,2004,獨資,N,0,561113,麵店、小吃店
18060417,,翡冷翠華歌爾店,花蓮縣花蓮市國富里１５鄰富國路７７號１樓,花蓮縣,花蓮市,國富里,花蓮市一般行政區,否,否,498000.0,2001,獨資,Y,1,473211,服裝零售
26793168,,順香食品行,花蓮縣花蓮市國富里１５鄰富國路７９號１樓,花蓮縣,花蓮市,國富里,花蓮市一般行政區,否,否,20000.0,2013,獨資,N,0,472211,畜肉零售
53266464,,笠群有限公司,花蓮縣花蓮市國富里１７鄰國富十八街１號１樓,花蓮縣,花蓮市,國富里,花蓮市一般行政區,否,否,1300000.0,2010,有限公司,Y,1,454611,國產菸酒批發
26792816,,悟源飯包店,花蓮縣花蓮市國富里１８鄰富國路３８號１樓,花蓮縣,花蓮市,國富里,花蓮市一般行政區,否,否,50000.0,2012,獨資,N,0,561112,便當、自助餐店
49915781,,德康企業社,花蓮縣花蓮市國富里１８鄰富祥街７３號１樓,花蓮縣,花蓮市,國富里,花蓮市一般行政區,否,否,200000.0,2005,獨資,Y,1,781099,其他人力仲介
99486912,,李記飲食店,花蓮縣花蓮市國富里２鄰莊敬路６２號１樓,花蓮縣,花蓮市,國富里,花蓮市一般行政區,否,否,8000.0,2004,獨資,N,0,561113,麵店、小吃店
30109153,,冷熱吾嚐小吃,花蓮縣花蓮市國富里２０鄰富國路８６號１樓,花蓮縣,花蓮市,國富里,花蓮市一般行政區,否,否,3000.0,2008,獨資,N,0,561113,麵店、小吃店
67933781,,黎芯吉耀工作坊,花蓮縣花蓮市國富里２１鄰國富十七街１５號,花蓮縣,花蓮市,國富里,花蓮市一般行政區,否,否,3000.0,1998,獨資,N,0,485217,手工藝品零售
92090582,,益康大藥局,花蓮縣花蓮市國富里２１鄰富國路１４６號,花蓮縣,花蓮市,國富里,花蓮市一般行政區,否,否,200000.0,1994,獨資,Y,1,475112,西藥零售
92094074,,承銘企業社,花蓮縣花蓮市國富里２１鄰莊敬路２３４號１樓,花蓮縣,花蓮市,國富里,花蓮市一般行政區,否,否,200000.0,1994,獨資,Y,1,160100,印刷
09692378,,金鑫企業社,花蓮縣花蓮市國富里２４鄰國富八街２６號１樓,花蓮縣,花蓮市,國富里,花蓮市一般行政區,否,否,450000.0,2006,獨資,Y,1,434013,房屋設備安裝工程
49859654,,東良企業社,花蓮縣花蓮市國富里２８鄰國富二十三街３１號３樓,花蓮縣,花蓮市,國富里,花蓮市一般行政區,否,否,200000.0,2005,獨資,Y,1,469199,其他回收物料批發
78044428,,上揚菸酒專賣店,花蓮縣花蓮市國富里２８鄰富祥街９７號１樓,花蓮縣,花蓮市,國富里,花蓮市一般行政區,否,否,20000.0,1992,獨資,Y,1,472913,菸酒零售
54509881,,永泰實業有限公司,花蓮縣花蓮市國富里２９鄰國富二十三街２６號１樓,花蓮縣,花蓮市,國富里,花蓮市一般行政區,否,否,5800000.0,2013,有限公司,Y,1,461311,貼面石材批發
70730917,,育元有限公司,花蓮縣花蓮市國富里２９鄰國富二十三街２６號１樓,花蓮縣,花蓮市,國富里,花蓮市一般行政區,否,否,5000000.0,2000,有限公司,Y,1,461311,貼面石材批發
28404101,,芥菜子投資股份有限公司,花蓮縣花蓮市國富里２９鄰國富二十街５０號,花蓮縣,花蓮市,國富里,花蓮市一般行政區,否,否,11250000.0,2006,股份有限公司,N,0,649999,其他未分類金融服務
12918126,,全方位營造有限公司,花蓮縣花蓮市國富里３０鄰富祥街６３號１樓,花蓮縣,花蓮市,國富里,花蓮市一般行政區,否,否,3600000.0,2001,有限公司,Y,1,439099,未分類其他專門營造
60478050,,興羽國際實業有限公司,花蓮縣花蓮市國富里３１鄰富祥街１７號１樓,花蓮縣,花蓮市,國富里,花蓮市一般行政區,否,否,1500000.0,2025,有限公司,Y,1,461312,瓷磚批發
92094399,,佑泰行,花蓮縣花蓮市國富里３２鄰國富二十八街７７號,花蓮縣,花蓮市,國富里,花蓮市一般行政區,否,否,10000.0,1994,獨資,N,0,472999,未分類其他食品、飲料及菸草製品零售
18059707,,亞順企業社,花蓮縣花蓮市國富里３２鄰國富五街３２號１樓,花蓮縣,花蓮市,國富里,花蓮市一般行政區,否,否,1000000.0,2001,獨資,Y,1,432000,庭園景觀工程
31791648,,新穎通信科技,花蓮縣花蓮市國富里３３鄰富祥街１３４號１樓,花蓮縣,花蓮市,國富里,花蓮市一般行政區,否,否,1000000.0,2012,獨資,Y,1,340099,其他產業用機械設備維修及安裝
94833462,,俊發企業社,花蓮縣花蓮市國富里３３鄰富祥街１３６號１樓,花蓮縣,花蓮市,國富里,花蓮市一般行政區,否,否,3030000.0,1984,獨資,Y,1,252100,金屬結構製造
54005848,,佳事達建設有限公司,花蓮縣花蓮市國富里３４鄰中央路３段６５６號１樓,花蓮縣,花蓮市,國富里,花蓮市一般行政區,否,否,10000000.0,2012,有限公司,Y,1,670012,不動產投資開發
19538142,,威浩商號,花蓮縣花蓮市國富里３４鄰中央路３段６６０號１樓,花蓮縣,花蓮市,國富里,花蓮市一般行政區,否,否,20000.0,1996,獨資,N,0,453999,未分類其他農產原料批發
34887766,,光點藝術裝潢社,花蓮縣花蓮市國富里３４鄰中央路３段６８２號,花蓮縣,花蓮市,國富里,花蓮市一般行政區,否,否,50000.0,2010,獨資,Y,1,434011,室內裝潢工程
97369924,,傳欣企業股份有限公司,花蓮縣花蓮市國富里３５鄰中央路３段７２０巷３號１樓,花蓮縣,花蓮市,國富里,花蓮市一般行政區,否,否,25000000.0,1997,股份有限公司,Y,1,670012,不動產投資開發
78047993,,上立醫療器材,花蓮縣花蓮市國富里３５鄰中央路３段７３６號１樓,花蓮縣,花蓮市,國富里,花蓮市一般行政區,否,否,1700000.0,1992,獨資,Y,1,475113,醫療耗材零售
27630760,,杰昇儀器股份有限公司,花蓮縣花蓮市國富里３６鄰中央路３段７７８號１樓,花蓮縣,花蓮市,國富里,花蓮市一般行政區,否,否,10000000.0,2005,股份有限公司,Y,1,475113,醫療耗材零售
70965195,,東華影印社,花蓮縣花蓮市國富里３６鄰中央路３段７９０號１樓,花蓮縣,花蓮市,國富里,花蓮市一般行政區,否,否,8000.0,1999,獨資,N,0,820300,影印服務
18053176,,上威鎖匙,花蓮縣花蓮市國富里３６鄰莊敬路３２５號１樓,花蓮縣,花蓮市,國富里,花蓮市一般行政區,否,否,3000.0,2000,獨資,N,0,959917,開鎖及配鎖
99824673,,桂平小吃,花蓮縣花蓮市國富里３６鄰莊敬路３３９號,花蓮縣,花蓮市,國富里,花蓮市一般行政區,否,否,3000.0,2004,獨資,N,0,561113,麵店、小吃店
37992832,,早安七點早餐店,花蓮縣花蓮市國富里３６鄰莊敬路３４１號１樓,花蓮縣,花蓮市,國富里,花蓮市一般行政區,否,否,3000.0,2013,獨資,N,0,561111,早餐店
31795237,,育華企業社,花蓮縣花蓮市國富里３６鄰莊敬路３４７號２樓,花蓮縣,花蓮市,國富里,花蓮市一般行政區,否,否,240000.0,2013,獨資,Y,1,474999,未分類其他家用器具及用品零售
16497694,,廉瀚有限公司,花蓮縣花蓮市國富里３７鄰中央路三段８１０號,花蓮縣,花蓮市,國富里,花蓮市一般行政區,否,否,1000000.0,1998,有限公司,Y,1,471114,加盟連鎖式便利商店（無商品進、銷貨行為）
84772959,23279012,居家企業股份有限公司花蓮分公司,花蓮縣花蓮市國富里３７鄰中央路３段８１２號,花蓮縣,花蓮市,國富里,花蓮市一般行政區,否,否,0.0,1994,本國公司設立之分公司,Y,1,464915,醫療機械設備批發
13969045,,小福美而美,花蓮縣花蓮市國富里３７鄰中央路３段８２０號,花蓮縣,花蓮市,國富里,花蓮市一般行政區,否,否,3000.0,2002,獨資,N,0,561113,麵店、小吃店
30205260,,立霧工作坊,花蓮縣花蓮市國富里３７鄰中央路３段８３０號１樓,花蓮縣,花蓮市,國富里,花蓮市一般行政區,否,否,200000.0,2009,獨資,N,0,903015,藝術表演活動籌辦、監製與經紀
31799135,,其益咖啡,花蓮縣花蓮市國富里３７鄰中央路３段８３８號１樓,花蓮縣,花蓮市,國富里,花蓮市一般行政區,否,否,3000.0,2012,獨資,N,0,472914,飲料零售
31790388,,傳奇調理館,花蓮縣花蓮市國富里３８鄰國富二十五街４９號１樓,花蓮縣,花蓮市,國富里,花蓮市一般行政區,否,否,3000.0,2012,獨資,N,0,969015,推拿按摩服務
80595192,,駩耀建設有限公司,花蓮縣花蓮市國富里３８鄰富祥街５０號１樓,花蓮縣,花蓮市,國富里,花蓮市一般行政區,否,否,15000000.0,2003,有限公司,Y,1,670012,不動產投資開發
95167866,,謝榮髮廊,花蓮縣花蓮市國富里３８鄰富祥街５８號,花蓮縣,花蓮市,國富里,花蓮市一般行政區,否,否,200000.0,2024,獨資,N,0,962111,美髮院及髮廊
93057457,,之足養生館,花蓮縣花蓮市國富里３８鄰富祥街６２號１樓,花蓮縣,花蓮市,國富里,花蓮市一般行政區,否,否,200000.0,2024,獨資,N,0,969015,推拿按摩服務
13960804,,佳麗美髮工作坊,花蓮縣花蓮市國富里３８鄰富祥街７６號１樓,花蓮縣,花蓮市,國富里,花蓮市一般行政區,否,否,5000.0,2001,獨資,N,0,962111,美髮院及髮廊
15796435,,翔順企業社,花蓮縣花蓮市國富里４鄰國富三街２８號１樓,花蓮縣,花蓮市,國富里,花蓮市一般行政區,否,否,20000.0,2003,獨資,N,0,772911,機車出租
16064556,,唐佑營造有限公司,花蓮縣花蓮市國富里４鄰國富三街６０號１樓,花蓮縣,花蓮市,國富里,花蓮市一般行政區,否,否,4020000.0,1997,有限公司,Y,1,439099,未分類其他專門營造
28157875,,璜立鴻工程有限公司,花蓮縣花蓮市國富里４鄰國富五街６９號６樓,花蓮縣,花蓮市,國富里,花蓮市一般行政區,否,否,3000000.0,2006,有限公司,Y,1,434011,室內裝潢工程
92093602,,上田麵包店,花蓮縣花蓮市國富里４０鄰莊敬路８號１樓,花蓮縣,花蓮市,國富里,花蓮市一般行政區,否,否,3000.0,1994,獨資,N,0,472922,西點麵包零售
94625703,,人人商號,花蓮縣花蓮市國富里４２鄰國富二十一街６號１樓,花蓮縣,花蓮市,國富里,花蓮市一般行政區,否,否,200000.0,1977,獨資,Y,1,454913,調味料（辛、香料除外）批發
26171008,,花東玉里麵,花蓮縣花蓮市國富里４２鄰富祥街７―１號,花蓮縣,花蓮市,國富里,花蓮市一般行政區,否,否,5000.0,2009,獨資,N,0,561113,麵店、小吃店
10626637,,明廉臭豆腐,花蓮縣花蓮市國富里４２鄰富祥街７―３號,花蓮縣,花蓮市,國富里,花蓮市一般行政區,否,否,3000.0,2008,獨資,N,0,561113,麵店、小吃店
09939652,,錦良車業,花蓮縣花蓮市國富里４３鄰中山路７９５號１樓,花蓮縣,花蓮市,國富里,花蓮市一般行政區,否,否,200000.0,2006,獨資,Y,1,959100,機車維修
70957836,,利達企業社,花蓮縣花蓮市國富里４３鄰中山路８０７號１樓,花蓮縣,花蓮市,國富里,花蓮市一般行政區,否,否,200000.0,1999,合夥,Y,1,474115,家用排油煙機零售
19533174,,人人鎖印行,花蓮縣花蓮市國富里４３鄰中山路８１１號,花蓮縣,花蓮市,國富里,花蓮市一般行政區,否,否,3000.0,1996,獨資,N,0,959917,開鎖及配鎖
37995009,,人人發財投注站,花蓮縣花蓮市國富里４３鄰中山路８１１號１樓,花蓮縣,花蓮市,國富里,花蓮市一般行政區,否,否,3000.0,2013,獨資,N,0,920011,彩券銷售
09654199,,宜科科技企業,花蓮縣花蓮市國富里４３鄰中山路８１３號１樓,花蓮縣,花蓮市,國富里,花蓮市一般行政區,否,否,200000.0,2006,獨資,Y,1,483111,電腦及電腦週邊設備零售
34895013,,研誠車業,花蓮縣花蓮市國富里４３鄰中山路８２７號１樓,花蓮縣,花蓮市,國富里,花蓮市一般行政區,否,否,50000.0,2011,獨資,Y,1,484314,機車零件、機車百貨零售
31796138,,金芳美食館,花蓮縣花蓮市國富里４３鄰中山路８９７號１樓,花蓮縣,花蓮市,國富里,花蓮市一般行政區,否,否,200000.0,2013,獨資,Y,1,561113,麵店、小吃店
99818481,,暘光早餐吧,花蓮縣花蓮市國富里４４鄰富國路１６號,花蓮縣,花蓮市,國富里,花蓮市一般行政區,否,否,10000.0,2004,獨資,N,0,561111,早餐店
25178171,80008665,頂尖食品事業有限公司自強分公司,花蓮縣花蓮市國富里４４鄰富國路２號１樓,花蓮縣,花蓮市,國富里,花蓮市一般行政區,否,否,0.0,2010,本國公司設立之分公司,Y,1,472922,西點麵包零售
94805450,,益源礦業有限公司,花蓮縣花蓮市國富里４５鄰富國路３３號,花蓮縣,花蓮市,國富里,花蓮市一般行政區,否,否,10000000.0,1982,有限公司,Y,1,060011,大理石採取
76953230,,可來香速餐,花蓮縣花蓮市國富里４６鄰中山路６８５號,花蓮縣,花蓮市,國富里,花蓮市一般行政區,否,否,3000.0,1990,獨資,N,0,561113,麵店、小吃店
34893134,,勝華烘焙食品行,花蓮縣花蓮市國富里４６鄰中山路７２３號１樓,花蓮縣,花蓮市,國富里,花蓮市一般行政區,否,否,240000.0,2011,合夥,Y,1,472999,未分類其他食品、飲料及菸草製品零售
94822752,,劉新美香燒肉店,花蓮縣花蓮市國富里４７鄰中山路６６７巷６號１樓,花蓮縣,花蓮市,國富里,花蓮市一般行政區,否,否,3000.0,1983,獨資,N,0,472919,肉鬆、肉乾、火腿、臘味零售
94820446,,國廣鑫商號,花蓮縣花蓮市國富里４７鄰國富九街２號１樓,花蓮縣,花蓮市,國富里,花蓮市一般行政區,否,否,3000.0,1983,獨資,N,0,454918,麵食品批發
20065450,94186401,有限責任花蓮第一信用合作社自強分社,花蓮縣花蓮市國富里４９鄰中山路７６５號,花蓮縣,花蓮市,國富里,花蓮市一般行政區,否,否,0.0,1997,其他,N,0,641300,信用合作社
37779305,,小當家香雞排,花蓮縣花蓮市國富里６鄰國富十街３２號前,花蓮縣,花蓮市,國富里,花蓮市一般行政區,否,否,3000.0,2012,獨資,N,0,561113,麵店、小吃店
70965596,,瑞雲早餐店,花蓮縣花蓮市國富里８鄰國富六街３４號,花蓮縣,花蓮市,國富里,花蓮市一般行政區,否,否,3000.0,1999,獨資,N,0,561111,早餐店
26789848,,翔赫企業社,花蓮縣花蓮市國富里８鄰國富十二街９巷２號１樓,花蓮縣,花蓮市,國富里,花蓮市一般行政區,否,否,249000.0,2011,獨資,Y,1,464999,未分類其他機械器具批發
13976593,,大唐系統傢俱室內裝修,花蓮縣花蓮市國富里８鄰富國路７號１樓,花蓮縣,花蓮市,國富里,花蓮市一般行政區,否,否,1000000.0,2002,合夥,Y,1,434013,房屋設備安裝工程
18061886,,大銘鋁業,花蓮縣花蓮市國富里９鄰國富十二街１０號１樓,花蓮縣,花蓮市,國富里,花蓮市一般行政區,否,否,50000.0,2001,獨資,Y,1,481014,居家修繕用品零售
70970346,,亞格雕金屬,花蓮縣花蓮市國強里中央路四段３５０號１樓,花蓮縣,花蓮市,國強里,花蓮市一般行政區,否,否,50000.0,2000,獨資,Y,1,434013,房屋設備安裝工程
95214523,,英芳香工作室,花蓮縣花蓮市國強里中央路四段３５０號１樓,花蓮縣,花蓮市,國強里,花蓮市一般行政區,否,否,200000.0,2025,獨資,N,0,474917,清潔用品零售
49761147,,育長企業社,花蓮縣花蓮市國強里中央路四段３６０號１樓,花蓮縣,花蓮市,國強里,花蓮市一般行政區,否,否,200000.0,2017,獨資,Y,1,474211,國產家用家具零售
91592539,,麗秋工作室,花蓮縣花蓮市國強里中央路四段４１３―１３號１樓,花蓮縣,花蓮市,國強里,花蓮市一般行政區,否,否,247777.0,2022,獨資,Y,1,474211,國產家用家具零售
93058364,,鴻孩兒汽車美容,花蓮縣花蓮市國強里中央路四段５７１之２號,花蓮縣,花蓮市,國強里,花蓮市一般行政區,否,否,3000.0,2024,獨資,N,0,951200,汽車美容
76956715,,方圓廣告社,花蓮縣花蓮市國強里中央路四段５７１－１號,花蓮縣,花蓮市,國強里,花蓮市一般行政區,否,否,2000000.0,1990,獨資,Y,1,731011,廣告代理商
87346058,,柒玖汽車保修廠,花蓮縣花蓮市國強里中央路四段５９１號１樓,花蓮縣,花蓮市,國強里,花蓮市一般行政區,否,否,200000.0,2020,獨資,Y,1,951199,其他汽車維修
41011749,,東昇國際車業商行,花蓮縣花蓮市國強里中央路四段６４６號,花蓮縣,花蓮市,國強里,花蓮市一般行政區,否,否,200000.0,2014,獨資,Y,1,951199,其他汽車維修
28153723,,萬宣瀝青工業有限公司,花蓮縣花蓮市國強里中央路四段７００號１樓,花蓮縣,花蓮市,國強里,花蓮市一般行政區,否,否,6000000.0,2007,有限公司,Y,1,170099,其他石油及煤製品製造
89803501,,義霖企業有限公司,花蓮縣花蓮市國強里中央路四段７００號１樓,花蓮縣,花蓮市,國強里,花蓮市一般行政區,否,否,6000000.0,1996,有限公司,Y,1,292200,採礦及營造用機械設備製造
78851202,,中日當舖,花蓮縣花蓮市國強里中央路４段４１１號,花蓮縣,花蓮市,國強里,花蓮市一般行政區,否,否,1500000.0,1994,獨資,N,0,649611,典當服務
26798213,,小華檳榔,花蓮縣花蓮市國強里中央路４段４１９號,花蓮縣,花蓮市,國強里,花蓮市一般行政區,否,否,3000.0,2011,獨資,N,0,472936,檳榔零售
95807645,,東榮旅舘,花蓮縣花蓮市國強里中央路４段４６０號１至５樓,花蓮縣,花蓮市,國強里,花蓮市一般行政區,否,否,200000.0,1995,獨資,Y,1,551012,旅館
31790937,,達駿汽車商行,花蓮縣花蓮市國強里中央路４段４９０－１號,花蓮縣,花蓮市,國強里,花蓮市一般行政區,否,否,100000.0,2012,獨資,N,0,484112,中古汽車零售
18057341,,尚永企業社（０９３１３６３４３２）,花蓮縣花蓮市國強里中央路４段５７１號,花蓮縣,花蓮市,國強里,花蓮市一般行政區,否,否,200000.0,2001,獨資,Y,1,951199,其他汽車維修
64807255,,豐川菜館,花蓮縣花蓮市國強里中央路４段６３２號１樓,花蓮縣,花蓮市,國強里,花蓮市一般行政區,否,否,2870000.0,1988,獨資,Y,1,561115,餐廳
08124567,,隆安企業行,花蓮縣花蓮市國強里中央路４段７００號１樓,花蓮縣,花蓮市,國強里,花蓮市一般行政區,否,否,3000000.0,1985,獨資,Y,1,233300,水泥及混凝土製品製造
22707655,,忠鴻瀝青廠股份有限公司,花蓮縣花蓮市國強里中央路４段７００號１樓,花蓮縣,花蓮市,國強里,花蓮市一般行政區,否,否,16000000.0,1988,股份有限公司,Y,1,170099,其他石油及煤製品製造
78851879,,瑩昇企業社,花蓮縣花蓮市國強里中央路４段７００號１樓,花蓮縣,花蓮市,國強里,花蓮市一般行政區,否,否,300000.0,1994,獨資,Y,1,170099,其他石油及煤製品製造
72849594,,康堤納餐飲,花蓮縣花蓮市國強里國民３５－３號,花蓮縣,花蓮市,國強里,花蓮市一般行政區,否,否,200000.0,2018,獨資,N,0,472999,未分類其他食品、飲料及菸草製品零售
83761103,,滿匯餐飲有限公司,花蓮縣花蓮市國強里國民３５－３號,花蓮縣,花蓮市,國強里,花蓮市一般行政區,否,否,1000000.0,2020,有限公司,Y,1,472914,飲料零售
90153771,,奕釩工程有限公司,花蓮縣花蓮市國強里富強路３４６號１樓,花蓮縣,花蓮市,國強里,花蓮市一般行政區,否,否,1000000.0,2022,有限公司,Y,1,433111,水電工程
50741465,,松田魚池,花蓮縣花蓮市國強里豐村１０１之３號,花蓮縣,花蓮市,國強里,花蓮市一般行政區,否,否,50000.0,2017,獨資,N,0,472311,水產品零售
55968790,,琪峰室內裝修工程有限公司,花蓮縣花蓮市國強里豐村１０２―２３號１樓,花蓮縣,花蓮市,國強里,花蓮市一般行政區,否,否,500000.0,2017,有限公司,Y,1,434015,室內裝修工程
87346022,,你說說工作室,花蓮縣花蓮市國強里豐村１０５－３２號１樓,花蓮縣,花蓮市,國強里,花蓮市一般行政區,否,否,200000.0,2020,獨資,Y,1,903019,藝文作品展覽活動籌辦
49766804,,德誠機械工程行,花蓮縣花蓮市國強里豐村１１―２號１樓,花蓮縣,花蓮市,國強里,花蓮市一般行政區,否,否,200000.0,2016,獨資,Y,1,439014,起重工程
49743134,,春覺民宿,花蓮縣花蓮市國強里豐村１１之９號,花蓮縣,花蓮市,國強里,花蓮市一般行政區,否,否,100000.0,2016,獨資,N,0,551013,民宿
91590547,,德豐魚池,花蓮縣花蓮市國強里豐村１１１－１號,花蓮縣,花蓮市,國強里,花蓮市一般行政區,否,否,100000.0,2022,獨資,N,0,472311,水產品零售
60246307,,舞骨鳳爪,花蓮縣花蓮市國強里豐村１１３－７號,花蓮縣,花蓮市,國強里,花蓮市一般行政區,否,否,50000.0,2025,獨資,N,0,561200,餐食攤販
95215749,,荃宏設計工作室,花蓮縣花蓮市國強里豐村１１６―３７號,花蓮縣,花蓮市,國強里,花蓮市一般行政區,否,否,318600.0,2025,獨資,Y,1,740999,未分類其他專門設計服務
50748018,,品捷企業社,花蓮縣花蓮市國強里豐村１１６―４６號１樓,花蓮縣,花蓮市,國強里,花蓮市一般行政區,否,否,10000.0,2018,獨資,N,0,952312,家用電器維修
91150920,,彩芸工程行,花蓮縣花蓮市國強里豐村１１６―９號１樓,花蓮縣,花蓮市,國強里,花蓮市一般行政區,否,否,3000.0,2021,獨資,Y,1,434012,油漆粉刷、壁飾（紙）黏貼工程
18051260,,球崙企業社,花蓮縣花蓮市國強里豐村１１６－８號１樓,花蓮縣,花蓮市,國強里,花蓮市一般行政區,否,否,3000000.0,2000,獨資,Y,1,434013,房屋設備安裝工程
60250391,,香覓作室商行,花蓮縣花蓮市國強里豐村１１７―２０號１樓,花蓮縣,花蓮市,國強里,花蓮市一般行政區,否,否,200000.0,2026,獨資,N,0,487115,經營網路購物（服飾類商品）
92534565,,夢幻禮品坊,花蓮縣花蓮市國強里豐村１１７－５５號１樓,花蓮縣,花蓮市,國強里,花蓮市一般行政區,否,否,50000.0,2023,獨資,N,0,487199,其他電子購物及郵購
26794785,,力捷工程行,花蓮縣花蓮市國強里豐村１２０之１號１樓,花蓮縣,花蓮市,國強里,花蓮市一般行政區,否,否,200000.0,2012,獨資,Y,1,434011,室內裝潢工程
97202220,,采駿交通有限公司,花蓮縣花蓮市國強里豐村１２９－１１號一樓,花蓮縣,花蓮市,國強里,花蓮市一般行政區,否,否,25000000.0,1996,有限公司,Y,1,494099,其他汽車貨運
87353331,,漁鄉烤魚,花蓮縣花蓮市國強里豐村１３８―６號,花蓮縣,花蓮市,國強里,花蓮市一般行政區,否,否,5000.0,2021,獨資,N,0,561113,麵店、小吃店
91159794,,宜庭商號,花蓮縣花蓮市國強里豐村１３８－２號１樓,花蓮縣,花蓮市,國強里,花蓮市一般行政區,否,否,50000.0,2022,獨資,N,0,472919,肉鬆、肉乾、火腿、臘味零售
93051974,,好窩室內裝潢設計,花蓮縣花蓮市國強里豐村１３８－６號１樓,花蓮縣,花蓮市,國強里,花蓮市一般行政區,否,否,200000.0,2024,獨資,Y,1,434011,室內裝潢工程
78041196,,兄弟土木包工業,花蓮縣花蓮市國強里豐村１５８號,花蓮縣,花蓮市,國強里,花蓮市一般行政區,否,否,1000000.0,1992,獨資,Y,1,429099,未分類其他土木工程
99454171,,永鑫工程行,花蓮縣花蓮市國強里豐村１７―２號２樓,花蓮縣,花蓮市,國強里,花蓮市一般行政區,否,否,450000.0,2004,獨資,Y,1,439099,未分類其他專門營造
95210420,,田川生技企業社,花蓮縣花蓮市國強里豐村１７―６號１樓,花蓮縣,花蓮市,國強里,花蓮市一般行政區,否,否,200000.0,2025,獨資,Y,1,471999,未分類其他綜合商品零售
78843344,,勇信企業社,花蓮縣花蓮市國強里豐村１７－２號一樓,花蓮縣,花蓮市,國強里,花蓮市一般行政區,否,否,5000000.0,1993,獨資,Y,1,439099,未分類其他專門營造
85208001,,一心衛生工程行,花蓮縣花蓮市國強里豐村１９―１１號１樓,花蓮縣,花蓮市,國強里,花蓮市一般行政區,否,否,50000.0,2019,獨資,Y,1,381111,一般事業廢棄物清除
30374309,,永瀅石彫企業社,花蓮縣花蓮市國強里豐村１９―１２號１樓,花蓮縣,花蓮市,國強里,花蓮市一般行政區,否,否,1000000.0,2009,獨資,Y,1,469920,雕塑品批發
41459732,,安隆商行,花蓮縣花蓮市國強里豐村１９―５號１樓,花蓮縣,花蓮市,國強里,花蓮市一般行政區,否,否,10000.0,2015,獨資,N,0,471999,未分類其他綜合商品零售
59011290,,建榮土木包工業有限公司,花蓮縣花蓮市國強里豐村１９―５號１樓,花蓮縣,花蓮市,國強里,花蓮市一般行政區,否,否,3000000.0,2017,有限公司,Y,1,429099,未分類其他土木工程
91590841,,正陽工程行,花蓮縣花蓮市國強里豐村１９―５號１樓,花蓮縣,花蓮市,國強里,花蓮市一般行政區,否,否,240000.0,2022,獨資,Y,1,433199,其他機電、電信及電路設備安裝
31631354,,雲享渡假莊園民宿,花蓮縣花蓮市國強里豐村１９―９號,花蓮縣,花蓮市,國強里,花蓮市一般行政區,否,否,3000.0,2012,獨資,N,0,551013,民宿
78041766,,凱毓行,花蓮縣花蓮市國強里豐村１９之１３號１樓,花蓮縣,花蓮市,國強里,花蓮市一般行政區,否,否,30000.0,1992,獨資,N,0,476299,其他運動用品及器材零售
37998929,,金星企業社,花蓮縣花蓮市國強里豐村２３―３５號１樓,花蓮縣,花蓮市,國強里,花蓮市一般行政區,否,否,235000.0,2014,獨資,Y,1,484311,汽車零件、汽車百貨零售
37993895,,鴻達汽車企業社,花蓮縣花蓮市國強里豐村２３－３２號１樓,花蓮縣,花蓮市,國強里,花蓮市一般行政區,否,否,200000.0,2013,獨資,Y,1,484311,汽車零件、汽車百貨零售
41010615,,鼎岩工程行,花蓮縣花蓮市國強里豐村２７―１號２樓,花蓮縣,花蓮市,國強里,花蓮市一般行政區,否,否,200000.0,2014,獨資,Y,1,429099,未分類其他土木工程
41497948,,林家堡套房出租,花蓮縣花蓮市國強里豐村２９―１１號,花蓮縣,花蓮市,國強里,花蓮市一般行政區,否,否,150000.0,2015,獨資,N,0,559099,未分類其他住宿
95213854,,日日有商行,花蓮縣花蓮市國強里豐村２９―１１號１樓,花蓮縣,花蓮市,國強里,花蓮市一般行政區,否,否,200000.0,2025,獨資,N,0,487199,其他電子購物及郵購
50742730,,傲翔企業社,花蓮縣花蓮市國強里豐村３１―４號１樓,花蓮縣,花蓮市,國強里,花蓮市一般行政區,否,否,100000.0,2017,獨資,N,0,932999,未分類其他娛樂及休閒服務
94013801,,天泉商號,花蓮縣花蓮市國強里豐村４５－１號,花蓮縣,花蓮市,國強里,花蓮市一般行政區,否,否,4000.0,1977,獨資,N,0,472913,菸酒零售
94298623,,裕民商號,花蓮縣花蓮市國強里豐村５０之１號,花蓮縣,花蓮市,國強里,花蓮市一般行政區,否,否,1000.0,1977,獨資,N,0,472913,菸酒零售
87348696,,黃金屋企業社,花蓮縣花蓮市國強里豐村５４－１號１樓,花蓮縣,花蓮市,國強里,花蓮市一般行政區,否,否,100000.0,2020,獨資,N,0,961012,自助洗衣店
90241959,,錦獅實業有限公司,花蓮縣花蓮市國強里豐村６０―８號,花蓮縣,花蓮市,國強里,花蓮市一般行政區,否,否,350000.0,2022,有限公司,Y,1,484111,全新汽車零售
37994769,,國昇工程行,花蓮縣花蓮市國強里豐村６２號１樓,花蓮縣,花蓮市,國強里,花蓮市一般行政區,否,否,200000.0,2013,獨資,Y,1,433211,冷凍、通風、空調系統裝修工程
78048986,,良機廚具行,花蓮縣花蓮市國強里豐村６６－２號１樓,花蓮縣,花蓮市,國強里,花蓮市一般行政區,否,否,10000.0,1992,獨資,N,0,474115,家用排油煙機零售
93052684,,米達音樂工作室,花蓮縣花蓮市國強里豐村８７－２號１樓,花蓮縣,花蓮市,國強里,花蓮市一般行政區,否,否,5000.0,2024,獨資,N,0,771913,舞台燈光、音響設備出租
09727427,40601248,幸福水泥股份有限公司花蓮營業所,花蓮縣花蓮市國強里豐村９―２６號２樓,花蓮縣,花蓮市,國強里,花蓮市一般行政區,否,否,0.0,2006,其他,Y,1,461211,水泥及水泥製品批發
95209492,,領雅金屬工程企業社,花蓮縣花蓮市國強里豐村９０之１號１樓,花蓮縣,花蓮市,國強里,花蓮市一般行政區,否,否,1000000.0,2025,獨資,Y,1,434013,房屋設備安裝工程
61456809,,金騰企業社,花蓮縣花蓮市國強里豐村９０－１號１樓,花蓮縣,花蓮市,國強里,花蓮市一般行政區,否,否,240000.0,2026,獨資,Y,1,439099,未分類其他專門營造
95208395,,展笙工程行,花蓮縣花蓮市國強里豐村９５號１樓,花蓮縣,花蓮市,國強里,花蓮市一般行政區,否,否,200000.0,2024,獨資,Y,1,439014,起重工程
31501578,,藍哥汽車保養廠,花蓮縣花蓮市國強里豐村９９－１１號,花蓮縣,花蓮市,國強里,花蓮市一般行政區,否,否,3000.0,2011,獨資,N,0,951200,汽車美容
91597669,,宇智科技企業,花蓮縣花蓮市國強里００１鄰豐村１８―１號１樓,花蓮縣,花蓮市,國強里,花蓮市一般行政區,否,否,238000.0,2022,獨資,Y,1,474113,家用空調設備及其零件零售
60229362,,看見山海戶外工作室,花蓮縣花蓮市國強里００１鄰豐村１８―９號,花蓮縣,花蓮市,國強里,花蓮市一般行政區,否,否,10000.0,2025,獨資,N,0,487199,其他電子購物及郵購
90297637,,安妡富有限公司,花蓮縣花蓮市國強里００１鄰豐村２１―２８號,花蓮縣,花蓮市,國強里,花蓮市一般行政區,否,否,500000.0,2022,有限公司,Y,1,457299,其他化粧品批發
91597540,,豐椿企業社,花蓮縣花蓮市國強里００１鄰豐村２１―３８號１樓,花蓮縣,花蓮市,國強里,花蓮市一般行政區,否,否,50000.0,2022,獨資,N,0,476399,其他玩具及娛樂用品零售
91597555,,豐椿花藝,花蓮縣花蓮市國強里００１鄰豐村２１―３８號１樓,花蓮縣,花蓮市,國強里,花蓮市一般行政區,否,否,150000.0,2022,獨資,N,0,485113,花卉材料、園藝器具零售
41008701,,廣泰商行,花蓮縣花蓮市國強里００２鄰豐村８―２號１樓,花蓮縣,花蓮市,國強里,花蓮市一般行政區,否,否,30000.0,2014,獨資,N,0,951199,其他汽車維修
83279536,,大陽能源有限公司,花蓮縣花蓮市國強里００３鄰富強路２９８號,花蓮縣,花蓮市,國強里,花蓮市一般行政區,否,否,500000.0,2020,有限公司,Y,1,340015,電力機械器材及設備維修及安裝
50746187,,咪荳莉民宿,花蓮縣花蓮市國強里００３鄰富強路３１２號,花蓮縣,花蓮市,國強里,花蓮市一般行政區,否,否,80000.0,2017,獨資,N,0,551013,民宿
28110345,,安倢有限公司,花蓮縣花蓮市國強里００３鄰豐村３０―１號１樓,花蓮縣,花蓮市,國強里,花蓮市一般行政區,否,否,10000000.0,2006,有限公司,Y,1,433113,電梯、電扶梯、升降機裝修工程
91253756,,Ｃｏｚｙ　Ｉｎｎ民宿,花蓮縣花蓮市國強里００３鄰豐村３５－２號,花蓮縣,花蓮市,國強里,花蓮市一般行政區,否,否,500000.0,2021,獨資,N,0,551013,民宿
94262821,,全家計程車行,花蓮縣花蓮市國強里００３鄰豐村３６―９號１樓,花蓮縣,花蓮市,國強里,花蓮市一般行政區,否,否,1000000.0,1977,合夥,N,0,493200,計程車客運
72644488,,和香村,花蓮縣花蓮市國強里００５鄰豐村４９號,花蓮縣,花蓮市,國強里,花蓮市一般行政區,否,否,200000.0,2017,獨資,N,0,561113,麵店、小吃店
60248403,,瑋禹活動休閒事業,花蓮縣花蓮市國強里００５鄰豐村５０之４號１樓,花蓮縣,花蓮市,國強里,花蓮市一般行政區,否,否,200000.0,2025,獨資,Y,1,473211,服裝零售
92636084,,宇山建材行,花蓮縣花蓮市國強里００５鄰豐村６０―６號,花蓮縣,花蓮市,國強里,花蓮市一般行政區,否,否,100000.0,2023,獨資,Y,1,461999,未分類其他建材批發
78844998,,宗達汽車商行,花蓮縣花蓮市國強里００７鄰豐村９１―６號１樓,花蓮縣,花蓮市,國強里,花蓮市一般行政區,否,否,300000.0,1993,獨資,Y,1,951199,其他汽車維修
24864005,,一寶旺財有限公司,花蓮縣花蓮市國強里００８鄰豐村１０５―８號,花蓮縣,花蓮市,國強里,花蓮市一般行政區,否,否,8000000.0,2015,有限公司,Y,1,551012,旅館
28655486,,太魯閣建設有限公司,花蓮縣花蓮市國強里００８鄰豐村１０５―８號,花蓮縣,花蓮市,國強里,花蓮市一般行政區,否,否,10000000.0,2007,有限公司,Y,1,670012,不動產投資開發
82178102,,豐村生活館,花蓮縣花蓮市國強里００８鄰豐村１０８－６０號１樓,花蓮縣,花蓮市,國強里,花蓮市一般行政區,否,否,10000.0,2018,獨資,N,0,471913,雜貨店
42974047,,宏霖土地開發有限公司,花蓮縣花蓮市國強里００９鄰豐村１１３－６號１樓,花蓮縣,花蓮市,國強里,花蓮市一般行政區,否,否,2000000.0,2018,有限公司,Y,1,670012,不動產投資開發
61456815,,匹勁企業社,花蓮縣花蓮市國強里０１０鄰中央路四段５９９號１樓,花蓮縣,花蓮市,國強里,花蓮市一般行政區,否,否,100000.0,2026,獨資,N,0,931214,羽球（場）館
31798403,,閎森工程行,花蓮縣花蓮市國強里０１０鄰豐村１３０號,花蓮縣,花蓮市,國強里,花蓮市一般行政區,否,否,200000.0,2013,獨資,Y,1,431017,紮鋼筋工程
02977981,23218091,北基國際股份有限公司北基中央路加油站,花蓮縣花蓮市國強里０１２鄰中央路四段５６８號,花蓮縣,花蓮市,國強里,花蓮市一般行政區,否,否,0.0,2014,其他,Y,1,482111,汽油零售
24389797,,威勝交通工程有限公司,花蓮縣花蓮市國強里０１２鄰中央路四段６０３號１樓,花蓮縣,花蓮市,國強里,花蓮市一般行政區,否,否,3000000.0,2009,有限公司,Y,1,421000,道路工程
28446741,,騌毅通運有限公司,花蓮縣花蓮市國強里０１２鄰豐村２３－１３號,花蓮縣,花蓮市,國強里,花蓮市一般行政區,否,否,60000000.0,2006,有限公司,Y,1,493912,遊覽車客運
92640067,,康敬企業社,花蓮縣花蓮市國強里１０鄰豐村１２９－６號１樓,花蓮縣,花蓮市,國強里,花蓮市一般行政區,否,否,100000.0,2023,獨資,N,0,472930,奶粉零售
61455914,,雋森國際文教工作室,花蓮縣花蓮市國強里１０鄰豐村１２９－８號,花蓮縣,花蓮市,國強里,花蓮市一般行政區,否,否,50000.0,2026,獨資,N,0,581312,數位書籍出版
95175845,,田舍民宿,花蓮縣花蓮市國強里１０鄰豐村１２９－８號,花蓮縣,花蓮市,國強里,花蓮市一般行政區,否,否,300000.0,2024,獨資,N,0,551013,民宿
94756578,,永興行,花蓮縣花蓮市國強里１０鄰豐村１３６―２號,花蓮縣,花蓮市,國強里,花蓮市一般行政區,否,否,200000.0,1979,獨資,Y,1,464317,農用及園藝機械批發
27417965,,祥鑫加油站有限公司,花蓮縣花蓮市國強里１２鄰中央路４段５６８號,花蓮縣,花蓮市,國強里,花蓮市一般行政區,否,否,5000000.0,2005,有限公司,Y,1,771200,農業及其他工業用機械設備租賃
26792040,,永發屠宰場,花蓮縣花蓮市國強里１２鄰豐村１４７號,花蓮縣,花蓮市,國強里,花蓮市一般行政區,否,否,100000.0,2012,獨資,N,0,081111,家畜屠宰
97396653,,大茄瀝青工業有限公司,花蓮縣花蓮市國強里１８鄰中央路四段７００號１樓,花蓮縣,花蓮市,國強里,花蓮市一般行政區,否,否,6000000.0,1999,有限公司,Y,1,170099,其他石油及煤製品製造
96797482,,喆仕有限公司,花蓮縣花蓮市國強里２鄰豐村６號３樓之７,花蓮縣,花蓮市,國強里,花蓮市一般行政區,否,否,100000.0,2024,有限公司,Y,1,760999,其他未分類專業、科學及技術服務
99415451,,野三活小吃,花蓮縣花蓮市國強里３鄰富強路３０２號,花蓮縣,花蓮市,國強里,花蓮市一般行政區,否,否,100000.0,2004,獨資,N,0,561200,餐食攤販
30201010,,瑞億傢俱行,花蓮縣花蓮市國強里５鄰中央路四段４６８號,花蓮縣,花蓮市,國強里,花蓮市一般行政區,否,否,240000.0,2009,獨資,Y,1,474211,國產家用家具零售
24545431,,曜輝實業股份有限公司,花蓮縣花蓮市國強里５鄰中央路四段４６８號１樓,花蓮縣,花蓮市,國強里,花蓮市一般行政區,否,否,4000000.0,2014,股份有限公司,Y,1,454612,進口菸酒批發
30202307,,品木居家生活館,花蓮縣花蓮市國強里５鄰豐村２１－４６號５樓之２,花蓮縣,花蓮市,國強里,花蓮市一般行政區,否,否,230000.0,2009,獨資,Y,1,474211,國產家用家具零售
83790120,,品果室內裝修設計有限公司,花蓮縣花蓮市國強里５鄰豐村２１－４６號５樓之２,花蓮縣,花蓮市,國強里,花蓮市一般行政區,否,否,1000000.0,2020,有限公司,Y,1,434015,室內裝修工程
95808807,,大山木材行,花蓮縣花蓮市國強里５鄰豐村６０－６號,花蓮縣,花蓮市,國強里,花蓮市一般行政區,否,否,200000.0,1996,合夥,Y,1,461111,木材批發
94188891,,永鉅石業股份有限公司,花蓮縣花蓮市國強里７鄰豐村１０６號,花蓮縣,花蓮市,國強里,花蓮市一般行政區,否,否,5000000.0,1971,股份有限公司,Y,1,234011,石材家具及其製品製造
10035582,,于平工程行,花蓮縣花蓮市國強里９鄰豐村１１８號１樓,花蓮縣,花蓮市,國強里,花蓮市一般行政區,否,否,245000.0,2007,獨資,Y,1,429099,未分類其他土木工程
85266472,,有限責任花蓮縣食在永續消費合作社,花蓮縣花蓮市國慶里中央路三段７０１號,花蓮縣,花蓮市,國慶里,花蓮市一般行政區,否,否,72900.0,2019,合作社,N,0,471999,未分類其他綜合商品零售
94793721,,瓊林圖書事業股份有限公司,花蓮縣花蓮市國慶里中央路三段７０１號福田樓１樓,花蓮縣,花蓮市,國慶里,花蓮市一般行政區,否,否,7000000.0,1981,股份有限公司,Y,1,476111,文具零售
42784742,,標準眼鏡有限公司,花蓮縣花蓮市國慶里中央路三段７０７號１樓,花蓮縣,花蓮市,國慶里,花蓮市一般行政區,否,否,2000000.0,2016,有限公司,Y,1,474412,眼鏡及其零配件零售
41110852,86863531,美德耐股份有限公司花蓮慈濟便利店,花蓮縣花蓮市國慶里中央路三段７１１號１樓,花蓮縣,花蓮市,國慶里,花蓮市一般行政區,否,否,0.0,2014,其他,Y,1,475113,醫療耗材零售
42640909,16097091,悠旅生活事業股份有限公司花蓮縣第二分公司,花蓮縣花蓮市國慶里中央路四段１１號,花蓮縣,花蓮市,國慶里,花蓮市一般行政區,否,否,0.0,2015,本國公司設立之分公司,Y,1,561115,餐廳
93052306,,泓富汽車企業社,花蓮縣花蓮市國慶里中央路四段１５５號１樓,花蓮縣,花蓮市,國慶里,花蓮市一般行政區,否,否,249000.0,2024,獨資,Y,1,951199,其他汽車維修
41250852,24855441,床之戀有限公司中央營業所,花蓮縣花蓮市國慶里中央路四段２３９―１號,花蓮縣,花蓮市,國慶里,花蓮市一般行政區,否,否,0.0,2015,其他,Y,1,474311,寢具零售
41007273,,北川企業社,花蓮縣花蓮市國慶里中央路四段２５１號１樓,花蓮縣,花蓮市,國慶里,花蓮市一般行政區,否,否,30000.0,2014,獨資,Y,1,484311,汽車零件、汽車百貨零售
87352760,,晴暘專業檳榔,花蓮縣花蓮市國慶里中央路四段２５１號１樓,花蓮縣,花蓮市,國慶里,花蓮市一般行政區,否,否,60000.0,2021,獨資,N,0,472936,檳榔零售
09968240,,信捷汽車修理廠,花蓮縣花蓮市國慶里中央路四段２９―１號,花蓮縣,花蓮市,國慶里,花蓮市一般行政區,否,否,5000.0,2006,獨資,N,0,951199,其他汽車維修
72848309,,旭峰傢俱行,花蓮縣花蓮市國慶里中央路四段２９號１樓,花蓮縣,花蓮市,國慶里,花蓮市一般行政區,否,否,200000.0,2018,獨資,Y,1,474211,國產家用家具零售
94770889,,協力藤飾,花蓮縣花蓮市國慶里中央路四段２９號１樓,花蓮縣,花蓮市,國慶里,花蓮市一般行政區,否,否,500000.0,1985,合夥,Y,1,474211,國產家用家具零售
72775777,22958907,全國加油站股份有限公司全國花蓮中央路加油站,花蓮縣花蓮市國慶里中央路四段３１１號,花蓮縣,花蓮市,國慶里,花蓮市一般行政區,否,否,0.0,2017,其他,Y,1,482111,汽油零售
41460359,,弘達汽車企業社,花蓮縣花蓮市國慶里中央路四段３１９號,花蓮縣,花蓮市,國慶里,花蓮市一般行政區,否,否,200000.0,2015,獨資,Y,1,484311,汽車零件、汽車百貨零售
87367166,,龍友工程行,花蓮縣花蓮市國慶里中央路四段３１９號１樓,花蓮縣,花蓮市,國慶里,花蓮市一般行政區,否,否,200000.0,2020,獨資,Y,1,410013,住宅營建
91257351,,龍全工程行,花蓮縣花蓮市國慶里中央路四段３１９號１樓,花蓮縣,花蓮市,國慶里,花蓮市一般行政區,否,否,200000.0,2021,獨資,Y,1,410013,住宅營建
41458852,,鼎韻傢俱行,花蓮縣花蓮市國慶里中央路四段５７號１樓,花蓮縣,花蓮市,國慶里,花蓮市一般行政區,否,否,200000.0,2015,獨資,Y,1,456211,國產家用家具批發
13074671,,尚芳不動產有限公司,花蓮縣花蓮市國慶里中央路３段６２５號１樓,花蓮縣,花蓮市,國慶里,花蓮市一般行政區,否,否,2000000.0,2002,有限公司,Y,1,681211,不動產仲介
30320640,,雅茗香茶莊,花蓮縣花蓮市國慶里中央路３段６２７號１樓,花蓮縣,花蓮市,國慶里,花蓮市一般行政區,否,否,3000.0,2009,獨資,N,0,472999,未分類其他食品、飲料及菸草製品零售
94848325,,佛教慈濟醫療財團法人花蓮慈濟醫院,花蓮縣花蓮市國慶里中央路３段７０７號,花蓮縣,花蓮市,國慶里,花蓮市一般行政區,否,否,2435116745.0,1986,其他,Y,1,861000,醫院
39959057,23060248,全家便利商店股份有限公司花蓮大愛門市部,花蓮縣花蓮市國慶里中央路３段７０７號（大愛樓地下室）,花蓮縣,花蓮市,國慶里,花蓮市一般行政區,否,否,0.0,2013,其他,Y,1,471113,加盟連鎖式便利商店（有商品進、銷貨行為）
49982520,12946925,互愛人文志業股份有限公司中央路２營業所,花蓮縣花蓮市國慶里中央路３段７０７號１樓,花蓮縣,花蓮市,國慶里,花蓮市一般行政區,否,否,0.0,2005,其他,Y,1,476112,書籍、雜誌零售
70956013,86863531,美德耐股份有限公司花蓮慈濟門市部,花蓮縣花蓮市國慶里中央路３段７０７號１樓,花蓮縣,花蓮市,國慶里,花蓮市一般行政區,否,否,0.0,1999,其他,Y,1,464915,醫療機械設備批發
09802797,16808711,臺灣荷苞山股份有限公司花蓮營業所,花蓮縣花蓮市國慶里中央路３段７０７號２樓,花蓮縣,花蓮市,國慶里,花蓮市一般行政區,否,否,0.0,2007,其他,Y,1,563112,咖啡館
30369523,23060248,全家便利商店股份有限公司花蓮慈濟門市部,花蓮縣花蓮市國慶里中央路３段７０７號３樓,花蓮縣,花蓮市,國慶里,花蓮市一般行政區,否,否,0.0,2009,其他,Y,1,471113,加盟連鎖式便利商店（有商品進、銷貨行為）
92096848,,鴻宇個性傢俱,花蓮縣花蓮市國慶里中央路４段１５７號,花蓮縣,花蓮市,國慶里,花蓮市一般行政區,否,否,200000.0,1995,獨資,Y,1,474211,國產家用家具零售
54000479,,花東藝品有限公司,花蓮縣花蓮市國慶里中央路４段１６３號１樓,花蓮縣,花蓮市,國慶里,花蓮市一般行政區,否,否,1000000.0,2012,有限公司,Y,1,469916,礦物（寶石除外）批發
15796195,,八妹的家,花蓮縣花蓮市國慶里中央路４段２５１號,花蓮縣,花蓮市,國慶里,花蓮市一般行政區,否,否,50000.0,2003,獨資,N,0,561200,餐食攤販
31480308,,豪傑企業社,花蓮縣花蓮市國慶里中央路４段３０９－１號１樓,花蓮縣,花蓮市,國慶里,花蓮市一般行政區,否,否,200000.0,2007,獨資,Y,1,484311,汽車零件、汽車百貨零售
13972745,,力新企業社,花蓮縣花蓮市國慶里中央路４段３１９號,花蓮縣,花蓮市,國慶里,花蓮市一般行政區,否,否,200000.0,2002,獨資,Y,1,484311,汽車零件、汽車百貨零售
28410764,96989783,老牛皮國際股份有限公司第○○一分公司,花蓮縣花蓮市國慶里中央路４段５７－２號１樓,花蓮縣,花蓮市,國慶里,花蓮市一般行政區,否,否,0.0,2007,本國公司設立之分公司,Y,1,473111,絲織、麻織、棉織、毛織品零售
87358096,,軒專業檳榔,花蓮縣花蓮市國慶里中山路一段１２９號１樓前半段,花蓮縣,花蓮市,國慶里,花蓮市一般行政區,否,否,3000.0,2020,獨資,N,0,472914,飲料零售
34785037,,承益企業,花蓮縣花蓮市國慶里中山路一段１３２―６號,花蓮縣,花蓮市,國慶里,花蓮市一般行政區,否,否,30000.0,2010,獨資,N,0,951200,汽車美容
95209325,,睿詮商行,花蓮縣花蓮市國慶里中山路一段１３８巷１５之１號１樓,花蓮縣,花蓮市,國慶里,花蓮市一般行政區,否,否,200000.0,2025,獨資,Y,1,471999,未分類其他綜合商品零售
61456126,,小魚姐接工作室,花蓮縣花蓮市國慶里中山路一段１３８巷１７號,花蓮縣,花蓮市,國慶里,花蓮市一般行政區,否,否,100000.0,2026,獨資,N,0,487199,其他電子購物及郵購
82177455,,菲爾企業社,花蓮縣花蓮市國慶里中山路一段１３８巷３號,花蓮縣,花蓮市,國慶里,花蓮市一般行政區,否,否,200000.0,2018,獨資,Y,1,820211,會議籌辦
41146824,,大都市環境企業社,花蓮縣花蓮市國慶里中山路一段１３８巷７號二樓,花蓮縣,花蓮市,國慶里,花蓮市一般行政區,否,否,200000.0,2014,獨資,Y,1,370000,廢水及污水處理
72845387,,傑甯商行,花蓮縣花蓮市國慶里中山路一段１５８號,花蓮縣,花蓮市,國慶里,花蓮市一般行政區,否,否,200000.0,2018,獨資,Y,1,471999,未分類其他綜合商品零售
24638249,,友倫開發有限公司,花蓮縣花蓮市國慶里中山路一段１６號,花蓮縣,花蓮市,國慶里,花蓮市一般行政區,否,否,6000000.0,2014,有限公司,Y,1,484112,中古汽車零售
82178172,,小紅帽餐飲小吃部,花蓮縣花蓮市國慶里中山路一段１６號,花蓮縣,花蓮市,國慶里,花蓮市一般行政區,否,否,100000.0,2018,獨資,N,0,561113,麵店、小吃店
91159627,,進香小吃部,花蓮縣花蓮市國慶里中山路一段１６７號１樓,花蓮縣,花蓮市,國慶里,花蓮市一般行政區,否,否,50000.0,2022,獨資,N,0,561113,麵店、小吃店
41463237,,昱達行,花蓮縣花蓮市國慶里中山路一段１６９巷１０８號１樓,花蓮縣,花蓮市,國慶里,花蓮市一般行政區,否,否,50000.0,2015,獨資,N,0,485299,未分類其他全新商品零售
15790214,,曾玉發商號,花蓮縣花蓮市國慶里中山路一段２０１號１樓,花蓮縣,花蓮市,國慶里,花蓮市一般行政區,否,否,5000.0,2003,獨資,N,0,472913,菸酒零售
72845210,,新航線理貨企業社,花蓮縣花蓮市國慶里中山路一段２０５－１號,花蓮縣,花蓮市,國慶里,花蓮市一般行政區,否,否,200000.0,2018,獨資,Y,1,494099,其他汽車貨運
91153659,,雲鼎工程企業社,花蓮縣花蓮市國慶里中山路一段２５０號１樓,花蓮縣,花蓮市,國慶里,花蓮市一般行政區,否,否,200000.0,2021,獨資,Y,1,410099,其他建築工程
92639575,,宇成實業社,花蓮縣花蓮市國慶里中山路一段２５０號１樓,花蓮縣,花蓮市,國慶里,花蓮市一般行政區,否,否,200000.0,2023,獨資,Y,1,731099,其他廣告服務
41017336,,鼎園桶子雞,花蓮縣花蓮市國慶里中山路一段３巷２１２號１樓,花蓮縣,花蓮市,國慶里,花蓮市一般行政區,否,否,10000.0,2015,獨資,N,0,472999,未分類其他食品、飲料及菸草製品零售
87348274,,韶瑪的小廚房,花蓮縣花蓮市國慶里中山路一段３巷２７６弄７２號１樓,花蓮縣,花蓮市,國慶里,花蓮市一般行政區,否,否,200000.0,2020,獨資,N,0,487114,經營網路購物（食品、飲料類商品）
92793416,,和束町民宿,花蓮縣花蓮市國慶里中山路一段３１８巷３０弄１號,花蓮縣,花蓮市,國慶里,花蓮市一般行政區,否,否,100000.0,2023,獨資,N,0,551013,民宿
18053154,,宏正實業社,花蓮縣花蓮市國慶里中山路一段３１８巷３１號,花蓮縣,花蓮市,國慶里,花蓮市一般行政區,否,否,200000.0,2001,獨資,Y,1,455211,服裝批發
72849840,,皇國創意坊,花蓮縣花蓮市國慶里中山路一段３８６―１號１樓,花蓮縣,花蓮市,國慶里,花蓮市一般行政區,否,否,200000.0,2018,獨資,N,0,561115,餐廳
15781735,,三番兩次小吃,花蓮縣花蓮市國慶里中山路一段３８６―６號,花蓮縣,花蓮市,國慶里,花蓮市一般行政區,否,否,90000.0,2002,獨資,N,0,561113,麵店、小吃店
49776486,,瑞應汽車美容,花蓮縣花蓮市國慶里中山路一段３８６之３號,花蓮縣,花蓮市,國慶里,花蓮市一般行政區,否,否,60000.0,2017,獨資,N,0,951200,汽車美容
89173623,,弘勝興管業股份有限公司,花蓮縣花蓮市國慶里中山路一段４２６號１樓,花蓮縣,花蓮市,國慶里,花蓮市一般行政區,否,否,1000000.0,2022,股份有限公司,Y,1,461915,塑膠、橡膠建材製品批發
29126372,,恩慈生物科技有限公司,花蓮縣花蓮市國慶里中山路一段７１號２樓,花蓮縣,花蓮市,國慶里,花蓮市一般行政區,否,否,3000000.0,2008,有限公司,Y,1,681112,自有不動產租賃
49917296,,宏圖事務機器企業,花蓮縣花蓮市國慶里中山路一段７３號１樓,花蓮縣,花蓮市,國慶里,花蓮市一般行政區,否,否,460000.0,2005,獨資,Y,1,483111,電腦及電腦週邊設備零售
20067041,,協力企業社,花蓮縣花蓮市國慶里中山路１段１０９巷３０號,花蓮縣,花蓮市,國慶里,花蓮市一般行政區,否,否,200000.0,1998,獨資,Y,1,485216,礦物（寶石、貴金屬除外）零售
18056547,,全泰水電行,花蓮縣花蓮市國慶里中山路１段１０９巷４２號１樓,花蓮縣,花蓮市,國慶里,花蓮市一般行政區,否,否,240000.0,2001,獨資,Y,1,433111,水電工程
94767054,,維光企業社,花蓮縣花蓮市國慶里中山路１段１０９巷５號１樓,花蓮縣,花蓮市,國慶里,花蓮市一般行政區,否,否,45000.0,1979,獨資,Y,1,140999,未分類其他木竹製品製造
94846446,,鮮翠菓菜行,花蓮縣花蓮市國慶里中山路１段１３３號,花蓮縣,花蓮市,國慶里,花蓮市一般行政區,否,否,3000.0,1985,獨資,N,0,454115,農產品（果菜）批發市場承銷
09711537,,華聯蔬果行,花蓮縣花蓮市國慶里中山路１段１３８巷１３號１樓,花蓮縣,花蓮市,國慶里,花蓮市一般行政區,否,否,100000.0,2006,獨資,N,0,454115,農產品（果菜）批發市場承銷
78841459,,萬能通企業,花蓮縣花蓮市國慶里中山路１段１３８巷７號,花蓮縣,花蓮市,國慶里,花蓮市一般行政區,否,否,150000.0,1993,獨資,N,0,812100,建築物一般清潔服務
94645927,,興如山,花蓮縣花蓮市國慶里中山路１段１４１號,花蓮縣,花蓮市,國慶里,花蓮市一般行政區,否,否,3000.0,1977,獨資,N,0,472921,糖果餅乾零售
49908705,,美而美四維店,花蓮縣花蓮市國慶里中山路１段１４３號１樓,花蓮縣,花蓮市,國慶里,花蓮市一般行政區,否,否,5000.0,2005,獨資,N,0,561111,早餐店
13969474,,玖柒零超商,花蓮縣花蓮市國慶里中山路１段１５０號１樓,花蓮縣,花蓮市,國慶里,花蓮市一般行政區,否,否,2560000.0,2002,獨資,Y,1,471999,未分類其他綜合商品零售
15789808,,和群商號,花蓮縣花蓮市國慶里中山路１段１９９號１樓,花蓮縣,花蓮市,國慶里,花蓮市一般行政區,否,否,3000.0,2003,獨資,N,0,471913,雜貨店
87346108,,月食坊饕館,花蓮縣花蓮市國慶里中山路１段２０５之１號１樓,花蓮縣,花蓮市,國慶里,花蓮市一般行政區,否,否,8000.0,2020,獨資,N,0,561113,麵店、小吃店
09664703,,四年一班美食,花蓮縣花蓮市國慶里中山路１段２８號１及３樓,花蓮縣,花蓮市,國慶里,花蓮市一般行政區,否,否,10000.0,2006,獨資,N,0,561113,麵店、小吃店
70957385,,吸引力廚具行,花蓮縣花蓮市國慶里中山路１段３００號１樓,花蓮縣,花蓮市,國慶里,花蓮市一般行政區,否,否,3000.0,1999,獨資,N,0,474912,家用瓦斯器具零售
26596737,,小龍女小吃,花蓮縣花蓮市國慶里中山路１段３０６號,花蓮縣,花蓮市,國慶里,花蓮市一般行政區,否,否,7000.0,2010,獨資,N,0,561113,麵店、小吃店
94844329,,美而光石業有限公司,花蓮縣花蓮市國慶里中山路１段３１８巷３０弄１５號,花蓮縣,花蓮市,國慶里,花蓮市一般行政區,否,否,3500000.0,1985,有限公司,Y,1,234011,石材家具及其製品製造
34889716,,美而光企業社,花蓮縣花蓮市國慶里中山路１段３１８巷３０弄１５號１樓,花蓮縣,花蓮市,國慶里,花蓮市一般行政區,否,否,8000.0,2010,獨資,Y,1,820300,影印服務
86580512,,建夆企業股份有限公司,花蓮縣花蓮市國慶里中山路１段３１８巷３０弄２２號,花蓮縣,花蓮市,國慶里,花蓮市一般行政區,否,否,5000000.0,1992,股份有限公司,Y,1,234011,石材家具及其製品製造
30337950,,華園民宿,花蓮縣花蓮市國慶里中山路１段３１８巷７５弄１５號,花蓮縣,花蓮市,國慶里,花蓮市一般行政區,否,否,3000.0,2009,獨資,N,0,559099,未分類其他住宿
08708730,,伸鎰行,花蓮縣花蓮市國慶里中山路１段３１８巷８弄９號１樓,花蓮縣,花蓮市,國慶里,花蓮市一般行政區,否,否,495000.0,2005,獨資,Y,1,461915,塑膠、橡膠建材製品批發
37993950,,玉意石業行,花蓮縣花蓮市國慶里中山路１段４１８號１樓,花蓮縣,花蓮市,國慶里,花蓮市一般行政區,否,否,200000.0,2013,獨資,Y,1,469916,礦物（寶石除外）批發
34892297,,威東工玉社,花蓮縣花蓮市國慶里中山路１段４２０號１樓,花蓮縣,花蓮市,國慶里,花蓮市一般行政區,否,否,200000.0,2011,獨資,Y,1,234099,其他石材製品製造
09890047,,奇美花店,花蓮縣花蓮市國慶里中山路１段４７號,花蓮縣,花蓮市,國慶里,花蓮市一般行政區,否,否,10000.0,2007,獨資,N,0,485111,切花、盆栽零售
13976307,,德興早餐店,花蓮縣花蓮市國慶里中山路１段５號１樓,花蓮縣,花蓮市,國慶里,花蓮市一般行政區,否,否,50000.0,2002,獨資,N,0,561111,早餐店
27245801,22555003,統一超商股份有限公司花蓮縣第八分公司,花蓮縣花蓮市國慶里中山路１段７、９號１樓,花蓮縣,花蓮市,國慶里,花蓮市一般行政區,否,否,0.0,2005,本國公司設立之分公司,Y,1,471112,直營連鎖式便利商店
26788094,,四維活力美芝城早餐店,花蓮縣花蓮市國慶里中山路１段７９號１樓,花蓮縣,花蓮市,國慶里,花蓮市一般行政區,否,否,3000.0,2011,獨資,N,0,561111,早餐店
04940770,,新民石材廠股份有限公司,花蓮縣花蓮市國慶里建華路１６３、１６５號,花蓮縣,花蓮市,國慶里,花蓮市一般行政區,否,否,32000000.0,1985,股份有限公司,Y,1,234011,石材家具及其製品製造
30182610,,實益企業社,花蓮縣花蓮市國慶里建華路２２２號１樓,花蓮縣,花蓮市,國慶里,花蓮市一般行政區,否,否,200000.0,2009,獨資,Y,1,434013,房屋設備安裝工程
94768413,,永吉號,花蓮縣花蓮市國慶里建華路２８１巷１０號１樓,花蓮縣,花蓮市,國慶里,花蓮市一般行政區,否,否,3000.0,1980,獨資,N,0,472111,蔬菜零售
85208966,,正行車業,花蓮縣花蓮市國慶里００１鄰中央路四段２３９號,花蓮縣,花蓮市,國慶里,花蓮市一般行政區,否,否,800000.0,2019,獨資,Y,1,484112,中古汽車零售
94193579,,典尚窗飾有限公司,花蓮縣花蓮市國慶里００１鄰中央路四段２３９－１０號１樓,花蓮縣,花蓮市,國慶里,花蓮市一般行政區,否,否,200000.0,2023,有限公司,Y,1,455111,絲織、麻織、棉織、毛織品批發
95213411,,高騰企業社,花蓮縣花蓮市國慶里００１鄰中央路四段６９號１樓,花蓮縣,花蓮市,國慶里,花蓮市一般行政區,否,否,200000.0,2025,獨資,Y,1,481014,居家修繕用品零售
15796863,,朱麗專櫃精品國際商行,花蓮縣花蓮市國慶里００１鄰中山路一段１３８巷１００弄１５號１樓,花蓮縣,花蓮市,國慶里,花蓮市一般行政區,否,否,500000.0,2003,獨資,Y,1,473999,未分類其他服飾品零售
82173795,,日光森林民宿,花蓮縣花蓮市國慶里００２鄰中山路一段１３８巷１７－１號,花蓮縣,花蓮市,國慶里,花蓮市一般行政區,否,否,3000.0,2017,獨資,N,0,551013,民宿
41004374,,愛麗絲民宿,花蓮縣花蓮市國慶里００２鄰中山路一段１３８巷１７－３號,花蓮縣,花蓮市,國慶里,花蓮市一般行政區,否,否,100000.0,2014,獨資,N,0,551013,民宿
50747995,,時代玻璃行,花蓮縣花蓮市國慶里００２鄰中山路一段１３８巷５５號１樓,花蓮縣,花蓮市,國慶里,花蓮市一般行政區,否,否,230000.0,2018,獨資,Y,1,434013,房屋設備安裝工程
93372407,,參玖科技有限公司,花蓮縣花蓮市國慶里００２鄰中山路一段１３８巷５５－１號１樓,花蓮縣,花蓮市,國慶里,花蓮市一般行政區,否,否,1000000.0,2023,有限公司,Y,1,712999,未分類其他技術檢測及分析服務
60251477,,夾寶屋鋪,花蓮縣花蓮市國慶里００２鄰中山路一段１４６號１樓,花蓮縣,花蓮市,國慶里,花蓮市一般行政區,否,否,50000.0,2026,獨資,N,0,932414,夾娃娃機店
61389788,,楊進順,花蓮縣花蓮市國慶里００４鄰中山路一段３５０號,花蓮縣,花蓮市,國慶里,花蓮市一般行政區,否,否,10000.0,2026,獨資,N,0,561200,餐食攤販
15796982,,和慶室內裝修工程,花蓮縣花蓮市國慶里００４鄰中山路一段３８６號,花蓮縣,花蓮市,國慶里,花蓮市一般行政區,否,否,1000000.0,2003,獨資,Y,1,434011,室內裝潢工程
42827670,53559433,皇冠大車隊企業股份有限公司花蓮分公司,花蓮縣花蓮市國慶里００４鄰中山路一段３８６號,花蓮縣,花蓮市,國慶里,花蓮市一般行政區,否,否,0.0,2015,本國公司設立之分公司,Y,1,493200,計程車客運
93030351,,喬家辣椒食舖,花蓮縣花蓮市國慶里００４鄰中山路一段３８６號,花蓮縣,花蓮市,國慶里,花蓮市一般行政區,否,否,50000.0,2023,獨資,N,0,089999,其他未分類食品製造
50731380,,青色山脈舒活舘,花蓮縣花蓮市國慶里００４鄰豐村１２２－１０號１樓,花蓮縣,花蓮市,國慶里,花蓮市一般行政區,否,否,50000.0,2017,獨資,N,0,561113,麵店、小吃店
90142374,,秭華科有限公司,花蓮縣花蓮市國慶里００５鄰中山路一段２０３巷７０－７號１樓,花蓮縣,花蓮市,國慶里,花蓮市一般行政區,否,否,200000.0,2022,有限公司,Y,1,620112,網頁設計
93051279,,飛恩實業企業社,花蓮縣花蓮市國慶里００６鄰建華路１８９號１樓,花蓮縣,花蓮市,國慶里,花蓮市一般行政區,否,否,200000.0,2024,獨資,Y,1,434011,室內裝潢工程
25051912,,尚芳投資開發有限公司,花蓮縣花蓮市國慶里００７鄰中央路三段６２５號１樓,花蓮縣,花蓮市,國慶里,花蓮市一般行政區,否,否,1000000.0,2009,有限公司,N,0,649911,投資有價證券
27644130,,尚芳建設股份有限公司,花蓮縣花蓮市國慶里００７鄰中央路三段６２５號１樓,花蓮縣,花蓮市,國慶里,花蓮市一般行政區,否,否,20000000.0,2005,股份有限公司,Y,1,670012,不動產投資開發
59089971,,眺岳科技有限公司,花蓮縣花蓮市國慶里００７鄰中央路三段６２５號２樓,花蓮縣,花蓮市,國慶里,花蓮市一般行政區,否,否,300000.0,2018,有限公司,Y,1,631299,其他資料處理、主機及網站代管服務
87342412,,精研企業社,花蓮縣花蓮市國慶里００７鄰中央路三段６３５號１樓,花蓮縣,花蓮市,國慶里,花蓮市一般行政區,否,否,100000.0,2020,獨資,N,0,484311,汽車零件、汽車百貨零售
30316245,,暐元資訊企業社,花蓮縣花蓮市國慶里００７鄰中央路三段６４７號１樓,花蓮縣,花蓮市,國慶里,花蓮市一般行政區,否,否,1000000.0,2009,獨資,Y,1,483111,電腦及電腦週邊設備零售
95208233,,一定是揚昇實業社,花蓮縣花蓮市國慶里００７鄰中央路三段６６１號１樓,花蓮縣,花蓮市,國慶里,花蓮市一般行政區,否,否,100000.0,2024,獨資,Y,1,859999,其他未分類教育
85183402,,北歐先生民宿,花蓮縣花蓮市國慶里００７鄰中央路三段６６３號,花蓮縣,花蓮市,國慶里,花蓮市一般行政區,否,否,5000000.0,2019,獨資,N,0,551013,民宿
41468079,24311659,大愛感恩科技股份有限公司花蓮靜思堂低碳概念館,花蓮縣花蓮市國慶里００７鄰中央路三段７０３號,花蓮縣,花蓮市,國慶里,花蓮市一般行政區,否,否,0.0,2015,其他,Y,1,473999,未分類其他服飾品零售
95214707,,芮薾商行,花蓮縣花蓮市國慶里００７鄰建華路２２０巷１０之１號１樓,花蓮縣,花蓮市,國慶里,花蓮市一般行政區,否,否,3000.0,2025,獨資,N,0,473215,皮包、手提包（真皮皮包、手提包除外）零售
61456006,,稻合企業社,花蓮縣花蓮市國慶里００７鄰建華路２２０巷１８號１樓,花蓮縣,花蓮市,國慶里,花蓮市一般行政區,否,否,200000.0,2026,獨資,Y,1,474512,珠寶零售
00026791,,雄鋒地產開發有限公司,花蓮縣花蓮市國慶里００８鄰中山路一段１１７號１樓,花蓮縣,花蓮市,國慶里,花蓮市一般行政區,否,否,1000000.0,2024,有限公司,Y,1,670012,不動產投資開發
57640907,,雄鋒建設有限公司,花蓮縣花蓮市國慶里００８鄰中山路一段１１７號１樓,花蓮縣,花蓮市,國慶里,花蓮市一般行政區,否,否,15000000.0,2017,有限公司,Y,1,670012,不動產投資開發
83498743,,雄鋒不動產有限公司,花蓮縣花蓮市國慶里００８鄰中山路一段１１７號１樓,花蓮縣,花蓮市,國慶里,花蓮市一般行政區,否,否,3000000.0,2019,有限公司,Y,1,681211,不動產仲介
91588774,,兆騰工程行,花蓮縣花蓮市國慶里００９鄰中山路一段７９號１樓,花蓮縣,花蓮市,國慶里,花蓮市一般行政區,否,否,200000.0,2022,獨資,Y,1,429099,未分類其他土木工程
91591813,,景鵬工程行,花蓮縣花蓮市國慶里００９鄰中山路一段７９號１樓,花蓮縣,花蓮市,國慶里,花蓮市一般行政區,否,否,200000.0,2022,獨資,Y,1,429099,未分類其他土木工程
95096737,,福來好事民宿,花蓮縣花蓮市國慶里００９鄰中山路一段８５巷５號,花蓮縣,花蓮市,國慶里,花蓮市一般行政區,否,否,50000.0,2024,獨資,N,0,551013,民宿
97701555,,合法模組有限公司,花蓮縣花蓮市國慶里００９鄰中山路一段８５巷５號１樓,花蓮縣,花蓮市,國慶里,花蓮市一般行政區,否,否,50000.0,2024,有限公司,Y,1,456315,窗簾批發
60248348,,金主彩券行,花蓮縣花蓮市國慶里００９鄰中山路一段８７之１號１樓,花蓮縣,花蓮市,國慶里,花蓮市一般行政區,否,否,150000.0,2025,獨資,N,0,920011,彩券銷售
00249569,,偉辰建築股份有限公司,花蓮縣花蓮市國慶里０１１鄰中山路一段３巷２５弄８號,花蓮縣,花蓮市,國慶里,花蓮市一般行政區,否,否,8000000.0,2024,股份有限公司,Y,1,681111,自有不動產買賣
24236049,,隆成工程顧問有限公司,花蓮縣花蓮市國慶里０１１鄰建華路１８３號,花蓮縣,花蓮市,國慶里,花蓮市一般行政區,否,否,7640000.0,2008,有限公司,Y,1,711211,土木工程顧問
41462259,,食在鮮本鋪,花蓮縣花蓮市國慶里０１２鄰建昌路２５２巷１８號１樓,花蓮縣,花蓮市,國慶里,花蓮市一般行政區,否,否,80000.0,2015,獨資,N,0,487112,經營電視購物、電台購物
26153304,,勝祥汽車電機行,花蓮縣花蓮市國慶里１鄰中央路４段２３９號,花蓮縣,花蓮市,國慶里,花蓮市一般行政區,否,否,50000.0,2009,獨資,N,0,484311,汽車零件、汽車百貨零售
23085331,,涵光石業有限公司,花蓮縣花蓮市國慶里１鄰中央路４段６９號１樓,花蓮縣,花蓮市,國慶里,花蓮市一般行政區,否,否,5000000.0,1988,有限公司,Y,1,234011,石材家具及其製品製造
70965287,,珍藏家石坊,花蓮縣花蓮市國慶里１鄰中央路４段６９號１樓,花蓮縣,花蓮市,國慶里,花蓮市一般行政區,否,否,50000.0,1999,獨資,Y,1,234099,其他石材製品製造
60253003,,恩雨企業社,花蓮縣花蓮市國慶里１３鄰中山路一段３巷２７６弄７８號１樓,花蓮縣,花蓮市,國慶里,花蓮市一般行政區,否,否,240000.0,2026,獨資,Y,1,434011,室內裝潢工程
93054374,,古牧特原藝術產業企業社,花蓮縣花蓮市國慶里１３鄰中山路一段３巷２７６弄７８號１樓,花蓮縣,花蓮市,國慶里,花蓮市一般行政區,否,否,249999.0,2024,獨資,N,0,903015,藝術表演活動籌辦、監製與經紀
87345733,,艾順工程行,花蓮縣花蓮市國慶里２鄰中山路一段１３８巷５５號１樓,花蓮縣,花蓮市,國慶里,花蓮市一般行政區,否,否,200000.0,2020,獨資,Y,1,429099,未分類其他土木工程
26792196,,城市角落民宿,花蓮縣花蓮市國慶里２鄰中山路１段１３８巷１７號,花蓮縣,花蓮市,國慶里,花蓮市一般行政區,否,否,50000.0,2012,獨資,N,0,551013,民宿
15781566,,花蓮縣花蓮市桑椹產銷班第一班,花蓮縣花蓮市國慶里２鄰中山路１段５１０號,花蓮縣,花蓮市,國慶里,花蓮市一般行政區,否,否,3000.0,2002,其他,Y,1,091900,其他酒精飲料製造
13970394,,銓鑫企業社,花蓮縣花蓮市國慶里２３鄰中山路１段４１２號,花蓮縣,花蓮市,國慶里,花蓮市一般行政區,否,否,50000.0,2002,獨資,Y,1,484311,汽車零件、汽車百貨零售
64812383,,煙敦食品行,花蓮縣花蓮市國慶里３鄰中山路１段３１８巷１００號,花蓮縣,花蓮市,國慶里,花蓮市一般行政區,否,否,5000.0,1989,獨資,N,0,472999,未分類其他食品、飲料及菸草製品零售
37993585,,永吉屠宰場,花蓮縣花蓮市國慶里３鄰建華路２７９號,花蓮縣,花蓮市,國慶里,花蓮市一般行政區,否,否,20000.0,2013,獨資,N,0,081112,家禽屠宰
09886748,,雅韻床業,花蓮縣花蓮市國慶里４鄰中央路４段２５３及２５３－１號,花蓮縣,花蓮市,國慶里,花蓮市一般行政區,否,否,200000.0,2007,獨資,Y,1,474211,國產家用家具零售
10594608,,上好套房,花蓮縣花蓮市國慶里４鄰中山路１段４４２號,花蓮縣,花蓮市,國慶里,花蓮市一般行政區,否,否,30000.0,2008,獨資,N,0,559099,未分類其他住宿
19535047,,寶鑽汽車專業拖吊社,花蓮縣花蓮市國慶里４６鄰建華路２２０巷１號,花蓮縣,花蓮市,國慶里,花蓮市一般行政區,否,否,200000.0,1996,獨資,Y,1,524999,未分類其他陸上運輸輔助
70971794,,坤業食品行,花蓮縣花蓮市國慶里５４鄰中央路４段２３９－５號１樓,花蓮縣,花蓮市,國慶里,花蓮市一般行政區,否,否,1000000.0,2000,獨資,Y,1,454113,醃漬蔬果批發
95047309,,有限責任花蓮縣綜開原住民農業生產合作社,花蓮縣花蓮市國慶里６鄰建華路１８１號３樓之２,花蓮縣,花蓮市,國慶里,花蓮市一般行政區,否,否,100000.0,2024,合作社,N,0,472111,蔬菜零售
83793077,,奇萊綠能股份有限公司,花蓮縣花蓮市國慶里６鄰建華路１８１號３樓之５,花蓮縣,花蓮市,國慶里,花蓮市一般行政區,否,否,2000000.0,2020,股份有限公司,Y,1,351000,電力供應
53624119,,東澤環保有限公司,花蓮縣花蓮市國慶里６鄰建華路１９７－１號,花蓮縣,花蓮市,國慶里,花蓮市一般行政區,否,否,5000000.0,2011,有限公司,Y,1,382111,一般事業廢棄物處理
83436091,,東澄環保有限公司,花蓮縣花蓮市國慶里６鄰建華路１９７－１號１樓,花蓮縣,花蓮市,國慶里,花蓮市一般行政區,否,否,1500000.0,2020,有限公司,Y,1,382111,一般事業廢棄物處理
26795026,,蓮花心藝品店,花蓮縣花蓮市國慶里７鄰中央路３段６４１號１樓,花蓮縣,花蓮市,國慶里,花蓮市一般行政區,否,否,200000.0,2012,獨資,N,0,485216,礦物（寶石、貴金屬除外）零售
37932820,,千登健保藥局,花蓮縣花蓮市國慶里７鄰中央路３段６５３號１、２樓,花蓮縣,花蓮市,國慶里,花蓮市一般行政區,否,否,3900000.0,2013,合夥,Y,1,475112,西藥零售
26108688,,社團法人花蓮縣勞工安全衛生教育協進會,花蓮縣花蓮市國慶里７鄰中央路３段６５９號,花蓮縣,花蓮市,國慶里,花蓮市一般行政區,否,否,50000.0,2009,其他,Y,1,859999,其他未分類教育
49983274,12946925,互愛人文志業股份有限公司中央路１營業所,花蓮縣花蓮市國慶里７鄰中央路３段７０３號１樓,花蓮縣,花蓮市,國慶里,花蓮市一般行政區,否,否,0.0,2005,其他,Y,1,476112,書籍、雜誌零售
26788833,,兆鑽商行,花蓮縣花蓮市國慶里８鄰中山路一段７號１樓,花蓮縣,花蓮市,國慶里,花蓮市一般行政區,否,否,200000.0,2011,獨資,Y,1,471114,加盟連鎖式便利商店（無商品進、銷貨行為）
85352096,,藍色貓頭鷹民宿,花蓮縣花蓮市國慶里９鄰中山路一段１０１號,花蓮縣,花蓮市,國慶里,花蓮市一般行政區,否,否,200000.0,2019,獨資,N,0,551013,民宿
82179101,,佐一咖啡館,花蓮縣花蓮市國慶里９鄰中山路一段１０３號１樓,花蓮縣,花蓮市,國慶里,花蓮市一般行政區,否,否,50000.0,2019,獨資,N,0,563112,咖啡館
85367773,,黑色奇跡民宿,花蓮縣花蓮市國慶里９鄰中山路一段９５號,花蓮縣,花蓮市,國慶里,花蓮市一般行政區,否,否,200000.0,2020,獨資,N,0,551013,民宿
85367801,,漫步雲端民宿,花蓮縣花蓮市國慶里９鄰中山路一段９７號,花蓮縣,花蓮市,國慶里,花蓮市一般行政區,否,否,200000.0,2020,獨資,N,0,551013,民宿
78847947,,國豐水電工程行,花蓮縣花蓮市國慶里９鄰中山路１段８５巷２號１樓,花蓮縣,花蓮市,國慶里,花蓮市一般行政區,否,否,2000000.0,1994,獨資,Y,1,433111,水電工程
85367823,,雕刻時光民宿,花蓮縣花蓮市國慶里９鄰中山路１段９９號,花蓮縣,花蓮市,國慶里,花蓮市一般行政區,否,否,200000.0,2020,獨資,N,0,551013,民宿
61387085,28858068,台灣普客二四股份有限公司花蓮國民一街停車場,花蓮縣花蓮市國民一街２０號對面,花蓮縣,花蓮市,市區其他未標示里,花蓮市一般行政區,否,否,0.0,2026,其他,Y,1,524100,停車場管理
60374674,,科多浩有限公司,花蓮縣花蓮市國民八街８號４樓之５,花蓮縣,花蓮市,市區其他未標示里,花蓮市一般行政區,否,否,100000.0,2025,有限公司,Y,1,631299,其他資料處理、主機及網站代管服務
83381119,,馥麗生活有限公司,花蓮縣花蓮市國治里三民街４６―１號,花蓮縣,花蓮市,國治里,花蓮市一般行政區,否,否,1000000.0,2021,有限公司,Y,1,551012,旅館
60233210,54994912,伯爵教育科技股份有限公司附設私立昇爵文理短期補習班,花蓮縣花蓮市國治里三民街４６號２－５樓,花蓮縣,花蓮市,國治里,花蓮市一般行政區,否,否,0.0,2025,其他,Y,1,859511,課業輔導及補習教學
31797100,,大慶活力商行,花蓮縣花蓮市國治里三民街５８號,花蓮縣,花蓮市,國治里,花蓮市一般行政區,否,否,5000.0,2013,獨資,N,0,561111,早餐店
72850016,,小巷茉莉咖啡館,花蓮縣花蓮市國治里三民街６２號,花蓮縣,花蓮市,國治里,花蓮市一般行政區,否,否,240000.0,2018,獨資,Y,1,561115,餐廳
94814161,,素食之家,花蓮縣花蓮市國治里三民街６４號,花蓮縣,花蓮市,國治里,花蓮市一般行政區,否,否,5000.0,1983,獨資,N,0,561113,麵店、小吃店
34784728,,小銀子手工皂坊,花蓮縣花蓮市國治里三民街６６―１號２樓,花蓮縣,花蓮市,國治里,花蓮市一般行政區,否,否,3000.0,2010,獨資,N,0,487199,其他電子購物及郵購
76959635,,百祥名片鑄印社,花蓮縣花蓮市國治里三民街８０號,花蓮縣,花蓮市,國治里,花蓮市一般行政區,否,否,20000.0,1990,獨資,N,0,969018,刻印章
60160151,,國治藥局,花蓮縣花蓮市國治里中山路１９２、１９４號,花蓮縣,花蓮市,國治里,花蓮市一般行政區,否,否,10000.0,2025,獨資,Y,1,451099,其他商品批發經紀
82829203,52583955,虹韻國際貿易股份有限公司花蓮分公司,花蓮縣花蓮市國治里中山路２００號１樓,花蓮縣,花蓮市,國治里,花蓮市一般行政區,否,否,0.0,2019,本國公司設立之分公司,Y,1,457113,醫療耗材批發
67934347,,沅蓄洋精品店,花蓮縣花蓮市國治里中山路２０２號１樓,花蓮縣,花蓮市,國治里,花蓮市一般行政區,否,否,25000.0,1998,獨資,Y,1,473211,服裝零售
94170409,,花蓮縣花蓮市農會,花蓮縣花蓮市國治里中山路２１０號,花蓮縣,花蓮市,國治里,花蓮市一般行政區,否,否,4500000.0,1954,其他,Y,1,641411,農會及漁會信用部
85277007,54990887,得勝教育科技股份有限公司附設私立得勝文理短期補習班,花蓮縣花蓮市國治里中山路２１０號７樓,花蓮縣,花蓮市,國治里,花蓮市一般行政區,否,否,0.0,2019,其他,Y,1,859511,課業輔導及補習教學
91261968,96957662,摩曼頓企業股份有限公司花蓮中山門市,花蓮縣花蓮市國治里中山路２３１號１、２樓,花蓮縣,花蓮市,國治里,花蓮市一般行政區,否,否,0.0,2021,其他,Y,1,473211,服裝零售
80534323,16097091,悠旅生活事業股份有限公司花蓮市第一分公司,花蓮縣花蓮市國治里中山路２３１號１樓,花蓮縣,花蓮市,國治里,花蓮市一般行政區,否,否,0.0,2003,本國公司設立之分公司,Y,1,561113,麵店、小吃店
90515845,24975282,台灣睛姿股份有限公司花蓮中山眼鏡分公司,花蓮縣花蓮市國治里中山路２３１號１樓,花蓮縣,花蓮市,國治里,花蓮市一般行政區,否,否,0.0,2021,本國公司設立之分公司,Y,1,474412,眼鏡及其零配件零售
92662337,84630426,王品餐飲股份有限公司西堤花蓮中山店,花蓮縣花蓮市國治里中山路２３１號３樓,花蓮縣,花蓮市,國治里,花蓮市一般行政區,否,否,0.0,2023,其他,Y,1,561115,餐廳
91163452,,花蓮華人撲克企業社,花蓮縣花蓮市國治里中山路２３１號５樓Ｂ,花蓮縣,花蓮市,國治里,花蓮市一般行政區,否,否,200000.0,2021,獨資,N,0,932999,未分類其他娛樂及休閒服務
41465761,,光華攝影社,花蓮縣花蓮市國治里中山路２３９號１樓,花蓮縣,花蓮市,國治里,花蓮市一般行政區,否,否,180000.0,2016,獨資,Y,1,760111,照相館
39992534,84926791,大學光學科技股份有限公司花蓮中山門市,花蓮縣花蓮市國治里中山路２４３號,花蓮縣,花蓮市,國治里,花蓮市一般行政區,否,否,0.0,2013,其他,Y,1,474412,眼鏡及其零配件零售
62157619,84926791,大學光學科技股份有限公司花蓮分公司,花蓮縣花蓮市國治里中山路２４３號１樓,花蓮縣,花蓮市,國治里,花蓮市一般行政區,否,否,0.0,2026,本國公司設立之分公司,Y,1,474412,眼鏡及其零配件零售
91383913,,金絨企業社,花蓮縣花蓮市國治里中山路２４５巷１號４樓,花蓮縣,花蓮市,國治里,花蓮市一般行政區,否,否,30000.0,2021,獨資,N,0,681112,自有不動產租賃
94375000,03793407,臺灣中小企業銀行股份有限公司花蓮分公司,花蓮縣花蓮市國治里中山路２４７號,花蓮縣,花蓮市,國治里,花蓮市一般行政區,否,否,0.0,1947,本國公司設立之分公司,N,0,641211,本國銀行
90634785,24675551,一零一企業股份有限公司花蓮分公司,花蓮縣花蓮市國治里中山路２４９號、２５１號,花蓮縣,花蓮市,國治里,花蓮市一般行政區,否,否,0.0,2022,本國公司設立之分公司,Y,1,476111,文具零售
39951219,,甜馨精品店,花蓮縣花蓮市國治里中山路２５７號１樓,花蓮縣,花蓮市,國治里,花蓮市一般行政區,否,否,200000.0,2014,獨資,Y,1,473211,服裝零售
50715425,,宸翰商行,花蓮縣花蓮市國治里中山路２５７號１樓,花蓮縣,花蓮市,國治里,花蓮市一般行政區,否,否,88000.0,2017,獨資,N,0,483299,其他通訊設備零售
28410568,97151664,寶雅國際股份有限公司花蓮中山分公司,花蓮縣花蓮市國治里中山路２６９號１樓,花蓮縣,花蓮市,國治里,花蓮市一般行政區,否,否,0.0,2007,本國公司設立之分公司,Y,1,471200,百貨公司
93053543,,小富翁果干蜜餞專賣店,花蓮縣花蓮市國治里中山路２７９號１樓,花蓮縣,花蓮市,國治里,花蓮市一般行政區,否,否,200000.0,2024,獨資,N,0,472999,未分類其他食品、飲料及菸草製品零售
92577206,23309178,台鋼漢堡王股份有限公司花蓮中山門市部,花蓮縣花蓮市國治里中山路２９７號１樓,花蓮縣,花蓮市,國治里,花蓮市一般行政區,否,否,0.0,2023,其他,Y,1,561114,連鎖速食店
16162867,70840479,主富服裝股份有限公司花蓮一店分公司,花蓮縣花蓮市國治里中正路５８１號,花蓮縣,花蓮市,國治里,花蓮市一般行政區,否,否,0.0,1997,本國公司設立之分公司,Y,1,473211,服裝零售
19533364,96979933,中華電信股份有限公司花蓮營運處,花蓮縣花蓮市國治里中正路５９５號,花蓮縣,花蓮市,國治里,花蓮市一般行政區,否,否,0.0,1996,其他,Y,1,610112,有線通信服務
53022221,69568009,燦坤實業股份有限公司花蓮旗艦分公司,花蓮縣花蓮市國治里中正路５９５號,花蓮縣,花蓮市,國治里,花蓮市一般行政區,否,否,0.0,2011,本國公司設立之分公司,Y,1,474199,其他家用電器零售
82335709,96979933,中華電信股份有限公司花蓮營運處花蓮服務中心,花蓮縣花蓮市國治里中正路５９５號,花蓮縣,花蓮市,國治里,花蓮市一般行政區,否,否,0.0,2019,其他,Y,1,610112,有線通信服務
45129184,42756470,羅伯咖啡有限公司中正分公司,花蓮縣花蓮市國治里中正路５９５號１樓,花蓮縣,花蓮市,國治里,花蓮市一般行政區,否,否,0.0,2016,本國公司設立之分公司,Y,1,563115,手搖飲店
24626068,54260967,毅恩興有限公司花蓮中正路分公司,花蓮縣花蓮市國治里中正路６２５號１、２樓,花蓮縣,花蓮市,國治里,花蓮市一般行政區,否,否,0.0,2014,本國公司設立之分公司,Y,1,561115,餐廳
82179539,,上品居企業社,花蓮縣花蓮市國治里光復街６５巷３號,花蓮縣,花蓮市,國治里,花蓮市一般行政區,否,否,50000.0,2019,合夥,N,0,681112,自有不動產租賃
87347129,,禾騫企業,花蓮縣花蓮市國治里光復街８０號１樓,花蓮縣,花蓮市,國治里,花蓮市一般行政區,否,否,68000.0,2020,獨資,N,0,563199,其他飲料店
53302320,,冠霖營造有限公司,花蓮縣花蓮市國治里光復街８３號７樓之１,花蓮縣,花蓮市,國治里,花蓮市一般行政區,否,否,12000000.0,2011,有限公司,Y,1,429099,未分類其他土木工程
83754617,,荔鑫建設有限公司,花蓮縣花蓮市國治里光復街８３號７樓之２,花蓮縣,花蓮市,國治里,花蓮市一般行政區,否,否,15000000.0,2020,有限公司,Y,1,670012,不動產投資開發
89792878,,民儒營造有限公司,花蓮縣花蓮市國治里光復街８３號７樓之２,花蓮縣,花蓮市,國治里,花蓮市一般行政區,否,否,35000000.0,1996,有限公司,Y,1,439099,未分類其他專門營造
90594334,,荔宏建設有限公司,花蓮縣花蓮市國治里光復街８３號７樓之２,花蓮縣,花蓮市,國治里,花蓮市一般行政區,否,否,500000.0,2022,有限公司,Y,1,670012,不動產投資開發
94177472,,荔騰建設有限公司,花蓮縣花蓮市國治里光復街８３號７樓之２,花蓮縣,花蓮市,國治里,花蓮市一般行政區,否,否,2000000.0,2023,有限公司,Y,1,681111,自有不動產買賣
94262863,,協全建設有限公司,花蓮縣花蓮市國治里光復街８３號７樓之２,花蓮縣,花蓮市,國治里,花蓮市一般行政區,否,否,2000000.0,2023,有限公司,Y,1,681111,自有不動產買賣
91591546,,濂割烹膳坊,花蓮縣花蓮市國治里博愛街１５６號,花蓮縣,花蓮市,國治里,花蓮市一般行政區,否,否,30000.0,2022,獨資,Y,1,561113,麵店、小吃店
94668569,,新生書局,花蓮縣花蓮市國治里博愛街１６８號,花蓮縣,花蓮市,國治里,花蓮市一般行政區,否,否,5000.0,1977,獨資,Y,1,476112,書籍、雜誌零售
78841296,,荳豆冷飲店,花蓮縣花蓮市國治里博愛路２０９及２１１號,花蓮縣,花蓮市,國治里,花蓮市一般行政區,否,否,45000.0,1993,獨資,N,0,563199,其他飲料店
60727712,,瑪諾企業有限公司,花蓮縣花蓮市國治里復興街５１號１樓,花蓮縣,花蓮市,國治里,花蓮市一般行政區,否,否,1500000.0,2025,有限公司,Y,1,456999,未分類其他家用器具及用品批發
89182046,,乙石藝術文化股份有限公司,花蓮縣花蓮市國治里復興街５５號１樓,花蓮縣,花蓮市,國治里,花蓮市一般行政區,否,否,20000000.0,2023,股份有限公司,Y,1,471999,未分類其他綜合商品零售
82178617,,沈香廷美甲工作室,花蓮縣花蓮市國治里新港街２５號１樓,花蓮縣,花蓮市,國治里,花蓮市一般行政區,否,否,8000.0,2018,獨資,N,0,962211,美甲美睫服務
87347036,,秝好碳烤吐司,花蓮縣花蓮市國治里新港街３４號１樓,花蓮縣,花蓮市,國治里,花蓮市一般行政區,否,否,100000.0,2020,獨資,N,0,561115,餐廳
60252980,,家騏服飾,花蓮縣花蓮市國治里新港街３７號１樓,花蓮縣,花蓮市,國治里,花蓮市一般行政區,否,否,100000.0,2026,獨資,N,0,473211,服裝零售
95214431,,多力創意美食,花蓮縣花蓮市國治里新港街４０號１樓,花蓮縣,花蓮市,國治里,花蓮市一般行政區,否,否,200000.0,2025,獨資,N,0,561113,麵店、小吃店
93052777,,嗨心夾商號,花蓮縣花蓮市國治里新港街４１號１樓,花蓮縣,花蓮市,國治里,花蓮市一般行政區,否,否,200000.0,2024,獨資,N,0,932414,夾娃娃機店
87351360,,新港街米粉湯,花蓮縣花蓮市國治里新港街４２號１樓,花蓮縣,花蓮市,國治里,花蓮市一般行政區,否,否,5000.0,2021,獨資,N,0,561115,餐廳
60091325,,牛浪三脈,花蓮縣花蓮市國治里新港街４３號１樓,花蓮縣,花蓮市,國治里,花蓮市一般行政區,否,否,8000.0,2024,獨資,N,0,561113,麵店、小吃店
60250152,,居點餐館,花蓮縣花蓮市國治里新港街４５號,花蓮縣,花蓮市,國治里,花蓮市一般行政區,否,否,100000.0,2026,獨資,N,0,561113,麵店、小吃店
95211286,,伍貳壹選物販賣機,花蓮縣花蓮市國治里新港街５２號之１,花蓮縣,花蓮市,國治里,花蓮市一般行政區,否,否,50000.0,2025,獨資,N,0,932414,夾娃娃機店
49774451,,遠見通訊,花蓮縣花蓮市國治里新港街５２號之２,花蓮縣,花蓮市,國治里,花蓮市一般行政區,否,否,200000.0,2016,獨資,Y,1,483299,其他通訊設備零售
94403553,,聯彰企業股份有限公司,花蓮縣花蓮市國治里新港街５５號１樓,花蓮縣,花蓮市,國治里,花蓮市一般行政區,否,否,10000000.0,1972,股份有限公司,Y,1,461111,木材批發
85208641,,鍋隱小吃店,花蓮縣花蓮市國治里新港街５６―２號１樓,花蓮縣,花蓮市,國治里,花蓮市一般行政區,否,否,100000.0,2019,獨資,N,0,561113,麵店、小吃店
13960939,,阿嬤麵店,花蓮縣花蓮市國治里新港街５６號,花蓮縣,花蓮市,國治里,花蓮市一般行政區,否,否,3000.0,2001,獨資,N,0,561113,麵店、小吃店
15797194,,官昇軍用品社,花蓮縣花蓮市國治里新港街５９號１樓,花蓮縣,花蓮市,國治里,花蓮市一般行政區,否,否,30000.0,2003,獨資,N,0,476111,文具零售
94849078,,源香飲食店,花蓮縣花蓮市國治里新港街６５號,花蓮縣,花蓮市,國治里,花蓮市一般行政區,否,否,3000.0,1985,獨資,N,0,561113,麵店、小吃店
91153124,,曜芸飲品,花蓮縣花蓮市國治里新港街６９號１樓,花蓮縣,花蓮市,國治里,花蓮市一般行政區,否,否,20000.0,2021,獨資,N,0,472914,飲料零售
70965033,,摩登美美精品服飾店,花蓮縣花蓮市國治里新港街７號１樓,花蓮縣,花蓮市,國治里,花蓮市一般行政區,否,否,3000.0,1999,獨資,Y,1,473211,服裝零售
95215781,,山間田野小吃部,花蓮縣花蓮市國治里明禮路４９號１樓,花蓮縣,花蓮市,國治里,花蓮市一般行政區,否,否,100000.0,2025,獨資,N,0,561112,便當、自助餐店
15791136,,華廈美而美明禮店（８３４５０２２）,花蓮縣花蓮市國治里明禮路５３號,花蓮縣,花蓮市,國治里,花蓮市一般行政區,否,否,5000.0,2003,獨資,N,0,561111,早餐店
30203170,,花蓮理燙髮材料行,花蓮縣花蓮市國治里明禮路６３―１號１樓,花蓮縣,花蓮市,國治里,花蓮市一般行政區,否,否,5000.0,2009,獨資,N,0,475211,洗髮精、潤髮精零售
50638357,,正品傳統小吃,花蓮縣花蓮市國治里民國路２０―１號１樓,花蓮縣,花蓮市,國治里,花蓮市一般行政區,否,否,200000.0,2016,獨資,Y,1,561113,麵店、小吃店
50744836,,日青商行,花蓮縣花蓮市國治里民國路３０號１樓,花蓮縣,花蓮市,國治里,花蓮市一般行政區,否,否,100000.0,2017,獨資,N,0,561113,麵店、小吃店
93055768,,澤聚商行,花蓮縣花蓮市國治里民國路３２之２號１樓,花蓮縣,花蓮市,國治里,花蓮市一般行政區,否,否,200000.0,2024,獨資,Y,1,563115,手搖飲店
72846793,,全勝茶飲,花蓮縣花蓮市國治里民國路３６―１號１樓,花蓮縣,花蓮市,國治里,花蓮市一般行政區,否,否,3000.0,2018,獨資,Y,1,563115,手搖飲店
67931989,,龍記古早味,花蓮縣花蓮市國治里民國路３６―２號,花蓮縣,花蓮市,國治里,花蓮市一般行政區,否,否,100000.0,1998,獨資,N,0,561113,麵店、小吃店
09707359,,波波投幣式洗衣店,花蓮縣花蓮市國治里民國路３６―３號１樓,花蓮縣,花蓮市,國治里,花蓮市一般行政區,否,否,3000.0,2006,獨資,N,0,961012,自助洗衣店
53359364,,昕昕創意整合行銷有限公司,花蓮縣花蓮市國治里民國路３６―３號２樓,花蓮縣,花蓮市,國治里,花蓮市一般行政區,否,否,500000.0,2011,有限公司,Y,1,740200,工業設計
95215396,,淨地永續企業社,花蓮縣花蓮市國治里民國路３６―３號２樓,花蓮縣,花蓮市,國治里,花蓮市一般行政區,否,否,10000.0,2025,獨資,N,0,474917,清潔用品零售
60246854,,焐桔燒烤食堂,花蓮縣花蓮市國治里民國路３６之６號１樓,花蓮縣,花蓮市,國治里,花蓮市一般行政區,否,否,150000.0,2025,獨資,N,0,561115,餐廳
87346803,,達人開丼小吃店,花蓮縣花蓮市國治里民國路３８號１樓,花蓮縣,花蓮市,國治里,花蓮市一般行政區,否,否,20000.0,2020,獨資,N,0,561113,麵店、小吃店
12637548,,雅爾富假期旅行社股份有限公司,花蓮縣花蓮市國治里民國路３８號５樓之１,花蓮縣,花蓮市,國治里,花蓮市一般行政區,否,否,6000000.0,2000,股份有限公司,Y,1,790011,旅行業
27893257,,聯鵬有限公司,花蓮縣花蓮市國治里民國路３８號５樓之１,花蓮縣,花蓮市,國治里,花蓮市一般行政區,否,否,2000000.0,2005,有限公司,Y,1,482111,汽油零售
28572161,,上達有限公司,花蓮縣花蓮市國治里民國路３８號５樓之１,花蓮縣,花蓮市,國治里,花蓮市一般行政區,否,否,2000000.0,2007,有限公司,Y,1,461999,未分類其他建材批發
49760837,,茗發昌企業社,花蓮縣花蓮市國治里民國路４２號１樓,花蓮縣,花蓮市,國治里,花蓮市一般行政區,否,否,30000.0,2016,獨資,Y,1,563115,手搖飲店
93050004,,郁鈺速食堂,花蓮縣花蓮市國治里民國路５２號,花蓮縣,花蓮市,國治里,花蓮市一般行政區,否,否,200000.0,2024,獨資,N,0,563199,其他飲料店
94668809,,雅旭行,花蓮縣花蓮市國治里民國路５４號１樓,花蓮縣,花蓮市,國治里,花蓮市一般行政區,否,否,9000.0,1977,獨資,Y,1,820300,影印服務
95211531,,橙盈實業社,花蓮縣花蓮市國治里節約街１０號,花蓮縣,花蓮市,國治里,花蓮市一般行政區,否,否,100000.0,2025,獨資,N,0,473215,皮包、手提包（真皮皮包、手提包除外）零售
93053311,,日日藍旅民宿,花蓮縣花蓮市國治里節約街１３號,花蓮縣,花蓮市,國治里,花蓮市一般行政區,否,否,200000.0,2024,獨資,N,0,551013,民宿
94347476,,瑪麗電髮院,花蓮縣花蓮市國治里節約街１５號,花蓮縣,花蓮市,國治里,花蓮市一般行政區,否,否,2000.0,1977,獨資,N,0,962111,美髮院及髮廊
94756351,,阿福美髮材料行,花蓮縣花蓮市國治里節約街２６號,花蓮縣,花蓮市,國治里,花蓮市一般行政區,否,否,5000.0,1979,獨資,N,0,485299,未分類其他全新商品零售
50747051,,白水社商號,花蓮縣花蓮市國治里節約街２７號１樓,花蓮縣,花蓮市,國治里,花蓮市一般行政區,否,否,100000.0,2017,獨資,N,0,485217,手工藝品零售
78032582,,東岸戶外休閒用品,花蓮縣花蓮市國治里節約街２９號,花蓮縣,花蓮市,國治里,花蓮市一般行政區,否,否,1000000.0,1991,獨資,Y,1,458299,其他運動用品及器材批發
41009960,,小馬飲料冰品,花蓮縣花蓮市國治里節約街３號１樓,花蓮縣,花蓮市,國治里,花蓮市一般行政區,否,否,200000.0,2014,獨資,N,0,472914,飲料零售
60250771,,元也牛仔屋,花蓮縣花蓮市國治里節約街３號１樓,花蓮縣,花蓮市,國治里,花蓮市一般行政區,否,否,10000.0,2026,獨資,Y,1,473211,服裝零售
94188793,,順良機車行,花蓮縣花蓮市國治里節約街３１號,花蓮縣,花蓮市,國治里,花蓮市一般行政區,否,否,240000.0,1977,獨資,Y,1,451099,其他商品批發經紀
60219977,,宵后呷精緻餐盒,花蓮縣花蓮市國治里節約街３５號,花蓮縣,花蓮市,國治里,花蓮市一般行政區,否,否,250000.0,2025,合夥,N,0,561113,麵店、小吃店
95213088,,騫旭工程行,花蓮縣花蓮市國治里節約街３５號１樓,花蓮縣,花蓮市,國治里,花蓮市一般行政區,否,否,200000.0,2025,獨資,Y,1,434014,防水工程
91158887,,建樺工坊,花蓮縣花蓮市國治里節約街３６號１樓,花蓮縣,花蓮市,國治里,花蓮市一般行政區,否,否,10000.0,2021,獨資,N,0,472111,蔬菜零售
42189758,,民國派克脆皮雞排店,花蓮縣花蓮市國治里節約街４１號１樓,花蓮縣,花蓮市,國治里,花蓮市一般行政區,否,否,200000.0,2015,獨資,N,0,561113,麵店、小吃店
20056918,,一級棒阿公冰,花蓮縣花蓮市國治里節約街４２號,花蓮縣,花蓮市,國治里,花蓮市一般行政區,否,否,50000.0,1997,獨資,N,0,959916,衣服修改
15793970,,媽媽桑小吃店,花蓮縣花蓮市國治里節約街４５號１樓,花蓮縣,花蓮市,國治里,花蓮市一般行政區,否,否,3000.0,2003,獨資,N,0,561113,麵店、小吃店
94176207,,有限責任花蓮縣各級學校員生消費合作社聯合社,花蓮縣花蓮市國治里節約街５號,花蓮縣,花蓮市,國治里,花蓮市一般行政區,否,否,198400.0,1977,其他,N,0,471914,消費合作社
26789755,,鳴心林紋青事業,花蓮縣花蓮市國治里節約街５號１樓,花蓮縣,花蓮市,國治里,花蓮市一般行政區,否,否,198000.0,2011,獨資,N,0,969017,紋身、紋眉服務
91590011,,宇沐商行,花蓮縣花蓮市國治里節約街７號１樓,花蓮縣,花蓮市,國治里,花蓮市一般行政區,否,否,2000000.0,2022,合夥,Y,1,563199,其他飲料店
28553299,,精誠輪業有限公司,花蓮縣花蓮市國治里節約街９號,花蓮縣,花蓮市,國治里,花蓮市一般行政區,否,否,5000000.0,2007,有限公司,Y,1,465314,機車零件、機車百貨批發
20056543,,芳萊小吃部,花蓮縣花蓮市國治里自由街１２８號,花蓮縣,花蓮市,國治里,花蓮市一般行政區,否,否,30000.0,1997,獨資,Y,1,561113,麵店、小吃店
95209958,,蓁星豪工作室,花蓮縣花蓮市國治里００１鄰中正路６３１號,花蓮縣,花蓮市,國治里,花蓮市一般行政區,否,否,150000.0,2025,獨資,N,0,962112,理髮店
92580265,,亮諺早餐店,花蓮縣花蓮市國治里００２鄰三民街５２號１樓,花蓮縣,花蓮市,國治里,花蓮市一般行政區,否,否,50000.0,2023,獨資,Y,1,561111,早餐店
61382552,,越廚餐館,花蓮縣花蓮市國治里００２鄰三民街８２號１樓,花蓮縣,花蓮市,國治里,花蓮市一般行政區,否,否,20000.0,2026,獨資,N,0,561115,餐廳
13966151,,芙芮莉烘焙名店,花蓮縣花蓮市國治里００２鄰明禮路６３―３號１樓,花蓮縣,花蓮市,國治里,花蓮市一般行政區,否,否,100000.0,2002,獨資,Y,1,089111,糕餅麵包製造
82183800,,工具人科技企業社,花蓮縣花蓮市國治里００２鄰明禮路６３―５號,花蓮縣,花蓮市,國治里,花蓮市一般行政區,否,否,168000.0,2019,獨資,N,0,952100,電腦及其週邊設備維修
50631811,,六克商行,花蓮縣花蓮市國治里００２鄰民國路８０巷１７號１樓,花蓮縣,花蓮市,國治里,花蓮市一般行政區,否,否,100000.0,2016,獨資,Y,1,563112,咖啡館
82180748,,新意廣告,花蓮縣花蓮市國治里００２鄰民國路８０巷１８號,花蓮縣,花蓮市,國治里,花蓮市一般行政區,否,否,200000.0,2019,獨資,Y,1,740914,視覺傳達與平面設計
41251395,,波提娜麗咖啡,花蓮縣花蓮市國治里００２鄰民國路８０巷１８號１樓,花蓮縣,花蓮市,國治里,花蓮市一般行政區,否,否,10000.0,2015,獨資,N,0,563199,其他飲料店
87542349,,依九九九民宿,花蓮縣花蓮市國治里００２鄰民國路８０巷５號,花蓮縣,花蓮市,國治里,花蓮市一般行政區,否,否,30000.0,2020,獨資,N,0,551013,民宿
93058343,,沐橙餐飲企業社,花蓮縣花蓮市國治里００２鄰民國路８８號,花蓮縣,花蓮市,國治里,花蓮市一般行政區,否,否,200000.0,2024,獨資,N,0,561115,餐廳
21511295,,銀座美容屋,花蓮縣花蓮市國治里００２鄰節約街７７號,花蓮縣,花蓮市,國治里,花蓮市一般行政區,否,否,3000.0,2005,獨資,N,0,962111,美髮院及髮廊
53288426,,凡止文創有限公司,花蓮縣花蓮市國治里００３鄰三民街２３號,花蓮縣,花蓮市,國治里,花蓮市一般行政區,否,否,1000000.0,2011,有限公司,Y,1,581900,其他出版
92626092,54162868,卿蓬股份有限公司花蓮營業所,花蓮縣花蓮市國治里００３鄰中正路５９９號,花蓮縣,花蓮市,國治里,花蓮市一般行政區,否,否,0.0,2023,其他,Y,1,551012,旅館
94042658,54162868,卿蓬股份有限公司花蓮分公司,花蓮縣花蓮市國治里００３鄰中正路５９９號、６０１號,花蓮縣,花蓮市,國治里,花蓮市一般行政區,否,否,0.0,2023,本國公司設立之分公司,Y,1,551012,旅館
60651662,,辰韻有限公司,花蓮縣花蓮市國治里００４鄰復興街５１號２樓,花蓮縣,花蓮市,國治里,花蓮市一般行政區,否,否,1000000.0,2025,有限公司,Y,1,160100,印刷
61457429,,婁尚小吃,花蓮縣花蓮市國治里００４鄰節約街４０號２樓,花蓮縣,花蓮市,國治里,花蓮市一般行政區,否,否,100000.0,2026,獨資,N,0,561115,餐廳
92638386,,財星高照彩券行,花蓮縣花蓮市國治里００５鄰中山路２２０號１樓,花蓮縣,花蓮市,國治里,花蓮市一般行政區,否,否,50000.0,2023,獨資,N,0,920011,彩券銷售
72699146,,小陸小吃店,花蓮縣花蓮市國治里００５鄰中山路２２２號,花蓮縣,花蓮市,國治里,花蓮市一般行政區,否,否,10000.0,2017,獨資,N,0,561113,麵店、小吃店
82179030,,曾品麻辣鴨血,花蓮縣花蓮市國治里００５鄰中山路２２４號,花蓮縣,花蓮市,國治里,花蓮市一般行政區,否,否,3000.0,2019,獨資,N,0,561113,麵店、小吃店
91156831,,打手果汁,花蓮縣花蓮市國治里００５鄰復興街５９號１樓,花蓮縣,花蓮市,國治里,花蓮市一般行政區,否,否,50000.0,2021,獨資,N,0,563115,手搖飲店
60252460,,一品茶飲,花蓮縣花蓮市國治里００７鄰中山路２５９號１樓,花蓮縣,花蓮市,國治里,花蓮市一般行政區,否,否,200000.0,2026,獨資,Y,1,563115,手搖飲店
85207615,,宸宸娃娃屋,花蓮縣花蓮市國治里００８鄰中正路５７１號１樓及新港街４號１樓,花蓮縣,花蓮市,國治里,花蓮市一般行政區,否,否,30000.0,2019,獨資,N,0,932414,夾娃娃機店
41004563,,黎記台南虱目魚,花蓮縣花蓮市國治里００８鄰新港街１０號、１２號,花蓮縣,花蓮市,國治里,花蓮市一般行政區,否,否,3000.0,2014,獨資,N,0,561113,麵店、小吃店
95211167,,良個女孩童品選物企業社,花蓮縣花蓮市國治里００８鄰新港街２０號１樓,花蓮縣,花蓮市,國治里,花蓮市一般行政區,否,否,100000.0,2025,獨資,N,0,473211,服裝零售
41466136,,冠希建堂造型髮藝,花蓮縣花蓮市國治里００８鄰新港街２０－１號１樓,花蓮縣,花蓮市,國治里,花蓮市一般行政區,否,否,200000.0,2016,獨資,N,0,962111,美髮院及髮廊
60252285,,府城小六虱目魚,花蓮縣花蓮市國治里００８鄰新港街２６號,花蓮縣,花蓮市,國治里,花蓮市一般行政區,否,否,100000.0,2026,獨資,N,0,561113,麵店、小吃店
41465869,,米崙工作室,花蓮縣花蓮市國治里００８鄰新港街２８號１樓,花蓮縣,花蓮市,國治里,花蓮市一般行政區,否,否,100000.0,2016,獨資,N,0,952100,電腦及其週邊設備維修
85205953,,秝滿食堂,花蓮縣花蓮市國治里００８鄰新港街３２―１號,花蓮縣,花蓮市,國治里,花蓮市一般行政區,否,否,200000.0,2020,獨資,N,0,561113,麵店、小吃店
15782811,,無名牛肉麵,花蓮縣花蓮市國治里００８鄰新港街３２號,花蓮縣,花蓮市,國治里,花蓮市一般行政區,否,否,3000.0,2003,獨資,N,0,561113,麵店、小吃店
41465609,,紅不讓商行,花蓮縣花蓮市國治里００９鄰中山路２７５號１樓,花蓮縣,花蓮市,國治里,花蓮市一般行政區,否,否,58000.0,2016,獨資,N,0,483299,其他通訊設備零售
95213756,,路河小火鍋,花蓮縣花蓮市國治里００９鄰中山路２７７號１樓,花蓮縣,花蓮市,國治里,花蓮市一般行政區,否,否,150000.0,2025,獨資,N,0,561115,餐廳
67933683,,大芳名產行,花蓮縣花蓮市國治里００９鄰中山路３０１號,花蓮縣,花蓮市,國治里,花蓮市一般行政區,否,否,3000.0,1998,獨資,N,0,472999,未分類其他食品、飲料及菸草製品零售
60288946,22555003,統一超商股份有限公司花蓮縣第十四門市,花蓮縣花蓮市國治里００９鄰中山路３０３、３０５號,花蓮縣,花蓮市,國治里,花蓮市一般行政區,否,否,0.0,2025,其他,Y,1,471113,加盟連鎖式便利商店（有商品進、銷貨行為）
15795061,,華廈美而美,花蓮縣花蓮市國治里００９鄰節約街３９號,花蓮縣,花蓮市,國治里,花蓮市一般行政區,否,否,3000.0,2003,獨資,N,0,561111,早餐店
91156522,,新北海手作肉羹,花蓮縣花蓮市國治里０１０鄰新港街５０號,花蓮縣,花蓮市,國治里,花蓮市一般行政區,否,否,200000.0,2021,獨資,N,0,561113,麵店、小吃店
87347697,,宵郎餐飲,花蓮縣花蓮市國治里０１０鄰新港街５０號１樓,花蓮縣,花蓮市,國治里,花蓮市一般行政區,否,否,50000.0,2020,獨資,N,0,561113,麵店、小吃店
87348204,,米朵其卡創意整合行銷,花蓮縣花蓮市國治里０１０鄰民國路５０號１樓,花蓮縣,花蓮市,國治里,花蓮市一般行政區,否,否,5000.0,2020,獨資,N,0,487199,其他電子購物及郵購
93051876,,女孩悄悄話服飾,花蓮縣花蓮市國治里０１１鄰中正路５５５號１樓,花蓮縣,花蓮市,國治里,花蓮市一般行政區,否,否,50000.0,2024,獨資,Y,1,473211,服裝零售
66998672,,泥巴咖啡,花蓮縣花蓮市國治里０１１鄰中正路５５７號２樓,花蓮縣,花蓮市,國治里,花蓮市一般行政區,否,否,50000.0,2006,獨資,N,0,563112,咖啡館
95213550,,快樂小狗沒煩惱服飾,花蓮縣花蓮市國治里０１１鄰中正路５５９號,花蓮縣,花蓮市,國治里,花蓮市一般行政區,否,否,50000.0,2025,獨資,Y,1,473211,服裝零售
54382498,22555003,統一超商股份有限公司花蓮縣第九十一分公司,花蓮縣花蓮市國治里０１１鄰中正路５６３號１樓,花蓮縣,花蓮市,國治里,花蓮市一般行政區,否,否,0.0,2014,本國公司設立之分公司,Y,1,471112,直營連鎖式便利商店
82184575,,鑫禾企業社,花蓮縣花蓮市國治里０１１鄰中正路５６７號１樓,花蓮縣,花蓮市,國治里,花蓮市一般行政區,否,否,240000.0,2019,獨資,Y,1,563115,手搖飲店
60252270,,香姐小吃店,花蓮縣花蓮市國治里０１１鄰新港街１７號,花蓮縣,花蓮市,國治里,花蓮市一般行政區,否,否,80000.0,2026,獨資,N,0,932211,視唱中心（ＫＴＶ）
60793450,,三味韓食倉庫有限公司,花蓮縣花蓮市國治里０１２鄰光復街７４號１樓,花蓮縣,花蓮市,國治里,花蓮市一般行政區,否,否,500000.0,2025,有限公司,Y,1,561115,餐廳
91150610,,愛登企業社,花蓮縣花蓮市國治里０１２鄰新港街１１巷１１號２樓,花蓮縣,花蓮市,國治里,花蓮市一般行政區,否,否,248000.0,2021,獨資,Y,1,487115,經營網路購物（服飾類商品）
92535065,,冉冉洄瀾漫食,花蓮縣花蓮市國治里０１２鄰新港街１１巷４號,花蓮縣,花蓮市,國治里,花蓮市一般行政區,否,否,200000.0,2023,獨資,N,0,561113,麵店、小吃店
60555801,,善豪有限公司,花蓮縣花蓮市國治里０１２鄰新港街１１巷５號５樓之１,花蓮縣,花蓮市,國治里,花蓮市一般行政區,否,否,300000.0,2025,有限公司,Y,1,433111,水電工程
60249183,,耕的日式料理,花蓮縣花蓮市國治里０１２鄰節約街１６－１號,花蓮縣,花蓮市,國治里,花蓮市一般行政區,否,否,180000.0,2026,獨資,Y,1,561115,餐廳
31790628,,立光眼鏡行,花蓮縣花蓮市國治里０１２鄰節約街１８號,花蓮縣,花蓮市,國治里,花蓮市一般行政區,否,否,3000.0,2012,獨資,Y,1,474412,眼鏡及其零配件零售
34887219,,秋合企業社,花蓮縣花蓮市國治里０１２鄰節約街２０－１號１樓,花蓮縣,花蓮市,國治里,花蓮市一般行政區,否,否,1100000.0,2010,獨資,N,0,472914,飲料零售
61462372,93594490,禾太食品有限公司鐵道店,花蓮縣花蓮市國治里０１３鄰節約街１９號,花蓮縣,花蓮市,國治里,花蓮市一般行政區,否,否,0.0,2026,其他,Y,1,472922,西點麵包零售
41463530,,慕然五十店,花蓮縣花蓮市國治里０１３鄰節約街２３號１樓,花蓮縣,花蓮市,國治里,花蓮市一般行政區,否,否,150000.0,2015,獨資,N,0,563115,手搖飲店
60253708,,晨映工作室,花蓮縣花蓮市國治里０１４鄰光復街１０２號１樓,花蓮縣,花蓮市,國治里,花蓮市一般行政區,否,否,100000.0,2026,獨資,N,0,563112,咖啡館
94740669,,大同當舖,花蓮縣花蓮市國治里０１４鄰光復街８２號１樓,花蓮縣,花蓮市,國治里,花蓮市一般行政區,否,否,1500000.0,1978,獨資,N,0,649611,典當服務
80899548,,惠生藥局,花蓮縣花蓮市國治里０１５鄰新港街４７號１樓,花蓮縣,花蓮市,國治里,花蓮市一般行政區,否,否,3000.0,2003,獨資,N,0,475112,西藥零售
91157450,,秋風飲料店,花蓮縣花蓮市國治里０１６鄰新港街６７號１樓,花蓮縣,花蓮市,國治里,花蓮市一般行政區,否,否,50000.0,2021,合夥,Y,1,563115,手搖飲店
83539012,,維利達國際有限公司,花蓮縣花蓮市國治里０１６鄰新港街７１號４樓,花蓮縣,花蓮市,國治里,花蓮市一般行政區,否,否,588000.0,2020,有限公司,Y,1,454700,非酒精飲料批發
82180557,,元祥小吃店,花蓮縣花蓮市國治里０１７鄰光復街８１號,花蓮縣,花蓮市,國治里,花蓮市一般行政區,否,否,10000.0,2019,獨資,N,0,561113,麵店、小吃店
92535987,,進順電機,花蓮縣花蓮市國治里０１７鄰光復街８１號１樓,花蓮縣,花蓮市,國治里,花蓮市一般行政區,否,否,200000.0,2023,獨資,Y,1,433112,電路工程
41462716,,巢吧美食店,花蓮縣花蓮市國治里０１７鄰光復街８１－１號１樓,花蓮縣,花蓮市,國治里,花蓮市一般行政區,否,否,200000.0,2015,獨資,N,0,563199,其他飲料店
95212692,,不要亂來餐酒館,花蓮縣花蓮市國治里０１８鄰博愛街１５８號,花蓮縣,花蓮市,國治里,花蓮市一般行政區,否,否,200000.0,2025,獨資,N,0,561115,餐廳
93057196,,義人一份食堂,花蓮縣花蓮市國治里０１８鄰博愛街１６０號１樓,花蓮縣,花蓮市,國治里,花蓮市一般行政區,否,否,50000.0,2024,獨資,N,0,561115,餐廳
41466608,,涵娜美甲,花蓮縣花蓮市國治里０１８鄰博愛街１６２號１樓,花蓮縣,花蓮市,國治里,花蓮市一般行政區,否,否,100000.0,2016,獨資,N,0,962211,美甲美睫服務
31797306,,花蓮亞熱帶大碗公冰城,花蓮縣花蓮市國治里０１８鄰博愛街１７０號,花蓮縣,花蓮市,國治里,花蓮市一般行政區,否,否,60000.0,2013,獨資,N,0,563199,其他飲料店
93006628,54994912,伯爵教育科技股份有限公司附設私立莘爵文理短期補習班,花蓮縣花蓮市國治里０１８鄰民國路３２―１號,花蓮縣,花蓮市,國治里,花蓮市一般行政區,否,否,0.0,2023,其他,Y,1,859511,課業輔導及補習教學
00101290,,雄瑋饗樂有限公司,花蓮縣花蓮市國治里０１８鄰民國路３２―３號１樓,花蓮縣,花蓮市,國治里,花蓮市一般行政區,否,否,100000.0,2024,有限公司,Y,1,561113,麵店、小吃店
82178905,,民新氷菓店,花蓮縣花蓮市國治里０１８鄰民國路３２號１樓,花蓮縣,花蓮市,國治里,花蓮市一般行政區,否,否,50000.0,2019,獨資,N,0,563199,其他飲料店
41467022,,花蓮日日工作室,花蓮縣花蓮市國治里０１９鄰博愛街２１３號１樓,花蓮縣,花蓮市,國治里,花蓮市一般行政區,否,否,200000.0,2016,獨資,N,0,473299,其他服裝及其配件零售
91595629,,大合商號,花蓮縣花蓮市國治里０１９鄰博愛街２１９號１樓,花蓮縣,花蓮市,國治里,花蓮市一般行政區,否,否,235000.0,2022,獨資,N,0,472914,飲料零售
91596227,,朗文企業,花蓮縣花蓮市國治里０１９鄰博愛街２２１號,花蓮縣,花蓮市,國治里,花蓮市一般行政區,否,否,100000.0,2022,合夥,N,0,681112,自有不動產租賃
91383370,,馬祖奶茶節約店,花蓮縣花蓮市國治里０１９鄰博愛街２２３―２號,花蓮縣,花蓮市,國治里,花蓮市一般行政區,否,否,5000.0,2021,獨資,N,0,563115,手搖飲店
91385026,,宗樺小吃部,花蓮縣花蓮市國治里０１９鄰博愛街２２３號１樓,花蓮縣,花蓮市,國治里,花蓮市一般行政區,否,否,100000.0,2021,獨資,Y,1,561113,麵店、小吃店
41465122,,髮菈莉造型髮藝,花蓮縣花蓮市國治里０１９鄰民國路１８－１號１樓,花蓮縣,花蓮市,國治里,花蓮市一般行政區,否,否,3000.0,2015,獨資,N,0,962111,美髮院及髮廊
42563044,,前山文教事業有限公司,花蓮縣花蓮市國治里０１９鄰自由街１２８―７號１樓,花蓮縣,花蓮市,國治里,花蓮市一般行政區,否,否,500000.0,2015,有限公司,Y,1,581311,實體書籍出版
28427293,23060248,全家便利商店股份有限公司花蓮正明分公司,花蓮縣花蓮市國治里１鄰中正路６３３號,花蓮縣,花蓮市,國治里,花蓮市一般行政區,否,否,0.0,2008,本國公司設立之分公司,Y,1,471113,加盟連鎖式便利商店（有商品進、銷貨行為）
10515816,,盈瑩商行,花蓮縣花蓮市國治里１鄰中正路６３３號１樓,花蓮縣,花蓮市,國治里,花蓮市一般行政區,否,否,499000.0,2007,獨資,Y,1,471114,加盟連鎖式便利商店（無商品進、銷貨行為）
28429476,97161500,富利餐飲股份有限公司花蓮中正分公司,花蓮縣花蓮市國治里１鄰中正路６３７－１號,花蓮縣,花蓮市,國治里,花蓮市一般行政區,否,否,0.0,2008,本國公司設立之分公司,Y,1,561115,餐廳
27237767,23060248,全家便利商店股份有限公司花蓮正國分公司,花蓮縣花蓮市國治里１１鄰中正路５６９號,花蓮縣,花蓮市,國治里,花蓮市一般行政區,否,否,0.0,2004,本國公司設立之分公司,Y,1,471113,加盟連鎖式便利商店（有商品進、銷貨行為）
95802472,,丹晨沙龍美髮,花蓮縣花蓮市國治里１１鄰新港街３１號,花蓮縣,花蓮市,國治里,花蓮市一般行政區,否,否,3000.0,1995,獨資,N,0,962111,美髮院及髮廊
72850156,,慢吞吞手作碳烤吐司,花蓮縣花蓮市國治里１１鄰新港街３５號,花蓮縣,花蓮市,國治里,花蓮市一般行政區,否,否,200000.0,2018,獨資,N,0,561111,早餐店
70956082,,菲律賓產品專賣店,花蓮縣花蓮市國治里１２鄰新港街１１巷１號,花蓮縣,花蓮市,國治里,花蓮市一般行政區,否,否,60000.0,1999,獨資,N,0,472999,未分類其他食品、飲料及菸草製品零售
30202236,,群雅精品店,花蓮縣花蓮市國治里１２鄰新港街１１巷１１號１樓,花蓮縣,花蓮市,國治里,花蓮市一般行政區,否,否,4000000.0,2009,獨資,Y,1,473214,真皮皮包、手提包零售
31793364,,五朵花服飾店,花蓮縣花蓮市國治里１２鄰節約街２２號１樓,花蓮縣,花蓮市,國治里,花蓮市一般行政區,否,否,100000.0,2013,獨資,N,0,473211,服裝零售
10658187,,烏瑪皮雕工作坊,花蓮縣花蓮市國治里１２鄰節約街２４號,花蓮縣,花蓮市,國治里,花蓮市一般行政區,否,否,5000.0,2008,獨資,N,0,485217,手工藝品零售
30158013,,永馨茶行,花蓮縣花蓮市國治里１６鄰新港街７１號１樓,花蓮縣,花蓮市,國治里,花蓮市一般行政區,否,否,240000.0,2008,獨資,Y,1,563115,手搖飲店
37822611,,公正油飯,花蓮縣花蓮市國治里１６鄰民國路４０號,花蓮縣,花蓮市,國治里,花蓮市一般行政區,否,否,5000.0,2012,獨資,N,0,561113,麵店、小吃店
30204585,,提米髮藝行,花蓮縣花蓮市國治里１６鄰民國路４４號,花蓮縣,花蓮市,國治里,花蓮市一般行政區,否,否,80000.0,2009,獨資,N,0,962111,美髮院及髮廊
09952161,,宇軒家居生活館,花蓮縣花蓮市國治里１８鄰博愛街１７２號１樓,花蓮縣,花蓮市,國治里,花蓮市一般行政區,否,否,3000.0,2006,獨資,Y,1,474399,其他家飾品零售
29292441,,茱莉亞音樂世界,花蓮縣花蓮市國治里１９鄰博愛街２２１號,花蓮縣,花蓮市,國治里,花蓮市一般行政區,否,否,100000.0,2004,獨資,N,0,476314,樂器零售
26709958,,金Ｋ美而美,花蓮縣花蓮市國治里１９鄰博愛街２２３―２號,花蓮縣,花蓮市,國治里,花蓮市一般行政區,否,否,3000.0,2011,獨資,N,0,561111,早餐店
30152881,,５０元刀削麵,花蓮縣花蓮市國治里１９鄰博愛街２２３―３號,花蓮縣,花蓮市,國治里,花蓮市一般行政區,否,否,100000.0,2008,獨資,N,0,561200,餐食攤販
53657820,22555003,統一超商股份有限公司花蓮縣第一八六分公司,花蓮縣花蓮市國治里１９鄰民國路２２號１樓,花蓮縣,花蓮市,國治里,花蓮市一般行政區,否,否,0.0,2012,本國公司設立之分公司,Y,1,471112,直營連鎖式便利商店
29254381,,村上涮涮鍋,花蓮縣花蓮市國治里１９鄰自由街１２８―６號１樓,花蓮縣,花蓮市,國治里,花蓮市一般行政區,否,否,10000.0,2004,獨資,Y,1,561115,餐廳
31795031,,時光書店,花蓮縣花蓮市國治里２鄰民國路８０巷１６號,花蓮縣,花蓮市,國治里,花蓮市一般行政區,否,否,200000.0,2013,獨資,N,0,476112,書籍、雜誌零售
26794933,,老時光燒肉酒肴,花蓮縣花蓮市國治里２鄰民國路８８―１號１樓,花蓮縣,花蓮市,國治里,花蓮市一般行政區,否,否,100000.0,2012,合夥,Y,1,561115,餐廳
08121724,03741302,中華郵政股份有限公司花蓮中山路郵局,花蓮縣花蓮市國治里４鄰中山路１８８號,花蓮縣,花蓮市,國治里,花蓮市一般行政區,否,否,0.0,2003,其他,Y,1,641500,郵政儲金匯兌
26789690,,阿梨杉茗茶,花蓮縣花蓮市國治里４鄰復興街４５號,花蓮縣,花蓮市,國治里,花蓮市一般行政區,否,否,500000.0,2011,獨資,N,0,472915,茶葉零售
49999509,,竹陽海鮮餐廳,花蓮縣花蓮市國治里４鄰節約街４０號１樓,花蓮縣,花蓮市,國治里,花蓮市一般行政區,否,否,200000.0,2005,合夥,Y,1,561115,餐廳
78844940,,歡樂牛排屋,花蓮縣花蓮市國治里５鄰中山路２１２號,花蓮縣,花蓮市,國治里,花蓮市一般行政區,否,否,100000.0,1993,獨資,Y,1,561115,餐廳
15797096,,八方複合廚具,花蓮縣花蓮市國治里５鄰中山路２１４號,花蓮縣,花蓮市,國治里,花蓮市一般行政區,否,否,12000.0,2003,獨資,Y,1,474213,廚櫃零售
30204494,,香澄汁黃金炸雞茶飲店,花蓮縣花蓮市國治里５鄰中山路２１６號,花蓮縣,花蓮市,國治里,花蓮市一般行政區,否,否,10000.0,2009,獨資,N,0,561114,連鎖速食店
94245252,,連發企業有限公司,花蓮縣花蓮市國治里５鄰中山路２１８號,花蓮縣,花蓮市,國治里,花蓮市一般行政區,否,否,5000000.0,1977,有限公司,Y,1,484314,機車零件、機車百貨零售
37994986,,五路進財彩券行,花蓮縣花蓮市國治里５鄰中山路２２０號,花蓮縣,花蓮市,國治里,花蓮市一般行政區,否,否,3000.0,2013,獨資,N,0,920011,彩券銷售
37996160,,冠軍運動彩券投注站,花蓮縣花蓮市國治里５鄰中山路２２０號,花蓮縣,花蓮市,國治里,花蓮市一般行政區,否,否,3000.0,2013,獨資,N,0,920011,彩券銷售
94819503,,國光鑄印社,花蓮縣花蓮市國治里５鄰中山路２２０號１樓,花蓮縣,花蓮市,國治里,花蓮市一般行政區,否,否,5000.0,1983,獨資,N,0,969018,刻印章
37828592,,豪鼎服裝店,花蓮縣花蓮市國治里８鄰新港街１６號,花蓮縣,花蓮市,國治里,花蓮市一般行政區,否,否,5000.0,2012,獨資,N,0,473211,服裝零售
09870632,,華新學生服裝用品行,花蓮縣花蓮市國治里８鄰新港街３０號１樓,花蓮縣,花蓮市,國治里,花蓮市一般行政區,否,否,200000.0,2007,合夥,Y,1,473999,未分類其他服飾品零售
76964953,,西瓜大王,花蓮縣花蓮市國治里９鄰中山路２８１號１樓,花蓮縣,花蓮市,國治里,花蓮市一般行政區,否,否,50000.0,1991,獨資,N,0,472112,水果零售
94274707,,順美機器乾洗商店,花蓮縣花蓮市國治里９鄰中山路２９９號,花蓮縣,花蓮市,國治里,花蓮市一般行政區,否,否,3000.0,1977,獨資,N,0,961099,其他洗衣服務
31794814,,日日發工作室,花蓮縣花蓮市國治里９鄰節約街３７號１樓,花蓮縣,花蓮市,國治里,花蓮市一般行政區,否,否,200000.0,2013,獨資,N,0,474999,未分類其他家用器具及用品零售
42945297,,節點共創有限公司,花蓮縣花蓮市國治里９鄰節約街３７號２樓,花蓮縣,花蓮市,國治里,花蓮市一般行政區,否,否,1000000.0,2018,有限公司,Y,1,903015,藝術表演活動籌辦、監製與經紀
53037596,,邦太投資有限公司,花蓮縣花蓮市國治里９鄰節約街３７號２樓,花蓮縣,花蓮市,國治里,花蓮市一般行政區,否,否,500000.0,2010,有限公司,Y,1,649911,投資有價證券
95096321,89483140,岳洋股份有限公司世界健身花蓮國聯營業處,花蓮縣花蓮市國盛一街１３９號對面空地,花蓮縣,花蓮市,市區其他未標示里,花蓮市一般行政區,否,否,0.0,2024,其他,Y,1,524100,停車場管理
83539771,,惠受有限公司,花蓮縣花蓮市國盛四街９８號,花蓮縣,花蓮市,市區其他未標示里,花蓮市一般行政區,否,否,80000.0,2020,有限公司,Y,1,454700,非酒精飲料批發
41459769,,萊豐閣創研科技企業社,花蓮縣花蓮市國盛里商校街２０號,花蓮縣,花蓮市,國盛里,花蓮市一般行政區,否,否,1500000.0,2015,獨資,Y,1,434011,室內裝潢工程
15797032,,鎮東油漆工程行,花蓮縣花蓮市國盛里國民七街５１號４樓之２９,花蓮縣,花蓮市,國盛里,花蓮市一般行政區,否,否,1000000.0,2003,獨資,Y,1,434012,油漆粉刷、壁飾（紙）黏貼工程
53787921,,瑞強有限公司,花蓮縣花蓮市國盛里國民七街５１號４樓之２９,花蓮縣,花蓮市,國盛里,花蓮市一般行政區,否,否,1500000.0,2012,有限公司,Y,1,461311,貼面石材批發
60253377,,後山大叔工作室,花蓮縣花蓮市國盛里國民七街５１號４樓之２９,花蓮縣,花蓮市,國盛里,花蓮市一般行政區,否,否,200000.0,2026,獨資,N,0,620111,遊戲程式設計
60253524,,雄雲冷氣行,花蓮縣花蓮市國盛里國民七街５１號４樓之２９,花蓮縣,花蓮市,國盛里,花蓮市一般行政區,否,否,300000.0,2026,獨資,Y,1,474199,其他家用電器零售
60611901,,新秀程家國際行銷有限公司,花蓮縣花蓮市國盛里國民七街５１號４樓之２９,花蓮縣,花蓮市,國盛里,花蓮市一般行政區,否,否,500000.0,2025,有限公司,Y,1,454999,未分類其他食品批發
60651375,,辰寶有限公司,花蓮縣花蓮市國盛里國民七街５１號４樓之２９,花蓮縣,花蓮市,國盛里,花蓮市一般行政區,否,否,500000.0,2025,有限公司,Y,1,487199,其他電子購物及郵購
62095092,,好添有限公司,花蓮縣花蓮市國盛里國民七街５１號４樓之２９,花蓮縣,花蓮市,國盛里,花蓮市一般行政區,否,否,500000.0,2026,有限公司,Y,1,452000,綜合商品批發
62206127,,酉財數位科技有限公司,花蓮縣花蓮市國盛里國民七街５１號４樓之２９,花蓮縣,花蓮市,國盛里,花蓮市一般行政區,否,否,300000.0,2026,有限公司,Y,1,464111,電腦及電腦週邊設備批發
76967425,,進安企業社,花蓮縣花蓮市國盛里國民七街５１號４樓之２９,花蓮縣,花蓮市,國盛里,花蓮市一般行政區,否,否,5300000.0,1991,獨資,Y,1,382112,一般廢棄物處理
90310300,,徠富地產開發有限公司,花蓮縣花蓮市國盛里國民七街５１號４樓之２９,花蓮縣,花蓮市,國盛里,花蓮市一般行政區,否,否,1000000.0,2022,有限公司,Y,1,670011,土地開發
90319885,,食運亨建通有限公司,花蓮縣花蓮市國盛里國民七街５１號４樓之２９,花蓮縣,花蓮市,國盛里,花蓮市一般行政區,否,否,1000000.0,2022,有限公司,Y,1,494099,其他汽車貨運
90530542,,洋竹有限公司,花蓮縣花蓮市國盛里國民七街５１號４樓之２９,花蓮縣,花蓮市,國盛里,花蓮市一般行政區,否,否,1500000.0,2021,有限公司,Y,1,457299,其他化粧品批發
90672540,,趁著有光設計有限公司,花蓮縣花蓮市國盛里國民七街５１號４樓之２９,花蓮縣,花蓮市,國盛里,花蓮市一般行政區,否,否,500000.0,2021,有限公司,Y,1,740914,視覺傳達與平面設計
91057608,,恆沂有限公司,花蓮縣花蓮市國盛里國民七街５１號４樓之２９,花蓮縣,花蓮市,國盛里,花蓮市一般行政區,否,否,500000.0,2021,有限公司,Y,1,649911,投資有價證券
91148122,,榮興水電工程行,花蓮縣花蓮市國盛里國民七街５１號４樓之２９,花蓮縣,花蓮市,國盛里,花蓮市一般行政區,否,否,2000000.0,2021,獨資,Y,1,433111,水電工程
91152949,,東成企業社,花蓮縣花蓮市國盛里國民七街５１號４樓之２９,花蓮縣,花蓮市,國盛里,花蓮市一般行政區,否,否,240000.0,2021,獨資,Y,1,433111,水電工程
91158937,,皇圌企業社,花蓮縣花蓮市國盛里國民七街５１號４樓之２９,花蓮縣,花蓮市,國盛里,花蓮市一般行政區,否,否,200000.0,2021,獨資,Y,1,434013,房屋設備安裝工程
91159669,,晟銪企業社,花蓮縣花蓮市國盛里國民七街５１號４樓之２９,花蓮縣,花蓮市,國盛里,花蓮市一般行政區,否,否,200000.0,2022,獨資,Y,1,433111,水電工程
92639505,,永吉利工程行,花蓮縣花蓮市國盛里國民七街５１號４樓之２９,花蓮縣,花蓮市,國盛里,花蓮市一般行政區,否,否,200000.0,2023,獨資,Y,1,439099,未分類其他專門營造
93594490,,禾太食品有限公司,花蓮縣花蓮市國盛里國民七街５１號４樓之２９,花蓮縣,花蓮市,國盛里,花蓮市一般行政區,否,否,50000.0,2024,有限公司,Y,1,472999,未分類其他食品、飲料及菸草製品零售
92539421,,美佳咖啡,花蓮縣花蓮市國盛里國民七街５１號９樓之３,花蓮縣,花蓮市,國盛里,花蓮市一般行政區,否,否,68000.0,2023,獨資,Y,1,472918,咖啡零售
60086694,54239682,傳忠有限公司花蓮國民七街站,花蓮縣花蓮市國盛里國民七街５３號對面停車場,花蓮縣,花蓮市,國盛里,花蓮市一般行政區,否,否,0.0,2024,其他,Y,1,524100,停車場管理
60385428,,青陽潮活動行銷有限公司,花蓮縣花蓮市國盛里國民七街５３號４樓之１１,花蓮縣,花蓮市,國盛里,花蓮市一般行政區,否,否,500000.0,2025,有限公司,Y,1,903018,燈光、舞台設計服務
91597921,,捷康企業社,花蓮縣花蓮市國盛里國民七街５３號４樓之１７,花蓮縣,花蓮市,國盛里,花蓮市一般行政區,否,否,50000.0,2022,獨資,N,0,812100,建築物一般清潔服務
60369861,,德萊健有限公司,花蓮縣花蓮市國盛里國民七街５３號５樓之５,花蓮縣,花蓮市,國盛里,花蓮市一般行政區,否,否,500000.0,2026,有限公司,Y,1,454999,未分類其他食品批發
34887338,,千代企業社,花蓮縣花蓮市國盛里國民七街５７號１、２樓,花蓮縣,花蓮市,國盛里,花蓮市一般行政區,否,否,10000.0,2010,獨資,N,0,961099,其他洗衣服務
34894507,,多來家複合式餐飲店,花蓮縣花蓮市國盛里國民七街５９號１樓,花蓮縣,花蓮市,國盛里,花蓮市一般行政區,否,否,10000.0,2011,獨資,N,0,561111,早餐店
34873849,,優福加水站,花蓮縣花蓮市國盛里國民七街７６號,花蓮縣,花蓮市,國盛里,花蓮市一般行政區,否,否,50000.0,2010,獨資,N,0,472937,飲用淨水零售（自助加水站）
87352348,,麻吉便利商店,花蓮縣花蓮市國盛里國民九街１０３、１０５號１樓,花蓮縣,花蓮市,國盛里,花蓮市一般行政區,否,否,200000.0,2021,合夥,Y,1,471999,未分類其他綜合商品零售
87333906,,紅茶盟,花蓮縣花蓮市國盛里國民九街１０３號１樓,花蓮縣,花蓮市,國盛里,花蓮市一般行政區,否,否,100000.0,2020,獨資,N,0,563115,手搖飲店
82290668,,逸境站前民宿,花蓮縣花蓮市國盛里國民九街１０６號,花蓮縣,花蓮市,國盛里,花蓮市一般行政區,否,否,200000.0,2018,獨資,N,0,551013,民宿
19530211,,小雅美容護膚坊,花蓮縣花蓮市國盛里國民九街１０７號１樓,花蓮縣,花蓮市,國盛里,花蓮市一般行政區,否,否,5000.0,1996,獨資,Y,1,962111,美髮院及髮廊
59053489,,鴻德國際事業有限公司,花蓮縣花蓮市國盛里國民九街１３號,花蓮縣,花蓮市,國盛里,花蓮市一般行政區,否,否,5000000.0,2018,有限公司,Y,1,011100,稻作栽培
87353141,,花蓮巨人直排輪專賣店,花蓮縣花蓮市國盛里國民九街１５號,花蓮縣,花蓮市,國盛里,花蓮市一般行政區,否,否,20000.0,2021,獨資,N,0,476299,其他運動用品及器材零售
64806360,,中泰計程車行,花蓮縣花蓮市國盛里國民九街１８號,花蓮縣,花蓮市,國盛里,花蓮市一般行政區,否,否,1000000.0,1988,獨資,N,0,493200,計程車客運
94119754,,山鶴汽車行,花蓮縣花蓮市國盛里國民九街１８號,花蓮縣,花蓮市,國盛里,花蓮市一般行政區,否,否,750000.0,1984,獨資,N,0,493200,計程車客運
94190355,,建嘉汽車有限公司,花蓮縣花蓮市國盛里國民九街１８號,花蓮縣,花蓮市,國盛里,花蓮市一般行政區,否,否,5000000.0,1978,有限公司,N,0,493200,計程車客運
94244599,,國聲汽車行,花蓮縣花蓮市國盛里國民九街１８號,花蓮縣,花蓮市,國盛里,花蓮市一般行政區,否,否,1500000.0,1977,獨資,N,0,493200,計程車客運
94263785,,裕國汽車行,花蓮縣花蓮市國盛里國民九街１８號,花蓮縣,花蓮市,國盛里,花蓮市一般行政區,否,否,2000000.0,1977,獨資,N,0,493200,計程車客運
94746782,,建翔汽車行,花蓮縣花蓮市國盛里國民九街１８號,花蓮縣,花蓮市,國盛里,花蓮市一般行政區,否,否,3300000.0,1978,獨資,N,0,493200,計程車客運
94817863,,高賓汽車行,花蓮縣花蓮市國盛里國民九街１８號,花蓮縣,花蓮市,國盛里,花蓮市一般行政區,否,否,2100000.0,1983,獨資,N,0,493200,計程車客運
31791128,,永富土木包工業,花蓮縣花蓮市國盛里國民九街１８號１樓,花蓮縣,花蓮市,國盛里,花蓮市一般行政區,否,否,2500000.0,2012,獨資,Y,1,429099,未分類其他土木工程
94055098,,北埔汽車行,花蓮縣花蓮市國盛里國民九街１８號１樓,花蓮縣,花蓮市,國盛里,花蓮市一般行政區,否,否,800000.0,1977,獨資,N,0,493200,計程車客運
94762754,,太魯閣汽車行,花蓮縣花蓮市國盛里國民九街１８號１樓,花蓮縣,花蓮市,國盛里,花蓮市一般行政區,否,否,1500000.0,1979,獨資,N,0,493200,計程車客運
82174648,53830151,宏越小客車租賃有限公司花蓮營業所,花蓮縣花蓮市國盛里國民九街１９號１樓,花蓮縣,花蓮市,國盛里,花蓮市一般行政區,否,否,0.0,2018,其他,Y,1,772100,汽車租賃
30208359,,傑富土木包工業,花蓮縣花蓮市國盛里國民九街２０號１樓,花蓮縣,花蓮市,國盛里,花蓮市一般行政區,否,否,2800000.0,2010,獨資,Y,1,429099,未分類其他土木工程
99418400,,裕展機車行,花蓮縣花蓮市國盛里國民九街２４號１樓,花蓮縣,花蓮市,國盛里,花蓮市一般行政區,否,否,5000.0,2004,獨資,N,0,484211,全新機車零售
95198642,,杏子美學,花蓮縣花蓮市國盛里國民九街２９號,花蓮縣,花蓮市,國盛里,花蓮市一般行政區,否,否,10000.0,2024,獨資,N,0,962211,美甲美睫服務
34867332,,惠光藥局,花蓮縣花蓮市國盛里國民九街３１號１樓,花蓮縣,花蓮市,國盛里,花蓮市一般行政區,否,否,3000.0,2010,獨資,N,0,475112,西藥零售
26794589,,縱橫汽車美容,花蓮縣花蓮市國盛里國民九街３３號１樓,花蓮縣,花蓮市,國盛里,花蓮市一般行政區,否,否,3000.0,2012,獨資,N,0,951200,汽車美容
82177477,,慶文漁夫料理,花蓮縣花蓮市國盛里國民九街４１號１樓,花蓮縣,花蓮市,國盛里,花蓮市一般行政區,否,否,50000.0,2018,獨資,N,0,561115,餐廳
48975753,,華喆瑞企業社,花蓮縣花蓮市國盛里國民九街５０號,花蓮縣,花蓮市,國盛里,花蓮市一般行政區,否,否,150000.0,2008,獨資,Y,1,782000,人力供應
91590201,,早早在一起早餐店,花蓮縣花蓮市國盛里國民九街５１號１樓,花蓮縣,花蓮市,國盛里,花蓮市一般行政區,否,否,240000.0,2022,獨資,N,0,561115,餐廳
87350664,,阿潘小吃店,花蓮縣花蓮市國盛里國民九街５３號１樓,花蓮縣,花蓮市,國盛里,花蓮市一般行政區,否,否,200000.0,2020,獨資,N,0,561113,麵店、小吃店
85420860,,陽辰商行,花蓮縣花蓮市國盛里國民九街５５號１樓,花蓮縣,花蓮市,國盛里,花蓮市一般行政區,否,否,50000.0,2020,獨資,N,0,472914,飲料零售
58257605,,古森企業有限公司,花蓮縣花蓮市國盛里國民九街５７號１樓,花蓮縣,花蓮市,國盛里,花蓮市一般行政區,否,否,10000000.0,2017,有限公司,Y,1,439099,未分類其他專門營造
91166303,,泰卉盈小吃店,花蓮縣花蓮市國盛里國民九街５７號１樓,花蓮縣,花蓮市,國盛里,花蓮市一般行政區,否,否,50000.0,2021,獨資,N,0,561113,麵店、小吃店
39968990,,花蓮香風民宿,花蓮縣花蓮市國盛里國民九街６１號,花蓮縣,花蓮市,國盛里,花蓮市一般行政區,否,否,5000.0,2013,獨資,N,0,551013,民宿
82179799,,洗瑞客自助洗衣,花蓮縣花蓮市國盛里國民九街６９號１樓,花蓮縣,花蓮市,國盛里,花蓮市一般行政區,否,否,100000.0,2019,獨資,N,0,961012,自助洗衣店
95213236,,班尼美食坊,花蓮縣花蓮市國盛里國民九街７號１樓,花蓮縣,花蓮市,國盛里,花蓮市一般行政區,否,否,100000.0,2025,獨資,N,0,561115,餐廳
42977059,,歐雅物業有限公司,花蓮縣花蓮市國盛里國民九街７７號,花蓮縣,花蓮市,國盛里,花蓮市一般行政區,否,否,10000000.0,2018,有限公司,Y,1,670012,不動產投資開發
60246355,,豐賓商行,花蓮縣花蓮市國盛里國民九街７７號１樓,花蓮縣,花蓮市,國盛里,花蓮市一般行政區,否,否,200000.0,2025,獨資,Y,1,471114,加盟連鎖式便利商店（無商品進、銷貨行為）
91590862,,詠曄企業社,花蓮縣花蓮市國盛里國民九街７７號１樓,花蓮縣,花蓮市,國盛里,花蓮市一般行政區,否,否,200000.0,2022,獨資,Y,1,431015,基礎工程
95212433,,華彤商行,花蓮縣花蓮市國盛里國民九街７８號１樓,花蓮縣,花蓮市,國盛里,花蓮市一般行政區,否,否,100000.0,2025,獨資,N,0,472114,脫水蔬果零售
91154469,,金寶馬企業,花蓮縣花蓮市國盛里國民九街７９號１樓,花蓮縣,花蓮市,國盛里,花蓮市一般行政區,否,否,88000.0,2021,獨資,N,0,961012,自助洗衣店
60246221,,開心夾娃娃機,花蓮縣花蓮市國盛里國民九街８之１號１樓,花蓮縣,花蓮市,國盛里,花蓮市一般行政區,否,否,20000.0,2025,獨資,N,0,932414,夾娃娃機店
60251336,,香吉士自助餐,花蓮縣花蓮市國盛里國民九街８７號１樓,花蓮縣,花蓮市,國盛里,花蓮市一般行政區,否,否,200000.0,2026,獨資,N,0,561112,便當、自助餐店
95208108,,德霖工程行,花蓮縣花蓮市國盛里國民九街８７號１樓,花蓮縣,花蓮市,國盛里,花蓮市一般行政區,否,否,200000.0,2024,獨資,Y,1,429099,未分類其他土木工程
78844012,,―山鎖具刻印社,花蓮縣花蓮市國盛里國民九街８９號,花蓮縣,花蓮市,國盛里,花蓮市一般行政區,否,否,5000.0,1993,獨資,N,0,959917,開鎖及配鎖
49748813,,錢來也投注站,花蓮縣花蓮市國盛里國民九街９號１樓,花蓮縣,花蓮市,國盛里,花蓮市一般行政區,否,否,100000.0,2016,獨資,N,0,920011,彩券銷售
92638436,,金得中彩券行,花蓮縣花蓮市國盛里國民九街９號１樓,花蓮縣,花蓮市,國盛里,花蓮市一般行政區,否,否,100000.0,2023,獨資,N,0,920011,彩券銷售
95212671,,金得棒運動彩券,花蓮縣花蓮市國盛里國民九街９號１樓,花蓮縣,花蓮市,國盛里,花蓮市一般行政區,否,否,100000.0,2025,獨資,N,0,920011,彩券銷售
15782397,,炎鋒機車行,花蓮縣花蓮市國盛里國民九街９３號１樓,花蓮縣,花蓮市,國盛里,花蓮市一般行政區,否,否,5000.0,2003,獨資,N,0,484211,全新機車零售
41010050,,冠淼商行,花蓮縣花蓮市國盛里國民九街９４號１樓,花蓮縣,花蓮市,國盛里,花蓮市一般行政區,否,否,200000.0,2014,獨資,Y,1,471913,雜貨店
87542827,,米可天然手作工坊,花蓮縣花蓮市國盛里國民九街９６號騎樓,花蓮縣,花蓮市,國盛里,花蓮市一般行政區,否,否,3000.0,2020,獨資,N,0,485217,手工藝品零售
87542832,,凱文音樂文創工作室,花蓮縣花蓮市國盛里國民九街９６號１樓,花蓮縣,花蓮市,國盛里,花蓮市一般行政區,否,否,3000.0,2020,獨資,N,0,902016,流行音樂表演
60246989,,宗柏企業社,花蓮縣花蓮市國盛里國民八街１０２號１樓,花蓮縣,花蓮市,國盛里,花蓮市一般行政區,否,否,238000.0,2025,獨資,Y,1,494099,其他汽車貨運
92636633,,峰銘工程行,花蓮縣花蓮市國盛里國民八街１０６號５樓之２,花蓮縣,花蓮市,國盛里,花蓮市一般行政區,否,否,200000.0,2023,獨資,Y,1,410099,其他建築工程
49772398,,熱血小農故事坊,花蓮縣花蓮市國盛里國民八街１４９號１樓,花蓮縣,花蓮市,國盛里,花蓮市一般行政區,否,否,50000.0,2016,獨資,N,0,472111,蔬菜零售
95804540,,桃花源視聽伴唱,花蓮縣花蓮市國盛里國民八街５１號１樓,花蓮縣,花蓮市,國盛里,花蓮市一般行政區,否,否,50000.0,1995,獨資,Y,1,932211,視唱中心（ＫＴＶ）
99487638,,征服情人視聽伴唱,花蓮縣花蓮市國盛里國民八街６３―２號１樓及２樓,花蓮縣,花蓮市,國盛里,花蓮市一般行政區,否,否,100000.0,2004,獨資,Y,1,932211,視唱中心（ＫＴＶ）
23479074,,東冠小客車租賃有限公司,花蓮縣花蓮市國盛里國民八街６３―３號１樓,花蓮縣,花蓮市,國盛里,花蓮市一般行政區,否,否,5000000.0,1989,有限公司,Y,1,772100,汽車租賃
34886302,,美滿玻璃,花蓮縣花蓮市國盛里國民八街６３號７樓之２,花蓮縣,花蓮市,國盛里,花蓮市一般行政區,否,否,300000.0,2010,獨資,Y,1,461914,玻璃纖維建材製品批發
25051357,,頂程工程顧問有限公司,花蓮縣花蓮市國盛里國民八街６５號３樓之５,花蓮縣,花蓮市,國盛里,花蓮市一般行政區,否,否,500000.0,2009,有限公司,Y,1,711299,其他工程服務及相關技術顧問
16321366,,尚華開發有限公司,花蓮縣花蓮市國盛里國民八街６５號５樓之７,花蓮縣,花蓮市,國盛里,花蓮市一般行政區,否,否,1000000.0,1998,有限公司,Y,1,820112,信用調查服務
10005721,,大輪車業,花蓮縣花蓮市國盛里國民八街７８號１樓,花蓮縣,花蓮市,國盛里,花蓮市一般行政區,否,否,3000.0,2007,獨資,N,0,959100,機車維修
78847496,,台豐行,花蓮縣花蓮市國盛里國民十二街１１號,花蓮縣,花蓮市,國盛里,花蓮市一般行政區,否,否,100000.0,1994,獨資,Y,1,454400,冷凍調理食品批發
95212118,,萌波食品商號,花蓮縣花蓮市國盛里國民十二街１７號,花蓮縣,花蓮市,國盛里,花蓮市一般行政區,否,否,50000.0,2025,獨資,N,0,487114,經營網路購物（食品、飲料類商品）
85211343,,覓好食義大利麵館,花蓮縣花蓮市國盛里國民十二街２０號,花蓮縣,花蓮市,國盛里,花蓮市一般行政區,否,否,100000.0,2020,獨資,N,0,561115,餐廳
87345403,,天空之鏡企業社,花蓮縣花蓮市國盛里國民十二街３２―１號１樓,花蓮縣,花蓮市,國盛里,花蓮市一般行政區,否,否,200000.0,2020,獨資,Y,1,931912,水域運動服務
70960446,,振豐土木包工業,花蓮縣花蓮市國盛里國民十二街３２―２號１樓,花蓮縣,花蓮市,國盛里,花蓮市一般行政區,否,否,1000000.0,1999,合夥,Y,1,429099,未分類其他土木工程
70681916,,崑暉營造有限公司,花蓮縣花蓮市國盛里國民十二街３２－２號１樓,花蓮縣,花蓮市,國盛里,花蓮市一般行政區,否,否,3600000.0,2000,有限公司,Y,1,410013,住宅營建
85209825,,景昕實業,花蓮縣花蓮市國盛里國民十二街５１號,花蓮縣,花蓮市,國盛里,花蓮市一般行政區,否,否,200000.0,2019,獨資,N,0,932414,夾娃娃機店
34893520,,嘉美室內裝璜行,花蓮縣花蓮市國盛里國民十二街５３號５樓之６,花蓮縣,花蓮市,國盛里,花蓮市一般行政區,否,否,200000.0,2011,獨資,Y,1,434011,室內裝潢工程
91150858,,丰姿企業社,花蓮縣花蓮市國盛里國民十二街７號１樓,花蓮縣,花蓮市,國盛里,花蓮市一般行政區,否,否,10000.0,2021,獨資,Y,1,472933,保健營養食品零售
82179778,,阿財蝦料理,花蓮縣花蓮市國盛里國民１７號、１７之１號１樓,花蓮縣,花蓮市,國盛里,花蓮市一般行政區,否,否,200000.0,2019,獨資,N,0,472999,未分類其他食品、飲料及菸草製品零售
83381764,,鈺恮有限公司,花蓮縣花蓮市國盛里國民１７號１樓,花蓮縣,花蓮市,國盛里,花蓮市一般行政區,否,否,300000.0,2021,有限公司,Y,1,524100,停車場管理
99460384,,晸華企業社,花蓮縣花蓮市國盛里國民１７－５號,花蓮縣,花蓮市,國盛里,花蓮市一般行政區,否,否,1000000.0,2004,獨資,Y,1,433112,電路工程
61456364,,蝦老闆釣蝦場,花蓮縣花蓮市國盛里國民８號,花蓮縣,花蓮市,國盛里,花蓮市一般行政區,否,否,50000.0,2026,獨資,N,0,932912,釣蝦場
72850584,,建榮行,花蓮縣花蓮市國盛里國民８號,花蓮縣,花蓮市,國盛里,花蓮市一般行政區,否,否,5000.0,2018,獨資,N,0,932414,夾娃娃機店
85208396,,鴻誠企業社,花蓮縣花蓮市國盛里國盛一街１４１―１號,花蓮縣,花蓮市,國盛里,花蓮市一般行政區,否,否,50000.0,2019,獨資,Y,1,340099,其他產業用機械設備維修及安裝
92539029,,阿樂玉坊,花蓮縣花蓮市國盛里國盛一街１４１―３０號５樓,花蓮縣,花蓮市,國盛里,花蓮市一般行政區,否,否,100000.0,2023,獨資,N,0,474512,珠寶零售
86377481,12276447,國宏股份有限公司花蓮分公司,花蓮縣花蓮市國盛里國盛一街１５號,花蓮縣,花蓮市,國盛里,花蓮市一般行政區,否,否,0.0,1991,本國公司設立之分公司,Y,1,484211,全新機車零售
85213314,,香港角咖啡,花蓮縣花蓮市國盛里國盛一街１５６號,花蓮縣,花蓮市,國盛里,花蓮市一般行政區,否,否,3000.0,2019,獨資,N,0,563112,咖啡館
15793676,,吉吉美又美早餐店,花蓮縣花蓮市國盛里國盛一街１５７號,花蓮縣,花蓮市,國盛里,花蓮市一般行政區,否,否,3000.0,2003,獨資,N,0,561200,餐食攤販
41007702,,詠信企業社,花蓮縣花蓮市國盛里國盛一街１５９號１樓,花蓮縣,花蓮市,國盛里,花蓮市一般行政區,否,否,240000.0,2014,獨資,Y,1,461211,水泥及水泥製品批發
70456896,,婕盟有限公司,花蓮縣花蓮市國盛里國盛一街１５９號１０樓之２,花蓮縣,花蓮市,國盛里,花蓮市一般行政區,否,否,500000.0,1999,有限公司,Y,1,474511,金（銀）飾零售
54221563,,詡悅諮詢顧問有限公司,花蓮縣花蓮市國盛里國盛一街１５９號９樓之２,花蓮縣,花蓮市,國盛里,花蓮市一般行政區,否,否,500000.0,2013,有限公司,Y,1,760912,農、林、漁、礦、食品、紡織等技術指導
41126290,,大亞企業社,花蓮縣花蓮市國盛里國盛一街１６０―１號,花蓮縣,花蓮市,國盛里,花蓮市一般行政區,否,否,10000.0,2014,獨資,N,0,485212,宗教、喪葬用品零售
18054885,,旭海潛水行,花蓮縣花蓮市國盛里國盛一街１６０－１號,花蓮縣,花蓮市,國盛里,花蓮市一般行政區,否,否,200000.0,2001,獨資,Y,1,760199,其他攝影
87346389,,主毅建設企業,花蓮縣花蓮市國盛里國盛一街１６１號２樓之１,花蓮縣,花蓮市,國盛里,花蓮市一般行政區,否,否,228000.0,2020,獨資,Y,1,551012,旅館
95209872,,愛家清潔企業社,花蓮縣花蓮市國盛里國盛一街１６１號２樓之１,花蓮縣,花蓮市,國盛里,花蓮市一般行政區,否,否,200000.0,2025,獨資,Y,1,812100,建築物一般清潔服務
13028683,,鴻昌興業有限公司,花蓮縣花蓮市國盛里國盛一街１６４號１樓,花蓮縣,花蓮市,國盛里,花蓮市一般行政區,否,否,2000000.0,2002,有限公司,Y,1,464915,醫療機械設備批發
87352092,,郭二姐商號,花蓮縣花蓮市國盛里國盛一街１８０―２７號４樓,花蓮縣,花蓮市,國盛里,花蓮市一般行政區,否,否,5000.0,2021,獨資,N,0,472113,醃漬蔬果零售
31437437,,傑鼎企業社,花蓮縣花蓮市國盛里國盛一街１８０―２８號４樓,花蓮縣,花蓮市,國盛里,花蓮市一般行政區,否,否,480000.0,2007,獨資,Y,1,439099,未分類其他專門營造
27591056,,美麗家建設有限公司,花蓮縣花蓮市國盛里國盛一街１８０―３０號４樓,花蓮縣,花蓮市,國盛里,花蓮市一般行政區,否,否,51000000.0,2005,有限公司,Y,1,670012,不動產投資開發
54995047,,麗屋建設有限公司,花蓮縣花蓮市國盛里國盛一街１８０―３１號４樓,花蓮縣,花蓮市,國盛里,花蓮市一般行政區,否,否,7500000.0,2019,有限公司,Y,1,670012,不動產投資開發
60250955,,禾嫁企業社,花蓮縣花蓮市國盛里國盛一街１８０―５３號７樓,花蓮縣,花蓮市,國盛里,花蓮市一般行政區,否,否,200000.0,2026,獨資,N,0,011999,未分類其他農作物栽培
60767072,,東霆居家生活有限公司,花蓮縣花蓮市國盛里國盛一街１８０―６號２樓,花蓮縣,花蓮市,國盛里,花蓮市一般行政區,否,否,100000.0,2025,有限公司,Y,1,474999,未分類其他家用器具及用品零售
23772099,,林田山國際開發股份有限公司,花蓮縣花蓮市國盛里國盛一街１８０―６２號７樓,花蓮縣,花蓮市,國盛里,花蓮市一般行政區,否,否,1000000.0,1992,股份有限公司,Y,1,932100,遊樂園及主題樂園
72783930,,棧後,花蓮縣花蓮市國盛里國盛一街１８８號,花蓮縣,花蓮市,國盛里,花蓮市一般行政區,否,否,300000.0,2017,獨資,N,0,473999,未分類其他服飾品零售
50566494,,采田商行,花蓮縣花蓮市國盛里國盛一街１９０號２樓６號,花蓮縣,花蓮市,國盛里,花蓮市一般行政區,否,否,3000.0,2016,獨資,Y,1,487199,其他電子購物及郵購
60173803,,華昌通訊科技,花蓮縣花蓮市國盛里國盛一街１９０號５樓之１,花蓮縣,花蓮市,國盛里,花蓮市一般行政區,否,否,45000.0,2025,獨資,Y,1,433116,監視設備裝修工程
92641559,,天鴻桌遊社,花蓮縣花蓮市國盛里國盛一街１９２號１樓,花蓮縣,花蓮市,國盛里,花蓮市一般行政區,否,否,30000.0,2023,獨資,N,0,932999,未分類其他娛樂及休閒服務
91280825,,地球村民宿,花蓮縣花蓮市國盛里國盛一街１９３號,花蓮縣,花蓮市,國盛里,花蓮市一般行政區,否,否,1000000.0,2021,獨資,N,0,551013,民宿
56303701,,大大租賃有限公司,花蓮縣花蓮市國盛里國盛一街１９８―１號１樓,花蓮縣,花蓮市,國盛里,花蓮市一般行政區,否,否,500000.0,2017,有限公司,Y,1,772911,機車出租
00211536,,故飾美學藝術設計有限公司,花蓮縣花蓮市國盛里國盛一街１９８號１樓,花蓮縣,花蓮市,國盛里,花蓮市一般行政區,否,否,100000.0,2024,有限公司,Y,1,740999,未分類其他專門設計服務
23400892,,陽來實業股份有限公司,花蓮縣花蓮市國盛里國盛一街２―１１號１樓,花蓮縣,花蓮市,國盛里,花蓮市一般行政區,否,否,12000000.0,1989,股份有限公司,Y,1,485299,未分類其他全新商品零售
31791470,,翼想天開創意設計工坊,花蓮縣花蓮市國盛里國盛一街２―６號１樓,花蓮縣,花蓮市,國盛里,花蓮市一般行政區,否,否,200000.0,2012,獨資,N,0,487199,其他電子購物及郵購
15794099,,保元堂足道養生館,花蓮縣花蓮市國盛里國盛一街２０號１樓,花蓮縣,花蓮市,國盛里,花蓮市一般行政區,否,否,20000.0,2003,獨資,N,0,969015,推拿按摩服務
49776303,,鯊魚機車工坊,花蓮縣花蓮市國盛里國盛一街２０２、２０４號１樓,花蓮縣,花蓮市,國盛里,花蓮市一般行政區,否,否,30000.0,2017,獨資,N,0,959100,機車維修
70971387,,情人視聽伴唱,花蓮縣花蓮市國盛里國盛一街２１１號１樓,花蓮縣,花蓮市,國盛里,花蓮市一般行政區,否,否,50000.0,2000,獨資,N,0,932211,視唱中心（ＫＴＶ）
87351973,,合勝商行,花蓮縣花蓮市國盛里國盛一街２１２號１樓,花蓮縣,花蓮市,國盛里,花蓮市一般行政區,否,否,150000.0,2021,獨資,N,0,561111,早餐店
92640340,,閎楹商行,花蓮縣花蓮市國盛里國盛一街２１９號１樓,花蓮縣,花蓮市,國盛里,花蓮市一般行政區,否,否,180000.0,2023,獨資,N,0,487199,其他電子購物及郵購
10500911,,兆亞不動產企業社,花蓮縣花蓮市國盛里國盛一街２２６號１樓,花蓮縣,花蓮市,國盛里,花蓮市一般行政區,否,否,480000.0,2007,獨資,Y,1,681211,不動產仲介
90671649,,蓮聚建設股份有限公司,花蓮縣花蓮市國盛里國盛一街２２６號１樓,花蓮縣,花蓮市,國盛里,花蓮市一般行政區,否,否,20000000.0,2021,股份有限公司,Y,1,670012,不動產投資開發
10575449,,木槿軒韓國料理,花蓮縣花蓮市國盛里國盛一街２２７號１樓,花蓮縣,花蓮市,國盛里,花蓮市一般行政區,否,否,100000.0,2008,獨資,Y,1,561115,餐廳
41417868,,雅砌企業社,花蓮縣花蓮市國盛里國盛一街２３３號１樓,花蓮縣,花蓮市,國盛里,花蓮市一般行政區,否,否,50000.0,2015,獨資,Y,1,559099,未分類其他住宿
54815896,,雅砌建設有限公司,花蓮縣花蓮市國盛里國盛一街２３３號１樓,花蓮縣,花蓮市,國盛里,花蓮市一般行政區,否,否,4000000.0,2014,有限公司,Y,1,670012,不動產投資開發
95213073,,虎軒工程行,花蓮縣花蓮市國盛里國盛一街２３４―１號１樓,花蓮縣,花蓮市,國盛里,花蓮市一般行政區,否,否,200000.0,2025,獨資,Y,1,434011,室內裝潢工程
60246539,,莉羚企業,花蓮縣花蓮市國盛里國盛一街２３４之１號,花蓮縣,花蓮市,國盛里,花蓮市一般行政區,否,否,200000.0,2025,獨資,N,0,962211,美甲美睫服務
91928632,,哲旻室內裝修,花蓮縣花蓮市國盛里國盛一街２３５―１號１樓,花蓮縣,花蓮市,國盛里,花蓮市一般行政區,否,否,200000.0,2022,獨資,Y,1,434099,其他建物完工裝修工程
80640773,,鼎品興業有限公司,花蓮縣花蓮市國盛里國盛一街２３７號１樓,花蓮縣,花蓮市,國盛里,花蓮市一般行政區,否,否,500000.0,2004,有限公司,Y,1,452000,綜合商品批發
64809514,,連晟玻璃櫥窗行,花蓮縣花蓮市國盛里國盛一街２４２號,花蓮縣,花蓮市,國盛里,花蓮市一般行政區,否,否,5000.0,1988,獨資,N,0,959999,其他未分類個人及家庭用品維修
60437191,,盛曜建設有限公司,花蓮縣花蓮市國盛里國盛一街２６８號１樓,花蓮縣,花蓮市,國盛里,花蓮市一般行政區,否,否,2000000.0,2025,有限公司,Y,1,670012,不動產投資開發
37995140,,賴桑水產,花蓮縣花蓮市國盛里國盛一街２８６號１樓,花蓮縣,花蓮市,國盛里,花蓮市一般行政區,否,否,200000.0,2013,獨資,N,0,472311,水產品零售
61455800,,富利達興業社,花蓮縣花蓮市國盛里國盛一街２８８號１樓,花蓮縣,花蓮市,國盛里,花蓮市一般行政區,否,否,200000.0,2026,獨資,Y,1,452000,綜合商品批發
00175243,,台灣自然創新股份有限公司,花蓮縣花蓮市國盛里國盛一街５０號,花蓮縣,花蓮市,國盛里,花蓮市一般行政區,否,否,3500000.0,2024,股份有限公司,Y,1,760911,環境顧問
25065606,,普洛殷商管理諮詢股份有限公司,花蓮縣花蓮市國盛里國盛一街５０號,花蓮縣,花蓮市,國盛里,花蓮市一般行政區,否,否,10000000.0,2009,股份有限公司,Y,1,702011,財務管理顧問
90101296,,華榮永續影響力股份有限公司,花蓮縣花蓮市國盛里國盛一街５０號,花蓮縣,花蓮市,國盛里,花蓮市一般行政區,否,否,3000000.0,2022,股份有限公司,Y,1,702099,其他管理顧問
92637302,,輕思考創意工作室,花蓮縣花蓮市國盛里國盛一街６６巷２―１４號,花蓮縣,花蓮市,國盛里,花蓮市一般行政區,否,否,50000.0,2023,獨資,N,0,487199,其他電子購物及郵購
91151569,,友品病媒防治企業社,花蓮縣花蓮市國盛里國盛一街６６巷２號２樓,花蓮縣,花蓮市,國盛里,花蓮市一般行政區,否,否,200000.0,2021,獨資,Y,1,812911,病媒防治服務
93760032,,宅老大數位有限公司,花蓮縣花蓮市國盛里國盛一街６６巷３―６號,花蓮縣,花蓮市,國盛里,花蓮市一般行政區,否,否,100000.0,2023,有限公司,Y,1,464211,電子器材、電子設備批發
37999194,,一粒米影音工作室,花蓮縣花蓮市國盛里國盛一街６６巷５―７號４樓,花蓮縣,花蓮市,國盛里,花蓮市一般行政區,否,否,100000.0,2014,獨資,N,0,476314,樂器零售
31795905,,星輝科技,花蓮縣花蓮市國盛里國盛一街６６巷５之６號４樓,花蓮縣,花蓮市,國盛里,花蓮市一般行政區,否,否,30000.0,2013,獨資,Y,1,483111,電腦及電腦週邊設備零售
91155805,,享玩攝影,花蓮縣花蓮市國盛里國盛一街６６巷５－６號,花蓮縣,花蓮市,國盛里,花蓮市一般行政區,否,否,200000.0,2021,獨資,N,0,859215,攝影教學
92538909,,金鑽餐酒館,花蓮縣花蓮市國盛里國盛一街７４號１樓,花蓮縣,花蓮市,國盛里,花蓮市一般行政區,否,否,30000.0,2023,獨資,N,0,561113,麵店、小吃店
28531134,,信亞科技股份有限公司,花蓮縣花蓮市國盛里國盛一街８１號２樓,花蓮縣,花蓮市,國盛里,花蓮市一般行政區,否,否,20000000.0,2006,股份有限公司,Y,1,681112,自有不動產租賃
93049921,,壹柒喝餐酒館,花蓮縣花蓮市國盛里國盛一街８７號,花蓮縣,花蓮市,國盛里,花蓮市一般行政區,否,否,20000.0,2024,合夥,N,0,563114,飲酒店
92642403,,昭立企業社,花蓮縣花蓮市國盛里國盛一街８９號,花蓮縣,花蓮市,國盛里,花蓮市一般行政區,否,否,500000.0,2024,獨資,Y,1,487199,其他電子購物及郵購
53290416,,登明營造有限公司,花蓮縣花蓮市國盛里國盛七街２９號１樓,花蓮縣,花蓮市,國盛里,花蓮市一般行政區,否,否,30000000.0,2011,有限公司,Y,1,439099,未分類其他專門營造
31791627,,上好企業,花蓮縣花蓮市國盛里國盛七街５５號１樓,花蓮縣,花蓮市,國盛里,花蓮市一般行政區,否,否,200000.0,2012,獨資,Y,1,471114,加盟連鎖式便利商店（無商品進、銷貨行為）
83561479,,東榮建設有限公司,花蓮縣花蓮市國盛里國盛七街５５號１樓,花蓮縣,花蓮市,國盛里,花蓮市一般行政區,否,否,10000000.0,2019,有限公司,Y,1,670012,不動產投資開發
90142509,,鴻通投資控股有限公司,花蓮縣花蓮市國盛里國盛七街５５號１樓,花蓮縣,花蓮市,國盛里,花蓮市一般行政區,否,否,2000000.0,2022,有限公司,Y,1,649911,投資有價證券
70959406,,東佑機械工程行,花蓮縣花蓮市國盛里國盛七街６５號１樓,花蓮縣,花蓮市,國盛里,花蓮市一般行政區,否,否,200000.0,1999,合夥,Y,1,060014,砂石採取
70968073,,髮酷沙龍,花蓮縣花蓮市國盛里國盛三街１６號１樓,花蓮縣,花蓮市,國盛里,花蓮市一般行政區,否,否,5000.0,2000,獨資,N,0,962111,美髮院及髮廊
93053699,,立桂修繕工程行,花蓮縣花蓮市國盛里國盛三街５１巷２號３樓,花蓮縣,花蓮市,國盛里,花蓮市一般行政區,否,否,50000.0,2024,獨資,Y,1,434099,其他建物完工裝修工程
87349581,,禾莛企業社,花蓮縣花蓮市國盛里國盛三街５１巷３－２號,花蓮縣,花蓮市,國盛里,花蓮市一般行政區,否,否,5000000.0,2020,獨資,Y,1,429099,未分類其他土木工程
91154475,,宥城室內裝修企業社,花蓮縣花蓮市國盛里國盛三街５１巷３－２號,花蓮縣,花蓮市,國盛里,花蓮市一般行政區,否,否,1200000.0,2021,獨資,Y,1,812100,建築物一般清潔服務
28579973,,貫泰科技有限公司,花蓮縣花蓮市國盛里國盛三街５１巷８―４號５樓,花蓮縣,花蓮市,國盛里,花蓮市一般行政區,否,否,2000000.0,2007,有限公司,Y,1,731099,其他廣告服務
49769020,,易泰土木包工業,花蓮縣花蓮市國盛里國盛三街５３號１樓,花蓮縣,花蓮市,國盛里,花蓮市一般行政區,否,否,1000000.0,2016,獨資,Y,1,429099,未分類其他土木工程
91596985,,五分之五工作室,花蓮縣花蓮市國盛里國盛三街７２號１樓,花蓮縣,花蓮市,國盛里,花蓮市一般行政區,否,否,30000.0,2022,獨資,N,0,962111,美髮院及髮廊
92638153,,伍分之伍工作室,花蓮縣花蓮市國盛里國盛三街７２號２樓,花蓮縣,花蓮市,國盛里,花蓮市一般行政區,否,否,30000.0,2023,獨資,N,0,969017,紋身、紋眉服務
25040731,,興義益鋼鐵股份有限公司,花蓮縣花蓮市國盛里國盛二街１０３號１０樓之３,花蓮縣,花蓮市,國盛里,花蓮市一般行政區,否,否,20000000.0,2009,股份有限公司,Y,1,469925,基本金屬批發
84608873,,昕石國際開發股份有限公司,花蓮縣花蓮市國盛里國盛二街１０３號９樓之１,花蓮縣,花蓮市,國盛里,花蓮市一般行政區,否,否,26000.0,1993,股份有限公司,Y,1,481014,居家修繕用品零售
95213215,,保家物管企業,花蓮縣花蓮市國盛里國盛二街１９號１樓,花蓮縣,花蓮市,國盛里,花蓮市一般行政區,否,否,246000.0,2025,獨資,Y,1,702099,其他管理顧問
60250651,,花東易購網企業社,花蓮縣花蓮市國盛里國盛二街２１１號,花蓮縣,花蓮市,國盛里,花蓮市一般行政區,否,否,200000.0,2026,獨資,N,0,471999,未分類其他綜合商品零售
41465185,,台灣新聞雲企業社,花蓮縣花蓮市國盛里國盛二街２１１號１樓,花蓮縣,花蓮市,國盛里,花蓮市一般行政區,否,否,800000.0,2015,獨資,Y,1,475199,其他藥品及醫療用品零售
95213019,,金銀島國際貿易企業社,花蓮縣花蓮市國盛里國盛二街２１１號２樓,花蓮縣,花蓮市,國盛里,花蓮市一般行政區,否,否,200000.0,2025,合夥,Y,1,487199,其他電子購物及郵購
95210857,,伍拾元飯包,花蓮縣花蓮市國盛里國盛二街２８號,花蓮縣,花蓮市,國盛里,花蓮市一般行政區,否,否,100000.0,2025,獨資,N,0,561115,餐廳
93048227,,柏捷工程行,花蓮縣花蓮市國盛里國盛二街２８３號一樓,花蓮縣,花蓮市,國盛里,花蓮市一般行政區,否,否,200000.0,2024,獨資,Y,1,433199,其他機電、電信及電路設備安裝
34889531,,騰謙菓菜行,花蓮縣花蓮市國盛里國盛二街３０號１樓,花蓮縣,花蓮市,國盛里,花蓮市一般行政區,否,否,230000.0,2010,獨資,N,0,472111,蔬菜零售
34893140,,中華洗衣店,花蓮縣花蓮市國盛里國盛二街３４號１樓,花蓮縣,花蓮市,國盛里,花蓮市一般行政區,否,否,50000.0,2011,獨資,N,0,961099,其他洗衣服務
90593567,,名正建設有限公司,花蓮縣花蓮市國盛里國盛二街５１號,花蓮縣,花蓮市,國盛里,花蓮市一般行政區,否,否,1000000.0,2022,有限公司,Y,1,670012,不動產投資開發
10640650,,貳乘貳音樂町,花蓮縣花蓮市國盛里國盛二街５５號１樓,花蓮縣,花蓮市,國盛里,花蓮市一般行政區,否,否,200000.0,2008,獨資,N,0,476314,樂器零售
93585318,,安構工程顧問有限公司,花蓮縣花蓮市國盛里國盛二街６３號３樓之２,花蓮縣,花蓮市,國盛里,花蓮市一般行政區,否,否,500000.0,2024,有限公司,Y,1,711211,土木工程顧問
95215115,,恆好美學工作室,花蓮縣花蓮市國盛里國盛二街６３號４樓之２,花蓮縣,花蓮市,國盛里,花蓮市一般行政區,否,否,60000.0,2025,獨資,N,0,962299,其他美容美體服務
92634516,,大宗工程行,花蓮縣花蓮市國盛里國盛二街６３號５樓之３,花蓮縣,花蓮市,國盛里,花蓮市一般行政區,否,否,200000.0,2023,獨資,Y,1,434011,室內裝潢工程
54246641,,冠丞生技股份有限公司,花蓮縣花蓮市國盛里國盛二街７０號１樓,花蓮縣,花蓮市,國盛里,花蓮市一般行政區,否,否,8700000.0,2013,股份有限公司,Y,1,457112,西藥批發
28934679,,家丞生物科技有限公司,花蓮縣花蓮市國盛里國盛二街７２號１樓,花蓮縣,花蓮市,國盛里,花蓮市一般行政區,否,否,1000000.0,2008,有限公司,Y,1,457112,西藥批發
91655597,,二街窩窩民宿,花蓮縣花蓮市國盛里國盛二街７８號,花蓮縣,花蓮市,國盛里,花蓮市一般行政區,否,否,2000000.0,2022,獨資,N,0,551013,民宿
10502312,,藍天白雲民宿,花蓮縣花蓮市國盛里國盛二街９―３號,花蓮縣,花蓮市,國盛里,花蓮市一般行政區,否,否,3000.0,2007,獨資,N,0,551013,民宿
87349858,,溪堤民宿,花蓮縣花蓮市國盛里國盛二街９－１號,花蓮縣,花蓮市,國盛里,花蓮市一般行政區,否,否,100000.0,2020,獨資,N,0,551013,民宿
99456213,,巨林美而美,花蓮縣花蓮市國盛里國盛二街９９號,花蓮縣,花蓮市,國盛里,花蓮市一般行政區,否,否,300000.0,2004,獨資,N,0,561114,連鎖速食店
09663205,,億進建材行,花蓮縣花蓮市國盛里國盛五街２２號１樓,花蓮縣,花蓮市,國盛里,花蓮市一般行政區,否,否,100000.0,2006,獨資,Y,1,461999,未分類其他建材批發
50747307,,泓芸土木包工業,花蓮縣花蓮市國盛里國盛五街２４號,花蓮縣,花蓮市,國盛里,花蓮市一般行政區,否,否,1000000.0,2017,獨資,Y,1,429099,未分類其他土木工程
13966933,,昇芸機械工程行,花蓮縣花蓮市國盛里國盛五街２４號１樓,花蓮縣,花蓮市,國盛里,花蓮市一般行政區,否,否,3000000.0,2002,獨資,Y,1,494099,其他汽車貨運
28396658,,富耀開發有限公司,花蓮縣花蓮市國盛里國盛五街４８號１樓,花蓮縣,花蓮市,國盛里,花蓮市一般行政區,否,否,5000000.0,2006,有限公司,Y,1,681111,自有不動產買賣
28397805,,富友開發有限公司,花蓮縣花蓮市國盛里國盛五街５０號２樓,花蓮縣,花蓮市,國盛里,花蓮市一般行政區,否,否,5000000.0,2006,有限公司,Y,1,681112,自有不動產租賃
72847054,,立詠休閒企業社,花蓮縣花蓮市國盛里國盛五街５２號３樓之１,花蓮縣,花蓮市,國盛里,花蓮市一般行政區,否,否,240000.0,2018,獨資,Y,1,859313,游泳指導
78037720,,裕發果菜行,花蓮縣花蓮市國盛里國盛五街５６號１樓,花蓮縣,花蓮市,國盛里,花蓮市一般行政區,否,否,5000.0,1992,獨資,N,0,472111,蔬菜零售
91598029,,東銘陞不鏽鋼工程行,花蓮縣花蓮市國盛里國盛五街６８號２樓之３,花蓮縣,花蓮市,國盛里,花蓮市一般行政區,否,否,249000.0,2022,獨資,Y,1,433900,其他建築設備安裝
95210408,,淨源企業社,花蓮縣花蓮市國盛里國盛五街６８號２樓之３,花蓮縣,花蓮市,國盛里,花蓮市一般行政區,否,否,200000.0,2025,獨資,Y,1,474113,家用空調設備及其零件零售
98645912,,升傑有限公司,花蓮縣花蓮市國盛里國盛五街６８號６樓之６,花蓮縣,花蓮市,國盛里,花蓮市一般行政區,否,否,600000.0,2024,有限公司,Y,1,681211,不動產仲介
60247586,,瓏毅企業社,花蓮縣花蓮市國盛里國盛五街７９號３樓之２,花蓮縣,花蓮市,國盛里,花蓮市一般行政區,否,否,10000.0,2025,獨資,N,0,782000,人力供應
50742062,,王宥企業行,花蓮縣花蓮市國盛里國盛五街８４號１樓,花蓮縣,花蓮市,國盛里,花蓮市一般行政區,否,否,200000.0,2017,獨資,Y,1,474199,其他家用電器零售
90310174,,東海置業有限公司,花蓮縣花蓮市國盛里國盛八街１０９號２樓之２,花蓮縣,花蓮市,國盛里,花蓮市一般行政區,否,否,2000000.0,2022,有限公司,Y,1,561115,餐廳
85207170,,守創科技,花蓮縣花蓮市國盛里國盛八街１０９號３樓之６,花蓮縣,花蓮市,國盛里,花蓮市一般行政區,否,否,248000.0,2020,獨資,Y,1,454812,咖啡批發
93051051,,全新淨水設備企業社,花蓮縣花蓮市國盛里國盛八街１５２號１樓,花蓮縣,花蓮市,國盛里,花蓮市一般行政區,否,否,8000000.0,2024,獨資,Y,1,410099,其他建築工程
37956961,,家芊工程行,花蓮縣花蓮市國盛里國盛八街３巷６號１樓,花蓮縣,花蓮市,國盛里,花蓮市一般行政區,否,否,1000000.0,2013,獨資,Y,1,410099,其他建築工程
95213658,,峰銳企業社,花蓮縣花蓮市國盛里國盛八街８９號４樓之１,花蓮縣,花蓮市,國盛里,花蓮市一般行政區,否,否,200000.0,2025,獨資,Y,1,429011,淤泥疏濬工程
87466829,,于珊美妝服飾商行,花蓮縣花蓮市國盛里國盛八街８９號４樓之７,花蓮縣,花蓮市,國盛里,花蓮市一般行政區,否,否,30000.0,2020,獨資,N,0,487115,經營網路購物（服飾類商品）
54539604,,阿奈租賃有限公司,花蓮縣花蓮市國盛里國盛六街４５―１號１樓,花蓮縣,花蓮市,國盛里,花蓮市一般行政區,否,否,5000000.0,2013,有限公司,Y,1,772100,汽車租賃
95213398,,甦習瑜珈療癒工作室,花蓮縣花蓮市國盛里國盛六街４５－１號１樓,花蓮縣,花蓮市,國盛里,花蓮市一般行政區,否,否,60000.0,2025,獨資,N,0,931299,其他運動場館
87346796,,燿旭企業社,花蓮縣花蓮市國盛里國盛六街５３號２樓之１５,花蓮縣,花蓮市,國盛里,花蓮市一般行政區,否,否,50000.0,2020,獨資,N,0,952100,電腦及其週邊設備維修
93056984,,王師傅足體養生館,花蓮縣花蓮市國盛里國盛六街５３號２樓之３,花蓮縣,花蓮市,國盛里,花蓮市一般行政區,否,否,249900.0,2024,獨資,N,0,969015,推拿按摩服務
93049393,,摩西室內裝修設計工程,花蓮縣花蓮市國盛里國盛六街５３號４樓之１５,花蓮縣,花蓮市,國盛里,花蓮市一般行政區,否,否,200000.0,2024,獨資,Y,1,434015,室內裝修工程
91152259,,東時光工作室,花蓮縣花蓮市國盛里國盛六街５３號５樓之１７,花蓮縣,花蓮市,國盛里,花蓮市一般行政區,否,否,100000.0,2021,獨資,N,0,487199,其他電子購物及郵購
60249851,,凡聲企業社,花蓮縣花蓮市國盛里國盛六街５３號６樓之１５,花蓮縣,花蓮市,國盛里,花蓮市一般行政區,否,否,200000.0,2026,獨資,Y,1,903018,燈光、舞台設計服務
91665434,,田記香雞排,花蓮縣花蓮市國盛里國盛四街１０６號騎樓,花蓮縣,花蓮市,國盛里,花蓮市一般行政區,否,否,5000.0,2022,獨資,N,0,561113,麵店、小吃店
30206985,,訊鑫電腦工作室,花蓮縣花蓮市國盛里國盛四街１０６號５樓之２,花蓮縣,花蓮市,國盛里,花蓮市一般行政區,否,否,3000.0,2010,獨資,N,0,952100,電腦及其週邊設備維修
56601125,,淯翔國際有限公司,花蓮縣花蓮市國盛里國盛四街１０６號６樓之８,花蓮縣,花蓮市,國盛里,花蓮市一般行政區,否,否,500000.0,2017,有限公司,Y,1,487114,經營網路購物（食品、飲料類商品）
93773986,,光復人生有限公司,花蓮縣花蓮市國盛里國盛四街１１６號６樓之１０,花蓮縣,花蓮市,國盛里,花蓮市一般行政區,否,否,4000000.0,2023,有限公司,Y,1,456116,視聽設備批發
30398225,,超人氣食品,花蓮縣花蓮市國盛里國盛四街１２６號,花蓮縣,花蓮市,國盛里,花蓮市一般行政區,否,否,50000.0,2009,獨資,N,0,561113,麵店、小吃店
56600364,,凱宏食品有限公司,花蓮縣花蓮市國盛里國盛四街１２６號１樓,花蓮縣,花蓮市,國盛里,花蓮市一般行政區,否,否,500000.0,2017,有限公司,Y,1,454999,未分類其他食品批發
31791632,,勁發汽車保養廠,花蓮縣花蓮市國盛里國盛四街３５號１樓,花蓮縣,花蓮市,國盛里,花蓮市一般行政區,否,否,3000.0,2012,獨資,N,0,951199,其他汽車維修
92535993,,夾粗霸選物販賣機,花蓮縣花蓮市國盛里國盛四街３９號１樓,花蓮縣,花蓮市,國盛里,花蓮市一般行政區,否,否,8880.0,2023,獨資,N,0,932414,夾娃娃機店
16019336,,台盛營造股份有限公司,花蓮縣花蓮市國盛里國盛四街４９號１樓,花蓮縣,花蓮市,國盛里,花蓮市一般行政區,否,否,12000000.0,1997,股份有限公司,Y,1,429099,未分類其他土木工程
30118667,,家常牛肉麵,花蓮縣花蓮市國盛里國盛四街５１―１號１樓,花蓮縣,花蓮市,國盛里,花蓮市一般行政區,否,否,50000.0,2008,獨資,N,0,561113,麵店、小吃店
92641164,,今都工程行,花蓮縣花蓮市國盛里國盛四街５１號４樓之６,花蓮縣,花蓮市,國盛里,花蓮市一般行政區,否,否,200000.0,2023,獨資,Y,1,439012,模板工程
13972267,,長運工程行,花蓮縣花蓮市國盛里國盛四街５１號６樓之１９,花蓮縣,花蓮市,國盛里,花蓮市一般行政區,否,否,200000.0,2002,獨資,Y,1,429099,未分類其他土木工程
92535425,,全家福食品行,花蓮縣花蓮市國盛里國盛四街５１號７樓之１,花蓮縣,花蓮市,國盛里,花蓮市一般行政區,否,否,60000.0,2023,合夥,Y,1,454212,禽肉批發
10049798,,宇笙企業社,花蓮縣花蓮市國盛里國盛四街５５號２樓之１,花蓮縣,花蓮市,國盛里,花蓮市一般行政區,否,否,100000.0,2007,獨資,N,0,952312,家用電器維修
87350334,,大一企業社,花蓮縣花蓮市國盛里國盛四街５５號２樓之８,花蓮縣,花蓮市,國盛里,花蓮市一般行政區,否,否,30000.0,2020,獨資,Y,1,434013,房屋設備安裝工程
60252840,,銳聲企業社,花蓮縣花蓮市國盛里國盛四街６３巷８號１樓,花蓮縣,花蓮市,國盛里,花蓮市一般行政區,否,否,200000.0,2026,獨資,Y,1,483300,視聽設備零售
62161141,,昶馳車業有限公司,花蓮縣花蓮市國盛里國盛四街８４號１樓,花蓮縣,花蓮市,國盛里,花蓮市一般行政區,否,否,500000.0,2026,有限公司,Y,1,484112,中古汽車零售
55900069,,弘光地產有限公司,花蓮縣花蓮市國盛里國盛四街８６號１樓,花蓮縣,花蓮市,國盛里,花蓮市一般行政區,否,否,500000.0,2016,有限公司,Y,1,681211,不動產仲介
90721269,,弘光不動產開發建設股份有限公司,花蓮縣花蓮市國盛里國盛四街８６號１樓,花蓮縣,花蓮市,國盛里,花蓮市一般行政區,否,否,300000.0,2021,股份有限公司,Y,1,670012,不動產投資開發
82174204,,社團法人花蓮縣角兒愛心公益協會附設夢想工廠,花蓮縣花蓮市國盛里國盛四街８８號１、２樓,花蓮縣,花蓮市,國盛里,花蓮市一般行政區,否,否,100000.0,2018,其他,N,0,473211,服裝零售
93756190,,東京國際事業有限公司,花蓮縣花蓮市國盛里國盛四街９０號１樓,花蓮縣,花蓮市,國盛里,花蓮市一般行政區,否,否,2000000.0,2023,有限公司,Y,1,455111,絲織、麻織、棉織、毛織品批發
54127883,,三立諮詢顧問有限公司,花蓮縣花蓮市國盛里國盛四街９６號１樓,花蓮縣,花蓮市,國盛里,花蓮市一般行政區,否,否,500000.0,2013,有限公司,Y,1,702011,財務管理顧問
85119129,,富麗體態管理顧問有限公司,花蓮縣花蓮市國盛里國盛四街９８號,花蓮縣,花蓮市,國盛里,花蓮市一般行政區,否,否,100010.0,2019,有限公司,Y,1,859999,其他未分類教育
93058097,,權鑫企業社,花蓮縣花蓮市國盛里國盛四街９８號３樓之１,花蓮縣,花蓮市,國盛里,花蓮市一般行政區,否,否,200000.0,2024,獨資,Y,1,433111,水電工程
91155354,,方緣企業社,花蓮縣花蓮市國盛里國聯三路１０４號,花蓮縣,花蓮市,國盛里,花蓮市一般行政區,否,否,220000.0,2021,獨資,N,0,961012,自助洗衣店
91594608,,壹壹零豐年小館原民文創農特產,花蓮縣花蓮市國盛里國聯三路１１０號１樓,花蓮縣,花蓮市,國盛里,花蓮市一般行政區,否,否,200000.0,2022,獨資,N,0,561113,麵店、小吃店
61457413,,金來抓選物販賣機,花蓮縣花蓮市國盛里國聯三路１１７號,花蓮縣,花蓮市,國盛里,花蓮市一般行政區,否,否,100000.0,2026,獨資,N,0,932414,夾娃娃機店
37994424,,定宸小吃店,花蓮縣花蓮市國盛里國聯三路１２２號１樓,花蓮縣,花蓮市,國盛里,花蓮市一般行政區,否,否,10000.0,2013,獨資,N,0,561113,麵店、小吃店
82183127,,尚選小吃店,花蓮縣花蓮市國盛里國聯三路１２３號１樓,花蓮縣,花蓮市,國盛里,花蓮市一般行政區,否,否,10000.0,2019,獨資,N,0,561113,麵店、小吃店
20061497,,天儷養生館,花蓮縣花蓮市國盛里國聯三路１２４號１樓,花蓮縣,花蓮市,國盛里,花蓮市一般行政區,否,否,5000.0,1997,獨資,N,0,962111,美髮院及髮廊
91596417,,勁崴工程行,花蓮縣花蓮市國盛里國聯三路１２５號１樓,花蓮縣,花蓮市,國盛里,花蓮市一般行政區,否,否,248000.0,2022,獨資,Y,1,431013,建築物拆除
91597324,,幸運六桌遊休閒館,花蓮縣花蓮市國盛里國聯三路１２７號,花蓮縣,花蓮市,國盛里,花蓮市一般行政區,否,否,80000.0,2022,獨資,N,0,931299,其他運動場館
10629331,,美芝城早餐店,花蓮縣花蓮市國盛里國聯三路９８號１樓,花蓮縣,花蓮市,國盛里,花蓮市一般行政區,否,否,3000.0,2008,獨資,N,0,561111,早餐店
93049210,,哈娜越式洗髮,花蓮縣花蓮市國盛里國聯五路１００號,花蓮縣,花蓮市,國盛里,花蓮市一般行政區,否,否,50000.0,2024,獨資,N,0,962111,美髮院及髮廊
27249686,23060248,全家便利商店股份有限公司花蓮國盛分公司,花蓮縣花蓮市國盛里國聯五路１２６號及１２８號１樓,花蓮縣,花蓮市,國盛里,花蓮市一般行政區,否,否,0.0,2005,本國公司設立之分公司,Y,1,471112,直營連鎖式便利商店
60250006,,家芸熱炒小吃店,花蓮縣花蓮市國盛里國聯五路１５６號１樓,花蓮縣,花蓮市,國盛里,花蓮市一般行政區,否,否,10000.0,2026,獨資,N,0,561113,麵店、小吃店
27620545,,海灣三二股份有限公司,花蓮縣花蓮市國盛里國聯五路２―１０號,花蓮縣,花蓮市,國盛里,花蓮市一般行政區,否,否,17000000.0,2005,股份有限公司,Y,1,681112,自有不動產租賃
92636057,,食伊商行,花蓮縣花蓮市國盛里國聯五路２―１０號,花蓮縣,花蓮市,國盛里,花蓮市一般行政區,否,否,5000.0,2023,獨資,N,0,487199,其他電子購物及郵購
96860512,,球崙股份有限公司,花蓮縣花蓮市國盛里國聯五路２―１０號,花蓮縣,花蓮市,國盛里,花蓮市一般行政區,否,否,25000000.0,1996,股份有限公司,Y,1,669199,其他投資顧問
26701549,,牛蕃茄企業社,花蓮縣花蓮市國盛里國聯五路２―１３號１樓,花蓮縣,花蓮市,國盛里,花蓮市一般行政區,否,否,10000.0,2011,獨資,N,0,561113,麵店、小吃店
50743359,,改巢工程行,花蓮縣花蓮市國盛里國聯五路２―１３號２樓,花蓮縣,花蓮市,國盛里,花蓮市一般行政區,否,否,248000.0,2017,獨資,Y,1,434011,室內裝潢工程
95210786,,領航企業社,花蓮縣花蓮市國盛里國聯五路２―１３號２樓,花蓮縣,花蓮市,國盛里,花蓮市一般行政區,否,否,200000.0,2025,獨資,Y,1,474113,家用空調設備及其零件零售
85016524,,天晴了旅行社股份有限公司,花蓮縣花蓮市國盛里國聯五路２―１８號（２樓）,花蓮縣,花蓮市,國盛里,花蓮市一般行政區,否,否,12111110.0,2019,股份有限公司,Y,1,790011,旅行業
60249120,,鐵馬家族商行,花蓮縣花蓮市國盛里國聯五路２―１８號１樓,花蓮縣,花蓮市,國盛里,花蓮市一般行政區,否,否,200000.0,2025,合夥,Y,1,487912,非店面零售代理
95214755,,友蘭坊,花蓮縣花蓮市國盛里國聯五路２―１８號３樓,花蓮縣,花蓮市,國盛里,花蓮市一般行政區,否,否,200000.0,2025,合夥,Y,1,487199,其他電子購物及郵購
95215086,,休閒家國際貿易商行,花蓮縣花蓮市國盛里國聯五路２―１８號３樓,花蓮縣,花蓮市,國盛里,花蓮市一般行政區,否,否,200000.0,2025,合夥,Y,1,487199,其他電子購物及郵購
95213263,,台灣飛專國際企業社,花蓮縣花蓮市國盛里國聯五路２―１８號４樓,花蓮縣,花蓮市,國盛里,花蓮市一般行政區,否,否,200000.0,2025,合夥,Y,1,487199,其他電子購物及郵購
95213279,,台灣寶島自由行企業社,花蓮縣花蓮市國盛里國聯五路２―１８號４樓,花蓮縣,花蓮市,國盛里,花蓮市一般行政區,否,否,200000.0,2025,合夥,Y,1,487199,其他電子購物及郵購
91592756,,詹姆士健康管理企業社,花蓮縣花蓮市國盛里國聯五路２―１９號,花蓮縣,花蓮市,國盛里,花蓮市一般行政區,否,否,50000.0,2022,獨資,N,0,869919,國術損傷接骨、國術推拿服務
72845794,,國聯攝影,花蓮縣花蓮市國盛里國聯五路２―２號１樓,花蓮縣,花蓮市,國盛里,花蓮市一般行政區,否,否,3000.0,2018,獨資,N,0,760111,照相館
83790228,,景太綠能有限公司,花蓮縣花蓮市國盛里國聯五路２―２２號１樓,花蓮縣,花蓮市,國盛里,花蓮市一般行政區,否,否,3000000.0,2020,有限公司,Y,1,457199,其他藥品及醫療用品批發
60252546,,拾光音樂空間,花蓮縣花蓮市國盛里國聯五路２―３號１樓,花蓮縣,花蓮市,國盛里,花蓮市一般行政區,否,否,200000.0,2026,獨資,Y,1,476314,樂器零售
09722008,,峇里島美容護膚,花蓮縣花蓮市國盛里國聯五路２―４號１樓,花蓮縣,花蓮市,國盛里,花蓮市一般行政區,否,否,200000.0,2006,獨資,N,0,962299,其他美容美體服務
58336411,,鼎宏不動產有限公司,花蓮縣花蓮市國盛里國聯五路２―５號１樓,花蓮縣,花蓮市,國盛里,花蓮市一般行政區,否,否,3000000.0,2017,有限公司,Y,1,681211,不動產仲介
92538400,,鴻恩工程行,花蓮縣花蓮市國盛里國聯五路２―５號１樓,花蓮縣,花蓮市,國盛里,花蓮市一般行政區,否,否,200000.0,2023,獨資,Y,1,434014,防水工程
54790500,,階有喜有限公司,花蓮縣花蓮市國盛里國聯五路２―６號,花蓮縣,花蓮市,國盛里,花蓮市一般行政區,否,否,100000.0,2014,有限公司,Y,1,487114,經營網路購物（食品、飲料類商品）
29274485,,我喜歡企業社,花蓮縣花蓮市國盛里國聯五路２―６號１－２樓,花蓮縣,花蓮市,國盛里,花蓮市一般行政區,否,否,30000.0,2004,獨資,N,0,563114,飲酒店
37998174,,美樂迪健康養生館,花蓮縣花蓮市國盛里國聯五路２―８號１樓,花蓮縣,花蓮市,國盛里,花蓮市一般行政區,否,否,80000.0,2013,獨資,N,0,969015,推拿按摩服務
93055177,,長玉企業,花蓮縣花蓮市國盛里國聯五路２之１３號１樓,花蓮縣,花蓮市,國盛里,花蓮市一般行政區,否,否,200000.0,2024,獨資,Y,1,434011,室內裝潢工程
49759536,,就是愛健康體能工作室,花蓮縣花蓮市國盛里國聯五路２之２１號１樓,花蓮縣,花蓮市,國盛里,花蓮市一般行政區,否,否,50000.0,2017,獨資,N,0,931219,健身中心
93053776,,樂居工程行,花蓮縣花蓮市國盛里國聯五路２之５號,花蓮縣,花蓮市,國盛里,花蓮市一般行政區,否,否,200000.0,2024,獨資,Y,1,434014,防水工程
13963422,,國蓮機車行,花蓮縣花蓮市國盛里國聯五路２－１號,花蓮縣,花蓮市,國盛里,花蓮市一般行政區,否,否,3000.0,2001,獨資,N,0,484211,全新機車零售
92537084,,藏享食堂,花蓮縣花蓮市國盛里國聯五路２－１５號１樓,花蓮縣,花蓮市,國盛里,花蓮市一般行政區,否,否,150000.0,2023,獨資,N,0,561113,麵店、小吃店
93057479,,張桑商行,花蓮縣花蓮市國盛里國聯五路２－７號１樓,花蓮縣,花蓮市,國盛里,花蓮市一般行政區,否,否,100000.0,2024,合夥,N,0,561115,餐廳
95209021,,空中曼舞瑜伽,花蓮縣花蓮市國盛里國聯五路２－９號１、２樓,花蓮縣,花蓮市,國盛里,花蓮市一般行政區,否,否,68000.0,2025,獨資,N,0,859311,瑜珈指導
90517230,28683407,富豪聯合租賃股份有限公司花東分公司,花蓮縣花蓮市國盛里國聯五路２１２號,花蓮縣,花蓮市,國盛里,花蓮市一般行政區,否,否,0.0,2021,本國公司設立之分公司,Y,1,772100,汽車租賃
22001144,12516241,互盛股份有限公司花蓮分公司,花蓮縣花蓮市國盛里國聯五路２１８號１樓,花蓮縣,花蓮市,國盛里,花蓮市一般行政區,否,否,0.0,1986,本國公司設立之分公司,Y,1,474999,未分類其他家用器具及用品零售
95212953,,夜來香小吃店,花蓮縣花蓮市國盛里國聯五路２４２號,花蓮縣,花蓮市,國盛里,花蓮市一般行政區,否,否,200000.0,2025,獨資,N,0,561113,麵店、小吃店
91150816,,蒔光啡室商行,花蓮縣花蓮市國盛里國聯五路２５０號１樓,花蓮縣,花蓮市,國盛里,花蓮市一般行政區,否,否,10000.0,2021,獨資,N,0,563112,咖啡館
91150914,,蜜絲淇雅美學社,花蓮縣花蓮市國盛里國聯五路２５０號１樓,花蓮縣,花蓮市,國盛里,花蓮市一般行政區,否,否,10000.0,2021,獨資,N,0,962211,美甲美睫服務
95213427,,鉅富水電工程行,花蓮縣花蓮市國盛里國聯五路２６８號１樓,花蓮縣,花蓮市,國盛里,花蓮市一般行政區,否,否,200000.0,2025,獨資,Y,1,433900,其他建築設備安裝
26111086,,紋化藝術個人工作室,花蓮縣花蓮市國盛里國聯五路２７６號１樓,花蓮縣,花蓮市,國盛里,花蓮市一般行政區,否,否,248000.0,2009,獨資,N,0,969017,紋身、紋眉服務
92537535,,盛芳號,花蓮縣花蓮市國盛里國聯五路３８之１號１樓,花蓮縣,花蓮市,國盛里,花蓮市一般行政區,否,否,30000.0,2023,獨資,N,0,561113,麵店、小吃店
60253691,,歡唱三百飲舖,花蓮縣花蓮市國盛里國聯五路３８號１樓,花蓮縣,花蓮市,國盛里,花蓮市一般行政區,否,否,100000.0,2026,獨資,N,0,932211,視唱中心（ＫＴＶ）
49753792,,來來洗多屋,花蓮縣花蓮市國盛里國聯五路４２號１樓,花蓮縣,花蓮市,國盛里,花蓮市一般行政區,否,否,100000.0,2016,獨資,N,0,961012,自助洗衣店
37997219,,豐眼鏡眼鏡行,花蓮縣花蓮市國盛里國聯五路４４號１樓,花蓮縣,花蓮市,國盛里,花蓮市一般行政區,否,否,100000.0,2013,獨資,Y,1,474412,眼鏡及其零配件零售
91596916,,國聯養生館,花蓮縣花蓮市國盛里國聯五路４６號１樓,花蓮縣,花蓮市,國盛里,花蓮市一般行政區,否,否,10000.0,2022,獨資,N,0,969015,推拿按摩服務
13964457,,頂尖通信行,花蓮縣花蓮市國盛里國聯五路４８號１樓,花蓮縣,花蓮市,國盛里,花蓮市一般行政區,否,否,240000.0,2001,獨資,Y,1,464211,電子器材、電子設備批發
15793599,,彥成小吃店,花蓮縣花蓮市國盛里國聯五路５０號１樓,花蓮縣,花蓮市,國盛里,花蓮市一般行政區,否,否,60000.0,2003,獨資,N,0,561200,餐食攤販
60246664,,飡飡來商行,花蓮縣花蓮市國盛里國聯五路５２號,花蓮縣,花蓮市,國盛里,花蓮市一般行政區,否,否,100000.0,2025,合夥,N,0,472929,餐盒零售
92535277,,林辰冷飲店,花蓮縣花蓮市國盛里國聯五路５４號１樓,花蓮縣,花蓮市,國盛里,花蓮市一般行政區,否,否,200000.0,2023,獨資,Y,1,563115,手搖飲店
08129280,,花蓮小吃部,花蓮縣花蓮市國盛里國聯五路５６號,花蓮縣,花蓮市,國盛里,花蓮市一般行政區,否,否,3000.0,1986,獨資,N,0,561113,麵店、小吃店
85363571,04690983,大魯閣實業股份有限公司花蓮營業所,花蓮縣花蓮市國盛里國聯五路５８號３樓,花蓮縣,花蓮市,國盛里,花蓮市一般行政區,否,否,0.0,2020,其他,Y,1,931216,保齡球館
61457027,,大阪桌遊競技館,花蓮縣花蓮市國盛里國聯五路７２號１樓,花蓮縣,花蓮市,國盛里,花蓮市一般行政區,否,否,30000.0,2026,獨資,N,0,932999,未分類其他娛樂及休閒服務
76950108,,涼一夏,花蓮縣花蓮市國盛里國聯五路８號,花蓮縣,花蓮市,國盛里,花蓮市一般行政區,否,否,3000.0,1989,獨資,N,0,561113,麵店、小吃店
87550234,,龍亨複合式餐飲,花蓮縣花蓮市國盛里國聯五路８０號２樓,花蓮縣,花蓮市,國盛里,花蓮市一般行政區,否,否,50000.0,2021,獨資,Y,1,561113,麵店、小吃店
91157629,,樂澔茶坊,花蓮縣花蓮市國盛里國聯五路８２號１樓,花蓮縣,花蓮市,國盛里,花蓮市一般行政區,否,否,248000.0,2021,獨資,Y,1,563115,手搖飲店
60252692,,火火酒吧,花蓮縣花蓮市國盛里國聯五路８２號２樓,花蓮縣,花蓮市,國盛里,花蓮市一般行政區,否,否,200000.0,2026,合夥,N,0,563114,飲酒店
87350524,,辰陽商行,花蓮縣花蓮市國盛里國聯五路８６號１樓,花蓮縣,花蓮市,國盛里,花蓮市一般行政區,否,否,50000.0,2020,獨資,N,0,472914,飲料零售
29487678,,彭老爺香串燒,花蓮縣花蓮市國盛里國聯五路８８號１樓,花蓮縣,花蓮市,國盛里,花蓮市一般行政區,否,否,200000.0,2005,獨資,N,0,561113,麵店、小吃店
95213778,,雲山水沙灘車企業社,花蓮縣花蓮市國盛里國聯五路９０號,花蓮縣,花蓮市,國盛里,花蓮市一般行政區,否,否,30000.0,2025,獨資,N,0,773012,運動及娛樂用品租賃
91157825,,國聯棋牌桌遊社,花蓮縣花蓮市國盛里國聯五路９０號１樓,花蓮縣,花蓮市,國盛里,花蓮市一般行政區,否,否,50000.0,2021,獨資,N,0,932999,未分類其他娛樂及休閒服務
61457434,,財星商行,花蓮縣花蓮市國盛里國聯五路９２號,花蓮縣,花蓮市,國盛里,花蓮市一般行政區,否,否,80000.0,2026,獨資,N,0,561113,麵店、小吃店
72850141,,大王檳榔商行,花蓮縣花蓮市國盛里國聯五路９２號,花蓮縣,花蓮市,國盛里,花蓮市一般行政區,否,否,50000.0,2018,獨資,N,0,472936,檳榔零售
60245911,,上野視聽伴唱,花蓮縣花蓮市國盛里國聯五路９２號、９４號,花蓮縣,花蓮市,國盛里,花蓮市一般行政區,否,否,200000.0,2025,獨資,Y,1,932211,視唱中心（ＫＴＶ）
87355149,,京華城視聽歌唱,花蓮縣花蓮市國盛里國聯四路６３號１、２樓,花蓮縣,花蓮市,國盛里,花蓮市一般行政區,否,否,200000.0,2020,獨資,Y,1,932211,視唱中心（ＫＴＶ）
42980385,,麥爾德醫藥有限公司,花蓮縣花蓮市國盛里國聯四路６５號４樓之１,花蓮縣,花蓮市,國盛里,花蓮市一般行政區,否,否,1000000.0,2018,有限公司,Y,1,457113,醫療耗材批發
84511250,,綠思股份有限公司,花蓮縣花蓮市國盛里國聯四路６５號４樓之２,花蓮縣,花蓮市,國盛里,花蓮市一般行政區,否,否,8030000.0,1993,股份有限公司,Y,1,475199,其他藥品及醫療用品零售
91878627,52593145,芙瑞納股份有限公司花蓮營業處,花蓮縣花蓮市國盛里國聯四路６５號８樓之１,花蓮縣,花蓮市,國盛里,花蓮市一般行政區,否,否,0.0,2022,其他,Y,1,472914,飲料零售
54970799,,良辰吉食有限公司,花蓮縣花蓮市國盛里國聯四路６５號８樓之２,花蓮縣,花蓮市,國盛里,花蓮市一般行政區,否,否,100000.0,2019,有限公司,Y,1,812100,建築物一般清潔服務
27595911,,連花廣播電台股份有限公司,花蓮縣花蓮市國盛里國聯四路６５號８樓之３,花蓮縣,花蓮市,國盛里,花蓮市一般行政區,否,否,50000000.0,2005,股份有限公司,Y,1,601011,廣播電台經營
91158606,,喜客來自助餐,花蓮縣花蓮市國盛里國聯四路６７號１樓,花蓮縣,花蓮市,國盛里,花蓮市一般行政區,否,否,30000.0,2021,獨資,N,0,561112,便當、自助餐店
20051110,,美之御美容坊,花蓮縣花蓮市國盛里國聯四路７１號１樓,花蓮縣,花蓮市,國盛里,花蓮市一般行政區,否,否,10000.0,1997,獨資,N,0,962299,其他美容美體服務
85211982,,愛家食品企業,花蓮縣花蓮市國盛里國聯四路７１－１號１樓,花蓮縣,花蓮市,國盛里,花蓮市一般行政區,否,否,50000.0,2020,獨資,N,0,472113,醃漬蔬果零售
95211011,,吉億企業社,花蓮縣花蓮市國盛里國聯四路７１－１號１樓,花蓮縣,花蓮市,國盛里,花蓮市一般行政區,否,否,200000.0,2025,獨資,N,0,561111,早餐店
99807626,97451971,和丞興業股份有限公司花蓮服務中心,花蓮縣花蓮市國盛里國聯四路８０號１樓,花蓮縣,花蓮市,國盛里,花蓮市一般行政區,否,否,0.0,2004,其他,Y,1,959999,其他未分類個人及家庭用品維修
61457309,,拾光肌美學工作室,花蓮縣花蓮市國盛里國聯四路８３號２樓之２,花蓮縣,花蓮市,國盛里,花蓮市一般行政區,否,否,100000.0,2026,獨資,N,0,962299,其他美容美體服務
67937007,,太平洋魚行,花蓮縣花蓮市國盛里國聯四路８３號５樓之１,花蓮縣,花蓮市,國盛里,花蓮市一般行政區,否,否,100000.0,1998,獨資,N,0,472311,水產品零售
85208229,,四葉草自助洗衣,花蓮縣花蓮市國盛里國聯四路８５號１樓,花蓮縣,花蓮市,國盛里,花蓮市一般行政區,否,否,100000.0,2019,獨資,N,0,961012,自助洗衣店
62242361,22555003,統一超商股份有限公司花蓮縣第一一四分公司,花蓮縣花蓮市國盛里國聯四路８６、８８號,花蓮縣,花蓮市,國盛里,花蓮市一般行政區,否,否,0.0,2026,本國公司設立之分公司,Y,1,472913,菸酒零售
91342596,28483484,台灣順豐速運股份有限公司花蓮營業所,花蓮縣花蓮市國盛里國興一街７６號１樓,花蓮縣,花蓮市,國盛里,花蓮市一般行政區,否,否,0.0,2021,股份有限公司,Y,1,523111,鐵路、陸路貨運承攬
45126530,,鼎宏石業有限公司,花蓮縣花蓮市國盛里國興五街２２號１樓,花蓮縣,花蓮市,國盛里,花蓮市一般行政區,否,否,500000.0,2016,有限公司,Y,1,461311,貼面石材批發
62091954,,阿斯盾科技服務有限公司,花蓮縣花蓮市國盛里國興五街２６號１樓,花蓮縣,花蓮市,國盛里,花蓮市一般行政區,否,否,1000000.0,2026,有限公司,Y,1,483112,電腦套裝軟體零售
83428557,,辰帥建設有限公司,花蓮縣花蓮市國盛里國興五街２６號１樓,花蓮縣,花蓮市,國盛里,花蓮市一般行政區,否,否,100000.0,2020,有限公司,Y,1,524100,停車場管理
22678791,,鍾姓工程實業有限公司,花蓮縣花蓮市國盛里國興五街２８號,花蓮縣,花蓮市,國盛里,花蓮市一般行政區,否,否,10000000.0,1988,有限公司,Y,1,433111,水電工程
26789397,,泰神殿養生館,花蓮縣花蓮市國盛里００１鄰國聯五路３０號１樓,花蓮縣,花蓮市,國盛里,花蓮市一般行政區,否,否,50000.0,2011,獨資,N,0,969015,推拿按摩服務
72845491,,小毛企業社,花蓮縣花蓮市國盛里００１鄰國聯五路３２號２樓,花蓮縣,花蓮市,國盛里,花蓮市一般行政區,否,否,100000.0,2018,獨資,Y,1,487114,經營網路購物（食品、飲料類商品）
20059669,,大都會電子遊戲場業,花蓮縣花蓮市國盛里００２鄰國聯五路８０號１樓,花蓮縣,花蓮市,國盛里,花蓮市一般行政區,否,否,200000.0,1997,獨資,N,0,932411,電動玩具店
78853546,,三井當舖,花蓮縣花蓮市國盛里００３鄰國聯五路９６號,花蓮縣,花蓮市,國盛里,花蓮市一般行政區,否,否,1500000.0,1994,獨資,N,0,649611,典當服務
56676429,,慕果數位科技有限公司,花蓮縣花蓮市國盛里００３鄰國聯五路９８號,花蓮縣,花蓮市,國盛里,花蓮市一般行政區,否,否,1000000.0,2017,有限公司,Y,1,731099,其他廣告服務
56703919,,不只是行銷有限公司,花蓮縣花蓮市國盛里００３鄰國聯五路９８號,花蓮縣,花蓮市,國盛里,花蓮市一般行政區,否,否,300000.0,2017,有限公司,Y,1,820212,工商展覽籌辦
41461723,,昱順土木包工業,花蓮縣花蓮市國盛里００３鄰國聯五路９８號１樓,花蓮縣,花蓮市,國盛里,花蓮市一般行政區,否,否,1000000.0,2015,獨資,Y,1,429099,未分類其他土木工程
95080138,,真時空間設計,花蓮縣花蓮市國盛里００３鄰國聯五路９８號１樓,花蓮縣,花蓮市,國盛里,花蓮市一般行政區,否,否,200000.0,2024,獨資,Y,1,434011,室內裝潢工程
70757746,84490332,橡木桶洋酒股份有限公司花蓮分公司,花蓮縣花蓮市國盛里００５鄰國聯五路１５２號,花蓮縣,花蓮市,國盛里,花蓮市一般行政區,否,否,0.0,1999,本國公司設立之分公司,Y,1,472913,菸酒零售
37997935,,立昇藝品店,花蓮縣花蓮市國盛里００５鄰國聯五路１５８號１樓,花蓮縣,花蓮市,國盛里,花蓮市一般行政區,否,否,50000.0,2013,獨資,N,0,485216,礦物（寶石、貴金屬除外）零售
93056112,,鴨隊堡美食工作室,花蓮縣花蓮市國盛里００５鄰國聯五路１５８號１樓,花蓮縣,花蓮市,國盛里,花蓮市一般行政區,否,否,100000.0,2024,獨資,N,0,561113,麵店、小吃店
60245877,,夾起來企業社,花蓮縣花蓮市國盛里００６鄰國民九街１０號１樓,花蓮縣,花蓮市,國盛里,花蓮市一般行政區,否,否,30000.0,2025,獨資,N,0,932414,夾娃娃機店
13975877,,紅帽咖啡,花蓮縣花蓮市國盛里００８鄰國聯五路２５６號,花蓮縣,花蓮市,國盛里,花蓮市一般行政區,否,否,3000.0,2002,獨資,N,0,563199,其他飲料店
85208332,,力強工程行,花蓮縣花蓮市國盛里００８鄰國聯五路２６０號１樓,花蓮縣,花蓮市,國盛里,花蓮市一般行政區,否,否,200000.0,2019,獨資,Y,1,431099,其他整地、基礎及結構工程
42967123,,榕璟飯店有限公司,花蓮縣花蓮市國盛里０１１鄰國盛二街２０３－１號,花蓮縣,花蓮市,國盛里,花蓮市一般行政區,否,否,10000000.0,2018,有限公司,Y,1,551012,旅館
41189484,,莊小華,花蓮縣花蓮市國盛里０１２鄰國聯四路７７號騎樓,花蓮縣,花蓮市,國盛里,花蓮市一般行政區,否,否,3000.0,2014,獨資,N,0,932413,投幣式兒童騎乘機械玩具店
13158088,,米婕爾國際股份有限公司,花蓮縣花蓮市國盛里０１２鄰國聯四路８１號１樓,花蓮縣,花蓮市,國盛里,花蓮市一般行政區,否,否,5000000.0,2001,股份有限公司,Y,1,457299,其他化粧品批發
78039678,,國際廚具企業社,花蓮縣花蓮市國盛里０１４鄰國民２８－２號,花蓮縣,花蓮市,國盛里,花蓮市一般行政區,否,否,240000.0,1992,獨資,Y,1,474399,其他家飾品零售
00049984,,英量興石材有限公司,花蓮縣花蓮市國盛里０１５鄰國盛二街１７號１樓,花蓮縣,花蓮市,國盛里,花蓮市一般行政區,否,否,1000000.0,2024,有限公司,Y,1,431021,石作工程
00070439,,鼎量興投資開發有限公司,花蓮縣花蓮市國盛里０１５鄰國盛二街１７號１樓,花蓮縣,花蓮市,國盛里,花蓮市一般行政區,否,否,10000000.0,2025,有限公司,N,0,649911,投資有價證券
60247376,,隆耀工程行,花蓮縣花蓮市國盛里０１５鄰國盛二街１７號１樓,花蓮縣,花蓮市,國盛里,花蓮市一般行政區,否,否,248000.0,2025,獨資,Y,1,410099,其他建築工程
42976220,,誠日實業有限公司,花蓮縣花蓮市國盛里０１７鄰國民十二街５７號１樓,花蓮縣,花蓮市,國盛里,花蓮市一般行政區,否,否,5000000.0,2018,有限公司,Y,1,454999,未分類其他食品批發
72769276,,精彩奇寓民宿,花蓮縣花蓮市國盛里０１８鄰國盛二街９６號,花蓮縣,花蓮市,國盛里,花蓮市一般行政區,否,否,30000.0,2017,獨資,N,0,551013,民宿
93006227,,陽光晨堡民宿,花蓮縣花蓮市國盛里０１８鄰國盛二街９８號,花蓮縣,花蓮市,國盛里,花蓮市一般行政區,否,否,100000.0,2023,獨資,N,0,551013,民宿
82903765,,展殿企業有限公司,花蓮縣花蓮市國盛里０１９鄰國盛二街４２號,花蓮縣,花蓮市,國盛里,花蓮市一般行政區,否,否,3000000.0,2019,有限公司,Y,1,561117,吃到飽餐廳
40956487,,女王萬歲民宿,花蓮縣花蓮市國盛里０２３鄰國民八街１１１號,花蓮縣,花蓮市,國盛里,花蓮市一般行政區,否,否,200000.0,2014,獨資,N,0,551013,民宿
93056915,,禾謙數位行銷事業,花蓮縣花蓮市國盛里０２３鄰國民八街１１１號１樓,花蓮縣,花蓮市,國盛里,花蓮市一般行政區,否,否,200000.0,2024,獨資,N,0,620112,網頁設計
41117530,,挪威森林民宿,花蓮縣花蓮市國盛里０２３鄰國民八街１１３號,花蓮縣,花蓮市,國盛里,花蓮市一般行政區,否,否,600000.0,2014,獨資,N,0,551013,民宿
93051101,,婉榛早午餐,花蓮縣花蓮市國盛里０２３鄰國民八街１１３號１樓,花蓮縣,花蓮市,國盛里,花蓮市一般行政區,否,否,200000.0,2024,獨資,N,0,561111,早餐店
95197307,,相見民宿,花蓮縣花蓮市國盛里０２６鄰國盛五街２１―２號,花蓮縣,花蓮市,國盛里,花蓮市一般行政區,否,否,3000.0,2024,獨資,N,0,551013,民宿
82241230,,幸福來了民宿,花蓮縣花蓮市國盛里０２７鄰國民八街１５３號,花蓮縣,花蓮市,國盛里,花蓮市一般行政區,否,否,100000.0,2018,獨資,N,0,551013,民宿
22396821,,理新礦業股份有限公司,花蓮縣花蓮市國盛里１鄰國民七街５３號１１樓之２,花蓮縣,花蓮市,國盛里,花蓮市一般行政區,否,否,10000000.0,1987,股份有限公司,Y,1,060099,未分類砂、石採取及其他礦業
91882333,,奇幻２２５民宿,花蓮縣花蓮市國盛里１０鄰國盛二街２２５號,花蓮縣,花蓮市,國盛里,花蓮市一般行政區,否,否,30000.0,2022,獨資,N,0,551013,民宿
37995612,,金永豐起重工程行,花蓮縣花蓮市國盛里１０鄰國盛二街２２７號,花蓮縣,花蓮市,國盛里,花蓮市一般行政區,否,否,200000.0,2013,獨資,Y,1,439014,起重工程
92533165,,瑪卡菈絲髮閤,花蓮縣花蓮市國盛里１２鄰國盛一街１６６號１樓,花蓮縣,花蓮市,國盛里,花蓮市一般行政區,否,否,10000.0,2022,獨資,N,0,962111,美髮院及髮廊
09935918,,好朋友企業社,花蓮縣花蓮市國盛里１２鄰國聯四路７１―１號１樓,花蓮縣,花蓮市,國盛里,花蓮市一般行政區,否,否,300000.0,2006,獨資,N,0,681112,自有不動產租賃
62103699,,泉形室研有限公司,花蓮縣花蓮市國盛里１２鄰國聯四路８１－１號,花蓮縣,花蓮市,國盛里,花蓮市一般行政區,否,否,1000000.0,2026,有限公司,Y,1,740100,室內設計
18058496,,正棕鋼鋁業,花蓮縣花蓮市國盛里１４鄰國民２２－２號,花蓮縣,花蓮市,國盛里,花蓮市一般行政區,否,否,248000.0,2001,獨資,Y,1,461511,金屬門窗批發
24865187,,歌渡山音樂文創有限公司,花蓮縣花蓮市國盛里１４鄰國盛一街６６巷５―７號４樓,花蓮縣,花蓮市,國盛里,花蓮市一般行政區,否,否,2000000.0,2015,有限公司,Y,1,476314,樂器零售
60084112,,秀森山民宿,花蓮縣花蓮市國盛里１４鄰國盛二街５９號,花蓮縣,花蓮市,國盛里,花蓮市一般行政區,否,否,100000.0,2024,獨資,N,0,551013,民宿
87331549,,文旅小自由民宿,花蓮縣花蓮市國盛里１５鄰國盛二街４１號,花蓮縣,花蓮市,國盛里,花蓮市一般行政區,否,否,100000.0,2020,獨資,N,0,551013,民宿
31790795,,竹籬笆小吃店,花蓮縣花蓮市國盛里１６鄰國民６－１號,花蓮縣,花蓮市,國盛里,花蓮市一般行政區,否,否,3000.0,2012,獨資,N,0,561113,麵店、小吃店
10621915,,駿箖室內裝修工程行,花蓮縣花蓮市國盛里１７鄰國盛二街１０８號１樓,花蓮縣,花蓮市,國盛里,花蓮市一般行政區,否,否,50000.0,2008,獨資,Y,1,434011,室內裝潢工程
51800103,22555003,統一超商股份有限公司花蓮縣第一０一分公司,花蓮縣花蓮市國盛里１９鄰國民九街５６、５８號１樓,花蓮縣,花蓮市,國盛里,花蓮市一般行政區,否,否,0.0,2018,本國公司設立之分公司,Y,1,471112,直營連鎖式便利商店
92660458,,山禾曙旅宿民宿,花蓮縣花蓮市國盛里２５鄰國盛五街６７號,花蓮縣,花蓮市,國盛里,花蓮市一般行政區,否,否,50000.0,2023,獨資,N,0,551013,民宿
30101173,,密絲朵民宿,花蓮縣花蓮市國盛里２６鄰國民八街１０４―１號,花蓮縣,花蓮市,國盛里,花蓮市一般行政區,否,否,50000.0,2008,獨資,N,0,551013,民宿
09987859,,觀月民宿,花蓮縣花蓮市國盛里２６鄰國民八街９２號,花蓮縣,花蓮市,國盛里,花蓮市一般行政區,否,否,100000.0,2006,獨資,N,0,551013,民宿
09837640,,美麗家民宿,花蓮縣花蓮市國盛里２６鄰國民八街９６號,花蓮縣,花蓮市,國盛里,花蓮市一般行政區,否,否,5000.0,2007,獨資,N,0,551013,民宿
31444253,,坐看雲起民宿,花蓮縣花蓮市國盛里２９鄰國盛六街２－１號,花蓮縣,花蓮市,國盛里,花蓮市一般行政區,否,否,100000.0,2007,獨資,N,0,551013,民宿
82179545,,醇韻咖啡企業社,花蓮縣花蓮市國盛里３２鄰國興一街１２０號１樓,花蓮縣,花蓮市,國盛里,花蓮市一般行政區,否,否,100000.0,2019,獨資,N,0,472918,咖啡零售
12208201,,理建礦業股份有限公司,花蓮縣花蓮市國盛里４鄰國民七街５３號１１樓之２,花蓮縣,花蓮市,國盛里,花蓮市一般行政區,否,否,6000000.0,1979,股份有限公司,Y,1,060016,金屬礦採取
08136971,,奕昌商號,花蓮縣花蓮市國盛里４５鄰國民九街１２號１樓,花蓮縣,花蓮市,國盛里,花蓮市一般行政區,否,否,5000.0,1986,獨資,Y,1,472913,菸酒零售
78031438,,東京企業社,花蓮縣花蓮市國盛里４５鄰國盛一街２１２號１樓,花蓮縣,花蓮市,國盛里,花蓮市一般行政區,否,否,100000.0,1991,獨資,N,0,681112,自有不動產租賃
95805105,,麥可洗衣店,花蓮縣花蓮市國盛里４６鄰國民九街２７號,花蓮縣,花蓮市,國盛里,花蓮市一般行政區,否,否,3000.0,1995,獨資,N,0,961099,其他洗衣服務
20066752,,一乙力企業社,花蓮縣花蓮市國盛里４６鄰國民九街４５號,花蓮縣,花蓮市,國盛里,花蓮市一般行政區,否,否,4000000.0,1998,獨資,Y,1,474199,其他家用電器零售
27819813,12713778,譽馨股份有限公司國聯分公司,花蓮縣花蓮市國盛里５鄰國聯五路１５０號,花蓮縣,花蓮市,國盛里,花蓮市一般行政區,否,否,0.0,2005,本國公司設立之分公司,Y,1,471916,超級市場
79972957,,頂豪營造有限公司,花蓮縣花蓮市國盛里５０鄰國盛八街８１號,花蓮縣,花蓮市,國盛里,花蓮市一般行政區,否,否,5000000.0,2002,有限公司,Y,1,410013,住宅營建
67930671,,泉興免洗餐具行,花蓮縣花蓮市國盛里５０鄰國盛八街８７號１樓,花蓮縣,花蓮市,國盛里,花蓮市一般行政區,否,否,5000000.0,1998,獨資,Y,1,454999,未分類其他食品批發
16016703,,良友工程顧問有限公司,花蓮縣花蓮市國盛里５４鄰國盛五街３４號１樓,花蓮縣,花蓮市,國盛里,花蓮市一般行政區,否,否,1000000.0,1997,有限公司,Y,1,711211,土木工程顧問
27988578,97452508,國廣興實業股份有限公司國聯第一分公司,花蓮縣花蓮市國盛里７鄰國聯五路２３８號,花蓮縣,花蓮市,國盛里,花蓮市一般行政區,否,否,0.0,2006,本國公司設立之分公司,Y,1,551012,旅館
59005570,,大白象農業發展股份有限公司,花蓮縣花蓮市國福里中山路二段１－２號,花蓮縣,花蓮市,國福里,花蓮市一般行政區,否,否,2380000.0,2017,股份有限公司,Y,1,011400,蔬菜栽培
93052609,,譽銘土木包工業,花蓮縣花蓮市國福里佐倉街１２號１樓,花蓮縣,花蓮市,國福里,花蓮市一般行政區,否,否,1000000.0,2024,獨資,Y,1,429099,未分類其他土木工程
60246762,,日出佐倉企業社,花蓮縣花蓮市國福里佐倉街３６１號２樓,花蓮縣,花蓮市,國福里,花蓮市一般行政區,否,否,100000.0,2025,合夥,N,0,681112,自有不動產租賃
60246279,,東園工程行,花蓮縣花蓮市國福里國福街１８６巷２６號１樓,花蓮縣,花蓮市,國福里,花蓮市一般行政區,否,否,246000.0,2025,獨資,Y,1,434012,油漆粉刷、壁飾（紙）黏貼工程
50747215,,徐家農產行,花蓮縣花蓮市國福里國福街２３３號１樓,花蓮縣,花蓮市,國福里,花蓮市一般行政區,否,否,100000.0,2017,獨資,N,0,011200,雜糧栽培
30201721,,嘎娃文化藝術工作室,花蓮縣花蓮市國福里沙基拉雅街１０９號２樓,花蓮縣,花蓮市,國福里,花蓮市一般行政區,否,否,150000.0,2009,獨資,N,0,473299,其他服裝及其配件零售
18059734,,朱麗安娜國際美容仕女名店,花蓮縣花蓮市國福里沙基拉雅街１１３巷３０號,花蓮縣,花蓮市,國福里,花蓮市一般行政區,否,否,3000.0,2001,獨資,N,0,475299,其他化粧品零售
99473846,,伊多麗精品名店,花蓮縣花蓮市國福里沙基拉雅街１１３巷３０號,花蓮縣,花蓮市,國福里,花蓮市一般行政區,否,否,5000.0,2004,獨資,N,0,473211,服裝零售
61456272,,利馬工程行,花蓮縣花蓮市國福里沙基拉雅街１２３號１樓,花蓮縣,花蓮市,國福里,花蓮市一般行政區,否,否,240000.0,2026,獨資,Y,1,433112,電路工程
61456435,,鳳品醇農業企業社,花蓮縣花蓮市國福里沙基拉雅街３７號,花蓮縣,花蓮市,國福里,花蓮市一般行政區,否,否,200000.0,2026,獨資,N,0,013012,作物栽培服務
85212455,,弘義油漆工程行,花蓮縣花蓮市國福里沙基拉雅街３９巷３０弄１９號１樓,花蓮縣,花蓮市,國福里,花蓮市一般行政區,否,否,200000.0,2020,獨資,Y,1,434012,油漆粉刷、壁飾（紙）黏貼工程
92639771,,茂松工程行,花蓮縣花蓮市國福里沙基拉雅街３９巷３０弄９５號１樓,花蓮縣,花蓮市,國福里,花蓮市一般行政區,否,否,200000.0,2023,獨資,Y,1,433111,水電工程
91159963,,魯傌捌拾工作坊,花蓮縣花蓮市國福里沙基拉雅街８０號,花蓮縣,花蓮市,國福里,花蓮市一般行政區,否,否,100000.0,2022,獨資,N,0,472999,未分類其他食品、飲料及菸草製品零售
49753821,,忞昇油漆工程行,花蓮縣花蓮市國福里福光街３４７巷１８號１樓,花蓮縣,花蓮市,國福里,花蓮市一般行政區,否,否,200000.0,2016,獨資,Y,1,481011,漆料及塗料零售
50744322,,鴻輰企業,花蓮縣花蓮市國福里福光街３４７巷４２號１樓,花蓮縣,花蓮市,國福里,花蓮市一般行政區,否,否,2000000.0,2017,獨資,Y,1,433211,冷凍、通風、空調系統裝修工程
95212166,,夢建聯合企業社,花蓮縣花蓮市國福里福光街３４７巷７號１樓,花蓮縣,花蓮市,國福里,花蓮市一般行政區,否,否,200000.0,2025,獨資,Y,1,487212,多層次傳銷（商品銷貨收入）
95215516,,焦焦網路生活便利店,花蓮縣花蓮市國福里福光街３５３巷３３號,花蓮縣,花蓮市,國福里,花蓮市一般行政區,否,否,200000.0,2025,獨資,N,0,487199,其他電子購物及郵購
92537182,,崧鋰工程行,花蓮縣花蓮市國福里００１鄰佐倉街２１２號１樓,花蓮縣,花蓮市,國福里,花蓮市一般行政區,否,否,200000.0,2023,獨資,Y,1,410012,鐵皮屋搭建
42605868,,易又展有限公司,花蓮縣花蓮市國福里００１鄰福光街３５３巷３９號１樓,花蓮縣,花蓮市,國福里,花蓮市一般行政區,否,否,200000.0,2015,有限公司,Y,1,462017,化學溶劑、工業添加劑批發
83561098,,東威石材有限公司,花蓮縣花蓮市國福里００１鄰福光街３５３巷３９號１樓,花蓮縣,花蓮市,國福里,花蓮市一般行政區,否,否,4500000.0,2019,有限公司,Y,1,461311,貼面石材批發
19537679,,成泰汽車商行,花蓮縣花蓮市國福里００１鄰福光街３５３巷４５號１樓,花蓮縣,花蓮市,國福里,花蓮市一般行政區,否,否,30000.0,1996,獨資,N,0,484112,中古汽車零售
93053662,,萬祥塑膠企業社,花蓮縣花蓮市國福里００３鄰國福街２８９巷１６８弄１號１樓,花蓮縣,花蓮市,國福里,花蓮市一般行政區,否,否,200000.0,2024,獨資,Y,1,220211,塑膠膜製造
61213233,,迴音谷知櫻民宿,花蓮縣花蓮市國福里００３鄰國福街２８９巷１６８弄３３號,花蓮縣,花蓮市,國福里,花蓮市一般行政區,否,否,3000.0,2025,獨資,N,0,551013,民宿
61213254,,迴音谷楓聆民宿,花蓮縣花蓮市國福里００３鄰國福街２８９巷１６８弄３５號,花蓮縣,花蓮市,國福里,花蓮市一般行政區,否,否,3000.0,2025,獨資,N,0,551013,民宿
87352451,,國福工程行,花蓮縣花蓮市國福里００４鄰國福街１４８號１樓,花蓮縣,花蓮市,國福里,花蓮市一般行政區,否,否,10000.0,2021,獨資,Y,1,410011,房屋修繕
94747804,,洄瀾工業股份有限公司,花蓮縣花蓮市國福里００４鄰國福街２６３巷６０號,花蓮縣,花蓮市,國福里,花蓮市一般行政區,否,否,3600000.0,2014,股份有限公司,Y,1,454611,國產菸酒批發
91156332,,兆鼎工程行,花蓮縣花蓮市國福里００５鄰中山路二段６２號１樓,花蓮縣,花蓮市,國福里,花蓮市一般行政區,否,否,240000.0,2021,獨資,Y,1,433111,水電工程
78038397,,太華水電企業,花蓮縣花蓮市國福里００５鄰中山路二段６８號１樓,花蓮縣,花蓮市,國福里,花蓮市一般行政區,否,否,10000000.0,1992,獨資,Y,1,433111,水電工程
60248522,,合笙工程行,花蓮縣花蓮市國福里００５鄰國福街２７２巷２３號,花蓮縣,花蓮市,國福里,花蓮市一般行政區,否,否,200000.0,2025,獨資,Y,1,252299,其他金屬建築組件製造
69715163,,卡米原創有限公司,花蓮縣花蓮市國福里００５鄰沙基拉雅街１１３巷１２弄１５號,花蓮縣,花蓮市,國福里,花蓮市一般行政區,否,否,200000.0,2017,有限公司,Y,1,740914,視覺傳達與平面設計
91600242,,有限責任花蓮縣原住民田亮了農創農產加工運銷合作社,花蓮縣花蓮市國福里００６鄰沙基拉雅街５９巷６號１樓,花蓮縣,花蓮市,國福里,花蓮市一般行政區,否,否,300000.0,2022,合作社,Y,1,454111,蔬菜批發
91594065,,昕弘工程行,花蓮縣花蓮市國福里００６鄰沙基拉雅街９３號,花蓮縣,花蓮市,國福里,花蓮市一般行政區,否,否,200000.0,2022,獨資,Y,1,410011,房屋修繕
93045946,,近山左民宿,花蓮縣花蓮市國福里００６鄰沙基拉雅街９８－１號,花蓮縣,花蓮市,國福里,花蓮市一般行政區,否,否,100000.0,2023,獨資,N,0,551013,民宿
50618079,,禾亮家香草創意坊,花蓮縣花蓮市國福里００８鄰沙基拉雅街３９巷３０弄１０３號１樓,花蓮縣,花蓮市,國福里,花蓮市一般行政區,否,否,100000.0,2017,獨資,N,0,487199,其他電子購物及郵購
85206685,,純真商行,花蓮縣花蓮市國福里００８鄰沙基拉雅街３９巷３０弄１０３號１樓,花蓮縣,花蓮市,國福里,花蓮市一般行政區,否,否,200000.0,2019,獨資,N,0,472912,食用油脂零售
87508406,,富澤企業社,花蓮縣花蓮市國福里００８鄰沙基拉雅街３９巷３０弄２９號１樓,花蓮縣,花蓮市,國福里,花蓮市一般行政區,否,否,100000.0,2021,獨資,Y,1,782000,人力供應
42672599,,丹上美有限公司,花蓮縣花蓮市國福里００８鄰沙基拉雅街３９巷３０弄７５號１樓,花蓮縣,花蓮市,國福里,花蓮市一般行政區,否,否,100000.0,2015,有限公司,Y,1,740999,未分類其他專門設計服務
91592159,,三大工程行,花蓮縣花蓮市國福里００８鄰沙基拉雅街３９巷３２號,花蓮縣,花蓮市,國福里,花蓮市一般行政區,否,否,400000.0,2022,獨資,Y,1,439099,未分類其他專門營造
60249515,,撒奇萊雅工藝坊,花蓮縣花蓮市國福里００９鄰沙基拉雅街２１號,花蓮縣,花蓮市,國福里,花蓮市一般行政區,否,否,100000.0,2026,獨資,N,0,485217,手工藝品零售
87351707,,大正農產行,花蓮縣花蓮市國福里００９鄰沙基拉雅街３９巷１３號１樓,花蓮縣,花蓮市,國福里,花蓮市一般行政區,否,否,50000.0,2021,獨資,N,0,472112,水果零售
61456358,,睿沅露營場,花蓮縣花蓮市國福里０１１鄰石壁街２５８號,花蓮縣,花蓮市,國福里,花蓮市一般行政區,否,否,50000.0,2026,獨資,N,0,559099,未分類其他住宿
85211619,,仕恩商行,花蓮縣花蓮市國福里０１２鄰石壁街２０號,花蓮縣,花蓮市,國福里,花蓮市一般行政區,否,否,5000.0,2020,獨資,N,0,471913,雜貨店
37999482,,好幫手工程行,花蓮縣花蓮市國福里０１２鄰石壁街２９巷１１１號１樓,花蓮縣,花蓮市,國福里,花蓮市一般行政區,否,否,200000.0,2014,獨資,Y,1,952312,家用電器維修
92536487,,韓佳精品服飾,花蓮縣花蓮市國福里０１３鄰福光街３５３巷７號１樓,花蓮縣,花蓮市,國福里,花蓮市一般行政區,否,否,100000.0,2023,獨資,N,0,487115,經營網路購物（服飾類商品）
90220011,,書適圈有限公司,花蓮縣花蓮市國福里０１３鄰福光街３５９巷１６號１樓,花蓮縣,花蓮市,國福里,花蓮市一般行政區,否,否,50000.0,2022,有限公司,Y,1,969099,未分類其他個人服務
93049268,,明凱行銷,花蓮縣花蓮市國福里０１３鄰福光街３５９巷６號,花蓮縣,花蓮市,國福里,花蓮市一般行政區,否,否,246000.0,2024,獨資,N,0,471913,雜貨店
41016548,,紘慶工程行,花蓮縣花蓮市國福里０１３鄰福光街３５９巷９號１樓,花蓮縣,花蓮市,國福里,花蓮市一般行政區,否,否,3000.0,2015,獨資,Y,1,461400,漆料及塗料批發
87351100,,禾岳工程行,花蓮縣花蓮市國福里０１３鄰福光街３５９巷９號１樓,花蓮縣,花蓮市,國福里,花蓮市一般行政區,否,否,3000.0,2021,獨資,Y,1,461599,其他金屬建材批發
91152899,,以新企業社,花蓮縣花蓮市國福里０１３鄰福光街３８３巷１２號,花蓮縣,花蓮市,國福里,花蓮市一般行政區,否,否,249000.0,2021,獨資,Y,1,431011,建築鋼架組立
15795631,,越炘工程行,花蓮縣花蓮市國福里１鄰佐倉街１２號１樓,花蓮縣,花蓮市,國福里,花蓮市一般行政區,否,否,498000.0,2003,獨資,Y,1,410013,住宅營建
10065868,,卉鑫花店,花蓮縣花蓮市國福里１鄰福光街３４７巷９號１樓,花蓮縣,花蓮市,國福里,花蓮市一般行政區,否,否,10000.0,2007,獨資,N,0,485111,切花、盆栽零售
10620535,,鑫達商號,花蓮縣花蓮市國福里１鄰福光街３５３巷５３號１,花蓮縣,花蓮市,國福里,花蓮市一般行政區,否,否,10000.0,2008,獨資,N,0,454214,農產品（家畜及家禽肉品）批發市場承銷
34881828,,壹陸捌花園景觀企業社,花蓮縣花蓮市國福里１１鄰石壁街２３７號,花蓮縣,花蓮市,國福里,花蓮市一般行政區,否,否,249000.0,2010,獨資,Y,1,453211,切花、盆栽批發
27296224,,光合作用戶外探索有限公司,花蓮縣花蓮市國福里３鄰佐倉街３６９號,花蓮縣,花蓮市,國福里,花蓮市一般行政區,否,否,1000000.0,2004,有限公司,Y,1,932999,未分類其他娛樂及休閒服務
09884925,,迴音谷森林民宿,花蓮縣花蓮市國福里３鄰國福街２８９巷１６８弄２１號,花蓮縣,花蓮市,國福里,花蓮市一般行政區,否,否,3000.0,2007,獨資,Y,1,551013,民宿
94627224,,宏津商號,花蓮縣花蓮市國福里３鄰國福街３１５號,花蓮縣,花蓮市,國福里,花蓮市一般行政區,否,否,3000.0,1986,獨資,N,0,474999,未分類其他家用器具及用品零售
21590039,,水旺農產行,花蓮縣花蓮市國福里４鄰國福街２２１巷５０號１樓,花蓮縣,花蓮市,國福里,花蓮市一般行政區,否,否,248000.0,2005,獨資,N,0,454111,蔬菜批發
26792317,,采林行,花蓮縣花蓮市國福里５鄰中山路二段７６號１樓,花蓮縣,花蓮市,國福里,花蓮市一般行政區,否,否,1000000.0,2012,獨資,Y,1,432000,庭園景觀工程
91157395,,快來洗洗衣店,花蓮縣花蓮市國福里５鄰中山路二段９０巷４５號,花蓮縣,花蓮市,國福里,花蓮市一般行政區,否,否,240000.0,2021,獨資,Y,1,961099,其他洗衣服務
94630754,,國福商號,花蓮縣花蓮市國福里５鄰中山路２段１０１號,花蓮縣,花蓮市,國福里,花蓮市一般行政區,否,否,5000.0,1977,獨資,N,0,474999,未分類其他家用器具及用品零售
78852547,,育明重機企業社,花蓮縣花蓮市國福里５鄰中山路２段１３２號１樓,花蓮縣,花蓮市,國福里,花蓮市一般行政區,否,否,1200000.0,1994,獨資,Y,1,439012,模板工程
78850132,94170409,花蓮市農會超市貨品配送中心,花蓮縣花蓮市國福里６鄰中山路２段１之３號,花蓮縣,花蓮市,國福里,花蓮市一般行政區,否,否,0.0,1994,其他,Y,1,474999,未分類其他家用器具及用品零售
78042792,94170409,花蓮市農會供銷部,花蓮縣花蓮市國福里６鄰中山路２段１號,花蓮縣,花蓮市,國福里,花蓮市一般行政區,否,否,0.0,1992,其他,Y,1,472924,米零售
18057551,,富強工藝社,花蓮縣花蓮市國福里６鄰中山路２段７１巷９６號,花蓮縣,花蓮市,國福里,花蓮市一般行政區,否,否,5000.0,2001,獨資,N,0,485217,手工藝品零售
19539395,,尚可鋼鋁企業社,花蓮縣花蓮市國福里６鄰沙基拉雅街８７號,花蓮縣,花蓮市,國福里,花蓮市一般行政區,否,否,5000.0,1996,獨資,Y,1,461511,金屬門窗批發
30198492,,安羿佳飼養場,花蓮縣花蓮市國福里７鄰國福街１８６巷１７號３樓,花蓮縣,花蓮市,國福里,花蓮市一般行政區,否,否,3000.0,2009,獨資,N,0,012999,未分類其他畜牧
30375763,,富盛企業社,花蓮縣花蓮市國福里８鄰沙基拉雅街３９巷３０弄８９號１樓,花蓮縣,花蓮市,國福里,花蓮市一般行政區,否,否,100000.0,2009,獨資,Y,1,494011,汽車貨櫃貨運
92504437,70369154,俥亭停車事業股份有限公司花蓮富國營業所,花蓮縣花蓮市國聯一路１號旁空地停車場,花蓮縣,花蓮市,市區其他未標示里,花蓮市一般行政區,否,否,0.0,2022,其他,Y,1,524100,停車場管理
42208164,41459584,全方位租賃機車行國聯分店,花蓮縣花蓮市國聯一路１６７號旁,花蓮縣,花蓮市,市區其他未標示里,花蓮市一般行政區,否,否,0.0,2015,其他,Y,1,772911,機車出租
94886755,99754395,永盛企業社站前停車場,花蓮縣花蓮市國聯一路１８號旁停車場,花蓮縣,花蓮市,市區其他未標示里,花蓮市一般行政區,否,否,0.0,2024,其他,Y,1,524100,停車場管理
95204497,,小酌一下原民小吃店,花蓮縣花蓮市國聯五路１００號旁Ａ６號攤位,花蓮縣,花蓮市,市區其他未標示里,花蓮市一般行政區,否,否,30000.0,2024,獨資,N,0,561115,餐廳
60196799,89798198,微程式資訊股份有限公司花蓮統冠場,花蓮縣花蓮市國聯五路１３０號旁,花蓮縣,花蓮市,市區其他未標示里,花蓮市一般行政區,否,否,0.0,2025,其他,Y,1,524100,停車場管理
20056332,,攤販－哥標檳榔,花蓮縣花蓮市國聯五路１４號騎樓,花蓮縣,花蓮市,市區其他未標示里,花蓮市一般行政區,否,否,3000.0,1997,獨資,N,0,472936,檳榔零售
60236693,,昇檳榔行,花蓮縣花蓮市國聯五路２５號,花蓮縣,花蓮市,市區其他未標示里,花蓮市一般行政區,否,否,50000.0,2025,獨資,N,0,472936,檳榔零售
92563104,89483140,岳洋股份有限公司花蓮國聯營業處,花蓮縣花蓮市國聯五路２５號旁空地,花蓮縣,花蓮市,市區其他未標示里,花蓮市一般行政區,否,否,0.0,2023,其他,Y,1,524100,停車場管理
56602530,27940499,香港商世界健身事業有限公司花蓮分公司,花蓮縣花蓮市國聯五路５８號、６０號、６２號及國聯三路１１１號,花蓮縣,花蓮市,市區其他未標示里,花蓮市一般行政區,否,否,0.0,2017,外國公司在台之分公司,Y,1,931219,健身中心
60260004,42939507,鉅盛事業有限公司來停花蓮國聯停車場,花蓮縣花蓮市國聯五路６９號地下一樓、６９－１號,花蓮縣,花蓮市,市區其他未標示里,花蓮市一般行政區,否,否,0.0,2025,其他,Y,1,524100,停車場管理
15785155,,攤販－許菀玲,花蓮縣花蓮市國聯夜市富國段地號３０５,花蓮縣,花蓮市,市區其他未標示里,花蓮市一般行政區,否,否,2000.0,2003,獨資,N,0,561200,餐食攤販
92771855,,晶瀠美學,花蓮縣花蓮市國聯里中山路４２２―６號１樓,花蓮縣,花蓮市,國聯里,花蓮市一般行政區,否,否,30000.0,2023,獨資,N,0,475299,其他化粧品零售
20056500,,聯發粵菜館,花蓮縣花蓮市國聯里中山路４２２之３號１樓,花蓮縣,花蓮市,國聯里,花蓮市一般行政區,否,否,3000.0,1997,獨資,N,0,561112,便當、自助餐店
64816347,,花玉自助餐館,花蓮縣花蓮市國聯里中山路４２２之４號,花蓮縣,花蓮市,國聯里,花蓮市一般行政區,否,否,5000.0,1989,獨資,N,0,561112,便當、自助餐店
92636351,,花蓮得正行,花蓮縣花蓮市國聯里中山路４２２之５號,花蓮縣,花蓮市,國聯里,花蓮市一般行政區,否,否,200000.0,2023,合夥,Y,1,563115,手搖飲店
78852080,,滿庭芳烘焙專賣店,花蓮縣花蓮市國聯里中山路４２２之７號１樓,花蓮縣,花蓮市,國聯里,花蓮市一般行政區,否,否,20000.0,1994,獨資,Y,1,472922,西點麵包零售
95213475,,紫羽商行,花蓮縣花蓮市國聯里中山路４２２－１號１樓,花蓮縣,花蓮市,國聯里,花蓮市一般行政區,否,否,238000.0,2025,獨資,Y,1,563115,手搖飲店
93051088,,廷于企業,花蓮縣花蓮市國聯里中山路４２２－３號１樓,花蓮縣,花蓮市,國聯里,花蓮市一般行政區,否,否,200000.0,2024,合夥,Y,1,563115,手搖飲店
16447034,22555003,統一超商股份有限公司花蓮縣第１１分公司,花蓮縣花蓮市國聯里中山路４２６號,花蓮縣,花蓮市,國聯里,花蓮市一般行政區,否,否,0.0,1998,本國公司設立之分公司,Y,1,471112,直營連鎖式便利商店
91918557,,藝馨台越美食,花蓮縣花蓮市國聯里中山路４４４號,花蓮縣,花蓮市,國聯里,花蓮市一般行政區,否,否,15000.0,2022,獨資,N,0,561113,麵店、小吃店
95800087,,林記清粥舖,花蓮縣花蓮市國聯里中山路４５２號１樓,花蓮縣,花蓮市,國聯里,花蓮市一般行政區,否,否,3000.0,1995,獨資,N,0,561113,麵店、小吃店
50742247,,諺宸小吃店,花蓮縣花蓮市國聯里中山路４５６號１樓,花蓮縣,花蓮市,國聯里,花蓮市一般行政區,否,否,50000.0,2017,獨資,N,0,561115,餐廳
94834434,,健源水電行,花蓮縣花蓮市國聯里中山路４５８號,花蓮縣,花蓮市,國聯里,花蓮市一般行政區,否,否,1000000.0,1984,獨資,Y,1,433111,水電工程
93056226,,宥翔小館,花蓮縣花蓮市國聯里中山路４６６號,花蓮縣,花蓮市,國聯里,花蓮市一般行政區,否,否,100000.0,2024,獨資,N,0,561113,麵店、小吃店
82184239,,上野安全帽,花蓮縣花蓮市國聯里中山路４７２號１樓,花蓮縣,花蓮市,國聯里,花蓮市一般行政區,否,否,100000.0,2019,獨資,N,0,484314,機車零件、機車百貨零售
94799210,,寶島眼鏡行,花蓮縣花蓮市國聯里中山路５５１－１號１樓,花蓮縣,花蓮市,國聯里,花蓮市一般行政區,否,否,200000.0,1982,合夥,Y,1,474412,眼鏡及其零配件零售
60278270,53601523,鼎豐國際開發股份有限公司吉祥停車場,花蓮縣花蓮市國聯里中山路５５３號,花蓮縣,花蓮市,國聯里,花蓮市一般行政區,否,否,0.0,2025,其他,Y,1,524100,停車場管理
91392259,,花蓮丁丁藥局,花蓮縣花蓮市國聯里中山路５５３號,花蓮縣,花蓮市,國聯里,花蓮市一般行政區,否,否,200000.0,2021,獨資,Y,1,475112,西藥零售
27556001,89797536,王記茶舖有限公司花蓮分公司,花蓮縣花蓮市國聯里中山路５６５號,花蓮縣,花蓮市,國聯里,花蓮市一般行政區,否,否,0.0,2005,本國公司設立之分公司,Y,1,561113,麵店、小吃店
90408562,,新甲開發有限公司,花蓮縣花蓮市國聯里中山路５６５號１樓,花蓮縣,花蓮市,國聯里,花蓮市一般行政區,否,否,13320000.0,2021,有限公司,Y,1,461999,未分類其他建材批發
94157004,,和隆號,花蓮縣花蓮市國聯里中山路５７１巷１０號,花蓮縣,花蓮市,國聯里,花蓮市一般行政區,否,否,5000.0,1977,獨資,N,0,472211,畜肉零售
31751792,,風城故事,花蓮縣花蓮市國聯里中山路５７１巷９號旁,花蓮縣,花蓮市,國聯里,花蓮市一般行政區,否,否,10000.0,2012,獨資,N,0,561200,餐食攤販
82141083,,順河企業社,花蓮縣花蓮市國聯里中山路６０１巷１弄１４―２號,花蓮縣,花蓮市,國聯里,花蓮市一般行政區,否,否,200000.0,2018,獨資,Y,1,457299,其他化粧品批發
28128422,,花蓮之聲廣播電台股份有限公司,花蓮縣花蓮市國聯里中山路６０１巷１弄１４―３號２樓,花蓮縣,花蓮市,國聯里,花蓮市一般行政區,否,否,10000000.0,2009,股份有限公司,Y,1,601011,廣播電台經營
28097997,,蓮友廣播電台股份有限公司,花蓮縣花蓮市國聯里中山路６０１巷１弄１４―３號３樓,花蓮縣,花蓮市,國聯里,花蓮市一般行政區,否,否,6000000.0,2009,股份有限公司,Y,1,601011,廣播電台經營
92538324,,樞霖企業社,花蓮縣花蓮市國聯里中山路６０１巷１弄１４－２號,花蓮縣,花蓮市,國聯里,花蓮市一般行政區,否,否,200000.0,2023,獨資,Y,1,457299,其他化粧品批發
85423352,,花蓮北吉光輕旅民宿,花蓮縣花蓮市國聯里中山路６０１巷１弄１９號,花蓮縣,花蓮市,國聯里,花蓮市一般行政區,否,否,3000.0,2020,獨資,N,0,551013,民宿
95078055,,快樂腳青年民宿,花蓮縣花蓮市國聯里中山路６０１巷１弄２號,花蓮縣,花蓮市,國聯里,花蓮市一般行政區,否,否,300000.0,2024,獨資,N,0,559099,未分類其他住宿
61299549,,林國欽自助洗衣店,花蓮縣花蓮市國聯里中山路６０１巷１弄２３號１樓,花蓮縣,花蓮市,國聯里,花蓮市一般行政區,否,否,100000.0,2025,獨資,N,0,961012,自助洗衣店
20051744,,正隆相框工藝社,花蓮縣花蓮市國聯里中山路６０１巷１弄８號１樓,花蓮縣,花蓮市,國聯里,花蓮市一般行政區,否,否,3000.0,1997,獨資,N,0,474412,眼鏡及其零配件零售
61490481,,金佑良吉商行,花蓮縣花蓮市國聯里中山路６０１巷１６號前,花蓮縣,花蓮市,國聯里,花蓮市一般行政區,否,否,30000.0,2026,獨資,N,0,561200,餐食攤販
20052743,,彩興企業社,花蓮縣花蓮市國聯里中山路６０１巷２３號２樓,花蓮縣,花蓮市,國聯里,花蓮市一般行政區,否,否,8000.0,1997,獨資,N,0,962111,美髮院及髮廊
95083536,50872352,海柏特股份有限公司花蓮服務中心,花蓮縣花蓮市國聯里中山路６０３號１樓,花蓮縣,花蓮市,國聯里,花蓮市一般行政區,否,否,0.0,2024,其他,Y,1,464111,電腦及電腦週邊設備批發
72847842,,明芽窯工作室,花蓮縣花蓮市國聯里中山路６０９號１樓,花蓮縣,花蓮市,國聯里,花蓮市一般行政區,否,否,200000.0,2018,獨資,N,0,232912,陶瓷裝飾品燒製
42103582,,伊島民宿,花蓮縣花蓮市國聯里中山路６１９號,花蓮縣,花蓮市,國聯里,花蓮市一般行政區,否,否,10000.0,2015,獨資,N,0,551013,民宿
31793596,,祐佳企業社,花蓮縣花蓮市國聯里中山路６４１號１樓,花蓮縣,花蓮市,國聯里,花蓮市一般行政區,否,否,2000000.0,2013,獨資,Y,1,464211,電子器材、電子設備批發
91151815,,禾豊企業社,花蓮縣花蓮市國聯里商校街１８４―１號１樓,花蓮縣,花蓮市,國聯里,花蓮市一般行政區,否,否,200000.0,2021,獨資,Y,1,563199,其他飲料店
91152434,,晶新企業社,花蓮縣花蓮市國聯里商校街１８４號１樓,花蓮縣,花蓮市,國聯里,花蓮市一般行政區,否,否,200000.0,2021,獨資,N,0,961012,自助洗衣店
09692882,94170908,花蓮縣農會無毒優質農特產品展售中心,花蓮縣花蓮市國聯里商校街２３４號,花蓮縣,花蓮市,國聯里,花蓮市一般行政區,否,否,0.0,2006,其他,Y,1,472999,未分類其他食品、飲料及菸草製品零售
13972175,,宏欣帆布行,花蓮縣花蓮市國聯里商校街２４６號,花蓮縣,花蓮市,國聯里,花蓮市一般行政區,否,否,200000.0,2002,獨資,Y,1,473114,帆布零售
50746031,,秀綠義式餐坊,花蓮縣花蓮市國聯里商校街３０、３２號１樓,花蓮縣,花蓮市,國聯里,花蓮市一般行政區,否,否,100000.0,2017,獨資,Y,1,561115,餐廳
60247523,,丸子星球創藝航站教育工作室,花蓮縣花蓮市國聯里商校街８６號１樓,花蓮縣,花蓮市,國聯里,花蓮市一般行政區,否,否,10000.0,2025,獨資,N,0,932999,未分類其他娛樂及休閒服務
41010734,,朵昂思髮型生活館,花蓮縣花蓮市國聯里商校街９２號１樓,花蓮縣,花蓮市,國聯里,花蓮市一般行政區,否,否,150000.0,2014,獨資,N,0,962111,美髮院及髮廊
91155740,,蒔夜商店,花蓮縣花蓮市國聯里商校街９６號１樓,花蓮縣,花蓮市,國聯里,花蓮市一般行政區,否,否,80000.0,2021,獨資,N,0,561115,餐廳
72342815,,艾霏企業社,花蓮縣花蓮市國聯里國民一街１０號６樓之２,花蓮縣,花蓮市,國聯里,花蓮市一般行政區,否,否,200000.0,2017,獨資,N,0,487115,經營網路購物（服飾類商品）
24444877,,洄瀾風生態有限公司,花蓮縣花蓮市國聯里國民一街１４號１樓,花蓮縣,花蓮市,國聯里,花蓮市一般行政區,否,否,3000000.0,2009,有限公司,Y,1,760999,其他未分類專業、科學及技術服務
91151619,,桌點藝數工作室,花蓮縣花蓮市國聯里國民一街５７號１樓,花蓮縣,花蓮市,國聯里,花蓮市一般行政區,否,否,200000.0,2021,獨資,N,0,932999,未分類其他娛樂及休閒服務
10009233,,東之戀民宿,花蓮縣花蓮市國聯里國民七街１０號,花蓮縣,花蓮市,國聯里,花蓮市一般行政區,否,否,10000.0,2007,獨資,N,0,551013,民宿
92638739,,光與愛整體身心靈工作坊,花蓮縣花蓮市國聯里國民七街３號１樓,花蓮縣,花蓮市,國聯里,花蓮市一般行政區,否,否,200000.0,2023,獨資,N,0,969015,推拿按摩服務
94836171,,朕權實業股份有限公司,花蓮縣花蓮市國聯里國民三街１３號,花蓮縣,花蓮市,國聯里,花蓮市一般行政區,否,否,6050000.0,1984,股份有限公司,Y,1,485217,手工藝品零售
72803470,,日安美好民宿,花蓮縣花蓮市國聯里國民三街１５號,花蓮縣,花蓮市,國聯里,花蓮市一般行政區,否,否,1000000.0,2017,獨資,N,0,551013,民宿
45127051,,艾比恩物業管理顧問有限公司,花蓮縣花蓮市國聯里國民三街２７號,花蓮縣,花蓮市,國聯里,花蓮市一般行政區,否,否,200000.0,2016,有限公司,Y,1,931219,健身中心
82245539,,圖。方便╴背包客民宿,花蓮縣花蓮市國聯里國民三街３４號,花蓮縣,花蓮市,國聯里,花蓮市一般行政區,否,否,50000.0,2018,獨資,N,0,551013,民宿
78840022,,合晟企業社,花蓮縣花蓮市國聯里國民二街１０號１樓,花蓮縣,花蓮市,國聯里,花蓮市一般行政區,否,否,200000.0,1993,合夥,Y,1,481014,居家修繕用品零售
10551973,,昶俋企業,花蓮縣花蓮市國聯里國民二街５號１樓,花蓮縣,花蓮市,國聯里,花蓮市一般行政區,否,否,450000.0,2008,獨資,Y,1,433111,水電工程
82178975,,幸福滿面手作料理,花蓮縣花蓮市國聯里國民二街７號１樓,花蓮縣,花蓮市,國聯里,花蓮市一般行政區,否,否,20000.0,2019,獨資,N,0,561113,麵店、小吃店
49741451,,魔法雲莊商行,花蓮縣花蓮市國聯里國民五街１２號,花蓮縣,花蓮市,國聯里,花蓮市一般行政區,否,否,240000.0,2016,獨資,N,0,487199,其他電子購物及郵購
30206325,,華名企業社,花蓮縣花蓮市國聯里國民五街１２號１樓,花蓮縣,花蓮市,國聯里,花蓮市一般行政區,否,否,100000.0,2010,獨資,N,0,381111,一般事業廢棄物清除
70955598,,文旭美容工作室,花蓮縣花蓮市國聯里國民五街７號１樓,花蓮縣,花蓮市,國聯里,花蓮市一般行政區,否,否,200000.0,1999,合夥,N,0,962111,美髮院及髮廊
87352797,,昱欣企業社,花蓮縣花蓮市國聯里國民六街３６號２樓,花蓮縣,花蓮市,國聯里,花蓮市一般行政區,否,否,500000.0,2021,獨資,Y,1,433112,電路工程
34892851,,幸福家企業社,花蓮縣花蓮市國聯里國民十街２５號１樓,花蓮縣,花蓮市,國聯里,花蓮市一般行政區,否,否,100000.0,2011,獨資,Y,1,434013,房屋設備安裝工程
37948837,,花采傢俱店,花蓮縣花蓮市國聯里國民十街２５號２樓,花蓮縣,花蓮市,國聯里,花蓮市一般行政區,否,否,200000.0,2013,獨資,Y,1,474213,廚櫃零售
85213237,,鑫皇靈葬儀社,花蓮縣花蓮市國聯里國民６街３９號１樓,花蓮縣,花蓮市,國聯里,花蓮市一般行政區,否,否,600000.0,2020,獨資,Y,1,963015,殯葬禮儀服務
91598490,,萬楷食品行,花蓮縣花蓮市國聯里國民８街５號３樓之１,花蓮縣,花蓮市,國聯里,花蓮市一般行政區,否,否,20000.0,2023,獨資,Y,1,487114,經營網路購物（食品、飲料類商品）
23075256,,新億小客車租賃有限公司,花蓮縣花蓮市國聯里國聯―路１０１號,花蓮縣,花蓮市,國聯里,花蓮市一般行政區,否,否,6000000.0,1988,有限公司,Y,1,772100,汽車租賃
29032282,70536126,易遊網旅行社股份有限公司花蓮火車站分公司,花蓮縣花蓮市國聯里國聯一路１００號,花蓮縣,花蓮市,國聯里,花蓮市一般行政區,否,否,0.0,2008,本國公司設立之分公司,Y,1,790011,旅行業
50911860,24712562,展拓管理顧問股份有限公司花蓮分公司,花蓮縣花蓮市國聯里國聯一路１００號,花蓮縣,花蓮市,國聯里,花蓮市一般行政區,否,否,0.0,2019,本國公司設立之分公司,Y,1,702099,其他管理顧問
94771521,07524729,國營臺灣鐵路股份有限公司東區營運處花蓮運務段花蓮站,花蓮縣花蓮市國聯里國聯一路１００號,花蓮縣,花蓮市,國聯里,花蓮市一般行政區,否,否,0.0,2024,其他,Y,1,491000,鐵路運輸
85223185,41463790,信長企業社洄瀾分店,花蓮縣花蓮市國聯里國聯一路１００號（花蓮火車站洄瀾廣場商８－１）,花蓮縣,花蓮市,國聯里,花蓮市一般行政區,否,否,0.0,2019,其他,Y,1,563115,手搖飲店
85285962,23060248,全家便利商店股份有限公司花蓮縣第三門市部,花蓮縣花蓮市國聯里國聯一路１００號１樓,花蓮縣,花蓮市,國聯里,花蓮市一般行政區,否,否,0.0,2019,其他,Y,1,471112,直營連鎖式便利商店
09862984,,富揚機車行,花蓮縣花蓮市國聯里國聯一路１０１號１樓,花蓮縣,花蓮市,國聯里,花蓮市一般行政區,否,否,450000.0,2007,獨資,Y,1,772911,機車出租
15782930,,小旅行迷你旅店商號,花蓮縣花蓮市國聯里國聯一路１０３號,花蓮縣,花蓮市,國聯里,花蓮市一般行政區,否,否,1500000.0,2003,合夥,Y,1,551012,旅館
94799730,07524729,國營臺灣鐵路股份有限公司附業營運處花蓮餐旅分處,花蓮縣花蓮市國聯里國聯一路１１０號,花蓮縣,花蓮市,國聯里,花蓮市一般行政區,否,否,0.0,1985,其他,Y,1,472929,餐盒零售
60635360,23060248,全家便利商店股份有限公司花蓮縣第一一六分公司,花蓮縣花蓮市國聯里國聯一路１１１號,花蓮縣,花蓮市,國聯里,花蓮市一般行政區,否,否,0.0,2025,本國公司設立之分公司,Y,1,471113,加盟連鎖式便利商店（有商品進、銷貨行為）
70963582,,台灣人的飯包,花蓮縣花蓮市國聯里國聯一路１１１號１樓,花蓮縣,花蓮市,國聯里,花蓮市一般行政區,否,否,10000.0,1999,獨資,N,0,561112,便當、自助餐店
99472038,,詮興租賃行,花蓮縣花蓮市國聯里國聯一路１１１號１樓,花蓮縣,花蓮市,國聯里,花蓮市一般行政區,否,否,200000.0,2004,獨資,Y,1,772911,機車出租
23943116,,錦順小客車租賃有限公司,花蓮縣花蓮市國聯里國聯一路１１７號１樓,花蓮縣,花蓮市,國聯里,花蓮市一般行政區,否,否,10000000.0,1990,有限公司,Y,1,772100,汽車租賃
60530020,52807580,觔斗雲大車隊股份有限公司花蓮分公司,花蓮縣花蓮市國聯里國聯一路１１７號１樓,花蓮縣,花蓮市,國聯里,花蓮市一般行政區,否,否,0.0,2025,本國公司設立之分公司,Y,1,524911,計程車派遣、聯繫服務
42766049,,合億汽車冷媒有限公司,花蓮縣花蓮市國聯里國聯一路１２號１樓,花蓮縣,花蓮市,國聯里,花蓮市一般行政區,否,否,500000.0,2016,有限公司,Y,1,474113,家用空調設備及其零件零售
23544011,,寶豐小客車租賃有限公司,花蓮縣花蓮市國聯里國聯一路１２１號１樓,花蓮縣,花蓮市,國聯里,花蓮市一般行政區,否,否,5000000.0,1990,有限公司,Y,1,772100,汽車租賃
54783070,,洄瀾地產有限公司,花蓮縣花蓮市國聯里國聯一路１２３號１樓,花蓮縣,花蓮市,國聯里,花蓮市一般行政區,否,否,1000000.0,2014,有限公司,Y,1,681211,不動產仲介
83278987,,茂益投資開發有限公司,花蓮縣花蓮市國聯里國聯一路１２３號１樓,花蓮縣,花蓮市,國聯里,花蓮市一般行政區,否,否,300000.0,2020,有限公司,Y,1,524100,停車場管理
83279070,,山海土地開發有限公司,花蓮縣花蓮市國聯里國聯一路１２３號１樓,花蓮縣,花蓮市,國聯里,花蓮市一般行政區,否,否,300000.0,2020,有限公司,Y,1,524100,停車場管理
91277618,,窩二樓小客棧民宿,花蓮縣花蓮市國聯里國聯一路１２５號,花蓮縣,花蓮市,國聯里,花蓮市一般行政區,否,否,500000.0,2021,獨資,N,0,551013,民宿
34862786,20878766,捷安特股份有限公司花蓮站,花蓮縣花蓮市國聯里國聯一路１２７號,花蓮縣,花蓮市,國聯里,花蓮市一般行政區,否,否,0.0,2010,其他,Y,1,476211,非電動自行車及非電動自行車零件零售
78843219,,龍鳳視聽歌唱,花蓮縣花蓮市國聯里國聯一路１３及１５及１７號１樓,花蓮縣,花蓮市,國聯里,花蓮市一般行政區,否,否,200000.0,1993,獨資,Y,1,932318,有侍者陪伴之視唱、視聽中心
37978846,97306837,智基科技開發股份有限公司花蓮營業所,花蓮縣花蓮市國聯里國聯一路１３３號,花蓮縣,花蓮市,國聯里,花蓮市一般行政區,否,否,0.0,2013,其他,Y,1,859512,專業考試補習教學
56711663,,日常生活事業有限公司,花蓮縣花蓮市國聯里國聯一路１３７號一丶二樓,花蓮縣,花蓮市,國聯里,花蓮市一般行政區,否,否,1000000.0,2017,有限公司,Y,1,474211,國產家用家具零售
94819460,,新站小吃部,花蓮縣花蓮市國聯里國聯一路１３８之３、１３８之４號,花蓮縣,花蓮市,國聯里,花蓮市一般行政區,否,否,3000.0,1983,獨資,N,0,561113,麵店、小吃店
94818482,,隆元名產店,花蓮縣花蓮市國聯里國聯一路１３８之９及１０及之１１號,花蓮縣,花蓮市,國聯里,花蓮市一般行政區,否,否,3000.0,1983,獨資,N,0,472921,糖果餅乾零售
94833527,,大眾扁食店,花蓮縣花蓮市國聯里國聯一路１３８及１３８－１號,花蓮縣,花蓮市,國聯里,花蓮市一般行政區,否,否,3000.0,1984,獨資,N,0,561113,麵店、小吃店
10571274,28937227,同陽租賃有限公司花蓮營業所,花蓮縣花蓮市國聯里國聯一路１３８號第３間,花蓮縣,花蓮市,國聯里,花蓮市一般行政區,否,否,0.0,2008,其他,Y,1,772911,機車出租
94848508,,廣佳香食品行,花蓮縣花蓮市國聯里國聯一路１３８－５及１３８－６號,花蓮縣,花蓮市,國聯里,花蓮市一般行政區,否,否,3000.0,1985,獨資,N,0,472921,糖果餅乾零售
42209706,15781691,宜津機車行國聯店,花蓮縣花蓮市國聯里國聯一路１３８－７號,花蓮縣,花蓮市,國聯里,花蓮市一般行政區,否,否,0.0,2015,其他,Y,1,772911,機車出租
19530438,,永祺飯店,花蓮縣花蓮市國聯里國聯一路１３９及１４１號,花蓮縣,花蓮市,國聯里,花蓮市一般行政區,否,否,50000.0,1996,獨資,Y,1,551012,旅館
91930742,83713659,聯懋建設股份有限公司花蓮營業處,花蓮縣花蓮市國聯里國聯一路１４號,花蓮縣,花蓮市,國聯里,花蓮市一般行政區,否,否,0.0,2022,其他,Y,1,681111,自有不動產買賣
85279238,16728230,正捷交通有限公司花蓮營業處,花蓮縣花蓮市國聯里國聯一路１４２―３號,花蓮縣,花蓮市,國聯里,花蓮市一般行政區,否,否,0.0,2019,其他,Y,1,523112,陸上行李包裹託運
85279223,,正捷寄車行,花蓮縣花蓮市國聯里國聯一路１４２―３號１樓,花蓮縣,花蓮市,國聯里,花蓮市一般行政區,否,否,50000.0,2019,獨資,N,0,524100,停車場管理
72850557,,金芙蓉視聽歌唱,花蓮縣花蓮市國聯里國聯一路１４３號１樓,花蓮縣,花蓮市,國聯里,花蓮市一般行政區,否,否,200000.0,2018,獨資,Y,1,932211,視唱中心（ＫＴＶ）
95215213,,偉渝工作室,花蓮縣花蓮市國聯里國聯一路１４５號１樓,花蓮縣,花蓮市,國聯里,花蓮市一般行政區,否,否,50000.0,2025,獨資,Y,1,472922,西點麵包零售
37992684,,汎特希民宿,花蓮縣花蓮市國聯里國聯一路１４９號,花蓮縣,花蓮市,國聯里,花蓮市一般行政區,否,否,80000.0,2013,獨資,Y,1,551013,民宿
13970057,,水鄉澤國水族店,花蓮縣花蓮市國聯里國聯一路１５２號,花蓮縣,花蓮市,國聯里,花蓮市一般行政區,否,否,150000.0,2002,獨資,N,0,485221,寵物用品零售
94630656,,建和汽車行,花蓮縣花蓮市國聯里國聯一路１５６號,花蓮縣,花蓮市,國聯里,花蓮市一般行政區,否,否,3000000.0,1977,獨資,N,0,493200,計程車客運
94652617,,穩德利交通有限公司,花蓮縣花蓮市國聯里國聯一路１５６號,花蓮縣,花蓮市,國聯里,花蓮市一般行政區,否,否,500000.0,1977,有限公司,N,0,493200,計程車客運
94671213,,大眾汽車行,花蓮縣花蓮市國聯里國聯一路１５６號,花蓮縣,花蓮市,國聯里,花蓮市一般行政區,否,否,1000000.0,1985,獨資,N,0,493200,計程車客運
94724838,,安和計程車行,花蓮縣花蓮市國聯里國聯一路１５６號,花蓮縣,花蓮市,國聯里,花蓮市一般行政區,否,否,500000.0,1977,獨資,N,0,493200,計程車客運
94730368,,精忠交通有限公司,花蓮縣花蓮市國聯里國聯一路１５６號,花蓮縣,花蓮市,國聯里,花蓮市一般行政區,否,否,2000000.0,1977,有限公司,N,0,493200,計程車客運
94738137,,富德交通有限公司,花蓮縣花蓮市國聯里國聯一路１５６號,花蓮縣,花蓮市,國聯里,花蓮市一般行政區,否,否,200000.0,1977,有限公司,N,0,493200,計程車客運
94738559,,中信計程車行,花蓮縣花蓮市國聯里國聯一路１５６號,花蓮縣,花蓮市,國聯里,花蓮市一般行政區,否,否,1000000.0,1984,獨資,N,0,493200,計程車客運
94740865,,安威交通事業有限公司,花蓮縣花蓮市國聯里國聯一路１５６號,花蓮縣,花蓮市,國聯里,花蓮市一般行政區,否,否,2000000.0,1978,有限公司,N,0,493200,計程車客運
94742054,,建隆汽車行,花蓮縣花蓮市國聯里國聯一路１５６號,花蓮縣,花蓮市,國聯里,花蓮市一般行政區,否,否,3000000.0,1978,獨資,N,0,493200,計程車客運
94744010,,昌仁交通有限公司,花蓮縣花蓮市國聯里國聯一路１５６號,花蓮縣,花蓮市,國聯里,花蓮市一般行政區,否,否,2000000.0,1978,有限公司,N,0,493200,計程車客運
94746538,,雅齡交通有限公司,花蓮縣花蓮市國聯里國聯一路１５６號,花蓮縣,花蓮市,國聯里,花蓮市一般行政區,否,否,2000000.0,1978,有限公司,N,0,493200,計程車客運
94777406,,志英汽車行,花蓮縣花蓮市國聯里國聯一路１５６號,花蓮縣,花蓮市,國聯里,花蓮市一般行政區,否,否,4000000.0,1980,獨資,N,0,493200,計程車客運
94777519,,五三九汽車行,花蓮縣花蓮市國聯里國聯一路１５６號,花蓮縣,花蓮市,國聯里,花蓮市一般行政區,否,否,1200000.0,1980,獨資,N,0,493200,計程車客運
94794778,,東源汽車行,花蓮縣花蓮市國聯里國聯一路１５６號,花蓮縣,花蓮市,國聯里,花蓮市一般行政區,否,否,1200000.0,1981,獨資,N,0,493200,計程車客運
94807470,,福泰汽車行,花蓮縣花蓮市國聯里國聯一路１５６號,花蓮縣,花蓮市,國聯里,花蓮市一般行政區,否,否,1000000.0,1982,獨資,N,0,493200,計程車客運
94811875,,統帥計程車行,花蓮縣花蓮市國聯里國聯一路１５６號,花蓮縣,花蓮市,國聯里,花蓮市一般行政區,否,否,600000.0,1982,獨資,N,0,493200,計程車客運
94841646,,通用計程車行,花蓮縣花蓮市國聯里國聯一路１５６號,花蓮縣,花蓮市,國聯里,花蓮市一般行政區,否,否,1500000.0,1984,獨資,N,0,493200,計程車客運
39952385,,雯綺藝品店,花蓮縣花蓮市國聯里國聯一路１６號,花蓮縣,花蓮市,國聯里,花蓮市一般行政區,否,否,50000.0,2013,獨資,N,0,485217,手工藝品零售
60257866,,寶哥租車,花蓮縣花蓮市國聯里國聯一路１６７號隔壁,花蓮縣,花蓮市,國聯里,花蓮市一般行政區,否,否,50000.0,2025,獨資,N,0,772911,機車出租
92662759,91077843,盛宇環球事業有限公司花蓮營業處,花蓮縣花蓮市國聯里國聯一路１６７號７樓Ｂ區,花蓮縣,花蓮市,國聯里,花蓮市一般行政區,否,否,0.0,2023,其他,Y,1,457299,其他化粧品批發
94749140,03557017,台灣人壽保險股份有限公司東部分公司,花蓮縣花蓮市國聯里國聯一路１６７號８樓,花蓮縣,花蓮市,國聯里,花蓮市一般行政區,否,否,0.0,1967,本國公司設立之分公司,N,0,651000,人身保險
16054902,,國聯生活百貨有限公司,花蓮縣花蓮市國聯里國聯一路１７５號１樓,花蓮縣,花蓮市,國聯里,花蓮市一般行政區,否,否,4000000.0,1997,有限公司,Y,1,456700,清潔用品批發
28417773,22555003,統一超商股份有限公司花蓮縣第八十分公司,花蓮縣花蓮市國聯里國聯一路２、２－１號,花蓮縣,花蓮市,國聯里,花蓮市一般行政區,否,否,0.0,2007,本國公司設立之分公司,Y,1,471113,加盟連鎖式便利商店（有商品進、銷貨行為）
24955151,,天源資產管理有限公司,花蓮縣花蓮市國聯里國聯一路２０１號,花蓮縣,花蓮市,國聯里,花蓮市一般行政區,否,否,48000000.0,2015,有限公司,Y,1,681112,自有不動產租賃
42569737,,回然慢時旅居有限公司,花蓮縣花蓮市國聯里國聯一路２０１號,花蓮縣,花蓮市,國聯里,花蓮市一般行政區,否,否,2000000.0,2015,有限公司,Y,1,551012,旅館
94636384,70789634,新光人壽保險股份有限公司花蓮縣分公司,花蓮縣花蓮市國聯里國聯一路３７號１樓,花蓮縣,花蓮市,國聯里,花蓮市一般行政區,否,否,0.0,1977,本國公司設立之分公司,N,0,651000,人身保險
22954070,12261768,台灣新光保全股份有限公司花蓮分公司,花蓮縣花蓮市國聯里國聯一路３７號４樓,花蓮縣,花蓮市,國聯里,花蓮市一般行政區,否,否,0.0,1988,本國公司設立之分公司,Y,1,800011,保全服務
42584012,27597690,承億文旅股份有限公司花蓮分公司,花蓮縣花蓮市國聯里國聯一路３９號,花蓮縣,花蓮市,國聯里,花蓮市一般行政區,否,否,0.0,2015,本國公司設立之分公司,Y,1,551012,旅館
26658563,,大台中,花蓮縣花蓮市國聯里國聯一路５１－１號,花蓮縣,花蓮市,國聯里,花蓮市一般行政區,否,否,3000.0,2011,獨資,N,0,561111,早餐店
28419879,22555003,統一超商股份有限公司花蓮縣第八十一分公司,花蓮縣花蓮市國聯里國聯一路５５號,花蓮縣,花蓮市,國聯里,花蓮市一般行政區,否,否,0.0,2007,本國公司設立之分公司,Y,1,471113,加盟連鎖式便利商店（有商品進、銷貨行為）
21551211,78847735,德利豆乾專賣店站前店,花蓮縣花蓮市國聯里國聯一路５７號,花蓮縣,花蓮市,國聯里,花蓮市一般行政區,否,否,0.0,2005,其他,Y,1,472999,未分類其他食品、飲料及菸草製品零售
87350159,,洄瀾印象企業,花蓮縣花蓮市國聯里國聯一路５７號,花蓮縣,花蓮市,國聯里,花蓮市一般行政區,否,否,245000.0,2020,合夥,Y,1,472921,糖果餅乾零售
91147741,54771927,縣餅實業有限公司站前門市,花蓮縣花蓮市國聯里國聯一路５７號,花蓮縣,花蓮市,國聯里,花蓮市一般行政區,否,否,0.0,2021,其他,Y,1,472921,糖果餅乾零售
31497194,89581487,豐禾興實業有限公司站前店,花蓮縣花蓮市國聯里國聯一路５７號１樓,花蓮縣,花蓮市,國聯里,花蓮市一般行政區,否,否,0.0,2007,其他,Y,1,472921,糖果餅乾零售
50565713,54527966,蜂潮國際股份有限公司站前門市,花蓮縣花蓮市國聯里國聯一路５７號１樓,花蓮縣,花蓮市,國聯里,花蓮市一般行政區,否,否,0.0,2016,其他,Y,1,472934,蜂蜜零售
55893102,,祖泰香食品股份有限公司,花蓮縣花蓮市國聯里國聯一路５７號１樓,花蓮縣,花蓮市,國聯里,花蓮市一般行政區,否,否,10000000.0,2016,股份有限公司,Y,1,472921,糖果餅乾零售
41460702,,老師傅舒筋活絡館,花蓮縣花蓮市國聯里國聯一路６７號,花蓮縣,花蓮市,國聯里,花蓮市一般行政區,否,否,50000.0,2015,獨資,N,0,969015,推拿按摩服務
60253828,,以烈麵館,花蓮縣花蓮市國聯里國聯一路８１號１樓,花蓮縣,花蓮市,國聯里,花蓮市一般行政區,否,否,50000.0,2026,獨資,N,0,561113,麵店、小吃店
94838760,,仟台大飯店,花蓮縣花蓮市國聯里國聯一路８３之１號３至４樓,花蓮縣,花蓮市,國聯里,花蓮市一般行政區,否,否,1000000.0,1984,獨資,Y,1,551012,旅館
24880602,,青葉投資股份有限公司,花蓮縣花蓮市國聯里國聯一路８３號,花蓮縣,花蓮市,國聯里,花蓮市一般行政區,否,否,3000000.0,2015,股份有限公司,Y,1,649911,投資有價證券
24883994,,洄瀾窩青年旅舍股份有限公司,花蓮縣花蓮市國聯里國聯一路８３號,花蓮縣,花蓮市,國聯里,花蓮市一般行政區,否,否,10000000.0,2015,股份有限公司,Y,1,551012,旅館
98647284,,匠心獨作有限公司,花蓮縣花蓮市國聯里國聯一路８３號,花蓮縣,花蓮市,國聯里,花蓮市一般行政區,否,否,500000.0,2024,有限公司,Y,1,702099,其他管理顧問
87531737,,閃電商行,花蓮縣花蓮市國聯里國聯一路８３號１樓,花蓮縣,花蓮市,國聯里,花蓮市一般行政區,否,否,100000.0,2020,合夥,N,0,563115,手搖飲店
90165609,,品生活國際旅行社股份有限公司,花蓮縣花蓮市國聯里國聯一路８３號２樓,花蓮縣,花蓮市,國聯里,花蓮市一般行政區,否,否,6000000.0,2022,股份有限公司,Y,1,790011,旅行業
93058081,,胖胖虱目魚湯麵粥店,花蓮縣花蓮市國聯里國聯三路１２號１樓,花蓮縣,花蓮市,國聯里,花蓮市一般行政區,否,否,50000.0,2024,獨資,N,0,561113,麵店、小吃店
60253073,,晨光輕食早餐吧,花蓮縣花蓮市國聯里國聯三路１４號,花蓮縣,花蓮市,國聯里,花蓮市一般行政區,否,否,5000.0,2026,獨資,N,0,561111,早餐店
61456688,,百盛行,花蓮縣花蓮市國聯里國聯三路１４號２樓,花蓮縣,花蓮市,國聯里,花蓮市一般行政區,否,否,500000.0,2026,獨資,Y,1,454211,畜肉批發
72882925,53980622,順豐租賃有限公司花蓮營業所,花蓮縣花蓮市國聯里國聯三路１５號１樓,花蓮縣,花蓮市,國聯里,花蓮市一般行政區,否,否,0.0,2018,其他,Y,1,772100,汽車租賃
16638131,22555003,統一超商股份有限公司花蓮縣第１８分公司,花蓮縣花蓮市國聯里國聯三路１６及１８號,花蓮縣,花蓮市,國聯里,花蓮市一般行政區,否,否,0.0,1998,本國公司設立之分公司,Y,1,471112,直營連鎖式便利商店
70962900,94852164,宗泰食品股份有限公司站前店,花蓮縣花蓮市國聯里國聯三路２號,花蓮縣,花蓮市,國聯里,花蓮市一般行政區,否,否,0.0,1999,其他,Y,1,472999,未分類其他食品、飲料及菸草製品零售
95218696,,遠東藥局,花蓮縣花蓮市國聯里國聯三路２８號１樓,花蓮縣,花蓮市,國聯里,花蓮市一般行政區,否,否,3000.0,2024,獨資,N,0,475112,西藥零售
91924354,53361740,花蓮兆豐租車有限公司站前營業所,花蓮縣花蓮市國聯里國聯三路３號右側,花蓮縣,花蓮市,國聯里,花蓮市一般行政區,否,否,0.0,2022,其他,Y,1,772100,汽車租賃
92534621,,安德森手作文創設計,花蓮縣花蓮市國聯里國聯三路３號２樓,花蓮縣,花蓮市,國聯里,花蓮市一般行政區,否,否,10000.0,2023,獨資,N,0,487199,其他電子購物及郵購
50743180,,紅樓養生館,花蓮縣花蓮市國聯里國聯三路４２號１樓,花蓮縣,花蓮市,國聯里,花蓮市一般行政區,否,否,10000.0,2017,獨資,N,0,962299,其他美容美體服務
61456054,,呈悅商行,花蓮縣花蓮市國聯里國聯三路５３號七樓之５,花蓮縣,花蓮市,國聯里,花蓮市一般行政區,否,否,200000.0,2026,獨資,Y,1,471114,加盟連鎖式便利商店（無商品進、銷貨行為）
19532225,,海洋商行,花蓮縣花蓮市國聯里國聯三路５８號,花蓮縣,花蓮市,國聯里,花蓮市一般行政區,否,否,500000.0,1996,合夥,Y,1,551012,旅館
41462899,,車頭虱目魚店,花蓮縣花蓮市國聯里國聯三路６號１樓,花蓮縣,花蓮市,國聯里,花蓮市一般行政區,否,否,60000.0,2015,獨資,Y,1,561113,麵店、小吃店
87353156,,星星之夜美容坊,花蓮縣花蓮市國聯里國聯三路６８號１樓,花蓮縣,花蓮市,國聯里,花蓮市一般行政區,否,否,100000.0,2021,獨資,N,0,962299,其他美容美體服務
64813030,,山水商務旅店,花蓮縣花蓮市國聯里國聯三路７３號,花蓮縣,花蓮市,國聯里,花蓮市一般行政區,否,否,30000.0,1989,獨資,Y,1,551012,旅館
93048232,,嗨霸餐坊,花蓮縣花蓮市國聯里國聯三路７６號,花蓮縣,花蓮市,國聯里,花蓮市一般行政區,否,否,60000.0,2024,獨資,N,0,561113,麵店、小吃店
93054780,,匯點小吃部,花蓮縣花蓮市國聯里國聯三路７７號１樓,花蓮縣,花蓮市,國聯里,花蓮市一般行政區,否,否,100000.0,2024,獨資,N,0,561115,餐廳
13967320,,阿珍小吃,花蓮縣花蓮市國聯里國聯三路９３號,花蓮縣,花蓮市,國聯里,花蓮市一般行政區,否,否,20000.0,2002,獨資,N,0,561113,麵店、小吃店
30189536,,八方聯享鍋貼水餃專賣店,花蓮縣花蓮市國聯里國聯三路９３號１樓,花蓮縣,花蓮市,國聯里,花蓮市一般行政區,否,否,200000.0,2009,獨資,Y,1,561113,麵店、小吃店
93055839,,喬橋室內裝修,花蓮縣花蓮市國聯里國聯二路１００號１樓,花蓮縣,花蓮市,國聯里,花蓮市一般行政區,否,否,200000.0,2024,獨資,Y,1,434015,室內裝修工程
27496428,,富堡汽車旅館有限公司,花蓮縣花蓮市國聯里國聯二路１０１號,花蓮縣,花蓮市,國聯里,花蓮市一般行政區,否,否,27000000.0,2004,有限公司,Y,1,551012,旅館
31474137,,發現民宿,花蓮縣花蓮市國聯里國聯二路１０５號,花蓮縣,花蓮市,國聯里,花蓮市一般行政區,否,否,3000.0,2007,獨資,N,0,551013,民宿
95215327,,台灣墨玉咖啡坊,花蓮縣花蓮市國聯里國聯二路１０６號１樓,花蓮縣,花蓮市,國聯里,花蓮市一般行政區,否,否,12000.0,2025,獨資,N,0,472999,未分類其他食品、飲料及菸草製品零售
16741260,16740494,全聯實業股份有限公司花蓮國聯分公司,花蓮縣花蓮市國聯里國聯二路１１０號,花蓮縣,花蓮市,國聯里,花蓮市一般行政區,否,否,0.0,1999,本國公司設立之分公司,Y,1,471999,未分類其他綜合商品零售
92637008,,宥恩婦嬰用品專賣店,花蓮縣花蓮市國聯里國聯二路１１６號１樓,花蓮縣,花蓮市,國聯里,花蓮市一般行政區,否,否,200000.0,2023,獨資,Y,1,472999,未分類其他食品、飲料及菸草製品零售
60248662,,勝泰水電衛生材料行,花蓮縣花蓮市國聯里國聯二路１３２號,花蓮縣,花蓮市,國聯里,花蓮市一般行政區,否,否,200000.0,2025,合夥,Y,1,461313,衛浴設備批發
94080505,,金輪五金行,花蓮縣花蓮市國聯里國聯二路１３５號１樓,花蓮縣,花蓮市,國聯里,花蓮市一般行政區,否,否,3000.0,1977,獨資,N,0,481013,金屬手工具零售
85208038,,磨潔作車體藝術企業社,花蓮縣花蓮市國聯里國聯二路１３６號１樓,花蓮縣,花蓮市,國聯里,花蓮市一般行政區,否,否,80000.0,2019,獨資,N,0,951200,汽車美容
28407965,,東一醫材有限公司,花蓮縣花蓮市國聯里國聯二路１３９號１樓,花蓮縣,花蓮市,國聯里,花蓮市一般行政區,否,否,1000000.0,2006,有限公司,Y,1,475113,醫療耗材零售
61456821,,同海砂石行,花蓮縣花蓮市國聯里國聯二路１４１號１樓,花蓮縣,花蓮市,國聯里,花蓮市一般行政區,否,否,880000.0,2026,獨資,Y,1,060013,矽砂採取
94153400,,東海汽車貨運股份有限公司,花蓮縣花蓮市國聯里國聯二路１４１號１樓,花蓮縣,花蓮市,國聯里,花蓮市一般行政區,否,否,6000000.0,1954,股份有限公司,Y,1,494099,其他汽車貨運
94848155,,同海砂石股份有限公司,花蓮縣花蓮市國聯里國聯二路１４１號１樓,花蓮縣,花蓮市,國聯里,花蓮市一般行政區,否,否,8000000.0,1985,股份有限公司,Y,1,481014,居家修繕用品零售
28338052,,海灣深層水資源股份有限公司,花蓮縣花蓮市國聯里國聯二路１４５號１樓,花蓮縣,花蓮市,國聯里,花蓮市一般行政區,否,否,150000000.0,2006,股份有限公司,Y,1,092099,其他非酒精飲料製造
53270100,,深海企業股份有限公司,花蓮縣花蓮市國聯里國聯二路１４５號１樓,花蓮縣,花蓮市,國聯里,花蓮市一般行政區,否,否,15000000.0,2010,股份有限公司,Y,1,091900,其他酒精飲料製造
60247431,,明森茶行,花蓮縣花蓮市國聯里國聯二路１４８號１樓,花蓮縣,花蓮市,國聯里,花蓮市一般行政區,否,否,200000.0,2025,獨資,Y,1,563115,手搖飲店
72846597,,花蓮鑫商行,花蓮縣花蓮市國聯里國聯二路１５０號,花蓮縣,花蓮市,國聯里,花蓮市一般行政區,否,否,8000.0,2018,獨資,N,0,486111,食品零售攤販
87321991,86381252,台灣松下銷售股份有限公司花蓮服務站,花蓮縣花蓮市國聯里國聯二路１５３號,花蓮縣,花蓮市,國聯里,花蓮市一般行政區,否,否,0.0,2020,其他,Y,1,952312,家用電器維修
49774190,,久久便當店,花蓮縣花蓮市國聯里國聯二路１５４號１樓,花蓮縣,花蓮市,國聯里,花蓮市一般行政區,否,否,60000.0,2017,獨資,N,0,561112,便當、自助餐店
23415451,,光隆投資股份有限公司,花蓮縣花蓮市國聯里國聯二路１５９號,花蓮縣,花蓮市,國聯里,花蓮市一般行政區,否,否,180000000.0,1989,股份有限公司,Y,1,451099,其他商品批發經紀
28065088,,台灣深層海水養殖有限公司,花蓮縣花蓮市國聯里國聯二路１５９號１樓,花蓮縣,花蓮市,國聯里,花蓮市一般行政區,否,否,6000000.0,2006,有限公司,Y,1,032212,鹹水魚塭養殖
94622776,,夆隆石材股份有限公司,花蓮縣花蓮市國聯里國聯二路１５９號１樓,花蓮縣,花蓮市,國聯里,花蓮市一般行政區,否,否,8000000.0,1973,股份有限公司,Y,1,469917,手工藝品批發
16221280,,信俞有限公司,花蓮縣花蓮市國聯里國聯二路１６１號,花蓮縣,花蓮市,國聯里,花蓮市一般行政區,否,否,15000000.0,1998,有限公司,Y,1,681112,自有不動產租賃
60456534,,生之頌有限公司,花蓮縣花蓮市國聯里國聯二路１６９號,花蓮縣,花蓮市,國聯里,花蓮市一般行政區,否,否,1000000.0,2025,有限公司,Y,1,454999,未分類其他食品批發
87350215,,富豪鍋物,花蓮縣花蓮市國聯里國聯二路１９號１樓,花蓮縣,花蓮市,國聯里,花蓮市一般行政區,否,否,200000.0,2020,獨資,Y,1,561115,餐廳
22814727,,由倉企業有限公司,花蓮縣花蓮市國聯里國聯二路２號,花蓮縣,花蓮市,國聯里,花蓮市一般行政區,否,否,12000000.0,1988,有限公司,Y,1,482111,汽油零售
60247946,,小島走走工作室,花蓮縣花蓮市國聯里國聯二路２１―１５號,花蓮縣,花蓮市,國聯里,花蓮市一般行政區,否,否,100000.0,2025,獨資,Y,1,760999,其他未分類專業、科學及技術服務
61476679,,風林文化整合行銷,花蓮縣花蓮市國聯里國聯二路２１―１５號,花蓮縣,花蓮市,國聯里,花蓮市一般行政區,否,否,100000.0,2026,獨資,Y,1,902017,個人網路(網紅)表演活動
91597422,,維多利亞小吃,花蓮縣花蓮市國聯里國聯二路２１號１樓,花蓮縣,花蓮市,國聯里,花蓮市一般行政區,否,否,30000.0,2022,獨資,N,0,561113,麵店、小吃店
41465988,,瑭砡男女舒壓坊,花蓮縣花蓮市國聯里國聯二路３１號,花蓮縣,花蓮市,國聯里,花蓮市一般行政區,否,否,10000.0,2016,獨資,N,0,969015,推拿按摩服務
20050576,,欣凱撒視聽伴唱,花蓮縣花蓮市國聯里國聯二路３８號,花蓮縣,花蓮市,國聯里,花蓮市一般行政區,否,否,240000.0,1996,獨資,Y,1,932211,視唱中心（ＫＴＶ）
92641328,,有間炸物小吃店,花蓮縣花蓮市國聯里國聯二路３８號,花蓮縣,花蓮市,國聯里,花蓮市一般行政區,否,否,3000.0,2023,獨資,N,0,561113,麵店、小吃店
49765241,,健康陽光休閒館,花蓮縣花蓮市國聯里國聯二路３９號１樓,花蓮縣,花蓮市,國聯里,花蓮市一般行政區,否,否,50000.0,2017,獨資,Y,1,931219,健身中心
55956443,,榮格國際有限公司,花蓮縣花蓮市國聯里國聯二路４０號１樓,花蓮縣,花蓮市,國聯里,花蓮市一般行政區,否,否,200000.0,2016,有限公司,Y,1,563199,其他飲料店
99410054,,小太陽自助洗衣,花蓮縣花蓮市國聯里國聯二路４２號,花蓮縣,花蓮市,國聯里,花蓮市一般行政區,否,否,30000.0,2004,獨資,N,0,961099,其他洗衣服務
87356581,,時光﹒漫旅民宿,花蓮縣花蓮市國聯里國聯二路６８號,花蓮縣,花蓮市,國聯里,花蓮市一般行政區,否,否,240000.0,2020,獨資,N,0,551013,民宿
93055731,,灶咔餐廳,花蓮縣花蓮市國聯里國聯二路７０之１號,花蓮縣,花蓮市,國聯里,花蓮市一般行政區,否,否,240000.0,2024,合夥,Y,1,561115,餐廳
87349359,,健指養生館,花蓮縣花蓮市國聯里國聯二路７６號１樓,花蓮縣,花蓮市,國聯里,花蓮市一般行政區,否,否,5000.0,2020,獨資,N,0,969015,推拿按摩服務
10562795,,洄瀾雅舍民宿,花蓮縣花蓮市國聯里國聯二路７８號,花蓮縣,花蓮市,國聯里,花蓮市一般行政區,否,否,3000.0,2008,獨資,N,0,551013,民宿
10054476,,旅行者之家民宿,花蓮縣花蓮市國聯里國聯二路８２號,花蓮縣,花蓮市,國聯里,花蓮市一般行政區,否,否,100000.0,2007,獨資,N,0,551013,民宿
91588649,,霈綺商行,花蓮縣花蓮市國聯里國聯二路８２號１樓,花蓮縣,花蓮市,國聯里,花蓮市一般行政區,否,否,100000.0,2022,獨資,N,0,561111,早餐店
66969493,,漫遊舍民宿,花蓮縣花蓮市國聯里國聯二路８２－１號,花蓮縣,花蓮市,國聯里,花蓮市一般行政區,否,否,500000.0,2006,獨資,N,0,551013,民宿
93058224,,豪暢小吃店,花蓮縣花蓮市國聯里國聯二路８５號１樓,花蓮縣,花蓮市,國聯里,花蓮市一般行政區,否,否,100000.0,2024,獨資,N,0,561113,麵店、小吃店
60250596,,羿奇小館,花蓮縣花蓮市國聯里國聯二路９０號,花蓮縣,花蓮市,國聯里,花蓮市一般行政區,否,否,240000.0,2026,獨資,N,0,561115,餐廳
82956755,,奇享旅行社股份有限公司,花蓮縣花蓮市國聯里國聯二路９０號,花蓮縣,花蓮市,國聯里,花蓮市一般行政區,否,否,1200000.0,2019,股份有限公司,Y,1,790011,旅行業
29318110,,夜上海美容坊,花蓮縣花蓮市國聯里國聯二路９２號１、２樓,花蓮縣,花蓮市,國聯里,花蓮市一般行政區,否,否,50000.0,2004,獨資,N,0,962299,其他美容美體服務
50747377,,宗盛企業社,花蓮縣花蓮市國聯里國聯二路９４號１樓,花蓮縣,花蓮市,國聯里,花蓮市一般行政區,否,否,2000000.0,2017,合夥,Y,1,461214,砂石批發
85212820,,啓永企業社,花蓮縣花蓮市國聯里國聯二路９４號１樓,花蓮縣,花蓮市,國聯里,花蓮市一般行政區,否,否,240000.0,2020,合夥,Y,1,461214,砂石批發
30206253,,金華二路男女美容坊,花蓮縣花蓮市國聯里國聯二路９６號１樓,花蓮縣,花蓮市,國聯里,花蓮市一般行政區,否,否,5000.0,2010,獨資,N,0,969015,推拿按摩服務
10626566,,馨香早餐店,花蓮縣花蓮市國聯里國聯五路１―１號１樓,花蓮縣,花蓮市,國聯里,花蓮市一般行政區,否,否,3000.0,2008,獨資,N,0,561111,早餐店
94846038,,永健工程行,花蓮縣花蓮市國聯里國聯五路１之１號,花蓮縣,花蓮市,國聯里,花蓮市一般行政區,否,否,5000000.0,1985,獨資,Y,1,382111,一般事業廢棄物處理
82926752,,家和租賃住宅包租代管有限公司,花蓮縣花蓮市國聯里國聯五路１號３樓,花蓮縣,花蓮市,國聯里,花蓮市一般行政區,否,否,300000.0,2019,有限公司,Y,1,681113,不動產轉租賃
23184584,,合歡股份有限公司,花蓮縣花蓮市國聯里國聯五路１０５號,花蓮縣,花蓮市,國聯里,花蓮市一般行政區,否,否,7500000.0,1989,股份有限公司,Y,1,551012,旅館
09803705,,金石園藝品坊,花蓮縣花蓮市國聯里國聯五路１１號１樓,花蓮縣,花蓮市,國聯里,花蓮市一般行政區,否,否,200000.0,2007,獨資,N,0,485217,手工藝品零售
60247571,,九九嗚啦商行,花蓮縣花蓮市國聯里國聯五路１１號１樓,花蓮縣,花蓮市,國聯里,花蓮市一般行政區,否,否,200000.0,2025,獨資,Y,1,476312,玩具（模型玩具除外）零售
91155609,,金石園飲料店,花蓮縣花蓮市國聯里國聯五路１１號１樓,花蓮縣,花蓮市,國聯里,花蓮市一般行政區,否,否,200000.0,2021,獨資,Y,1,563199,其他飲料店
42227943,,筑夢民宿,花蓮縣花蓮市國聯里國聯五路１１－２號,花蓮縣,花蓮市,國聯里,花蓮市一般行政區,否,否,200000.0,2016,獨資,N,0,551013,民宿
60247853,,煦梓涵企業社,花蓮縣花蓮市國聯里國聯五路１２１號１樓,花蓮縣,花蓮市,國聯里,花蓮市一般行政區,否,否,200000.0,2025,獨資,Y,1,487212,多層次傳銷（商品銷貨收入）
60252855,,萬興企業社,花蓮縣花蓮市國聯里國聯五路１２１號１樓,花蓮縣,花蓮市,國聯里,花蓮市一般行政區,否,否,200000.0,2026,獨資,Y,1,472912,食用油脂零售
91158134,,職饗商行,花蓮縣花蓮市國聯里國聯五路１２１號１樓,花蓮縣,花蓮市,國聯里,花蓮市一般行政區,否,否,3000.0,2021,獨資,N,0,561113,麵店、小吃店
85214242,,劍橋養生館,花蓮縣花蓮市國聯里國聯五路１２３號１、２樓,花蓮縣,花蓮市,國聯里,花蓮市一般行政區,否,否,100000.0,2019,獨資,N,0,969015,推拿按摩服務
85298827,47041994,藶峰有限公司花蓮營業所,花蓮縣花蓮市國聯里國聯五路１２６號旁空地,花蓮縣,花蓮市,國聯里,花蓮市一般行政區,否,否,0.0,2019,其他,Y,1,524100,停車場管理
93049128,,思沙雅佰元剪髮,花蓮縣花蓮市國聯里國聯五路１２９號１樓,花蓮縣,花蓮市,國聯里,花蓮市一般行政區,否,否,3000.0,2024,獨資,N,0,962111,美髮院及髮廊
42562690,,富麥投資股份有限公司,花蓮縣花蓮市國聯里國聯五路１３９號,花蓮縣,花蓮市,國聯里,花蓮市一般行政區,否,否,28000000.0,2015,股份有限公司,Y,1,649911,投資有價證券
80189808,,經典假日飯店企業股份有限公司,花蓮縣花蓮市國聯里國聯五路１３９號,花蓮縣,花蓮市,國聯里,花蓮市一般行政區,否,否,30000000.0,2006,股份有限公司,Y,1,551012,旅館
16671953,,鄉親營造有限公司,花蓮縣花蓮市國聯里國聯五路１５號１樓,花蓮縣,花蓮市,國聯里,花蓮市一般行政區,否,否,3890000.0,1998,有限公司,Y,1,439099,未分類其他專門營造
93530623,90315522,勤天股份有限公司花蓮分公司,花蓮縣花蓮市國聯里國聯五路１５１號,花蓮縣,花蓮市,國聯里,花蓮市一般行政區,否,否,0.0,2023,本國公司設立之分公司,Y,1,551012,旅館
95214559,,金沙娛樂城,花蓮縣花蓮市國聯里國聯五路１７號１、２樓,花蓮縣,花蓮市,國聯里,花蓮市一般行政區,否,否,50000.0,2025,獨資,N,0,932999,未分類其他娛樂及休閒服務
94775857,,國王冷氣冷凍工程有限公司,花蓮縣花蓮市國聯里國聯五路２０３號,花蓮縣,花蓮市,國聯里,花蓮市一般行政區,否,否,3000000.0,1980,有限公司,Y,1,474113,家用空調設備及其零件零售
92642179,,魔幻車體美容,花蓮縣花蓮市國聯里國聯五路２１７號１樓,花蓮縣,花蓮市,國聯里,花蓮市一般行政區,否,否,50000.0,2024,獨資,N,0,951200,汽車美容
00237613,,谷田有限公司,花蓮縣花蓮市國聯里國聯五路２１９號１樓,花蓮縣,花蓮市,國聯里,花蓮市一般行政區,否,否,100000.0,2024,有限公司,Y,1,561112,便當、自助餐店
16773699,97452508,國廣興實業股份有限公司國聯分公司,花蓮縣花蓮市國聯里國聯五路２２３號,花蓮縣,花蓮市,國聯里,花蓮市一般行政區,否,否,0.0,1999,本國公司設立之分公司,Y,1,551012,旅館
42571190,53170469,周慧股份有限公司花蓮分公司,花蓮縣花蓮市國聯里國聯五路２２３號,花蓮縣,花蓮市,國聯里,花蓮市一般行政區,否,否,0.0,2015,本國公司設立之分公司,Y,1,551012,旅館
60402616,,亞明開發企業有限公司,花蓮縣花蓮市國聯里國聯五路３號４樓之１４,花蓮縣,花蓮市,國聯里,花蓮市一般行政區,否,否,2000000.0,2026,有限公司,Y,1,469199,其他回收物料批發
93056611,,萬物智通系統工程行,花蓮縣花蓮市國聯里國聯五路３號４樓之１４,花蓮縣,花蓮市,國聯里,花蓮市一般行政區,否,否,1100000.0,2024,獨資,Y,1,620199,其他電腦程式設計
93056936,,花蓮的老饕商行,花蓮縣花蓮市國聯里國聯五路３號４樓之１４,花蓮縣,花蓮市,國聯里,花蓮市一般行政區,否,否,100000.0,2024,獨資,Y,1,487114,經營網路購物（食品、飲料類商品）
95208819,,立紳工務企業社,花蓮縣花蓮市國聯里國聯五路３號４樓之１４,花蓮縣,花蓮市,國聯里,花蓮市一般行政區,否,否,200000.0,2024,獨資,Y,1,410011,房屋修繕
95209036,,卓欽傢俱,花蓮縣花蓮市國聯里國聯五路３號４樓之１４,花蓮縣,花蓮市,國聯里,花蓮市一般行政區,否,否,200000.0,2025,獨資,Y,1,456212,進口家用家具批發
92641143,,黃蓁設計工作室,花蓮縣花蓮市國聯里國聯五路３－２號１樓,花蓮縣,花蓮市,國聯里,花蓮市一般行政區,否,否,10000.0,2023,獨資,N,0,962111,美髮院及髮廊
41467326,,金郁冷飲店,花蓮縣花蓮市國聯里國聯五路３７號１樓,花蓮縣,花蓮市,國聯里,花蓮市一般行政區,否,否,50000.0,2016,獨資,Y,1,563115,手搖飲店
95214397,,奇萊山小吃部,花蓮縣花蓮市國聯里國聯五路５號２樓,花蓮縣,花蓮市,國聯里,花蓮市一般行政區,否,否,100000.0,2025,獨資,N,0,561113,麵店、小吃店
91597416,,真人二點零桌遊館,花蓮縣花蓮市國聯里國聯五路５－１號１樓,花蓮縣,花蓮市,國聯里,花蓮市一般行政區,否,否,50000.0,2022,獨資,N,0,932999,未分類其他娛樂及休閒服務
30135455,,秘密冷飲小吃,花蓮縣花蓮市國聯里國聯五路５－１號２樓,花蓮縣,花蓮市,國聯里,花蓮市一般行政區,否,否,20000.0,2008,獨資,N,0,561115,餐廳
31794384,,鍋神日式涮涮鍋,花蓮縣花蓮市國聯里國聯五路５５號１樓,花蓮縣,花蓮市,國聯里,花蓮市一般行政區,否,否,200000.0,2013,獨資,Y,1,561115,餐廳
91152687,,海爾發娛樂工作室,花蓮縣花蓮市國聯里國聯五路５７―２號３樓,花蓮縣,花蓮市,國聯里,花蓮市一般行政區,否,否,200000.0,2021,獨資,N,0,932999,未分類其他娛樂及休閒服務
60246209,,玖月燒肉,花蓮縣花蓮市國聯里國聯五路５７之１號,花蓮縣,花蓮市,國聯里,花蓮市一般行政區,否,否,200000.0,2025,獨資,N,0,561113,麵店、小吃店
93050594,,野吧企業社,花蓮縣花蓮市國聯里國聯五路５９之１號　,花蓮縣,花蓮市,國聯里,花蓮市一般行政區,否,否,10000.0,2024,獨資,N,0,561115,餐廳
92638132,,上采餐飲企業,花蓮縣花蓮市國聯里國聯五路６９號,花蓮縣,花蓮市,國聯里,花蓮市一般行政區,否,否,200000.0,2023,合夥,Y,1,561115,餐廳
16834078,84256265,好樂迪股份有限公司花蓮分公司,花蓮縣花蓮市國聯里國聯五路６９號１至３樓,花蓮縣,花蓮市,國聯里,花蓮市一般行政區,否,否,0.0,1999,本國公司設立之分公司,Y,1,932211,視唱中心（ＫＴＶ）
00218952,00070830,秀泰全球影城股份有限公司華蓮分公司,花蓮縣花蓮市國聯里國聯五路６９號４樓、６樓,花蓮縣,花蓮市,國聯里,花蓮市一般行政區,否,否,0.0,2024,本國公司設立之分公司,Y,1,591400,電影院
55911024,,華蓮明德股份有限公司,花蓮縣花蓮市國聯里國聯五路６９號４樓、６樓,花蓮縣,花蓮市,國聯里,花蓮市一般行政區,否,否,5000000.0,2016,股份有限公司,Y,1,649911,投資有價證券
94185249,89589328,統一生活事業股份有限公司花蓮縣第五分公司,花蓮縣花蓮市國聯里國聯五路６９－１號,花蓮縣,花蓮市,國聯里,花蓮市一般行政區,否,否,0.0,2023,本國公司設立之分公司,Y,1,471112,直營連鎖式便利商店
72848053,,得豐盛早餐店,花蓮縣花蓮市國聯里國聯五路７號１樓,花蓮縣,花蓮市,國聯里,花蓮市一般行政區,否,否,90000.0,2018,獨資,N,0,561111,早餐店
50636029,54219428,八號倉石材股份有限公司東區營業所,花蓮縣花蓮市國聯里國聯四路、國盛一街交叉口,花蓮縣,花蓮市,國聯里,花蓮市一般行政區,否,否,0.0,2016,其他,Y,1,524100,停車場管理
16500971,22928539,小馬小客車租賃股份有限公司花蓮分公司,花蓮縣花蓮市國聯里國聯四路２１號１樓,花蓮縣,花蓮市,國聯里,花蓮市一般行政區,否,否,0.0,1998,本國公司設立之分公司,Y,1,772100,汽車租賃
37759498,86953408,直航聯合股份有限公司花蓮營業所,花蓮縣花蓮市國聯里國聯四路２７號１樓,花蓮縣,花蓮市,國聯里,花蓮市一般行政區,否,否,0.0,2012,其他,Y,1,493911,附駕駛之小客車租賃
29335194,,巧克麗美容坊,花蓮縣花蓮市國聯里國聯四路４８號１樓,花蓮縣,花蓮市,國聯里,花蓮市一般行政區,否,否,5000.0,2005,獨資,N,0,962111,美髮院及髮廊
92099079,,明陽企業投資顧問,花蓮縣花蓮市國聯里國聯四路５６－１號１樓,花蓮縣,花蓮市,國聯里,花蓮市一般行政區,否,否,200000.0,1995,獨資,Y,1,681111,自有不動產買賣
91158872,,明文商行,花蓮縣花蓮市國聯里國聯５路５７號１樓,花蓮縣,花蓮市,國聯里,花蓮市一般行政區,否,否,3000.0,2021,獨資,Y,1,561115,餐廳
94641653,,國華建材行,花蓮縣花蓮市國聯里國興―街１２５號１樓,花蓮縣,花蓮市,國聯里,花蓮市一般行政區,否,否,30000.0,1977,獨資,Y,1,481014,居家修繕用品零售
80486292,,多羅滿汽車旅館股份有限公司,花蓮縣花蓮市國聯里國興一街１２３號,花蓮縣,花蓮市,國聯里,花蓮市一般行政區,否,否,7500000.0,2005,股份有限公司,Y,1,551012,旅館
41463834,,勝群工程行,花蓮縣花蓮市國聯里國興一街１２５號１樓,花蓮縣,花蓮市,國聯里,花蓮市一般行政區,否,否,245000.0,2015,獨資,Y,1,429099,未分類其他土木工程
91155880,,義宸工程行,花蓮縣花蓮市國聯里國興一街１２５號１樓,花蓮縣,花蓮市,國聯里,花蓮市一般行政區,否,否,200000.0,2021,獨資,Y,1,429099,未分類其他土木工程
60292189,,社團法人台灣職業創能教育協會,花蓮縣花蓮市國聯里國興一街１２９號,花蓮縣,花蓮市,國聯里,花蓮市一般行政區,否,否,100700.0,2025,其他,Y,1,859999,其他未分類教育
94824386,,鍵華企業有限公司,花蓮縣花蓮市國聯里國興一街１３７號１樓,花蓮縣,花蓮市,國聯里,花蓮市一般行政區,否,否,1000000.0,1983,有限公司,Y,1,464499,其他辦公用機械器具批發
49783402,,法托里亞民宿,花蓮縣花蓮市國聯里國興一街１８號,花蓮縣,花蓮市,國聯里,花蓮市一般行政區,否,否,100000.0,2016,獨資,N,0,551013,民宿
72613160,,車站一百米民宿,花蓮縣花蓮市國聯里國興一街２０號,花蓮縣,花蓮市,國聯里,花蓮市一般行政區,否,否,100000.0,2017,獨資,N,0,551013,民宿
54131107,,華東事業有限公司,花蓮縣花蓮市國聯里國興一街２６號１樓,花蓮縣,花蓮市,國聯里,花蓮市一般行政區,否,否,2000000.0,2013,有限公司,Y,1,454111,蔬菜批發
16772636,97452508,國廣興實業股份有限公司國興分公司,花蓮縣花蓮市國聯里國興一街３６號,花蓮縣,花蓮市,國聯里,花蓮市一般行政區,否,否,0.0,1999,本國公司設立之分公司,Y,1,551012,旅館
95192703,89798198,微程式資訊股份有限公司花蓮站前場,花蓮縣花蓮市國聯里國興一街３７號旁（富國段富國一小段５．６．７．８．９．１０）,花蓮縣,花蓮市,國聯里,花蓮市一般行政區,否,否,0.0,2024,其他,Y,1,524100,停車場管理
95209850,,信暉工程行,花蓮縣花蓮市國聯里國興一街９５號７樓之６,花蓮縣,花蓮市,國聯里,花蓮市一般行政區,否,否,300000.0,2025,獨資,Y,1,434011,室內裝潢工程
93058694,,王冠桌遊競技館,花蓮縣花蓮市國聯里國興三街２１號、２３號１樓,花蓮縣,花蓮市,國聯里,花蓮市一般行政區,否,否,50000.0,2024,獨資,N,0,931299,其他運動場館
91152363,,舒適好宅民宿,花蓮縣花蓮市國聯里國興三街２６號,花蓮縣,花蓮市,國聯里,花蓮市一般行政區,否,否,200000.0,2021,獨資,N,0,551013,民宿
82180450,,立德土木包工業,花蓮縣花蓮市國聯里國興三街５１號１樓,花蓮縣,花蓮市,國聯里,花蓮市一般行政區,否,否,1000000.0,2019,獨資,Y,1,431015,基礎工程
26640419,,協興工程行,花蓮縣花蓮市國聯里國興三街５２號１樓,花蓮縣,花蓮市,國聯里,花蓮市一般行政區,否,否,100000.0,2010,獨資,Y,1,494099,其他汽車貨運
53138882,,欣東宜工程顧問有限公司,花蓮縣花蓮市國聯里國興三街６２號１樓,花蓮縣,花蓮市,國聯里,花蓮市一般行政區,否,否,5000000.0,2010,有限公司,Y,1,711211,土木工程顧問
85208810,,家豐家居生活館,花蓮縣花蓮市國聯里國興三街７１號１樓,花蓮縣,花蓮市,國聯里,花蓮市一般行政區,否,否,200000.0,2019,獨資,Y,1,461313,衛浴設備批發
30337305,,菲斯佩旅居民宿,花蓮縣花蓮市國聯里國興三街７５號,花蓮縣,花蓮市,國聯里,花蓮市一般行政區,否,否,5000.0,2009,獨資,N,0,551013,民宿
50548948,,有窩客棧民宿,花蓮縣花蓮市國聯里國興三街８２號,花蓮縣,花蓮市,國聯里,花蓮市一般行政區,否,否,50000.0,2016,獨資,N,0,551013,民宿
61455652,,晏宇消防企業,花蓮縣花蓮市國聯里國興三街９８號１樓,花蓮縣,花蓮市,國聯里,花蓮市一般行政區,否,否,200000.0,2026,獨資,Y,1,464913,消防設備批發
50747290,,趣花蓮文化工作室,花蓮縣花蓮市國聯里國興二街１０２號１樓,花蓮縣,花蓮市,國聯里,花蓮市一般行政區,否,否,180000.0,2017,獨資,N,0,551013,民宿
16564216,,騰隆營造工程有限公司,花蓮縣花蓮市國聯里國興二街１０７號１樓,花蓮縣,花蓮市,國聯里,花蓮市一般行政區,否,否,3600000.0,1998,有限公司,Y,1,429099,未分類其他土木工程
50741177,,昱隆工程行,花蓮縣花蓮市國聯里國興二街１０７號１樓,花蓮縣,花蓮市,國聯里,花蓮市一般行政區,否,否,1200000.0,2017,獨資,Y,1,439014,起重工程
50747860,,邑聖土木包工業,花蓮縣花蓮市國聯里國興二街１０７號１樓,花蓮縣,花蓮市,國聯里,花蓮市一般行政區,否,否,1000000.0,2018,獨資,Y,1,410011,房屋修繕
60249249,,立脊傳統整復推拿,花蓮縣花蓮市國聯里國興二街１２５號１樓,花蓮縣,花蓮市,國聯里,花蓮市一般行政區,否,否,50000.0,2026,獨資,N,0,969015,推拿按摩服務
87344354,,安格拉創意廚房,花蓮縣花蓮市國聯里國興二街１２５號１樓,花蓮縣,花蓮市,國聯里,花蓮市一般行政區,否,否,58000.0,2020,獨資,N,0,562011,外燴（辦桌）承包
95211125,,千璽企業社,花蓮縣花蓮市國聯里國興二街１２５號３樓之７,花蓮縣,花蓮市,國聯里,花蓮市一般行政區,否,否,200000.0,2025,獨資,Y,1,962299,其他美容美體服務
49748341,,肌肉運動工作室,花蓮縣花蓮市國聯里國興二街１４５號１樓,花蓮縣,花蓮市,國聯里,花蓮市一般行政區,否,否,60000.0,2016,獨資,N,0,931219,健身中心
94832941,,元盛百貨股份有限公司,花蓮縣花蓮市國聯里國興二街１４８號,花蓮縣,花蓮市,國聯里,花蓮市一般行政區,否,否,3000000.0,1984,股份有限公司,Y,1,456999,未分類其他家用器具及用品批發
94794881,,國聯行,花蓮縣花蓮市國聯里國興二街１４８號１樓,花蓮縣,花蓮市,國聯里,花蓮市一般行政區,否,否,40000.0,1981,合夥,Y,1,456999,未分類其他家用器具及用品批發
70765106,22448237,香城大飯店股份有限公司花蓮分公司,花蓮縣花蓮市國聯里國興二街１９號,花蓮縣,花蓮市,國聯里,花蓮市一般行政區,否,否,0.0,2000,本國公司設立之分公司,Y,1,551012,旅館
60227081,70369154,俥亭停車事業股份有限公司花蓮國興營業所,花蓮縣花蓮市國聯里國興二街１９號旁空地停車場,花蓮縣,花蓮市,國聯里,花蓮市一般行政區,否,否,0.0,2025,其他,Y,1,524100,停車場管理
24631479,,匯嶔人力仲介有限公司,花蓮縣花蓮市國聯里國興二街３５號１樓,花蓮縣,花蓮市,國聯里,花蓮市一般行政區,否,否,5000000.0,2014,有限公司,Y,1,781011,移工仲介
61331225,83929948,鑫宏嘉股份有限公司花蓮門市,花蓮縣花蓮市國聯里國興二街４２號１樓,花蓮縣,花蓮市,國聯里,花蓮市一般行政區,否,否,0.0,2025,其他,Y,1,484211,全新機車零售
31418369,,金海豚電子遊戲場業,花蓮縣花蓮市國聯里國興二街４３號１樓,花蓮縣,花蓮市,國聯里,花蓮市一般行政區,否,否,80000.0,2006,獨資,N,0,932411,電動玩具店
92639195,,金桔投注站,花蓮縣花蓮市國聯里國興二街５１號,花蓮縣,花蓮市,國聯里,花蓮市一般行政區,否,否,200000.0,2023,獨資,N,0,920011,彩券銷售
86081190,,葆豐造藝實業有限公司,花蓮縣花蓮市國聯里國興二街６７號,花蓮縣,花蓮市,國聯里,花蓮市一般行政區,否,否,10000000.0,1991,有限公司,Y,1,432000,庭園景觀工程
09650882,,團友悅社,花蓮縣花蓮市國聯里國興二街６９號,花蓮縣,花蓮市,國聯里,花蓮市一般行政區,否,否,80000.0,2006,獨資,N,0,487199,其他電子購物及郵購
64815467,,立志鋁業社,花蓮縣花蓮市國聯里國興二街７２之１號１樓,花蓮縣,花蓮市,國聯里,花蓮市一般行政區,否,否,200000.0,1989,獨資,Y,1,461511,金屬門窗批發
76969280,,福大旅館,花蓮縣花蓮市國聯里國興二街７２號,花蓮縣,花蓮市,國聯里,花蓮市一般行政區,否,否,200000.0,1992,獨資,N,0,551012,旅館
92534609,,元山菁蔘藥行,花蓮縣花蓮市國聯里國興二街７７號１樓,花蓮縣,花蓮市,國聯里,花蓮市一般行政區,否,否,50000.0,2023,獨資,N,0,475111,中藥零售
50745321,,迷你菌工作室,花蓮縣花蓮市國聯里國興二街８６號１樓,花蓮縣,花蓮市,國聯里,花蓮市一般行政區,否,否,200000.0,2017,獨資,N,0,859399,其他運動及休閒教育
91256867,,你好生活公寓民宿,花蓮縣花蓮市國聯里國興二街９１號,花蓮縣,花蓮市,國聯里,花蓮市一般行政區,否,否,100000.0,2021,獨資,N,0,551013,民宿
93049099,,咻咻商號,花蓮縣花蓮市國聯里國興二街９６號１樓,花蓮縣,花蓮市,國聯里,花蓮市一般行政區,否,否,10000.0,2024,獨資,N,0,561115,餐廳
87348751,,冠承工程行,花蓮縣花蓮市國聯里國興二街９８號１樓,花蓮縣,花蓮市,國聯里,花蓮市一般行政區,否,否,200000.0,2020,獨資,Y,1,439099,未分類其他專門營造
90720944,,君驊商業有限公司,花蓮縣花蓮市國聯里國興五街１０３號１樓,花蓮縣,花蓮市,國聯里,花蓮市一般行政區,否,否,500000.0,2021,有限公司,Y,1,669199,其他投資顧問
26789185,,仟媞美容坊,花蓮縣花蓮市國聯里國興五街１１４號１樓,花蓮縣,花蓮市,國聯里,花蓮市一般行政區,否,否,3000.0,2011,獨資,N,0,962299,其他美容美體服務
27628032,,星耀建設有限公司,花蓮縣花蓮市國聯里國興五街１１５號,花蓮縣,花蓮市,國聯里,花蓮市一般行政區,否,否,10000000.0,2005,有限公司,Y,1,670012,不動產投資開發
25155727,,騰田室內裝修設計實業有限公司,花蓮縣花蓮市國聯里國興五街１１５號１樓,花蓮縣,花蓮市,國聯里,花蓮市一般行政區,否,否,500000.0,2010,有限公司,Y,1,434015,室內裝修工程
23860184,,員達營造有限公司,花蓮縣花蓮市國聯里國興五街１１８號,花蓮縣,花蓮市,國聯里,花蓮市一般行政區,否,否,100000000.0,1991,有限公司,Y,1,429099,未分類其他土木工程
10565625,,珅溙工程行,花蓮縣花蓮市國聯里國興五街１２０號１樓,花蓮縣,花蓮市,國聯里,花蓮市一般行政區,否,否,1000000.0,2008,獨資,Y,1,439011,施工塔架吊裝工程（鷹架工程）
94815719,,榕騫水電工程行,花蓮縣花蓮市國聯里國興五街１２０號１樓,花蓮縣,花蓮市,國聯里,花蓮市一般行政區,否,否,20500000.0,1983,合夥,Y,1,433112,電路工程
08129970,,明生百貨行,花蓮縣花蓮市國聯里國興五街１３２號,花蓮縣,花蓮市,國聯里,花蓮市一般行政區,否,否,20000.0,1986,獨資,Y,1,475299,其他化粧品零售
02711441,,白色階梯民宿,花蓮縣花蓮市國聯里國興五街１３２－１５號,花蓮縣,花蓮市,國聯里,花蓮市一般行政區,否,否,10000.0,2013,獨資,N,0,551013,民宿
34858208,,城市阿瑪菲,花蓮縣花蓮市國聯里國興五街１３２－１６號,花蓮縣,花蓮市,國聯里,花蓮市一般行政區,否,否,100000.0,2010,獨資,N,0,551013,民宿
34945597,,馬略卡民宿,花蓮縣花蓮市國聯里國興五街１３２－７號,花蓮縣,花蓮市,國聯里,花蓮市一般行政區,否,否,100000.0,2010,獨資,N,0,551013,民宿
49780453,,堤米亞民宿,花蓮縣花蓮市國聯里國興五街１６０之３號,花蓮縣,花蓮市,國聯里,花蓮市一般行政區,否,否,3000.0,2016,獨資,N,0,551013,民宿
92634522,,尤斯企業社,花蓮縣花蓮市國聯里國興五街１９０號１樓,花蓮縣,花蓮市,國聯里,花蓮市一般行政區,否,否,48000.0,2023,獨資,N,0,561115,餐廳
60228173,89483140,岳洋股份有限公司花蓮國興營業處,花蓮縣花蓮市國聯里國興五街１９４號對面空地,花蓮縣,花蓮市,國聯里,花蓮市一般行政區,否,否,0.0,2025,其他,Y,1,524100,停車場管理
91592496,,陶金餐館,花蓮縣花蓮市國聯里國興五街１９６―３號１樓,花蓮縣,花蓮市,國聯里,花蓮市一般行政區,否,否,50000.0,2022,獨資,N,0,561113,麵店、小吃店
18055483,,老鄉牛肉麵館,花蓮縣花蓮市國聯里國興五街１９６－５號１樓,花蓮縣,花蓮市,國聯里,花蓮市一般行政區,否,否,3000.0,2001,獨資,N,0,561113,麵店、小吃店
34893508,,安順工程行,花蓮縣花蓮市國聯里國興五街６３號３樓之３,花蓮縣,花蓮市,國聯里,花蓮市一般行政區,否,否,240000.0,2011,獨資,Y,1,782000,人力供應
93049767,,薇她健康生活館,花蓮縣花蓮市國聯里國興五街６３號７樓之１,花蓮縣,花蓮市,國聯里,花蓮市一般行政區,否,否,100000.0,2024,獨資,N,0,487114,經營網路購物（食品、飲料類商品）
62077904,,森入台灣有限公司,花蓮縣花蓮市國聯里國興五街６５號１樓,花蓮縣,花蓮市,國聯里,花蓮市一般行政區,否,否,20000.0,2026,有限公司,Y,1,820211,會議籌辦
20065022,22727364,新宇科技服務股份有限公司花蓮服務站,花蓮縣花蓮市國聯里國興五街６７號１樓,花蓮縣,花蓮市,國聯里,花蓮市一般行政區,否,否,0.0,1997,其他,Y,1,464211,電子器材、電子設備批發
86427454,,陳曜股份有限公司,花蓮縣花蓮市國聯里國興五街７０號,花蓮縣,花蓮市,國聯里,花蓮市一般行政區,否,否,22000000.0,1992,股份有限公司,Y,1,454912,罐頭批發
34894372,,勤禾企業社,花蓮縣花蓮市國聯里國興五街７６號１樓,花蓮縣,花蓮市,國聯里,花蓮市一般行政區,否,否,500000.0,2011,獨資,Y,1,474113,家用空調設備及其零件零售
10040092,,咪咕嚕民宿,花蓮縣花蓮市國聯里國興六街２１巷５弄８號,花蓮縣,花蓮市,國聯里,花蓮市一般行政區,否,否,3000.0,2007,獨資,N,0,551013,民宿
34887203,,登富土木包工業,花蓮縣花蓮市國聯里國興六街２１巷５弄８號,花蓮縣,花蓮市,國聯里,花蓮市一般行政區,否,否,1200000.0,2010,合夥,Y,1,429099,未分類其他土木工程
41460816,,宏泰商行,花蓮縣花蓮市國聯里國興六街２１巷５弄８號１樓,花蓮縣,花蓮市,國聯里,花蓮市一般行政區,否,否,40000.0,2015,獨資,N,0,472918,咖啡零售
54008090,,京富建設有限公司,花蓮縣花蓮市國聯里國興六街２１巷５弄８號１樓,花蓮縣,花蓮市,國聯里,花蓮市一般行政區,否,否,7000000.0,2012,有限公司,Y,1,670012,不動產投資開發
34892424,,國美鑿井工程行,花蓮縣花蓮市國聯里國興六街３６號１樓,花蓮縣,花蓮市,國聯里,花蓮市一般行政區,否,否,1200000.0,2011,獨資,Y,1,422017,水井鑽鑿工程
95211434,,銓鑫水電工程行,花蓮縣花蓮市國聯里國興六街３８號４樓之１,花蓮縣,花蓮市,國聯里,花蓮市一般行政區,否,否,200000.0,2025,獨資,Y,1,433111,水電工程
49985580,,快易通衛生工程行,花蓮縣花蓮市國聯里國興六街４０號３樓之１,花蓮縣,花蓮市,國聯里,花蓮市一般行政區,否,否,10000.0,2005,獨資,N,0,410015,焚化廠及廢棄物處理廠營建
93003967,,小豪商舖,花蓮縣花蓮市國聯里國興六街４０號３樓之２,花蓮縣,花蓮市,國聯里,花蓮市一般行政區,否,否,20000.0,2023,獨資,N,0,487199,其他電子購物及郵購
26792689,,康翔自助洗衣店,花蓮縣花蓮市國聯里國興四街１５號１樓,花蓮縣,花蓮市,國聯里,花蓮市一般行政區,否,否,5000.0,2012,獨資,N,0,961012,自助洗衣店
42947555,,玩豆有限公司,花蓮縣花蓮市國聯里國興四街２巷６號１樓,花蓮縣,花蓮市,國聯里,花蓮市一般行政區,否,否,2000000.0,2018,有限公司,Y,1,472918,咖啡零售
85206469,,都好咖啡坊,花蓮縣花蓮市國聯里國興四街２巷６號１號,花蓮縣,花蓮市,國聯里,花蓮市一般行政區,否,否,50000.0,2019,獨資,N,0,563199,其他飲料店
87352641,,紅海車體工作室,花蓮縣花蓮市國聯里國興四街７號１樓,花蓮縣,花蓮市,國聯里,花蓮市一般行政區,否,否,80000.0,2021,獨資,N,0,951200,汽車美容
42765864,,機皇企業有限公司,花蓮縣花蓮市國聯里００１鄰中山路４２４、４２２號１樓,花蓮縣,花蓮市,國聯里,花蓮市一般行政區,否,否,1390000.0,2016,有限公司,Y,1,483212,手機及手機週邊零配件零售
41011945,,揚登企業社,花蓮縣花蓮市國聯里００１鄰商校街１７２號,花蓮縣,花蓮市,國聯里,花蓮市一般行政區,否,否,200000.0,2014,獨資,Y,1,474111,家用照明設備零售
95215092,,四季陽光冰品店,花蓮縣花蓮市國聯里００１鄰商校街１７４號１樓,花蓮縣,花蓮市,國聯里,花蓮市一般行政區,否,否,50000.0,2025,獨資,N,0,472926,冰品零售
61476988,,大宣企業社,花蓮縣花蓮市國聯里００１鄰商校街１７８號１樓,花蓮縣,花蓮市,國聯里,花蓮市一般行政區,否,否,50000.0,2026,獨資,N,0,932414,夾娃娃機店
82176033,,華視錄影器材多媒體,花蓮縣花蓮市國聯里００１鄰商校街１７８號２樓,花蓮縣,花蓮市,國聯里,花蓮市一般行政區,否,否,200000.0,2018,獨資,N,0,474920,家用攝影器材零售
92639907,,財神來彩券行,花蓮縣花蓮市國聯里００１鄰商校街１８２號１樓,花蓮縣,花蓮市,國聯里,花蓮市一般行政區,否,否,30000.0,2023,獨資,N,0,920011,彩券銷售
91596893,,捲捲毛寵物旅館,花蓮縣花蓮市國聯里００１鄰國民一街３８號,花蓮縣,花蓮市,國聯里,花蓮市一般行政區,否,否,200000.0,2022,獨資,N,0,969021,寵物照顧及訓練
72898551,,朵娜花園美學館,花蓮縣花蓮市國聯里００１鄰國民一街３８號２樓,花蓮縣,花蓮市,國聯里,花蓮市一般行政區,否,否,100000.0,2018,獨資,N,0,962211,美甲美睫服務
41459206,,花薇薇美妍館,花蓮縣花蓮市國聯里００１鄰國民一街４０號１樓,花蓮縣,花蓮市,國聯里,花蓮市一般行政區,否,否,50000.0,2015,獨資,N,0,962299,其他美容美體服務
95208206,,沛衡運動健康事業,花蓮縣花蓮市國聯里００１鄰國聯二路１７７號,花蓮縣,花蓮市,國聯里,花蓮市一般行政區,否,否,200000.0,2024,獨資,N,0,969015,推拿按摩服務
60582477,,馬兔有限公司,花蓮縣花蓮市國聯里００２鄰中山路４３４號,花蓮縣,花蓮市,國聯里,花蓮市一般行政區,否,否,100000.0,2025,有限公司,Y,1,561114,連鎖速食店
10047378,,學友服裝社,花蓮縣花蓮市國聯里００２鄰國聯二路１５２號,花蓮縣,花蓮市,國聯里,花蓮市一般行政區,否,否,30000.0,2007,獨資,N,0,473999,未分類其他服飾品零售
94075502,,恬樂餐飲有限公司,花蓮縣花蓮市國聯里００３鄰中山路４６２號,花蓮縣,花蓮市,國聯里,花蓮市一般行政區,否,否,6000000.0,2023,有限公司,Y,1,561115,餐廳
09804090,,花蓮中山不動產企業社,花蓮縣花蓮市國聯里００３鄰中山路４６８號１樓,花蓮縣,花蓮市,國聯里,花蓮市一般行政區,否,否,1000000.0,2007,合夥,Y,1,681211,不動產仲介
45107745,,前川建設有限公司,花蓮縣花蓮市國聯里００３鄰中山路４６８號１樓,花蓮縣,花蓮市,國聯里,花蓮市一般行政區,否,否,6000000.0,2016,有限公司,Y,1,670012,不動產投資開發
53138969,,金中信建設有限公司,花蓮縣花蓮市國聯里００３鄰中山路４６８號１樓,花蓮縣,花蓮市,國聯里,花蓮市一般行政區,否,否,5000000.0,2010,有限公司,Y,1,681112,自有不動產租賃
94055610,,冠群建設股份有限公司,花蓮縣花蓮市國聯里００３鄰中山路４６８號１樓,花蓮縣,花蓮市,國聯里,花蓮市一般行政區,否,否,15000000.0,2023,股份有限公司,Y,1,681111,自有不動產買賣
94065912,,興錡投資開發有限公司,花蓮縣花蓮市國聯里００３鄰中山路４６８號１樓,花蓮縣,花蓮市,國聯里,花蓮市一般行政區,否,否,4500000.0,2023,有限公司,N,0,649911,投資有價證券
91591709,,史黛洗自助洗衣,花蓮縣花蓮市國聯里００３鄰國聯一路２０９號１樓,花蓮縣,花蓮市,國聯里,花蓮市一般行政區,否,否,200000.0,2022,獨資,N,0,961012,自助洗衣店
67944555,,源發食品舖,花蓮縣花蓮市國聯里００３鄰國聯一路２１７號１樓,花蓮縣,花蓮市,國聯里,花蓮市一般行政區,否,否,3000.0,1999,獨資,N,0,472921,糖果餅乾零售
42830979,07712932,義美股份有限公司花蓮市分公司,花蓮縣花蓮市國聯里００４鄰中山路５５１―２號,花蓮縣,花蓮市,國聯里,花蓮市一般行政區,否,否,0.0,2015,本國公司設立之分公司,Y,1,472999,未分類其他食品、飲料及菸草製品零售
00023099,,吃皇國際貿易實業有限公司,花蓮縣花蓮市國聯里００４鄰中山路５５１號１樓,花蓮縣,花蓮市,國聯里,花蓮市一般行政區,否,否,300000.0,2024,有限公司,Y,1,561113,麵店、小吃店
54791016,,全順旅行社有限公司,花蓮縣花蓮市國聯里００４鄰中山路５５１號２樓,花蓮縣,花蓮市,國聯里,花蓮市一般行政區,否,否,6000000.0,2014,有限公司,Y,1,790011,旅行業
85211168,,上欣養蜂園,花蓮縣花蓮市國聯里００４鄰中山路５５５號１樓,花蓮縣,花蓮市,國聯里,花蓮市一般行政區,否,否,10000.0,2020,獨資,N,0,012913,蜂飼育
49764117,,八丼日式手作料理店,花蓮縣花蓮市國聯里００４鄰商校街１９６號,花蓮縣,花蓮市,國聯里,花蓮市一般行政區,否,否,68000.0,2016,獨資,N,0,561115,餐廳
37999048,,以諾廚房,花蓮縣花蓮市國聯里００４鄰商校街１９６號１樓,花蓮縣,花蓮市,國聯里,花蓮市一般行政區,否,否,10000.0,2014,獨資,N,0,561115,餐廳
82182648,,威克早午餐店,花蓮縣花蓮市國聯里００４鄰國興五街１９２號１樓,花蓮縣,花蓮市,國聯里,花蓮市一般行政區,否,否,1000000.0,2019,獨資,N,0,561111,早餐店
41232476,,齊愔居民宿,花蓮縣花蓮市國聯里００４鄰國興五街２１２號,花蓮縣,花蓮市,國聯里,花蓮市一般行政區,否,否,30000.0,2014,獨資,N,0,551013,民宿
82178362,,阿法洛黃金早餐,花蓮縣花蓮市國聯里００５鄰中山路５７３號１樓,花蓮縣,花蓮市,國聯里,花蓮市一般行政區,否,否,50000.0,2018,獨資,N,0,561111,早餐店
42587088,,東碕企業股份有限公司,花蓮縣花蓮市國聯里００５鄰中山路５８９號,花蓮縣,花蓮市,國聯里,花蓮市一般行政區,否,否,75000000.0,2015,股份有限公司,Y,1,551012,旅館
60247707,,鑫鈅鈊養生館,花蓮縣花蓮市國聯里００５鄰中山路５９１號,花蓮縣,花蓮市,國聯里,花蓮市一般行政區,否,否,200000.0,2025,獨資,N,0,969015,推拿按摩服務
72647181,,道花蓮民宿,花蓮縣花蓮市國聯里００６鄰中山路６０１巷１弄２６號,花蓮縣,花蓮市,國聯里,花蓮市一般行政區,否,否,500000.0,2017,獨資,N,0,551013,民宿
85294759,,遇見高第民宿,花蓮縣花蓮市國聯里００６鄰中山路６０１巷２５號,花蓮縣,花蓮市,國聯里,花蓮市一般行政區,否,否,4000000.0,2019,獨資,N,0,551013,民宿
72999220,,水晶體律工作室,花蓮縣花蓮市國聯里００６鄰中山路６０１巷５０號１樓,花蓮縣,花蓮市,國聯里,花蓮市一般行政區,否,否,10000.0,2019,獨資,N,0,932999,未分類其他娛樂及休閒服務
85283789,,鳥窩青年旅舍民宿,花蓮縣花蓮市國聯里００６鄰國民五街５號,花蓮縣,花蓮市,國聯里,花蓮市一般行政區,否,否,150000.0,2019,獨資,N,0,551013,民宿
93536730,86684523,頂揚國際開發有限公司花蓮分公司,花蓮縣花蓮市國聯里００９鄰商校街２５８號２樓之３,花蓮縣,花蓮市,國聯里,花蓮市一般行政區,否,否,0.0,2023,本國公司設立之分公司,Y,1,551011,觀光旅館
91151462,,後山手工柴燒披薩,花蓮縣花蓮市國聯里００９鄰商校街２６６－１號,花蓮縣,花蓮市,國聯里,花蓮市一般行政區,否,否,10000.0,2021,獨資,N,0,561115,餐廳
91594945,,源鄉生鮮行,花蓮縣花蓮市國聯里００９鄰國興六街２１巷１０號１樓,花蓮縣,花蓮市,國聯里,花蓮市一般行政區,否,否,50000.0,2022,獨資,Y,1,454214,農產品（家畜及家禽肉品）批發市場承銷
13169108,,長逸營造有限公司,花蓮縣花蓮市國聯里００９鄰國興六街２１巷３―１號１樓,花蓮縣,花蓮市,國聯里,花蓮市一般行政區,否,否,12000000.0,2002,有限公司,Y,1,421000,道路工程
41417635,,Ｂ威民宿,花蓮縣花蓮市國聯里００９鄰國興六街２１巷５弄２號,花蓮縣,花蓮市,國聯里,花蓮市一般行政區,否,否,20000.0,2015,獨資,N,0,551013,民宿
28424367,03077208,中國信託商業銀行股份有限公司東花蓮分公司,花蓮縣花蓮市國聯里０１０鄰國聯一路１６７號１、２樓,花蓮縣,花蓮市,國聯里,花蓮市一般行政區,否,否,0.0,2007,本國公司設立之分公司,Y,1,641211,本國銀行
28424388,03077208,中國信託商業銀行股份有限公司花蓮分公司,花蓮縣花蓮市國聯里０１０鄰國聯一路１６７號１、２樓,花蓮縣,花蓮市,國聯里,花蓮市一般行政區,否,否,0.0,2007,本國公司設立之分公司,N,0,641211,本國銀行
41463601,,花蓮野人行,花蓮縣花蓮市國聯里０１０鄰國聯一路１６９號１樓,花蓮縣,花蓮市,國聯里,花蓮市一般行政區,否,否,150000.0,2015,合夥,Y,1,561113,麵店、小吃店
95209676,,腸機常吉企業社,花蓮縣花蓮市國聯里０１０鄰國聯一路１７１號４樓,花蓮縣,花蓮市,國聯里,花蓮市一般行政區,否,否,50000.0,2025,獨資,N,0,476111,文具零售
24851965,,全兵衛餐飲有限公司,花蓮縣花蓮市國聯里０１０鄰國聯一路１７３號,花蓮縣,花蓮市,國聯里,花蓮市一般行政區,否,否,3000000.0,2014,有限公司,Y,1,561115,餐廳
00112705,83560226,貳輪嶼股份有限公司花蓮分公司,花蓮縣花蓮市國聯里０１０鄰國聯一路１９７號、１９９號,花蓮縣,花蓮市,國聯里,花蓮市一般行政區,否,否,0.0,2024,本國公司設立之分公司,Y,1,484212,中古機車零售
92760626,,友博動物醫院,花蓮縣花蓮市國聯里０１１鄰國聯二路１００號１樓,花蓮縣,花蓮市,國聯里,花蓮市一般行政區,否,否,120000.0,2023,獨資,N,0,485222,寵物飼品零售
91156425,,亨松商行,花蓮縣花蓮市國聯里０１１鄰國興二街１４１號,花蓮縣,花蓮市,國聯里,花蓮市一般行政區,否,否,200000.0,2021,合夥,Y,1,563115,手搖飲店
91020336,,植物影像社有限公司,花蓮縣花蓮市國聯里０１１鄰國興二街１４１號１樓,花蓮縣,花蓮市,國聯里,花蓮市一般行政區,否,否,100000.0,2021,有限公司,Y,1,731013,公開展示廣告
94189809,,詠泰當舖,花蓮縣花蓮市國聯里０１２鄰國興五街１５０號,花蓮縣,花蓮市,國聯里,花蓮市一般行政區,否,否,1500000.0,1977,獨資,N,0,649611,典當服務
72846549,,和康企業社,花蓮縣花蓮市國聯里０１２鄰國興五街１５２―２號１樓,花蓮縣,花蓮市,國聯里,花蓮市一般行政區,否,否,200000.0,2018,獨資,Y,1,474199,其他家用電器零售
50634140,,小松鼠民宿,花蓮縣花蓮市國聯里０１３鄰國聯二路１１７號,花蓮縣,花蓮市,國聯里,花蓮市一般行政區,否,否,50000.0,2016,獨資,N,0,551013,民宿
92640284,,犀牛租賃行,花蓮縣花蓮市國聯里０１４鄰國聯一路１２９號１樓,花蓮縣,花蓮市,國聯里,花蓮市一般行政區,否,否,200000.0,2023,獨資,Y,1,772911,機車出租
92543494,,站前遇見１３１民宿,花蓮縣花蓮市國聯里０１４鄰國聯一路１３１號,花蓮縣,花蓮市,國聯里,花蓮市一般行政區,否,否,100000.0,2022,獨資,N,0,551013,民宿
91384650,24742989,三民教育科技股份有限公司花蓮營業處,花蓮縣花蓮市國聯里０１４鄰國聯一路１３１號１樓前半部,花蓮縣,花蓮市,國聯里,花蓮市一般行政區,否,否,0.0,2021,其他,Y,1,458399,其他玩具及娛樂用品批發
41232671,54250320,意祥酒業有限公司站前店,花蓮縣花蓮市國聯里０１４鄰國聯一路１３５號１樓,花蓮縣,花蓮市,國聯里,花蓮市一般行政區,否,否,0.0,2014,其他,Y,1,472913,菸酒零售
31795829,,樂樂小吃,花蓮縣花蓮市國聯里０１５鄰國聯二路８６號１樓,花蓮縣,花蓮市,國聯里,花蓮市一般行政區,否,否,30000.0,2013,獨資,N,0,561113,麵店、小吃店
50744097,,祥和企業,花蓮縣花蓮市國聯里０１５鄰國聯二路８８號１樓,花蓮縣,花蓮市,國聯里,花蓮市一般行政區,否,否,50000.0,2017,獨資,N,0,563199,其他飲料店
76758807,,信益機車行,花蓮縣花蓮市國聯里０１６鄰國聯二路７１號１樓,花蓮縣,花蓮市,國聯里,花蓮市一般行政區,否,否,200000.0,1992,獨資,N,0,959100,機車維修
93054711,,世芳工程行,花蓮縣花蓮市國聯里０１６鄰國聯二路７５號１樓,花蓮縣,花蓮市,國聯里,花蓮市一般行政區,否,否,200000.0,2024,獨資,Y,1,429099,未分類其他土木工程
91154117,,古魯一族輕食餐盒,花蓮縣花蓮市國聯里０１６鄰國聯二路７９號１樓,花蓮縣,花蓮市,國聯里,花蓮市一般行政區,否,否,200000.0,2021,獨資,N,0,561115,餐廳
78850766,,鑫源當鋪,花蓮縣花蓮市國聯里０１６鄰國聯二路８１號１樓,花蓮縣,花蓮市,國聯里,花蓮市一般行政區,否,否,1500000.0,1994,合夥,N,0,649611,典當服務
82177048,,東台灣新聞網企業社,花蓮縣花蓮市國聯里０１６鄰國聯二路８３號１０樓之１,花蓮縣,花蓮市,國聯里,花蓮市一般行政區,否,否,50000.0,2018,獨資,Y,1,702099,其他管理顧問
36513594,,欣欣水泥企業股份有限公司,花蓮縣花蓮市國聯里０１６鄰國聯二路９５號,花蓮縣,花蓮市,國聯里,花蓮市一般行政區,否,否,930330840.0,1977,股份有限公司,Y,1,060099,未分類砂、石採取及其他礦業
15788890,,博文藥局,花蓮縣花蓮市國聯里０１６鄰國聯二路９９號,花蓮縣,花蓮市,國聯里,花蓮市一般行政區,否,否,3000.0,2003,獨資,N,0,475112,西藥零售
90496832,,樂薾文創藝術有限公司,花蓮縣花蓮市國聯里０１７鄰國民二街２７號１樓,花蓮縣,花蓮市,國聯里,花蓮市一般行政區,否,否,200000.0,2021,有限公司,Y,1,903015,藝術表演活動籌辦、監製與經紀
10534573,,溪遊記活動企劃企業社,花蓮縣花蓮市國聯里０１７鄰國興三街４５號,花蓮縣,花蓮市,國聯里,花蓮市一般行政區,否,否,300000.0,2008,獨資,N,0,931999,未分類其他運動服務
54960770,,寶順億企業股份有限公司,花蓮縣花蓮市國聯里０１８鄰商校街５０號１樓,花蓮縣,花蓮市,國聯里,花蓮市一般行政區,否,否,10000000.0,2018,股份有限公司,Y,1,360000,用水供應
87352001,,飛揚棋院,花蓮縣花蓮市國聯里０１８鄰商校街５６號１樓,花蓮縣,花蓮市,國聯里,花蓮市一般行政區,否,否,200000.0,2021,獨資,N,0,931299,其他運動場館
42967616,,欣安居建設有限公司,花蓮縣花蓮市國聯里０１８鄰商校街６８號１樓,花蓮縣,花蓮市,國聯里,花蓮市一般行政區,否,否,3000000.0,2018,有限公司,Y,1,670012,不動產投資開發
50741649,,迦南美地企業社,花蓮縣花蓮市國聯里０１９鄰國民四街１號２樓之３,花蓮縣,花蓮市,國聯里,花蓮市一般行政區,否,否,100000.0,2017,獨資,N,0,681112,自有不動產租賃
91320093,,艾莉小屋民宿,花蓮縣花蓮市國聯里０２０鄰國民六街３號,花蓮縣,花蓮市,國聯里,花蓮市一般行政區,否,否,200000.0,2021,獨資,N,0,551013,民宿
82179860,,心旅驛站民宿,花蓮縣花蓮市國聯里０２０鄰國民六街５號,花蓮縣,花蓮市,國聯里,花蓮市一般行政區,否,否,100000.0,2019,獨資,N,0,551013,民宿
30204868,,髮力無邊髮型,花蓮縣花蓮市國聯里０２０鄰國聯三路６６―１號１樓,花蓮縣,花蓮市,國聯里,花蓮市一般行政區,否,否,3000.0,2009,獨資,N,0,962111,美髮院及髮廊
94023300,29004693,享溫馨企業股份有限公司花蓮分公司,花蓮縣花蓮市國聯里０２０鄰國聯三路８２號,花蓮縣,花蓮市,國聯里,花蓮市一般行政區,否,否,0.0,2023,本國公司設立之分公司,Y,1,932211,視唱中心（ＫＴＶ）
72625623,,農神飲料店,花蓮縣花蓮市國聯里０２０鄰國聯五路１９號１樓,花蓮縣,花蓮市,國聯里,花蓮市一般行政區,否,否,50000.0,2017,獨資,Y,1,563115,手搖飲店
72845801,,樂購商行,花蓮縣花蓮市國聯里０２０鄰國聯五路３―３號１樓,花蓮縣,花蓮市,國聯里,花蓮市一般行政區,否,否,200000.0,2018,獨資,N,0,472999,未分類其他食品、飲料及菸草製品零售
93056083,,柏德企業社,花蓮縣花蓮市國聯里０２０鄰國聯五路３號四樓之１４,花蓮縣,花蓮市,國聯里,花蓮市一般行政區,否,否,200000.0,2024,獨資,Y,1,471114,加盟連鎖式便利商店（無商品進、銷貨行為）
10526193,,太鼎企業社,花蓮縣花蓮市國聯里０２０鄰國聯五路３號４樓之１４,花蓮縣,花蓮市,國聯里,花蓮市一般行政區,否,否,200000.0,2008,獨資,Y,1,439099,未分類其他專門營造
12606643,,享翔顧問有限公司,花蓮縣花蓮市國聯里０２０鄰國聯五路３號４樓之１４,花蓮縣,花蓮市,國聯里,花蓮市一般行政區,否,否,1000000.0,2000,有限公司,Y,1,620199,其他電腦程式設計
60405374,,臺灣鮭魚股份有限公司,花蓮縣花蓮市國聯里０２０鄰國聯五路３號４樓之１４,花蓮縣,花蓮市,國聯里,花蓮市一般行政區,否,否,110000.0,2025,股份有限公司,Y,1,089999,其他未分類食品製造
62206132,,酉春數位科技有限公司,花蓮縣花蓮市國聯里０２０鄰國聯五路３號４樓之１４,花蓮縣,花蓮市,國聯里,花蓮市一般行政區,否,否,300000.0,2026,有限公司,Y,1,464111,電腦及電腦週邊設備批發
85384870,,禾沛實業社,花蓮縣花蓮市國聯里０２０鄰國聯五路３號４樓之１４,花蓮縣,花蓮市,國聯里,花蓮市一般行政區,否,否,1000000.0,2020,獨資,Y,1,454999,未分類其他食品批發
87351805,,一念影音文化工作室,花蓮縣花蓮市國聯里０２０鄰國聯五路３號４樓之１４,花蓮縣,花蓮市,國聯里,花蓮市一般行政區,否,否,1000000.0,2021,獨資,Y,1,591199,其他影片及電視節目製作
91597470,,夢想家企業社,花蓮縣花蓮市國聯里０２０鄰國聯五路３號４樓之１４,花蓮縣,花蓮市,國聯里,花蓮市一般行政區,否,否,200000.0,2022,獨資,Y,1,434011,室內裝潢工程
91644023,,金鑫油漆企業社,花蓮縣花蓮市國聯里０２０鄰國聯五路３號４樓之１４,花蓮縣,花蓮市,國聯里,花蓮市一般行政區,否,否,240000.0,2022,獨資,Y,1,434012,油漆粉刷、壁飾（紙）黏貼工程
92535190,,帝豪工程行,花蓮縣花蓮市國聯里０２０鄰國聯五路３號４樓之１４,花蓮縣,花蓮市,國聯里,花蓮市一般行政區,否,否,200000.0,2023,獨資,Y,1,429099,未分類其他土木工程
92641333,,景泰水電工程行,花蓮縣花蓮市國聯里０２０鄰國聯五路３號４樓之１４,花蓮縣,花蓮市,國聯里,花蓮市一般行政區,否,否,248000.0,2023,獨資,Y,1,433111,水電工程
93049041,,鎂滿實業社,花蓮縣花蓮市國聯里０２０鄰國聯五路３號４樓之１４,花蓮縣,花蓮市,國聯里,花蓮市一般行政區,否,否,100000.0,2024,獨資,Y,1,487199,其他電子購物及郵購
95208043,,沐銘空間設計,花蓮縣花蓮市國聯里０２０鄰國聯五路３號４樓之１４,花蓮縣,花蓮市,國聯里,花蓮市一般行政區,否,否,200000.0,2024,獨資,Y,1,434011,室內裝潢工程
41015816,,國聯小吃店,花蓮縣花蓮市國聯里０２０鄰國聯五路４１號１樓,花蓮縣,花蓮市,國聯里,花蓮市一般行政區,否,否,58000.0,2015,獨資,N,0,561113,麵店、小吃店
91595352,,饗鍋小吃店,花蓮縣花蓮市國聯里０２０鄰國聯五路４３號１、２樓,花蓮縣,花蓮市,國聯里,花蓮市一般行政區,否,否,58000.0,2022,獨資,N,0,561113,麵店、小吃店
90026516,,緣真美生技有限公司,花蓮縣花蓮市國聯里０２０鄰國聯五路５－５號三樓,花蓮縣,花蓮市,國聯里,花蓮市一般行政區,否,否,100000.0,2022,有限公司,Y,1,454700,非酒精飲料批發
53024754,97160609,元大證券股份有限公司花蓮分公司,花蓮縣花蓮市國聯里０２０鄰國聯五路５－５號五樓,花蓮縣,花蓮市,國聯里,花蓮市一般行政區,否,否,0.0,2012,本國公司設立之分公司,N,0,661100,證券商
41010832,,比利健身運動館,花蓮縣花蓮市國聯里０２０鄰國聯五路５－５號四樓,花蓮縣,花蓮市,國聯里,花蓮市一般行政區,否,否,230000.0,2014,獨資,N,0,931219,健身中心
27236036,86517315,元大商業銀行股份有限公司花蓮分公司,花蓮縣花蓮市國聯里０２０鄰國聯五路５－５號１、２樓,花蓮縣,花蓮市,國聯里,花蓮市一般行政區,否,否,0.0,2004,本國公司設立之分公司,Y,1,641211,本國銀行
92639391,,薪滿億投注站,花蓮縣花蓮市國聯里０２０鄰國聯五路５１號１樓,花蓮縣,花蓮市,國聯里,花蓮市一般行政區,否,否,50000.0,2023,獨資,N,0,920011,彩券銷售
72616130,,建宇便當,花蓮縣花蓮市國聯里０２２鄰國聯二路５０號１樓,花蓮縣,花蓮市,國聯里,花蓮市一般行政區,否,否,30000.0,2017,獨資,N,0,561112,便當、自助餐店
94076517,,承果國際貿易有限公司,花蓮縣花蓮市國聯里０２２鄰國聯二路６２號１樓,花蓮縣,花蓮市,國聯里,花蓮市一般行政區,否,否,2000000.0,2023,有限公司,Y,1,487199,其他電子購物及郵購
95090776,,家傳六十載手工赤肉羹,花蓮縣花蓮市國聯里０２２鄰國聯二路６６―１號１樓,花蓮縣,花蓮市,國聯里,花蓮市一般行政區,否,否,50000.0,2024,獨資,N,0,561113,麵店、小吃店
82176174,,富豪小客車租賃行,花蓮縣花蓮市國聯里０２２鄰國聯二路６６―２號１樓,花蓮縣,花蓮市,國聯里,花蓮市一般行政區,否,否,5000000.0,2018,獨資,Y,1,772100,汽車租賃
82180965,,沅祿工程行,花蓮縣花蓮市國聯里０２２鄰國聯二路６６號１樓,花蓮縣,花蓮市,國聯里,花蓮市一般行政區,否,否,200000.0,2019,合夥,Y,1,251111,農林園藝用手工具製造
42972907,,鑫禧建設有限公司,花蓮縣花蓮市國聯里０２２鄰國聯二路６６號２樓,花蓮縣,花蓮市,國聯里,花蓮市一般行政區,否,否,10000000.0,2018,有限公司,Y,1,681111,自有不動產買賣
42567506,,梅貴汽車租賃有限公司,花蓮縣花蓮市國聯里０２３鄰國聯一路９５―２號,花蓮縣,花蓮市,國聯里,花蓮市一般行政區,否,否,5000000.0,2015,有限公司,Y,1,772100,汽車租賃
85212429,,檸檬單車行,花蓮縣花蓮市國聯里０２３鄰國聯一路９５號,花蓮縣,花蓮市,國聯里,花蓮市一般行政區,否,否,200000.0,2020,獨資,N,0,773011,自行車租賃
50596618,,愛思黛民宿,花蓮縣花蓮市國聯里０２３鄰國興二街６６號,花蓮縣,花蓮市,國聯里,花蓮市一般行政區,否,否,18000000.0,2016,獨資,N,0,551013,民宿
82291006,50885758,和雲行動服務股份有限公司花蓮站,花蓮縣花蓮市國聯里０２４鄰國聯一路６９號,花蓮縣,花蓮市,國聯里,花蓮市一般行政區,否,否,0.0,2018,其他,Y,1,772100,汽車租賃
92664779,24845459,上馬汽車租賃有限公司花蓮營業所,花蓮縣花蓮市國聯里０２５鄰國聯二路６號１樓,花蓮縣,花蓮市,國聯里,花蓮市一般行政區,否,否,0.0,2023,其他,Y,1,772100,汽車租賃
91591905,,十方土木包工業,花蓮縣花蓮市國聯里０２５鄰國聯四路３６號３樓之１７,花蓮縣,花蓮市,國聯里,花蓮市一般行政區,否,否,1000000.0,2022,獨資,Y,1,429099,未分類其他土木工程
97368880,,新普營造有限公司,花蓮縣花蓮市國聯里０２５鄰國聯四路３６號３樓之１７,花蓮縣,花蓮市,國聯里,花蓮市一般行政區,否,否,3600000.0,1997,有限公司,Y,1,429099,未分類其他土木工程
72744212,97169587,聯邦國際租賃股份有限公司花蓮營業所,花蓮縣花蓮市國聯里０２５鄰國興二街３７號,花蓮縣,花蓮市,國聯里,花蓮市一般行政區,否,否,0.0,2017,其他,Y,1,772100,汽車租賃
89197081,,弘勵有限公司,花蓮縣花蓮市國聯里０２５鄰國興二街４３―３號,花蓮縣,花蓮市,國聯里,花蓮市一般行政區,否,否,100000.0,2022,有限公司,Y,1,464999,未分類其他機械器具批發
42767080,,藍之麗資產顧問有限公司,花蓮縣花蓮市國聯里０２６鄰國聯三路５３號７樓之２,花蓮縣,花蓮市,國聯里,花蓮市一般行政區,否,否,21000000.0,2016,有限公司,Y,1,670012,不動產投資開發
89134903,,謙灃建設有限公司,花蓮縣花蓮市國聯里０２６鄰國聯三路５３號７樓之３,花蓮縣,花蓮市,國聯里,花蓮市一般行政區,否,否,11000000.0,2023,有限公司,Y,1,434013,房屋設備安裝工程
87519277,,人人企業社,花蓮縣花蓮市國聯里０２６鄰國聯三路５３號９樓之１,花蓮縣,花蓮市,國聯里,花蓮市一般行政區,否,否,200000.0,2020,獨資,Y,1,471114,加盟連鎖式便利商店（無商品進、銷貨行為）
91277624,83121992,光祐有限公司附設花蓮縣光祐私立居家式服務類長期照顧服務機構,花蓮縣花蓮市國聯里０２６鄰國聯三路５３號９樓之１,花蓮縣,花蓮市,國聯里,花蓮市一般行政區,否,否,0.0,2021,其他,Y,1,871199,其他居住型長期照顧服務
91930855,,夏舞民宿,花蓮縣花蓮市國聯里０２６鄰國聯三路８１號,花蓮縣,花蓮市,國聯里,花蓮市一般行政區,否,否,100000.0,2022,獨資,N,0,551013,民宿
00149203,,蓮曦養生有限公司,花蓮縣花蓮市國聯里０２６鄰國聯二路２３號、２５號、２７號（１，２樓）,花蓮縣,花蓮市,國聯里,花蓮市一般行政區,否,否,1000000.0,2024,有限公司,Y,1,561113,麵店、小吃店
49774017,,宏陽企業社,花蓮縣花蓮市國聯里０２６鄰國聯五路５５號１樓,花蓮縣,花蓮市,國聯里,花蓮市一般行政區,否,否,3000000.0,2016,獨資,Y,1,471113,加盟連鎖式便利商店（有商品進、銷貨行為）
83478182,24517462,康正旅館股份有限公司花蓮站前分公司,花蓮縣花蓮市國聯里０２７鄰國聯五路１０１號,花蓮縣,花蓮市,國聯里,花蓮市一般行政區,否,否,0.0,2020,本國公司設立之分公司,Y,1,551012,旅館
94237823,82863412,小鹿文娛股份有限公司花蓮站前分公司,花蓮縣花蓮市國聯里０２７鄰國聯五路１０５號,花蓮縣,花蓮市,國聯里,花蓮市一般行政區,否,否,0.0,2023,本國公司設立之分公司,Y,1,551012,旅館
60179362,70536152,大東海國際書局有限公司花蓮營業所,花蓮縣花蓮市國聯里０２８鄰國聯五路１２５號,花蓮縣,花蓮市,國聯里,花蓮市一般行政區,否,否,0.0,2025,其他,Y,1,859512,專業考試補習教學
50591803,,榮騰興業社,花蓮縣花蓮市國聯里０２８鄰國聯五路１３１號３樓之５,花蓮縣,花蓮市,國聯里,花蓮市一般行政區,否,否,200000.0,2016,獨資,Y,1,452000,綜合商品批發
61455626,,彩紅居企業社,花蓮縣花蓮市國聯里０２８鄰國聯四路４９號１樓,花蓮縣,花蓮市,國聯里,花蓮市一般行政區,否,否,100000.0,2026,獨資,N,0,563114,飲酒店
91156868,,草爺九九熱炒,花蓮縣花蓮市國聯里０２８鄰國聯四路５１號１樓,花蓮縣,花蓮市,國聯里,花蓮市一般行政區,否,否,100000.0,2021,獨資,N,0,561115,餐廳
20056179,,庭媛視聽伴唱,花蓮縣花蓮市國聯里０２８鄰國聯四路５１號２樓,花蓮縣,花蓮市,國聯里,花蓮市一般行政區,否,否,50000.0,1997,獨資,Y,1,932211,視唱中心（ＫＴＶ）
93046972,94175164,仲行智能行動股份有限公司花蓮站,花蓮縣花蓮市國聯里０２９鄰國聯一路４１號１樓,花蓮縣,花蓮市,國聯里,花蓮市一般行政區,否,否,0.0,2023,其他,Y,1,772100,汽車租賃
94243992,03374707,國泰人壽保險股份有限公司花蓮縣分公司,花蓮縣花蓮市國聯里０２９鄰國聯一路４１號２樓,花蓮縣,花蓮市,國聯里,花蓮市一般行政區,否,否,0.0,1969,本國公司設立之分公司,N,0,651000,人身保險
28062104,,葳妮股份有限公司,花蓮縣花蓮市國聯里０２９鄰國聯一路４１號８樓,花蓮縣,花蓮市,國聯里,花蓮市一般行政區,否,否,5000000.0,2005,股份有限公司,Y,1,457299,其他化粧品批發
50571399,,蘋果樹民宿,花蓮縣花蓮市國聯里０２９鄰國聯一路４３號,花蓮縣,花蓮市,國聯里,花蓮市一般行政區,否,否,100000.0,2016,獨資,N,0,551013,民宿
05788317,,行易小客車租賃行,花蓮縣花蓮市國聯里０２９鄰國聯一路４３號１樓,花蓮縣,花蓮市,國聯里,花蓮市一般行政區,否,否,10000000.0,1987,獨資,Y,1,772100,汽車租賃
25078861,,燕達旅行社有限公司,花蓮縣花蓮市國聯里０２９鄰國聯一路４３號１樓,花蓮縣,花蓮市,國聯里,花蓮市一般行政區,否,否,6000000.0,2009,有限公司,Y,1,790011,旅行業
22669337,,靚嘉聯合國際租賃有限公司,花蓮縣花蓮市國聯里０２９鄰國聯四路１１號１樓,花蓮縣,花蓮市,國聯里,花蓮市一般行政區,否,否,20000000.0,1987,有限公司,Y,1,772100,汽車租賃
87345234,,騎士派商行,花蓮縣花蓮市國聯里０２９鄰國聯四路１１號１樓,花蓮縣,花蓮市,國聯里,花蓮市一般行政區,否,否,200000.0,2020,獨資,N,0,772911,機車出租
85272397,,晶緻麗景民宿,花蓮縣花蓮市國聯里０２９鄰國聯四路１３號,花蓮縣,花蓮市,國聯里,花蓮市一般行政區,否,否,100000.0,2019,獨資,N,0,551013,民宿
87332272,22565797,關山汽車股份有限公司花蓮站營業所,花蓮縣花蓮市國聯里０２９鄰國聯四路１３號１樓,花蓮縣,花蓮市,國聯里,花蓮市一般行政區,否,否,0.0,2020,其他,Y,1,773011,自行車租賃
55911517,,鋐運國際租賃有限公司,花蓮縣花蓮市國聯里０２９鄰國聯四路１５號１樓,花蓮縣,花蓮市,國聯里,花蓮市一般行政區,否,否,5000000.0,2016,有限公司,Y,1,772100,汽車租賃
85119325,,鋐運租運有限公司,花蓮縣花蓮市國聯里０２９鄰國聯四路１５號１樓,花蓮縣,花蓮市,國聯里,花蓮市一般行政區,否,否,2000000.0,2019,有限公司,Y,1,772911,機車出租
93778672,,全豐久投資貿易有限公司,花蓮縣花蓮市國聯里０３０鄰國民八街５號十一樓之３,花蓮縣,花蓮市,國聯里,花蓮市一般行政區,否,否,3000000.0,2023,有限公司,N,0,649911,投資有價證券
41459867,,讚前小吃店,花蓮縣花蓮市國聯里０３０鄰國聯一路２１號１樓,花蓮縣,花蓮市,國聯里,花蓮市一般行政區,否,否,10000.0,2015,獨資,N,0,561113,麵店、小吃店
85003921,,全能小客車租賃有限公司,花蓮縣花蓮市國聯里０３０鄰國聯一路２１號１樓,花蓮縣,花蓮市,國聯里,花蓮市一般行政區,否,否,15000000.0,2019,有限公司,Y,1,772100,汽車租賃
87344137,,佑昌企業社,花蓮縣花蓮市國聯里０３１鄰國聯一路１８號,花蓮縣,花蓮市,國聯里,花蓮市一般行政區,否,否,50000.0,2020,獨資,Y,1,524100,停車場管理
92536402,,蜂巢膠囊旅店民宿,花蓮縣花蓮市國聯里０３２鄰國民十街１號２、３、４樓,花蓮縣,花蓮市,國聯里,花蓮市一般行政區,否,否,200000.0,2023,獨資,N,0,559099,未分類其他住宿
42584603,24649837,仲青行旅股份有限公司花蓮分公司,花蓮縣花蓮市國聯里０３２鄰國民十街１１號,花蓮縣,花蓮市,國聯里,花蓮市一般行政區,否,否,0.0,2015,本國公司設立之分公司,Y,1,551012,旅館
50727858,,花蓮婚紗攝影,花蓮縣花蓮市國聯里０３２鄰國聯一路６號,花蓮縣,花蓮市,國聯里,花蓮市一般行政區,否,否,100000.0,2016,獨資,N,0,969011,美姿禮儀造型設計
24623885,,源瑞實業有限公司,花蓮縣花蓮市國聯里０３４鄰國興一街８９號１樓,花蓮縣,花蓮市,國聯里,花蓮市一般行政區,否,否,5000000.0,2014,有限公司,Y,1,429099,未分類其他土木工程
31275361,,瑞紋石礦股份有限公司,花蓮縣花蓮市國聯里０３４鄰國興一街８９號１樓,花蓮縣,花蓮市,國聯里,花蓮市一般行政區,否,否,2000000.0,1976,股份有限公司,Y,1,060011,大理石採取
92537697,,得力企業社,花蓮縣花蓮市國聯里０３４鄰國興一街９５號４樓之７,花蓮縣,花蓮市,國聯里,花蓮市一般行政區,否,否,200000.0,2023,獨資,Y,1,429099,未分類其他土木工程
60736135,,董泰基紀念有限公司,花蓮縣花蓮市國聯里０３４鄰國興一街９５號６樓之１６,花蓮縣,花蓮市,國聯里,花蓮市一般行政區,否,否,500000.0,2025,有限公司,Y,1,456199,其他家用電器批發
93051398,,好心情自助洗衣店,花蓮縣花蓮市國聯里０３４鄰國興一街９９號１樓,花蓮縣,花蓮市,國聯里,花蓮市一般行政區,否,否,20000.0,2024,獨資,N,0,961012,自助洗衣店
50745151,,鼎峰機車出租,花蓮縣花蓮市國聯里０３５鄰國聯一路１５８―１號,花蓮縣,花蓮市,國聯里,花蓮市一般行政區,否,否,200000.0,2017,獨資,Y,1,772911,機車出租
87434708,,穗和機車出租,花蓮縣花蓮市國聯里０３５鄰國聯一路１５８―８號,花蓮縣,花蓮市,國聯里,花蓮市一般行政區,否,否,200000.0,2020,獨資,Y,1,772911,機車出租
50742226,,吉安租賃行,花蓮縣花蓮市國聯里０３５鄰國聯一路１６０號,花蓮縣,花蓮市,國聯里,花蓮市一般行政區,否,否,240000.0,2017,獨資,Y,1,772911,機車出租
85212032,,元富工程行,花蓮縣花蓮市國聯里０４９鄰國民十一街１１巷１號２樓之３,花蓮縣,花蓮市,國聯里,花蓮市一般行政區,否,否,200000.0,2020,獨資,Y,1,433212,管道工程
10036724,,超池飯包,花蓮縣花蓮市國聯里１鄰中山路４２２―２號１樓,花蓮縣,花蓮市,國聯里,花蓮市一般行政區,否,否,100000.0,2007,獨資,N,0,561112,便當、自助餐店
99816673,,彩虹工作坊,花蓮縣花蓮市國聯里１鄰商校街１７６號１樓,花蓮縣,花蓮市,國聯里,花蓮市一般行政區,否,否,60000.0,2004,獨資,N,0,475299,其他化粧品零售
26790161,,花田工作坊,花蓮縣花蓮市國聯里１鄰國民一街４２號,花蓮縣,花蓮市,國聯里,花蓮市一般行政區,否,否,3000.0,2011,獨資,N,0,485217,手工藝品零售
39992696,,阿莫咖啡,花蓮縣花蓮市國聯里１鄰國民一街４６號,花蓮縣,花蓮市,國聯里,花蓮市一般行政區,否,否,80000.0,2013,獨資,N,0,472914,飲料零售
08114630,,一路順小客車租賃行,花蓮縣花蓮市國聯里１鄰國聯一路１５６號,花蓮縣,花蓮市,國聯里,花蓮市一般行政區,否,否,5000000.0,1987,合夥,Y,1,772100,汽車租賃
12989682,,新碩科技有限公司,花蓮縣花蓮市國聯里１０鄰中山路６０３號１樓,花蓮縣,花蓮市,國聯里,花蓮市一般行政區,否,否,4000000.0,2001,有限公司,Y,1,483111,電腦及電腦週邊設備零售
84845165,,柏瑋投資有限公司,花蓮縣花蓮市國聯里１０鄰國聯一路１７５號,花蓮縣,花蓮市,國聯里,花蓮市一般行政區,否,否,5500000.0,1994,有限公司,N,0,649911,投資有價證券
53868368,,盛世開發有限公司,花蓮縣花蓮市國聯里１０鄰國聯一路１７５號１樓,花蓮縣,花蓮市,國聯里,花蓮市一般行政區,否,否,2000000.0,2012,有限公司,Y,1,681112,自有不動產租賃
94773035,,大慶行,花蓮縣花蓮市國聯里１０鄰國聯一路１７５號１樓,花蓮縣,花蓮市,國聯里,花蓮市一般行政區,否,否,600000.0,1985,合夥,Y,1,454999,未分類其他食品批發
70965385,,美觀園不動產,花蓮縣花蓮市國聯里１０鄰國聯五路１號,花蓮縣,花蓮市,國聯里,花蓮市一般行政區,否,否,50000.0,1999,獨資,Y,1,681211,不動產仲介
01884710,,藝境綠舞漫旅民宿,花蓮縣花蓮市國聯里１１鄰國聯二路１０２號,花蓮縣,花蓮市,國聯里,花蓮市一般行政區,否,否,3000.0,2013,獨資,N,0,551013,民宿
09615801,,天堂鳥美容坊,花蓮縣花蓮市國聯里１１鄰國聯二路１２４號１樓,花蓮縣,花蓮市,國聯里,花蓮市一般行政區,否,否,90000.0,2006,獨資,N,0,962299,其他美容美體服務
29257943,,健美企業,花蓮縣花蓮市國聯里１１鄰國興二街１４１號１樓,花蓮縣,花蓮市,國聯里,花蓮市一般行政區,否,否,168000.0,2004,獨資,Y,1,472915,茶葉零售
97630721,,希羽未來有限公司,花蓮縣花蓮市國聯里１２鄰國民一街５３巷１號,花蓮縣,花蓮市,國聯里,花蓮市一般行政區,否,否,250000.0,2024,有限公司,Y,1,760399,其他藝人及模特兒等經紀
96915426,,光隆生化科技股份有限公司,花蓮縣花蓮市國聯里１２鄰國聯二路１５９號,花蓮縣,花蓮市,國聯里,花蓮市一般行政區,否,否,5000000.0,1996,股份有限公司,Y,1,472999,未分類其他食品、飲料及菸草製品零售
96917233,,功隆企業有限公司,花蓮縣花蓮市國聯里１２鄰國聯二路１５９號,花蓮縣,花蓮市,國聯里,花蓮市一般行政區,否,否,5000000.0,1996,有限公司,Y,1,461311,貼面石材批發
09676004,,東旺土木包工業,花蓮縣花蓮市國聯里１３鄰國興五街１２０號１樓,花蓮縣,花蓮市,國聯里,花蓮市一般行政區,否,否,1000000.0,2006,合夥,Y,1,429099,未分類其他土木工程
92093531,,御貓坊,花蓮縣花蓮市國聯里１４鄰國民三街１３號１樓,花蓮縣,花蓮市,國聯里,花蓮市一般行政區,否,否,3000.0,1994,獨資,N,0,485221,寵物用品零售
26792490,,勇棟工程行,花蓮縣花蓮市國聯里１４鄰國興二街１２０號１樓,花蓮縣,花蓮市,國聯里,花蓮市一般行政區,否,否,236000.0,2012,合夥,Y,1,439099,未分類其他專門營造
64807760,,莉坊髮型創藝,花蓮縣花蓮市國聯里１６鄰國聯二路７７號１樓,花蓮縣,花蓮市,國聯里,花蓮市一般行政區,否,否,3000.0,1988,獨資,N,0,962111,美髮院及髮廊
26701604,,志銘電信工程行,花蓮縣花蓮市國聯里１６鄰國興三街５４號１樓,花蓮縣,花蓮市,國聯里,花蓮市一般行政區,否,否,2000000.0,2011,獨資,Y,1,422014,市區電力及電信線路工程
15783895,,明陽房屋仲介,花蓮縣花蓮市國聯里１７鄰國聯四路５６－１號１樓,花蓮縣,花蓮市,國聯里,花蓮市一般行政區,否,否,1000000.0,2003,獨資,Y,1,681211,不動產仲介
53988390,16193192,高屏用電設備檢驗維護有限公司花蓮區域分公司,花蓮縣花蓮市國聯里１７鄰國興三街４７號,花蓮縣,花蓮市,國聯里,花蓮市一般行政區,否,否,0.0,2012,本國公司設立之分公司,Y,1,340099,其他產業用機械設備維修及安裝
26791366,,榮鋒工程行,花蓮縣花蓮市國聯里１７鄰國興五街１２８號１樓,花蓮縣,花蓮市,國聯里,花蓮市一般行政區,否,否,500000.0,2012,獨資,Y,1,433212,管道工程
92635000,,芳寸間創藝企業社,花蓮縣花蓮市國聯里１８鄰國興五街６９號５樓之２,花蓮縣,花蓮市,國聯里,花蓮市一般行政區,否,否,240000.0,2023,獨資,N,0,901011,繪畫創作
30201567,,冠儒土木包工業,花蓮縣花蓮市國聯里１８鄰國興四街１１號,花蓮縣,花蓮市,國聯里,花蓮市一般行政區,否,否,1000000.0,2009,獨資,Y,1,429099,未分類其他土木工程
18049808,,嗄嗄叫早餐店,花蓮縣花蓮市國聯里１９鄰國聯三路８號１樓,花蓮縣,花蓮市,國聯里,花蓮市一般行政區,否,否,3000.0,2000,獨資,N,0,561111,早餐店
93758063,,文繹科技實業有限公司,花蓮縣花蓮市國聯里２鄰中山路４３２號１樓,花蓮縣,花蓮市,國聯里,花蓮市一般行政區,否,否,500000.0,2023,有限公司,Y,1,464214,手機及手機週邊零配件批發
18060388,,仙豐中藥行,花蓮縣花蓮市國聯里２鄰中山路４３６號１樓,花蓮縣,花蓮市,國聯里,花蓮市一般行政區,否,否,8000.0,2001,獨資,Y,1,457111,中藥批發
20064939,,晶晶鎖匙刻印坊,花蓮縣花蓮市國聯里２鄰中山路４４２號,花蓮縣,花蓮市,國聯里,花蓮市一般行政區,否,否,3000.0,1997,獨資,N,0,959917,開鎖及配鎖
13960656,,順盛企業社,花蓮縣花蓮市國聯里２０鄰國民六街１１號,花蓮縣,花蓮市,國聯里,花蓮市一般行政區,否,否,200000.0,2001,獨資,Y,1,421000,道路工程
31485486,,金東方小吃店,花蓮縣花蓮市國聯里２０鄰國聯五路４５號１、２樓,花蓮縣,花蓮市,國聯里,花蓮市一般行政區,否,否,5000.0,2007,獨資,N,0,472914,飲料零售
10624954,,健康卡路里早餐店,花蓮縣花蓮市國聯里２０鄰國聯五路４７號１樓,花蓮縣,花蓮市,國聯里,花蓮市一般行政區,否,否,5000.0,2008,獨資,N,0,561114,連鎖速食店
31672376,28408922,鮮茶道股份有限公司花蓮國聯店,花蓮縣花蓮市國聯里２０鄰國聯五路４９號,花蓮縣,花蓮市,國聯里,花蓮市一般行政區,否,否,0.0,2012,其他,Y,1,563115,手搖飲店
37996181,,全家來彩券行,花蓮縣花蓮市國聯里２０鄰國聯五路５１號１樓,花蓮縣,花蓮市,國聯里,花蓮市一般行政區,否,否,50000.0,2013,獨資,N,0,920011,彩券銷售
76950873,,全家來便利商店,花蓮縣花蓮市國聯里２０鄰國聯五路５１號１樓,花蓮縣,花蓮市,國聯里,花蓮市一般行政區,否,否,30000.0,1989,獨資,Y,1,471999,未分類其他綜合商品零售
82291081,,幸福是我家民宿,花蓮縣花蓮市國聯里２１鄰國興三街１２號,花蓮縣,花蓮市,國聯里,花蓮市一般行政區,否,否,100000.0,2018,獨資,Y,1,551013,民宿
72743071,,幸福來敲門民宿,花蓮縣花蓮市國聯里２１鄰國興三街２８號,花蓮縣,花蓮市,國聯里,花蓮市一般行政區,否,否,100000.0,2017,獨資,N,0,551013,民宿
82184218,,鑫禾工程行,花蓮縣花蓮市國聯里２１鄰國興三街２８號１樓,花蓮縣,花蓮市,國聯里,花蓮市一般行政區,否,否,200000.0,2019,獨資,Y,1,013012,作物栽培服務
19537538,,富豪機車行,花蓮縣花蓮市國聯里２２鄰國聯一路１４２―１號１樓,花蓮縣,花蓮市,國聯里,花蓮市一般行政區,否,否,50000.0,1996,獨資,Y,1,772911,機車出租
22686434,,東盈電信股份有限公司,花蓮縣花蓮市國聯里２２鄰國聯二路５８號２樓,花蓮縣,花蓮市,國聯里,花蓮市一般行政區,否,否,50000000.0,1987,股份有限公司,Y,1,433112,電路工程
97370513,,東盈營造股份有限公司,花蓮縣花蓮市國聯里２２鄰國聯二路５８號２樓,花蓮縣,花蓮市,國聯里,花蓮市一般行政區,否,否,12000000.0,1997,股份有限公司,Y,1,429099,未分類其他土木工程
15798314,,千台大飯店,花蓮縣花蓮市國聯里２３鄰國聯一路８５號,花蓮縣,花蓮市,國聯里,花蓮市一般行政區,否,否,200000.0,2003,獨資,Y,1,551012,旅館
42959756,,玫瑰香榭飯店有限公司,花蓮縣花蓮市國聯里２３鄰國聯一路９３號,花蓮縣,花蓮市,國聯里,花蓮市一般行政區,否,否,5000000.0,2018,有限公司,Y,1,551012,旅館
24350907,,臻饌豐有限公司,花蓮縣花蓮市國聯里２４鄰國聯一路７９號,花蓮縣,花蓮市,國聯里,花蓮市一般行政區,否,否,250000.0,2009,有限公司,Y,1,471999,未分類其他綜合商品零售
95074190,,金桔民宿,花蓮縣花蓮市國聯里２４鄰國聯三路３號,花蓮縣,花蓮市,國聯里,花蓮市一般行政區,否,否,300000.0,2024,獨資,N,0,551013,民宿
24851634,,金桔租賃有限公司,花蓮縣花蓮市國聯里２４鄰國聯三路３號１樓,花蓮縣,花蓮市,國聯里,花蓮市一般行政區,否,否,5000000.0,2014,有限公司,Y,1,772100,汽車租賃
67935161,,東林機車行,花蓮縣花蓮市國聯里２４鄰國聯三路３號１樓,花蓮縣,花蓮市,國聯里,花蓮市一般行政區,否,否,3000.0,1998,獨資,Y,1,772911,機車出租
18051424,,陽光休閒館,花蓮縣花蓮市國聯里２４鄰國興二街３２號１樓﹒國聯四路２２號,花蓮縣,花蓮市,國聯里,花蓮市一般行政區,否,否,80000.0,2000,獨資,N,0,932915,上網專門店
80354813,12208883,格上汽車租賃股份有限公司花蓮分公司,花蓮縣花蓮市國聯里２５鄰國聯一路１１７號１樓,花蓮縣,花蓮市,國聯里,花蓮市一般行政區,否,否,0.0,2003,本國公司設立之分公司,Y,1,772100,汽車租賃
41463807,,鋐展企業社,花蓮縣花蓮市國聯里２５鄰國聯三路２５號,花蓮縣,花蓮市,國聯里,花蓮市一般行政區,否,否,1000000.0,2015,獨資,Y,1,782000,人力供應
93058955,,田和堂,花蓮縣花蓮市國聯里２５鄰國聯三路２５號,花蓮縣,花蓮市,國聯里,花蓮市一般行政區,否,否,200000.0,2024,獨資,Y,1,561113,麵店、小吃店
10040585,,太監雞御膳坊,花蓮縣花蓮市國聯里２５鄰國聯四路３２號１樓,花蓮縣,花蓮市,國聯里,花蓮市一般行政區,否,否,248000.0,2007,獨資,Y,1,561115,餐廳
94758338,,太和汽車行,花蓮縣花蓮市國聯里２６鄰國聯一路１５６號,花蓮縣,花蓮市,國聯里,花蓮市一般行政區,否,否,1000000.0,1979,獨資,Y,1,493200,計程車客運
10650988,84190074,東震股份有限公司花蓮營業所,花蓮縣花蓮市國聯里２６鄰國聯三路５３號３樓之１、之２、之３,花蓮縣,花蓮市,國聯里,花蓮市一般行政區,否,否,0.0,2008,其他,Y,1,457299,其他化粧品批發
94833478,,照典電器材料有限公司,花蓮縣花蓮市國聯里２６鄰國聯三路７８號１樓,花蓮縣,花蓮市,國聯里,花蓮市一般行政區,否,否,10000000.0,1984,有限公司,Y,1,456111,家電材料批發
99266190,,芊蕙美容材料店,花蓮縣花蓮市國聯里２６鄰國聯三路８３號１樓,花蓮縣,花蓮市,國聯里,花蓮市一般行政區,否,否,10000.0,2004,獨資,Y,1,475299,其他化粧品零售
09736930,,佰圓小吃店,花蓮縣花蓮市國聯里２６鄰國聯二路１７號１樓,花蓮縣,花蓮市,國聯里,花蓮市一般行政區,否,否,200000.0,2006,獨資,Y,1,561113,麵店、小吃店
27937706,22555003,統一超商股份有限公司花蓮縣第六十七分公司,花蓮縣花蓮市國聯里２６鄰國聯五路５５號１樓,花蓮縣,花蓮市,國聯里,花蓮市一般行政區,否,否,0.0,2006,本國公司設立之分公司,Y,1,471113,加盟連鎖式便利商店（有商品進、銷貨行為）
28417400,23060248,全家便利商店股份有限公司花蓮國興分公司,花蓮縣花蓮市國聯里２６鄰國聯五路５９號１樓,花蓮縣,花蓮市,國聯里,花蓮市一般行政區,否,否,0.0,2007,本國公司設立之分公司,Y,1,471112,直營連鎖式便利商店
31535747,,春天生活會館,花蓮縣花蓮市國聯里２８鄰國聯五路１２５號,花蓮縣,花蓮市,國聯里,花蓮市一般行政區,否,否,3000.0,2011,合夥,N,0,559099,未分類其他住宿
15790946,,英商安娜咖啡,花蓮縣花蓮市國聯里２８鄰國聯五路１３７號,花蓮縣,花蓮市,國聯里,花蓮市一般行政區,否,否,200000.0,2003,獨資,N,0,563112,咖啡館
37862205,,合禾企業社,花蓮縣花蓮市國聯里２９鄰國聯一路５１－１號,花蓮縣,花蓮市,國聯里,花蓮市一般行政區,否,否,80000.0,2012,獨資,Y,1,454999,未分類其他食品批發
91589387,,靚麗屋自助洗衣,花蓮縣花蓮市國聯里２９鄰國興二街６號,花蓮縣,花蓮市,國聯里,花蓮市一般行政區,否,否,150000.0,2022,獨資,N,0,961012,自助洗衣店
78846588,,雄寰商行,花蓮縣花蓮市國聯里３鄰國聯―路２１１號,花蓮縣,花蓮市,國聯里,花蓮市一般行政區,否,否,200000.0,1993,獨資,Y,1,472913,菸酒零售
10553326,23544906,鴻君小客車租賃有限公司花蓮營業所,花蓮縣花蓮市國聯里３鄰國聯一路１０９號１樓,花蓮縣,花蓮市,國聯里,花蓮市一般行政區,否,否,0.0,2008,其他,Y,1,772100,汽車租賃
39952934,,國聯早餐店,花蓮縣花蓮市國聯里３鄰國聯一路２０７號,花蓮縣,花蓮市,國聯里,花蓮市一般行政區,否,否,3000.0,2013,獨資,N,0,561111,早餐店
00141125,,謙善資訊有限公司,花蓮縣花蓮市國聯里３０鄰國民八街５號７樓之２,花蓮縣,花蓮市,國聯里,花蓮市一般行政區,否,否,2500000.0,2024,有限公司,Y,1,433112,電路工程
08132813,,好家園廚具行,花蓮縣花蓮市國聯里３０鄰國聯一路１號１樓,花蓮縣,花蓮市,國聯里,花蓮市一般行政區,否,否,3000.0,1986,獨資,N,0,474213,廚櫃零售
91881290,24491836,雷門智能移動股份有限公司花蓮營運處,花蓮縣花蓮市國聯里３１鄰國聯一路９８號,花蓮縣,花蓮市,國聯里,花蓮市一般行政區,否,否,0.0,2022,其他,Y,1,790012,戲劇、體育及其他娛樂活動售票服務
26793527,,順新企業社,花蓮縣花蓮市國聯里３２鄰國興一街８５號１樓,花蓮縣,花蓮市,國聯里,花蓮市一般行政區,否,否,200000.0,2012,獨資,Y,1,340099,其他產業用機械設備維修及安裝
10566960,28933952,禾兆有限公司國聯營業所,花蓮縣花蓮市國聯里３５鄰國聯一路１５８―６號,花蓮縣,花蓮市,國聯里,花蓮市一般行政區,否,否,0.0,2008,其他,Y,1,772911,機車出租
27245555,23224657,台灣屈臣氏個人用品商店股份有限公司花中分公司,花蓮縣花蓮市國聯里４鄰中山路５５１－３號１樓,花蓮縣,花蓮市,國聯里,花蓮市一般行政區,否,否,0.0,2004,本國公司設立之分公司,Y,1,471999,未分類其他綜合商品零售
23582990,,上欣小客車租賃有限公司,花蓮縣花蓮市國聯里４鄰中山路５５５號,花蓮縣,花蓮市,國聯里,花蓮市一般行政區,否,否,10000000.0,1990,有限公司,Y,1,772100,汽車租賃
94118642,79228705,東南旅行社股份有限公司花蓮分公司,花蓮縣花蓮市國聯里４鄰中山路５６３號,花蓮縣,花蓮市,國聯里,花蓮市一般行政區,否,否,0.0,1968,本國公司設立之分公司,Y,1,790011,旅行業
54641299,53560918,皇品整合行銷有限公司花蓮分公司,花蓮縣花蓮市國聯里４鄰中山路５６３號１樓,花蓮縣,花蓮市,國聯里,花蓮市一般行政區,否,否,0.0,2013,本國公司設立之分公司,Y,1,472913,菸酒零售
00122669,97281300,天馬旅行社股份有限公司花蓮分公司,花蓮縣花蓮市國聯里４鄰中山路５６３號２樓,花蓮縣,花蓮市,國聯里,花蓮市一般行政區,否,否,0.0,2024,本國公司設立之分公司,Y,1,790011,旅行業
13966259,,紐約客牛排館,花蓮縣花蓮市國聯里４鄰國興五街２１３號,花蓮縣,花蓮市,國聯里,花蓮市一般行政區,否,否,5000.0,2002,獨資,Y,1,561115,餐廳
31425306,,新藝術空間民宿,花蓮縣花蓮市國聯里４鄰國興五街２１５號,花蓮縣,花蓮市,國聯里,花蓮市一般行政區,否,否,100000.0,2006,獨資,N,0,551013,民宿
78047987,,麗星大飯店,花蓮縣花蓮市國聯里５鄰中山路５８９號,花蓮縣,花蓮市,國聯里,花蓮市一般行政區,否,否,100000.0,1992,獨資,Y,1,551012,旅館
13971675,,傳遠電信行,花蓮縣花蓮市國聯里５鄰中山路５９９號１樓,花蓮縣,花蓮市,國聯里,花蓮市一般行政區,否,否,100000.0,2002,獨資,Y,1,483212,手機及手機週邊零配件零售
85184845,,５２旅行家民宿,花蓮縣花蓮市國聯里６鄰中山路６０１巷５２號,花蓮縣,花蓮市,國聯里,花蓮市一般行政區,否,否,200000.0,2019,獨資,N,0,551013,民宿
18054409,,金玉玉石加工坊,花蓮縣花蓮市國聯里６鄰國民五街５號,花蓮縣,花蓮市,國聯里,花蓮市一般行政區,否,否,3000.0,2001,獨資,N,0,339199,其他珠寶及金工製品製造
64818773,,天霸王小客車租賃行,花蓮縣花蓮市國聯里６１鄰國聯一路１４２號（後面）,花蓮縣,花蓮市,國聯里,花蓮市一般行政區,否,否,5000000.0,1990,獨資,Y,1,772100,汽車租賃
70964549,,嘉義火雞肉飯,花蓮縣花蓮市國聯里７鄰國聯一路８９號１樓,花蓮縣,花蓮市,國聯里,花蓮市一般行政區,否,否,3000.0,1999,獨資,N,0,561113,麵店、小吃店
94753170,,全發號,花蓮縣花蓮市國聯里８鄰中山路５７１巷２２號,花蓮縣,花蓮市,國聯里,花蓮市一般行政區,否,否,5000.0,1979,獨資,N,0,472211,畜肉零售
80525957,80519272,麗格休閒飯店有限公司花蓮分公司,花蓮縣花蓮市國聯里９鄰商校街２５８、２６０、２６２號,花蓮縣,花蓮市,國聯里,花蓮市一般行政區,否,否,0.0,2003,本國公司設立之分公司,Y,1,551012,旅館
24365198,,錦鐿水電工程有限公司,花蓮縣花蓮市國聯里９鄰國興六街１１―１號,花蓮縣,花蓮市,國聯里,花蓮市一般行政區,否,否,10000000.0,2009,有限公司,Y,1,433111,水電工程
61337001,70369154,俥亭停車事業股份有限公司花蓮站前營業所,花蓮縣花蓮市國興一街與國民十街交叉口斜對面空地停車場,花蓮縣,花蓮市,市區其他未標示里,花蓮市一般行政區,否,否,0.0,2025,其他,Y,1,524100,停車場管理
93009907,86711789,國雲公寓大廈管理維護股份有限公司花蓮站前場,花蓮縣花蓮市國興一街與國聯四路口,花蓮縣,花蓮市,市區其他未標示里,花蓮市一般行政區,否,否,0.0,2023,其他,Y,1,524100,停車場管理
41486581,,站前停車場,花蓮縣花蓮市國興二街１０８號旁,花蓮縣,花蓮市,市區其他未標示里,花蓮市一般行政區,否,否,3000.0,2015,獨資,N,0,524100,停車場管理
92544584,86711789,國雲公寓大廈管理維護股份有限公司花蓮商校街場,花蓮縣花蓮市國興五街１９２號對面,花蓮縣,花蓮市,市區其他未標示里,花蓮市一般行政區,否,否,0.0,2022,其他,Y,1,524100,停車場管理
82184033,,昌信工程行,花蓮縣花蓮市國興里介仁街１０號１樓,花蓮縣,花蓮市,國興里,花蓮市一般行政區,否,否,100000.0,2019,獨資,Y,1,434013,房屋設備安裝工程
70969973,,立得汽車材料行,花蓮縣花蓮市國興里介仁街１７巷６號,花蓮縣,花蓮市,國興里,花蓮市一般行政區,否,否,200000.0,2000,獨資,Y,1,484311,汽車零件、汽車百貨零售
92536655,,蔚來企業社,花蓮縣花蓮市國興里介仁街２０號１樓,花蓮縣,花蓮市,國興里,花蓮市一般行政區,否,否,200000.0,2023,獨資,N,0,487199,其他電子購物及郵購
60252834,,聚盈餐飲商行,花蓮縣花蓮市國興里介仁街３４號,花蓮縣,花蓮市,國興里,花蓮市一般行政區,否,否,150000.0,2026,獨資,N,0,561111,早餐店
31793028,,盛德堂傳統整復推拿舘,花蓮縣花蓮市國興里介仁街４４號１樓,花蓮縣,花蓮市,國興里,花蓮市一般行政區,否,否,5000.0,2012,獨資,N,0,869919,國術損傷接骨、國術推拿服務
93003447,,靜園民宿,花蓮縣花蓮市國興里介仁街５巷１８號,花蓮縣,花蓮市,國興里,花蓮市一般行政區,否,否,100000.0,2023,獨資,N,0,551013,民宿
95214663,,連邦企業社,花蓮縣花蓮市國興里介仁街５０號１樓,花蓮縣,花蓮市,國興里,花蓮市一般行政區,否,否,200000.0,2025,獨資,Y,1,433111,水電工程
85209135,,文峍工作室,花蓮縣花蓮市國興里介仁街７０巷２號１樓,花蓮縣,花蓮市,國興里,花蓮市一般行政區,否,否,50000.0,2019,獨資,N,0,487199,其他電子購物及郵購
21563949,,華鑫企業社,花蓮縣花蓮市國興里介仁街７０巷８號３樓,花蓮縣,花蓮市,國興里,花蓮市一般行政區,否,否,100000.0,2005,獨資,N,0,484311,汽車零件、汽車百貨零售
92579529,,焙兒菓子屋,花蓮縣花蓮市國興里介智街１０３號１樓,花蓮縣,花蓮市,國興里,花蓮市一般行政區,否,否,10000.0,2023,獨資,N,0,487114,經營網路購物（食品、飲料類商品）
87324358,,育霖工程行,花蓮縣花蓮市國興里介林七街１０６號１樓,花蓮縣,花蓮市,國興里,花蓮市一般行政區,否,否,10000.0,2020,獨資,Y,1,431021,石作工程
91153356,,信詠企業社,花蓮縣花蓮市國興里介林三街１５號１樓,花蓮縣,花蓮市,國興里,花蓮市一般行政區,否,否,220000.0,2021,獨資,Y,1,494099,其他汽車貨運
41006529,,大匠設計實業社,花蓮縣花蓮市國興里介林三街３０號１樓,花蓮縣,花蓮市,國興里,花蓮市一般行政區,否,否,230000.0,2014,獨資,Y,1,473211,服裝零售
30338607,,正東土木包工業,花蓮縣花蓮市國興里介林九街１―５４號１樓,花蓮縣,花蓮市,國興里,花蓮市一般行政區,否,否,1200000.0,2009,獨資,Y,1,429099,未分類其他土木工程
84508852,,乙島實業有限公司,花蓮縣花蓮市國興里介林九街１號１樓,花蓮縣,花蓮市,國興里,花蓮市一般行政區,否,否,1000000.0,1993,有限公司,Y,1,483111,電腦及電腦週邊設備零售
91156446,,春邑農產企業社,花蓮縣花蓮市國興里介林九街１號１樓,花蓮縣,花蓮市,國興里,花蓮市一般行政區,否,否,500000.0,2021,獨資,Y,1,454111,蔬菜批發
18055575,,楊樺服飾工作室,花蓮縣花蓮市國興里介林九街１－１２號,花蓮縣,花蓮市,國興里,花蓮市一般行政區,否,否,50000.0,2001,獨資,N,0,121015,梭織服裝訂製
41132498,,昱勝工程行,花蓮縣花蓮市國興里介林九街１４號１樓,花蓮縣,花蓮市,國興里,花蓮市一般行政區,否,否,240000.0,2014,獨資,Y,1,429099,未分類其他土木工程
87349668,,優力火鍋,花蓮縣花蓮市國興里介林九街４１號１樓,花蓮縣,花蓮市,國興里,花蓮市一般行政區,否,否,30000.0,2020,獨資,N,0,561115,餐廳
24860388,,善圓企業有限公司,花蓮縣花蓮市國興里介林九街５１號１樓,花蓮縣,花蓮市,國興里,花蓮市一般行政區,否,否,500000.0,2015,有限公司,Y,1,434013,房屋設備安裝工程
61421226,,逸隅民宿,花蓮縣花蓮市國興里介林二街１４號,花蓮縣,花蓮市,國興里,花蓮市一般行政區,否,否,200000.0,2026,獨資,N,0,551013,民宿
93055269,,善從興業,花蓮縣花蓮市國興里介林五街１０５號一樓,花蓮縣,花蓮市,國興里,花蓮市一般行政區,否,否,200000.0,2024,獨資,Y,1,464999,未分類其他機械器具批發
34890615,,睿洋行,花蓮縣花蓮市國興里介林五街１０５號１樓,花蓮縣,花蓮市,國興里,花蓮市一般行政區,否,否,1000000.0,2011,獨資,Y,1,463999,未分類其他燃料批發
61455392,,曙光心苑商行,花蓮縣花蓮市國興里介林五街１２０號１樓,花蓮縣,花蓮市,國興里,花蓮市一般行政區,否,否,50000.0,2026,獨資,N,0,901011,繪畫創作
15784304,,振益企業社,花蓮縣花蓮市國興里介林五街１７１巷２６號１樓,花蓮縣,花蓮市,國興里,花蓮市一般行政區,否,否,160000.0,2003,獨資,Y,1,429099,未分類其他土木工程
30109956,,喬昱土木包工業,花蓮縣花蓮市國興里介林五街１７１巷３０號,花蓮縣,花蓮市,國興里,花蓮市一般行政區,否,否,1000000.0,2008,獨資,Y,1,429099,未分類其他土木工程
50747799,,美地花蓮食品行,花蓮縣花蓮市國興里介林五街１９８號,花蓮縣,花蓮市,國興里,花蓮市一般行政區,否,否,100000.0,2018,獨資,N,0,472111,蔬菜零售
42584667,,冠捷公證有限公司,花蓮縣花蓮市國興里介林五街２０６號１樓,花蓮縣,花蓮市,國興里,花蓮市一般行政區,否,否,500000.0,2015,有限公司,Y,1,529013,代計噸位
55874061,,森川澤有限公司,花蓮縣花蓮市國興里介林五街２０６號１樓,花蓮縣,花蓮市,國興里,花蓮市一般行政區,否,否,800000.0,2016,有限公司,Y,1,811000,複合支援服務
41580707,,玉昌工礦股份有限公司,花蓮縣花蓮市國興里介林五街２１６號,花蓮縣,花蓮市,國興里,花蓮市一般行政區,否,否,29997000.0,2002,股份有限公司,Y,1,060099,未分類砂、石採取及其他礦業
39951371,,泓遠工程行,花蓮縣花蓮市國興里介林五街２２１號１樓,花蓮縣,花蓮市,國興里,花蓮市一般行政區,否,否,200000.0,2014,獨資,Y,1,433212,管道工程
91594086,,潤誠企業社,花蓮縣花蓮市國興里介林五街７９號１樓,花蓮縣,花蓮市,國興里,花蓮市一般行政區,否,否,2238000.0,2022,獨資,Y,1,433211,冷凍、通風、空調系統裝修工程
92539034,,煜全企業社,花蓮縣花蓮市國興里介林五街８７號１樓,花蓮縣,花蓮市,國興里,花蓮市一般行政區,否,否,200000.0,2023,獨資,Y,1,431011,建築鋼架組立
87345678,,岳昇工程行,花蓮縣花蓮市國興里介林五街９２號１樓,花蓮縣,花蓮市,國興里,花蓮市一般行政區,否,否,1000000.0,2020,獨資,Y,1,429099,未分類其他土木工程
95213735,,居易企業社,花蓮縣花蓮市國興里介林六街１９號１樓,花蓮縣,花蓮市,國興里,花蓮市一般行政區,否,否,200000.0,2025,獨資,Y,1,410011,房屋修繕
49769491,,裘裘手工皂坊,花蓮縣花蓮市國興里介林六街５０號１樓,花蓮縣,花蓮市,國興里,花蓮市一般行政區,否,否,100000.0,2016,獨資,N,0,475212,香皂、沐浴乳、洗面皂零售
95213209,,植地設計,花蓮縣花蓮市國興里介林六街８３號,花蓮縣,花蓮市,國興里,花蓮市一般行政區,否,否,200000.0,2025,獨資,N,0,472999,未分類其他食品、飲料及菸草製品零售
82811724,,雅伯特國際開發有限公司,花蓮縣花蓮市國興里介林六街９５號,花蓮縣,花蓮市,國興里,花蓮市一般行政區,否,否,450000.0,2019,有限公司,Y,1,485220,寵物零售
50745217,,捷舜工程行,花蓮縣花蓮市國興里介林四街３９號１樓,花蓮縣,花蓮市,國興里,花蓮市一般行政區,否,否,240000.0,2017,獨資,Y,1,410011,房屋修繕
61421231,,逸谷民宿,花蓮縣花蓮市國興里介林四街９號,花蓮縣,花蓮市,國興里,花蓮市一般行政區,否,否,200000.0,2026,獨資,N,0,551013,民宿
93050258,,欣寬企業社,花蓮縣花蓮市國興里介禮街２２號１樓,花蓮縣,花蓮市,國興里,花蓮市一般行政區,否,否,200000.0,2024,獨資,Y,1,969099,未分類其他個人服務
34887549,,全能資訊,花蓮縣花蓮市國興里建和街１號１樓,花蓮縣,花蓮市,國興里,花蓮市一般行政區,否,否,1000000.0,2010,獨資,Y,1,483111,電腦及電腦週邊設備零售
60252567,,國宏企業社,花蓮縣花蓮市國興里建和街１９號１樓,花蓮縣,花蓮市,國興里,花蓮市一般行政區,否,否,200000.0,2026,獨資,Y,1,434013,房屋設備安裝工程
93053179,,可貽甜點工作室,花蓮縣花蓮市國興里建和街２５巷２號１樓,花蓮縣,花蓮市,國興里,花蓮市一般行政區,否,否,100000.0,2024,獨資,N,0,472922,西點麵包零售
31796159,,友達工程行,花蓮縣花蓮市國興里建和街２５巷２６號１樓,花蓮縣,花蓮市,國興里,花蓮市一般行政區,否,否,200000.0,2013,獨資,Y,1,429099,未分類其他土木工程
95208640,,誠馨企業社,花蓮縣花蓮市國興里建和街２５巷４０號,花蓮縣,花蓮市,國興里,花蓮市一般行政區,否,否,10000.0,2024,獨資,N,0,472915,茶葉零售
30201166,,兆蜂企業商行,花蓮縣花蓮市國興里建和街３０號１樓,花蓮縣,花蓮市,國興里,花蓮市一般行政區,否,否,245000.0,2009,獨資,Y,1,464499,其他辦公用機械器具批發
49757404,,昇代相商行,花蓮縣花蓮市國興里建和街４５巷３號１樓,花蓮縣,花蓮市,國興里,花蓮市一般行政區,否,否,30000.0,2016,獨資,Y,1,433212,管道工程
87353000,,昕叡工程行,花蓮縣花蓮市國興里建和街４５巷５號,花蓮縣,花蓮市,國興里,花蓮市一般行政區,否,否,200000.0,2021,獨資,Y,1,434012,油漆粉刷、壁飾（紙）黏貼工程
19532647,,擎天藝品石雕工作室,花蓮縣花蓮市國興里建國路二段１２２巷１號１樓,花蓮縣,花蓮市,國興里,花蓮市一般行政區,否,否,8000.0,1996,獨資,N,0,485217,手工藝品零售
09679543,,三贏中西餐食品行,花蓮縣花蓮市國興里建國路二段１８０號,花蓮縣,花蓮市,國興里,花蓮市一般行政區,否,否,100000.0,2006,獨資,N,0,561111,早餐店
60087808,,阿姨小吃,花蓮縣花蓮市國興里建國路二段１９８號,花蓮縣,花蓮市,國興里,花蓮市一般行政區,否,否,10000.0,2024,獨資,N,0,561113,麵店、小吃店
95100373,61861254,大義有限公司全聯花蓮太昌營業處,花蓮縣花蓮市國興里建國路二段２６６號旁停車場,花蓮縣,花蓮市,國興里,花蓮市一般行政區,否,否,0.0,2024,其他,Y,1,524100,停車場管理
93050243,,翊欣工程行,花蓮縣花蓮市國興里建國路二段２６８巷３６弄１０號１樓,花蓮縣,花蓮市,國興里,花蓮市一般行政區,否,否,200000.0,2024,獨資,Y,1,439099,未分類其他專門營造
92534777,,有的賣就好商行,花蓮縣花蓮市國興里建國路二段３００號旁邊鐵皮屋,花蓮縣,花蓮市,國興里,花蓮市一般行政區,否,否,100000.0,2023,獨資,N,0,471999,未分類其他綜合商品零售
91591567,,晋凰機車工作室,花蓮縣花蓮市國興里建國路二段３５６號１樓,花蓮縣,花蓮市,國興里,花蓮市一般行政區,否,否,5000.0,2022,獨資,N,0,959100,機車維修
95208178,,姿俽早午餐,花蓮縣花蓮市國興里建國路二段３６８號１樓,花蓮縣,花蓮市,國興里,花蓮市一般行政區,否,否,88000.0,2024,獨資,Y,1,561111,早餐店
82179593,,滷饕小吃店,花蓮縣花蓮市國興里建國路二段３８０號１樓,花蓮縣,花蓮市,國興里,花蓮市一般行政區,否,否,50000.0,2019,獨資,Y,1,561113,麵店、小吃店
87358547,,３８０中式早餐,花蓮縣花蓮市國興里建國路二段３８０號１樓,花蓮縣,花蓮市,國興里,花蓮市一般行政區,否,否,5000.0,2020,獨資,N,0,561111,早餐店
00070178,23224657,台灣屈臣氏個人用品商店股份有限公司太昌分公司,花蓮縣花蓮市國興里建國路二段３９２號１樓、３９６號１樓,花蓮縣,花蓮市,國興里,花蓮市一般行政區,否,否,0.0,2024,本國公司設立之分公司,Y,1,475199,其他藥品及醫療用品零售
95214827,,茉霏企業社,花蓮縣花蓮市國興里建國路二段４５６號,花蓮縣,花蓮市,國興里,花蓮市一般行政區,否,否,5000.0,2025,獨資,N,0,962211,美甲美睫服務
67936106,,饗芬芳餐館,花蓮縣花蓮市國興里建國路二段４７２巷３號１樓,花蓮縣,花蓮市,國興里,花蓮市一般行政區,否,否,15000.0,1998,獨資,N,0,561115,餐廳
95214468,,老趙粥舖,花蓮縣花蓮市國興里建國路二段５０６號,花蓮縣,花蓮市,國興里,花蓮市一般行政區,否,否,10000.0,2025,獨資,N,0,561115,餐廳
93053353,,宏國工程行,花蓮縣花蓮市國興里建國路二段５０８號１樓,花蓮縣,花蓮市,國興里,花蓮市一般行政區,否,否,200000.0,2024,獨資,Y,1,434015,室內裝修工程
49773093,,民裕機車行,花蓮縣花蓮市國興里建國路二段５４２號１樓,花蓮縣,花蓮市,國興里,花蓮市一般行政區,否,否,100000.0,2017,獨資,N,0,959100,機車維修
92538226,,翔發工程行,花蓮縣花蓮市國興里建國路二段５４６號１樓,花蓮縣,花蓮市,國興里,花蓮市一般行政區,否,否,200000.0,2023,獨資,Y,1,434012,油漆粉刷、壁飾（紙）黏貼工程
93053327,,國良工程行,花蓮縣花蓮市國興里建國路二段５７６號１樓,花蓮縣,花蓮市,國興里,花蓮市一般行政區,否,否,200000.0,2024,獨資,Y,1,429099,未分類其他土木工程
92535950,,家意食坊,花蓮縣花蓮市國興里建國路二段５７８號１樓,花蓮縣,花蓮市,國興里,花蓮市一般行政區,否,否,50000.0,2023,獨資,N,0,561113,麵店、小吃店
92536114,,双美企業社,花蓮縣花蓮市國興里建國路二段５８６號１樓,花蓮縣,花蓮市,國興里,花蓮市一般行政區,否,否,50000.0,2023,獨資,N,0,561111,早餐店
92641869,,艾倫貓舍,花蓮縣花蓮市國興里建國路二段６４８號,花蓮縣,花蓮市,國興里,花蓮市一般行政區,否,否,100000.0,2024,獨資,N,0,485220,寵物零售
39950859,,女王菜舖子,花蓮縣花蓮市國興里建國路二段７０２號１樓,花蓮縣,花蓮市,國興里,花蓮市一般行政區,否,否,10000.0,2014,獨資,N,0,485112,園藝苗木零售
72854174,,居易早午餐,花蓮縣花蓮市國興里建國路二段７７６號１樓,花蓮縣,花蓮市,國興里,花蓮市一般行政區,否,否,30000.0,2018,獨資,N,0,561111,早餐店
42224919,,金富早餐,花蓮縣花蓮市國興里建國路二段７８２號１樓,花蓮縣,花蓮市,國興里,花蓮市一般行政區,否,否,3000.0,2016,獨資,N,0,561111,早餐店
41467579,,鮭魚歸魚民宿,花蓮縣花蓮市國興里建國路二段７９０號,花蓮縣,花蓮市,國興里,花蓮市一般行政區,否,否,80000.0,2016,獨資,N,0,551013,民宿
91280493,,鈞祥企業社,花蓮縣花蓮市國興里建國路二段８４６號,花蓮縣,花蓮市,國興里,花蓮市一般行政區,否,否,1000000.0,2021,獨資,Y,1,429099,未分類其他土木工程
60249894,,出力亞小吃店,花蓮縣花蓮市國興里建國路二段８５２號,花蓮縣,花蓮市,國興里,花蓮市一般行政區,否,否,200000.0,2026,獨資,N,0,561113,麵店、小吃店
91155474,,福忻工作室,花蓮縣花蓮市國興里建國路２段２６８巷３２弄７號１樓,花蓮縣,花蓮市,國興里,花蓮市一般行政區,否,否,100000.0,2021,獨資,N,0,485217,手工藝品零售
20065439,94186401,有限責任花蓮第一信用合作社建國簡易型分社,花蓮縣花蓮市國興里建國路２段２９２號,花蓮縣,花蓮市,國興里,花蓮市一般行政區,否,否,0.0,1997,其他,N,0,641300,信用合作社
76951373,,保康藥局,花蓮縣花蓮市國興里建國路２段３４０號１樓,花蓮縣,花蓮市,國興里,花蓮市一般行政區,否,否,5000.0,1989,獨資,N,0,475112,西藥零售
15794154,,陳記燒腊店太昌分店,花蓮縣花蓮市國興里建國路２段３６０號１樓,花蓮縣,花蓮市,國興里,花蓮市一般行政區,否,否,6000.0,2003,獨資,N,0,561113,麵店、小吃店
15795365,,永安早點,花蓮縣花蓮市國興里建國路２段３６６號１樓,花蓮縣,花蓮市,國興里,花蓮市一般行政區,否,否,3000.0,2003,獨資,N,0,561111,早餐店
20050034,,味王小吃,花蓮縣花蓮市國興里建國路２段３７６號,花蓮縣,花蓮市,國興里,花蓮市一般行政區,否,否,3000.0,1996,獨資,N,0,561113,麵店、小吃店
30130917,,永吉自助式洗衣店,花蓮縣花蓮市國興里建國路２段３７８號１樓,花蓮縣,花蓮市,國興里,花蓮市一般行政區,否,否,5000.0,2008,獨資,N,0,961099,其他洗衣服務
93051881,,稼穰便當店,花蓮縣花蓮市國興里建國路２段４０６號１樓,花蓮縣,花蓮市,國興里,花蓮市一般行政區,否,否,30000.0,2024,獨資,N,0,561112,便當、自助餐店
26796828,,長健麵素店,花蓮縣花蓮市國興里建國路２段４３２號,花蓮縣,花蓮市,國興里,花蓮市一般行政區,否,否,100000.0,2011,獨資,N,0,561113,麵店、小吃店
85207220,,柏旻企業社,花蓮縣花蓮市國興里建國路２段４６６號１樓,花蓮縣,花蓮市,國興里,花蓮市一般行政區,否,否,200000.0,2020,獨資,N,0,561115,餐廳
15794400,,太陽早餐吧,花蓮縣花蓮市國興里建國路２段４７６號,花蓮縣,花蓮市,國興里,花蓮市一般行政區,否,否,3000.0,2003,獨資,N,0,561111,早餐店
34878014,,一品坊,花蓮縣花蓮市國興里建國路２段５２８號１樓,花蓮縣,花蓮市,國興里,花蓮市一般行政區,否,否,3000.0,2009,獨資,N,0,561113,麵店、小吃店
26142454,,永昌工業社,花蓮縣花蓮市國興里建國路２段５４６號１樓,花蓮縣,花蓮市,國興里,花蓮市一般行政區,否,否,5000.0,2009,獨資,Y,1,434099,其他建物完工裝修工程
26789431,,沛沛商行,花蓮縣花蓮市國興里建國路２段５７６號１樓,花蓮縣,花蓮市,國興里,花蓮市一般行政區,否,否,10000.0,2011,獨資,N,0,471913,雜貨店
21508340,,鳴佳企業,花蓮縣花蓮市國興里建國路２段６９６號１樓,花蓮縣,花蓮市,國興里,花蓮市一般行政區,否,否,490000.0,2005,獨資,Y,1,483300,視聽設備零售
91151548,,綠印生活坊,花蓮縣花蓮市國興里建國路２段７７８號１樓,花蓮縣,花蓮市,國興里,花蓮市一般行政區,否,否,500000.0,2021,獨資,Y,1,487199,其他電子購物及郵購
53655816,22555003,統一超商股份有限公司花蓮縣第一八五分公司,花蓮縣花蓮市國興里建國路２段８６２、８６６號１樓,花蓮縣,花蓮市,國興里,花蓮市一般行政區,否,否,0.0,2012,本國公司設立之分公司,Y,1,471112,直營連鎖式便利商店
13976502,,鴻圖影印打字社,花蓮縣花蓮市國興里建國路２段８６８號,花蓮縣,花蓮市,國興里,花蓮市一般行政區,否,否,3000.0,2002,獨資,N,0,820912,文件打字、撰稿及速記等服務
10045717,,新蓮美企業,花蓮縣花蓮市國興里建安街２６巷１８號１樓,花蓮縣,花蓮市,國興里,花蓮市一般行政區,否,否,200000.0,2007,獨資,Y,1,471114,加盟連鎖式便利商店（無商品進、銷貨行為）
93058879,,鋐達興工程行,花蓮縣花蓮市國興里建安街５９巷１７號１樓,花蓮縣,花蓮市,國興里,花蓮市一般行政區,否,否,200000.0,2024,獨資,Y,1,433212,管道工程
83474427,,騰訊綠能源科技有限公司,花蓮縣花蓮市國興里建德街１巷１號１樓,花蓮縣,花蓮市,國興里,花蓮市一般行政區,否,否,300000.0,2020,有限公司,Y,1,464211,電子器材、電子設備批發
85205665,,拉戈姆複合式廚房,花蓮縣花蓮市國興里建德街２３號１樓,花蓮縣,花蓮市,國興里,花蓮市一般行政區,否,否,30000.0,2019,獨資,N,0,561111,早餐店
10083660,,一修腳底按摩,花蓮縣花蓮市國興里建德街３號１樓,花蓮縣,花蓮市,國興里,花蓮市一般行政區,否,否,15000.0,2007,獨資,N,0,969015,推拿按摩服務
83788932,,築億室內裝修工程有限公司,花蓮縣花蓮市國興里建德街４３巷１０號１樓,花蓮縣,花蓮市,國興里,花蓮市一般行政區,否,否,5000000.0,2020,有限公司,Y,1,434015,室內裝修工程
83236967,,得安居建設有限公司,花蓮縣花蓮市國興里建德街５號１樓,花蓮縣,花蓮市,國興里,花蓮市一般行政區,否,否,500000.0,2020,有限公司,Y,1,670012,不動產投資開發
92535641,,斯樂圖工作室,花蓮縣花蓮市國興里建德街５號１樓,花蓮縣,花蓮市,國興里,花蓮市一般行政區,否,否,500000.0,2023,獨資,N,0,487115,經營網路購物（服飾類商品）
91159838,,星野星空工作室,花蓮縣花蓮市國興里建德街８６號４樓,花蓮縣,花蓮市,國興里,花蓮市一般行政區,否,否,100000.0,2022,獨資,N,0,487199,其他電子購物及郵購
91589062,,慢西企業社,花蓮縣花蓮市國興里建成街１１０巷１２號１樓,花蓮縣,花蓮市,國興里,花蓮市一般行政區,否,否,50000.0,2022,獨資,N,0,487199,其他電子購物及郵購
27875461,,光鹽音樂有限公司,花蓮縣花蓮市國興里建成街１１０巷１７號１樓,花蓮縣,花蓮市,國興里,花蓮市一般行政區,否,否,800000.0,2005,有限公司,Y,1,592011,流行音樂發行
92637598,,和心企業社,花蓮縣花蓮市國興里建成街１１０巷６號１樓,花蓮縣,花蓮市,國興里,花蓮市一般行政區,否,否,200000.0,2023,獨資,Y,1,484112,中古汽車零售
60247501,,翔大工程行,花蓮縣花蓮市國興里建興街１１０巷１弄９號１樓,花蓮縣,花蓮市,國興里,花蓮市一般行政區,否,否,200000.0,2025,獨資,Y,1,429099,未分類其他土木工程
92634558,,品騰工程行,花蓮縣花蓮市國興里建興街１１０巷１８號１樓,花蓮縣,花蓮市,國興里,花蓮市一般行政區,否,否,200000.0,2023,獨資,Y,1,434012,油漆粉刷、壁飾（紙）黏貼工程
10518118,,進昌企業社,花蓮縣花蓮市國興里建興街１１０巷２弄１號１樓,花蓮縣,花蓮市,國興里,花蓮市一般行政區,否,否,450000.0,2008,獨資,Y,1,434013,房屋設備安裝工程
42955436,,飛鴻創新科技有限公司,花蓮縣花蓮市國興里建興街１１０巷２弄１５號１樓,花蓮縣,花蓮市,國興里,花蓮市一般行政區,否,否,1000000.0,2018,有限公司,Y,1,319014,航空器及其零件製造
53279989,,白馬建材有限公司,花蓮縣花蓮市國興里建興街１１０巷２弄２１號１樓,花蓮縣,花蓮市,國興里,花蓮市一般行政區,否,否,2700000.0,2010,有限公司,Y,1,461312,瓷磚批發
54953356,,悠瀾網創有限公司,花蓮縣花蓮市國興里建興街１１０巷２弄２８號１樓,花蓮縣,花蓮市,國興里,花蓮市一般行政區,否,否,1000000.0,2018,有限公司,Y,1,740912,商業設計
70731129,,穎瑞承有限公司,花蓮縣花蓮市國興里建興街１１０巷２弄９號１樓,花蓮縣,花蓮市,國興里,花蓮市一般行政區,否,否,500000.0,2000,有限公司,Y,1,452000,綜合商品批發
90593686,,康旭揚有限公司,花蓮縣花蓮市國興里建興街１１０巷２弄９號１樓,花蓮縣,花蓮市,國興里,花蓮市一般行政區,否,否,1000000.0,2022,有限公司,Y,1,454611,國產菸酒批發
42578270,,航海王休閒事業有限公司,花蓮縣花蓮市國興里建興街１１０巷３弄１―１號１樓,花蓮縣,花蓮市,國興里,花蓮市一般行政區,否,否,100000.0,2015,有限公司,Y,1,931912,水域運動服務
60246968,,美好日子小吃店,花蓮縣花蓮市國興里建興街１１３號１樓,花蓮縣,花蓮市,國興里,花蓮市一般行政區,否,否,100000.0,2025,獨資,N,0,561111,早餐店
41464876,,超亞企業社,花蓮縣花蓮市國興里建興街１１４號１樓,花蓮縣,花蓮市,國興里,花蓮市一般行政區,否,否,200000.0,2015,獨資,Y,1,463115,潤滑油批發
89223594,,帝盟營造有限公司,花蓮縣花蓮市國興里建興街１１８號１樓,花蓮縣,花蓮市,國興里,花蓮市一般行政區,否,否,30000000.0,1994,有限公司,Y,1,429099,未分類其他土木工程
15789981,,歆歆沙龍,花蓮縣花蓮市國興里建興街１２號１樓,花蓮縣,花蓮市,國興里,花蓮市一般行政區,否,否,3000.0,2003,獨資,N,0,962111,美髮院及髮廊
61456266,,歆禾健康企業社,花蓮縣花蓮市國興里建興街１２號１樓,花蓮縣,花蓮市,國興里,花蓮市一般行政區,否,否,200000.0,2026,獨資,Y,1,472999,未分類其他食品、飲料及菸草製品零售
87346698,,歐客莊園民宿,花蓮縣花蓮市國興里建興街１２２號１、２樓,花蓮縣,花蓮市,國興里,花蓮市一般行政區,否,否,100000.0,2020,獨資,N,0,551013,民宿
95210152,,吉強企業社,花蓮縣花蓮市國興里建興街３５號６樓之６,花蓮縣,花蓮市,國興里,花蓮市一般行政區,否,否,200000.0,2025,獨資,Y,1,471114,加盟連鎖式便利商店（無商品進、銷貨行為）
85212363,,建鑫企業社,花蓮縣花蓮市國興里建興街４３號１樓,花蓮縣,花蓮市,國興里,花蓮市一般行政區,否,否,200000.0,2020,獨資,Y,1,524999,未分類其他陸上運輸輔助
92636140,,美力夯企業,花蓮縣花蓮市國興里建興街５１號１樓,花蓮縣,花蓮市,國興里,花蓮市一般行政區,否,否,100000.0,2023,獨資,Y,1,454999,未分類其他食品批發
18050678,,永續資訊,花蓮縣花蓮市國興里建興街７號１樓,花蓮縣,花蓮市,國興里,花蓮市一般行政區,否,否,5000.0,2000,獨資,N,0,464112,電腦套裝軟體批發
30206731,,峯華企業社,花蓮縣花蓮市國興里建華路１６巷９號１樓,花蓮縣,花蓮市,國興里,花蓮市一般行政區,否,否,100000.0,2010,獨資,N,0,473299,其他服裝及其配件零售
60253313,,泡泡代購商行,花蓮縣花蓮市國興里建華路３８巷１號３樓,花蓮縣,花蓮市,國興里,花蓮市一般行政區,否,否,100000.0,2026,獨資,N,0,487199,其他電子購物及郵購
60250287,,澤恩水電企業社,花蓮縣花蓮市國興里建華路３８巷１２號,花蓮縣,花蓮市,國興里,花蓮市一般行政區,否,否,240000.0,2026,獨資,Y,1,433199,其他機電、電信及電路設備安裝
30140582,,沐昇工程行,花蓮縣花蓮市國興里建華路３８巷５號４樓,花蓮縣,花蓮市,國興里,花蓮市一般行政區,否,否,200000.0,2008,獨資,Y,1,439099,未分類其他專門營造
87347303,,豐秐工程,花蓮縣花蓮市國興里建華路３８巷５號４樓,花蓮縣,花蓮市,國興里,花蓮市一般行政區,否,否,200000.0,2020,獨資,Y,1,433116,監視設備裝修工程
49768628,,至盛企業社,花蓮縣花蓮市國興里建華路４５號１樓,花蓮縣,花蓮市,國興里,花蓮市一般行政區,否,否,248000.0,2017,獨資,Y,1,482914,潤滑油零售
95209795,,毅力工程行,花蓮縣花蓮市國興里建華路４９巷５號,花蓮縣,花蓮市,國興里,花蓮市一般行政區,否,否,240000.0,2025,獨資,Y,1,433111,水電工程
34892867,,錢進五金百貨商行,花蓮縣花蓮市國興里建華路６號１樓,花蓮縣,花蓮市,國興里,花蓮市一般行政區,否,否,30000.0,2011,獨資,N,0,472913,菸酒零售
78045290,,永保企業社,花蓮縣花蓮市國興里建華路６１號１樓,花蓮縣,花蓮市,國興里,花蓮市一般行政區,否,否,120000.0,1992,獨資,Y,1,410011,房屋修繕
85206714,,豪勁工程行,花蓮縣花蓮市國興里建華路６１號１樓,花蓮縣,花蓮市,國興里,花蓮市一般行政區,否,否,200000.0,2019,獨資,Y,1,439099,未分類其他專門營造
95215826,,大中室內裝修設計工程,花蓮縣花蓮市國興里建華路６５巷３號１樓,花蓮縣,花蓮市,國興里,花蓮市一般行政區,否,否,200000.0,2025,獨資,Y,1,434015,室內裝修工程
37997225,,宏樺食品行,花蓮縣花蓮市國興里建華路６５巷３０號１樓,花蓮縣,花蓮市,國興里,花蓮市一般行政區,否,否,100000.0,2013,獨資,N,0,472925,豆類、麥類及其他雜糧零售
54954159,,齊賢工程有限公司,花蓮縣花蓮市國興里建華路７１號１樓,花蓮縣,花蓮市,國興里,花蓮市一般行政區,否,否,1000000.0,2018,有限公司,Y,1,429099,未分類其他土木工程
89196098,,恩典時有限公司,花蓮縣花蓮市國興里建華路７１號１樓,花蓮縣,花蓮市,國興里,花蓮市一般行政區,否,否,100000.0,2022,有限公司,Y,1,454999,未分類其他食品批發
93054732,,三佳企業社,花蓮縣花蓮市國興里建華路７１號１樓,花蓮縣,花蓮市,國興里,花蓮市一般行政區,否,否,200000.0,2024,獨資,Y,1,487213,多層次傳銷（佣金收入）
49764242,,花蓮米棧剝皮辣椒,花蓮縣花蓮市國興里建華路８３巷３號１樓,花蓮縣,花蓮市,國興里,花蓮市一般行政區,否,否,3000.0,2016,獨資,N,0,472113,醃漬蔬果零售
82184054,,定庠汽車修配廠,花蓮縣花蓮市國興里００１鄰建國路二段１８６號１樓,花蓮縣,花蓮市,國興里,花蓮市一般行政區,否,否,200000.0,2019,獨資,Y,1,951199,其他汽車維修
39950210,,正一企業社,花蓮縣花蓮市國興里００１鄰建國路二段１８８號１樓,花蓮縣,花蓮市,國興里,花蓮市一般行政區,否,否,88000.0,2014,獨資,Y,1,484311,汽車零件、汽車百貨零售
24806913,16740494,全聯實業股份有限公司花蓮太昌分公司,花蓮縣花蓮市國興里００１鄰建國路２段２６２、２６６號,花蓮縣,花蓮市,國興里,花蓮市一般行政區,否,否,0.0,2016,本國公司設立之分公司,Y,1,471916,超級市場
92535895,,小鵬土木包工業,花蓮縣花蓮市國興里００４鄰建華路８３巷１６號,花蓮縣,花蓮市,國興里,花蓮市一般行政區,否,否,1000000.0,2023,獨資,Y,1,429099,未分類其他土木工程
92640046,,達鵬工程行,花蓮縣花蓮市國興里００４鄰建華路８３巷１６號,花蓮縣,花蓮市,國興里,花蓮市一般行政區,否,否,200000.0,2023,獨資,Y,1,429099,未分類其他土木工程
91590928,,人生出境企業社,花蓮縣花蓮市國興里００４鄰建華路８３巷３號１樓,花蓮縣,花蓮市,國興里,花蓮市一般行政區,否,否,30000.0,2022,獨資,N,0,471999,未分類其他綜合商品零售
82179411,,阮淑英工作室,花蓮縣花蓮市國興里００４鄰建華路８３巷６號,花蓮縣,花蓮市,國興里,花蓮市一般行政區,否,否,10000.0,2019,獨資,N,0,859311,瑜珈指導
42569125,,歐克旅館企業有限公司,花蓮縣花蓮市國興里００５鄰建興街１１０巷４弄１號１樓,花蓮縣,花蓮市,國興里,花蓮市一般行政區,否,否,1500000.0,2015,有限公司,Y,1,551012,旅館
95078978,,姜姜姜姜民宿,花蓮縣花蓮市國興里００６鄰介林五街３８號,花蓮縣,花蓮市,國興里,花蓮市一般行政區,否,否,500000.0,2024,獨資,N,0,551013,民宿
91593755,,宏英工作室,花蓮縣花蓮市國興里００６鄰介林五街４０號１樓,花蓮縣,花蓮市,國興里,花蓮市一般行政區,否,否,100000.0,2022,獨資,N,0,859999,其他未分類教育
83605743,,匠研工程有限公司,花蓮縣花蓮市國興里００６鄰建安街５９巷６號１樓,花蓮縣,花蓮市,國興里,花蓮市一般行政區,否,否,1000000.0,2020,有限公司,Y,1,439099,未分類其他專門營造
91155404,,漾漾來工程行,花蓮縣花蓮市國興里００６鄰建安街５９巷６號１樓,花蓮縣,花蓮市,國興里,花蓮市一般行政區,否,否,200000.0,2021,獨資,Y,1,434011,室內裝潢工程
41012331,,皇佳食品行,花蓮縣花蓮市國興里００６鄰建安街６１巷１２號１樓,花蓮縣,花蓮市,國興里,花蓮市一般行政區,否,否,3000.0,2014,獨資,N,0,472922,西點麵包零售
91589648,,就是豆花,花蓮縣花蓮市國興里００７鄰建國路二段３６８－１號,花蓮縣,花蓮市,國興里,花蓮市一般行政區,否,否,200000.0,2022,獨資,N,0,563199,其他飲料店
41461097,,玄泰茶飲,花蓮縣花蓮市國興里００７鄰建國路二段３６８－２號１樓,花蓮縣,花蓮市,國興里,花蓮市一般行政區,否,否,10000.0,2015,獨資,Y,1,472914,飲料零售
92634781,,本米早餐店,花蓮縣花蓮市國興里００８鄰建國路二段３３０號,花蓮縣,花蓮市,國興里,花蓮市一般行政區,否,否,200000.0,2023,獨資,N,0,561111,早餐店
82184076,,花蓮冰棧,花蓮縣花蓮市國興里００８鄰建國路二段３３８號１樓,花蓮縣,花蓮市,國興里,花蓮市一般行政區,否,否,50000.0,2019,獨資,N,0,563115,手搖飲店
85209938,,勝捷車業,花蓮縣花蓮市國興里００８鄰建國路二段３４２號１樓,花蓮縣,花蓮市,國興里,花蓮市一般行政區,否,否,5000.0,2020,獨資,N,0,484211,全新機車零售
99825933,,昇發饅頭包子專賣店,花蓮縣花蓮市國興里００８鄰建國路二段３５０號,花蓮縣,花蓮市,國興里,花蓮市一般行政區,否,否,20000.0,2004,獨資,N,0,089199,其他烘焙炊蒸食品製造
41465853,,瑪菈蕬早午餐,花蓮縣花蓮市國興里００８鄰建國路二段３６２號１樓,花蓮縣,花蓮市,國興里,花蓮市一般行政區,否,否,10000.0,2016,獨資,N,0,561111,早餐店
93053945,,浪浪資訊企業社,花蓮縣花蓮市國興里００８鄰建國路二段３９０號,花蓮縣,花蓮市,國興里,花蓮市一般行政區,否,否,200000.0,2024,獨資,N,0,483111,電腦及電腦週邊設備零售
37997533,,合美小吃,花蓮縣花蓮市國興里００８鄰建國路二段３９８號１樓,花蓮縣,花蓮市,國興里,花蓮市一般行政區,否,否,3000.0,2013,獨資,N,0,561111,早餐店
91157732,,鑫鴻洋工程行,花蓮縣花蓮市國興里０１０鄰介仁街５２―２號１樓,花蓮縣,花蓮市,國興里,花蓮市一般行政區,否,否,200000.0,2021,獨資,Y,1,434011,室內裝潢工程
92636134,,方沛文創工作室,花蓮縣花蓮市國興里０１０鄰建興街７５巷１２號１樓,花蓮縣,花蓮市,國興里,花蓮市一般行政區,否,否,200000.0,2023,獨資,N,0,932999,未分類其他娛樂及休閒服務
53207971,,松凌股份有限公司,花蓮縣花蓮市國興里０１６鄰建國路二段２６８巷１號１樓,花蓮縣,花蓮市,國興里,花蓮市一般行政區,否,否,5000000.0,2011,股份有限公司,Y,1,472999,未分類其他食品、飲料及菸草製品零售
91150225,,力慶室內裝修社,花蓮縣花蓮市國興里０１６鄰建國路二段２６８巷３６弄１０號１樓,花蓮縣,花蓮市,國興里,花蓮市一般行政區,否,否,200000.0,2021,獨資,Y,1,434011,室內裝潢工程
91158985,,齊心工程企業社,花蓮縣花蓮市國興里０１６鄰建國路二段２６８巷３６弄１０號１樓,花蓮縣,花蓮市,國興里,花蓮市一般行政區,否,否,245000.0,2021,獨資,Y,1,431015,基礎工程
91595331,,辰豪企業社,花蓮縣花蓮市國興里０１６鄰建國路二段２６８巷４５號１樓,花蓮縣,花蓮市,國興里,花蓮市一般行政區,否,否,100000.0,2022,獨資,Y,1,433116,監視設備裝修工程
93048084,,嗎娜企業社,花蓮縣花蓮市國興里０１６鄰建國路二段２６８巷５７號１樓,花蓮縣,花蓮市,國興里,花蓮市一般行政區,否,否,200000.0,2024,獨資,Y,1,487212,多層次傳銷（商品銷貨收入）
91666829,,植物戀膳食坊,花蓮縣花蓮市國興里０１７鄰介林九街３－１號,花蓮縣,花蓮市,國興里,花蓮市一般行政區,否,否,50000.0,2022,獨資,N,0,561115,餐廳
41120649,,宥勝工程行,花蓮縣花蓮市國興里０１８鄰介林五街１９５號１樓,花蓮縣,花蓮市,國興里,花蓮市一般行政區,否,否,100000.0,2014,獨資,Y,1,431021,石作工程
22795616,,花東汽車股份有限公司,花蓮縣花蓮市國興里０１８鄰介林六街２８號,花蓮縣,花蓮市,國興里,花蓮市一般行政區,否,否,110160000.0,1988,股份有限公司,Y,1,484311,汽車零件、汽車百貨零售
61455554,,妙創設計,花蓮縣花蓮市國興里０１８鄰介林六街２８號,花蓮縣,花蓮市,國興里,花蓮市一般行政區,否,否,100000.0,2026,獨資,Y,1,485217,手工藝品零售
87344967,,旭屋和風洋食,花蓮縣花蓮市國興里０１９鄰介仁街２１號,花蓮縣,花蓮市,國興里,花蓮市一般行政區,否,否,200000.0,2020,獨資,N,0,561115,餐廳
42203554,,五葉松民宿,花蓮縣花蓮市國興里０１９鄰介林三街２５號,花蓮縣,花蓮市,國興里,花蓮市一般行政區,否,否,3000.0,2015,獨資,N,0,551013,民宿
99530733,,慈勝商行,花蓮縣花蓮市國興里０１９鄰介林八街２－１號,花蓮縣,花蓮市,國興里,花蓮市一般行政區,否,否,50000.0,2004,獨資,N,0,472999,未分類其他食品、飲料及菸草製品零售
28292041,,大愛餐飲有限公司,花蓮縣花蓮市國興里０１９鄰介林八街２－１號１樓,花蓮縣,花蓮市,國興里,花蓮市一般行政區,否,否,2000000.0,2006,有限公司,Y,1,562012,團膳承包
99056027,,惟陞商行,花蓮縣花蓮市國興里０１９鄰介林八街２－１號１樓,花蓮縣,花蓮市,國興里,花蓮市一般行政區,否,否,400000.0,2003,獨資,Y,1,562012,團膳承包
18058215,,汎遊國際商行,花蓮縣花蓮市國興里０１９鄰介禮街２６號１樓,花蓮縣,花蓮市,國興里,花蓮市一般行政區,否,否,240000.0,2001,合夥,Y,1,458299,其他運動用品及器材批發
90865434,,創涗國際有限公司,花蓮縣花蓮市國興里０１９鄰介禮街２６號１樓,花蓮縣,花蓮市,國興里,花蓮市一般行政區,否,否,280000.0,2021,有限公司,Y,1,487115,經營網路購物（服飾類商品）
90672485,,柴米視覺計畫有限公司,花蓮縣花蓮市國興里０２０鄰介林三街３０號１樓,花蓮縣,花蓮市,國興里,花蓮市一般行政區,否,否,1000000.0,2021,有限公司,Y,1,740914,視覺傳達與平面設計
95212216,,小亞商號,花蓮縣花蓮市國興里０２０鄰介林五街２２５號,花蓮縣,花蓮市,國興里,花蓮市一般行政區,否,否,10000.0,2025,獨資,N,0,561113,麵店、小吃店
87334601,,享食藝牛排館,花蓮縣花蓮市國興里０２０鄰建國路二段６４６號１樓,花蓮縣,花蓮市,國興里,花蓮市一般行政區,否,否,150000.0,2020,獨資,N,0,561115,餐廳
90081138,,超激乾燥承鴻有限公司,花蓮縣花蓮市國興里０２０鄰建國路二段６４８號１樓,花蓮縣,花蓮市,國興里,花蓮市一般行政區,否,否,100000.0,2022,有限公司,Y,1,812999,未分類其他清潔服務
90870865,,森悅戶外規劃有限公司,花蓮縣花蓮市國興里０２１鄰建德街８８號,花蓮縣,花蓮市,國興里,花蓮市一般行政區,否,否,2000000.0,2021,有限公司,Y,1,931911,籌辦運動活動
83492109,,恩澤建設有限公司,花蓮縣花蓮市國興里０２２鄰介林五街２５９號１樓,花蓮縣,花蓮市,國興里,花蓮市一般行政區,否,否,3000000.0,2019,有限公司,Y,1,670012,不動產投資開發
91033536,,歐印建設股份有限公司,花蓮縣花蓮市國興里０２２鄰介林五街２５９號１樓,花蓮縣,花蓮市,國興里,花蓮市一般行政區,否,否,15400000.0,2021,股份有限公司,Y,1,670012,不動產投資開發
87346873,,永興冷飲,花蓮縣花蓮市國興里０２３鄰建德街２６號１樓,花蓮縣,花蓮市,國興里,花蓮市一般行政區,否,否,238000.0,2020,獨資,Y,1,472914,飲料零售
82995069,,祥瑞自然能源科技有限公司,花蓮縣花蓮市國興里０２４鄰建德街１巷１號１樓,花蓮縣,花蓮市,國興里,花蓮市一般行政區,否,否,900000.0,2023,有限公司,Y,1,464211,電子器材、電子設備批發
85211553,,東村工作室,花蓮縣花蓮市國興里０２４鄰建德街３巷１號,花蓮縣,花蓮市,國興里,花蓮市一般行政區,否,否,30000.0,2019,獨資,Y,1,731013,公開展示廣告
93053810,,七根手指頭工作室,花蓮縣花蓮市國興里０２４鄰建德街３巷１號１樓,花蓮縣,花蓮市,國興里,花蓮市一般行政區,否,否,10000.0,2024,獨資,N,0,740100,室內設計
72844970,,心地善糧農產行,花蓮縣花蓮市國興里０２５鄰介禮街３８號１樓,花蓮縣,花蓮市,國興里,花蓮市一般行政區,否,否,200000.0,2018,獨資,Y,1,011200,雜糧栽培
85206453,,種子野台工作室,花蓮縣花蓮市國興里０２５鄰介禮街３８號１樓,花蓮縣,花蓮市,國興里,花蓮市一般行政區,否,否,200000.0,2019,獨資,Y,1,591114,電影片製作
42561073,,瘋視界留遊學股份有限公司,花蓮縣花蓮市國興里０２６鄰介林五街３１２號１樓,花蓮縣,花蓮市,國興里,花蓮市一般行政區,否,否,2000000.0,2015,股份有限公司,Y,1,820999,未分類其他行政支援服務
83305611,,人才庫科技有限公司,花蓮縣花蓮市國興里０２６鄰介林五街３１２號１樓,花蓮縣,花蓮市,國興里,花蓮市一般行政區,否,否,200000.0,2020,有限公司,Y,1,859113,外語補習教育（數位學習）
60305924,,鉅曜營造股份有限公司,花蓮縣花蓮市國興里０２６鄰介林六街７２―１號１樓,花蓮縣,花蓮市,國興里,花蓮市一般行政區,否,否,3600000.0,2026,股份有限公司,Y,1,431011,建築鋼架組立
72805596,,福怡樓,花蓮縣花蓮市國興里０２６鄰介林六街７２號,花蓮縣,花蓮市,國興里,花蓮市一般行政區,否,否,3000.0,2017,獨資,N,0,561113,麵店、小吃店
95211119,,亦汎水電工程行,花蓮縣花蓮市國興里０２６鄰介林六街７８號１樓,花蓮縣,花蓮市,國興里,花蓮市一般行政區,否,否,200000.0,2025,獨資,Y,1,433111,水電工程
94026453,,大鉅建機有限公司,花蓮縣花蓮市國興里０２６鄰建國路二段７８２－７號,花蓮縣,花蓮市,國興里,花蓮市一般行政區,否,否,5000000.0,2023,有限公司,Y,1,464999,未分類其他機械器具批發
15787554,,立鉅企業社,花蓮縣花蓮市國興里０２６鄰建國路二段７８２－７號１樓,花蓮縣,花蓮市,國興里,花蓮市一般行政區,否,否,200000.0,2003,合夥,Y,1,959999,其他未分類個人及家庭用品維修
42577976,,立鉅建機有限公司,花蓮縣花蓮市國興里０２６鄰建國路二段７８２－７號１樓,花蓮縣,花蓮市,國興里,花蓮市一般行政區,否,否,5000000.0,2015,有限公司,Y,1,959999,其他未分類個人及家庭用品維修
82177785,,蝸牛蔬食,花蓮縣花蓮市國興里０２６鄰建國路二段８１６號１樓,花蓮縣,花蓮市,國興里,花蓮市一般行政區,否,否,200000.0,2018,獨資,Y,1,561117,吃到飽餐廳
54984597,,意示特區國際有限公司,花蓮縣花蓮市國興里０２６鄰建國路二段８１８號１樓,花蓮縣,花蓮市,國興里,花蓮市一般行政區,否,否,10000.0,2019,有限公司,Y,1,461999,未分類其他建材批發
30361727,,呈品設計,花蓮縣花蓮市國興里０２６鄰建國路二段８１８號４樓,花蓮縣,花蓮市,國興里,花蓮市一般行政區,否,否,120000.0,2009,獨資,N,0,711111,建築設計、顧問
91153270,,呈光室內裝修企業社,花蓮縣花蓮市國興里０３１鄰建國路二段４７２巷２０號１樓,花蓮縣,花蓮市,國興里,花蓮市一般行政區,否,否,200000.0,2021,獨資,Y,1,434015,室內裝修工程
91593426,,迷和樂影像製作社,花蓮縣花蓮市國興里０３２鄰建興街３５號３樓之１,花蓮縣,花蓮市,國興里,花蓮市一般行政區,否,否,200000.0,2022,獨資,Y,1,591200,影片及電視節目後製服務
89144698,,睿揚建設有限公司,花蓮縣花蓮市國興里０３３鄰建興街１１０巷３弄１號１樓,花蓮縣,花蓮市,國興里,花蓮市一般行政區,否,否,2000000.0,2023,有限公司,Y,1,670012,不動產投資開發
85211580,,忠勤企業社,花蓮縣花蓮市國興里０３３鄰建興街１１０巷４弄２２號,花蓮縣,花蓮市,國興里,花蓮市一般行政區,否,否,100000.0,2019,獨資,Y,1,381111,一般事業廢棄物清除
24896409,,維兒國際股份有限公司,花蓮縣花蓮市國興里０３３鄰建興街１３７巷１５弄１３號１樓,花蓮縣,花蓮市,國興里,花蓮市一般行政區,否,否,500000.0,2015,股份有限公司,Y,1,859999,其他未分類教育
87352473,,後山禮人工作室,花蓮縣花蓮市國興里０３３鄰建興街１３７巷１５弄１３號１樓,花蓮縣,花蓮市,國興里,花蓮市一般行政區,否,否,50000.0,2021,獨資,N,0,931912,水域運動服務
94087893,,吉旭工程顧問有限公司,花蓮縣花蓮市國興里０３３鄰建興街１３７巷１５弄９號１樓,花蓮縣,花蓮市,國興里,花蓮市一般行政區,否,否,300000.0,2023,有限公司,Y,1,711299,其他工程服務及相關技術顧問
72850682,,微樂雅倫休閒運動工作室,花蓮縣花蓮市國興里０３３鄰建興街１３７巷２６號１樓,花蓮縣,花蓮市,國興里,花蓮市一般行政區,否,否,30000.0,2018,獨資,N,0,859399,其他運動及休閒教育
95208070,,豪羿汽車,花蓮縣花蓮市國興里０３４鄰建國路二段２０８號１樓,花蓮縣,花蓮市,國興里,花蓮市一般行政區,否,否,50000.0,2024,獨資,Y,1,951199,其他汽車維修
83294895,,羽勝體育事業有限公司,花蓮縣花蓮市國興里０３４鄰建安街２６巷５號,花蓮縣,花蓮市,國興里,花蓮市一般行政區,否,否,2000000.0,2020,有限公司,Y,1,476299,其他運動用品及器材零售
50744694,,盈美行,花蓮縣花蓮市國興里０３４鄰建華路２巷２號,花蓮縣,花蓮市,國興里,花蓮市一般行政區,否,否,20000.0,2017,獨資,N,0,474999,未分類其他家用器具及用品零售
60228743,,吉鎂自助餐,花蓮縣花蓮市國興里０３５鄰建國路二段４０２號１樓,花蓮縣,花蓮市,國興里,花蓮市一般行政區,否,否,3000.0,2025,獨資,N,0,561112,便當、自助餐店
91589632,,元享商號,花蓮縣花蓮市國興里０３５鄰建國路二段４１６號１樓,花蓮縣,花蓮市,國興里,花蓮市一般行政區,否,否,50000.0,2022,獨資,N,0,563115,手搖飲店
87346450,,昊軒順茶商行,花蓮縣花蓮市國興里０３５鄰建國路二段４３０號,花蓮縣,花蓮市,國興里,花蓮市一般行政區,否,否,100000.0,2020,獨資,N,0,563115,手搖飲店
91590912,,拾憶之味麵店,花蓮縣花蓮市國興里０３５鄰建國路二段４３８號１樓,花蓮縣,花蓮市,國興里,花蓮市一般行政區,否,否,5000.0,2022,獨資,N,0,561113,麵店、小吃店
87348598,,秋葉坊餐飲事業社,花蓮縣花蓮市國興里０３５鄰建國路二段４５０號１樓,花蓮縣,花蓮市,國興里,花蓮市一般行政區,否,否,30000.0,2020,獨資,N,0,561115,餐廳
92635873,,藏饗食坊,花蓮縣花蓮市國興里０３５鄰建國路二段４５６號,花蓮縣,花蓮市,國興里,花蓮市一般行政區,否,否,230000.0,2023,獨資,N,0,561113,麵店、小吃店
37991587,,豐沛冷熱飲專賣店,花蓮縣花蓮市國興里０３５鄰建國路二段４６２號１樓,花蓮縣,花蓮市,國興里,花蓮市一般行政區,否,否,249800.0,2013,獨資,Y,1,563115,手搖飲店
85003669,,明翰顧問有限公司,花蓮縣花蓮市國興里０３５鄰建安街７巷１７號１樓,花蓮縣,花蓮市,國興里,花蓮市一般行政區,否,否,500000.0,2019,有限公司,Y,1,702099,其他管理顧問
85207636,,泰安昌隆麵食店,花蓮縣花蓮市國興里０３６鄰建國路二段４７８號１樓,花蓮縣,花蓮市,國興里,花蓮市一般行政區,否,否,200000.0,2019,獨資,Y,1,561113,麵店、小吃店
93049979,,食午貳食餐盒,花蓮縣花蓮市國興里０３６鄰建國路二段４８０號１樓,花蓮縣,花蓮市,國興里,花蓮市一般行政區,否,否,100000.0,2024,獨資,N,0,561112,便當、自助餐店
91596922,,碧雲溫洲大餛飩,花蓮縣花蓮市國興里０３６鄰建國路二段４９６號１樓,花蓮縣,花蓮市,國興里,花蓮市一般行政區,否,否,3000.0,2022,獨資,N,0,561113,麵店、小吃店
60249607,,開欣夾娃娃屋,花蓮縣花蓮市國興里０３６鄰建國路二段４９８號,花蓮縣,花蓮市,國興里,花蓮市一般行政區,否,否,20000.0,2026,獨資,N,0,932414,夾娃娃機店
83147803,,胖吐司有限公司,花蓮縣花蓮市國興里０３６鄰建國路二段５００號１樓,花蓮縣,花蓮市,國興里,花蓮市一般行政區,否,否,20000.0,2020,有限公司,Y,1,472922,西點麵包零售
27771579,,大慧股份有限公司,花蓮縣花蓮市國興里０３７鄰建國路二段５３０號,花蓮縣,花蓮市,國興里,花蓮市一般行政區,否,否,9000000.0,2005,股份有限公司,Y,1,455215,皮包、手提包（真皮皮包、手提包除外）批發
42232241,,祥翔企業社,花蓮縣花蓮市國興里０３７鄰建國路二段５３０號,花蓮縣,花蓮市,國興里,花蓮市一般行政區,否,否,200000.0,2016,獨資,N,0,561115,餐廳
26790583,,富貿實業,花蓮縣花蓮市國興里０３７鄰建國路二段５３２號１樓,花蓮縣,花蓮市,國興里,花蓮市一般行政區,否,否,100000.0,2011,獨資,N,0,483299,其他通訊設備零售
89134973,,億瑞工程有限公司,花蓮縣花蓮市國興里０３７鄰建國路二段５３２號１樓,花蓮縣,花蓮市,國興里,花蓮市一般行政區,否,否,2400000.0,2023,有限公司,Y,1,434013,房屋設備安裝工程
30363160,,五五八扁食小吃,花蓮縣花蓮市國興里０３７鄰建國路二段５３６號,花蓮縣,花蓮市,國興里,花蓮市一般行政區,否,否,3000.0,2009,獨資,N,0,561113,麵店、小吃店
85206539,,禮來春天輕食養生健康館,花蓮縣花蓮市國興里０３７鄰建國路二段５３８號１樓,花蓮縣,花蓮市,國興里,花蓮市一般行政區,否,否,50000.0,2020,獨資,N,0,561113,麵店、小吃店
92639202,,鑫隆實業社,花蓮縣花蓮市國興里０３７鄰建國路二段５４８號１樓,花蓮縣,花蓮市,國興里,花蓮市一般行政區,否,否,230000.0,2023,獨資,Y,1,433900,其他建築設備安裝
18056737,,黃家紅茶行,花蓮縣花蓮市國興里０３７鄰建國路二段５５６號１樓,花蓮縣,花蓮市,國興里,花蓮市一般行政區,否,否,3000.0,2001,獨資,N,0,472914,飲料零售
39951323,,楓紅美容,花蓮縣花蓮市國興里０３７鄰建國路二段５６８號１樓,花蓮縣,花蓮市,國興里,花蓮市一般行政區,否,否,3000.0,2014,獨資,N,0,962111,美髮院及髮廊
85206192,,宏妍企業社,花蓮縣花蓮市國興里０３７鄰建國路二段５８２號１樓,花蓮縣,花蓮市,國興里,花蓮市一般行政區,否,否,100000.0,2020,獨資,N,0,471913,雜貨店
91150864,,億萬企業社,花蓮縣花蓮市國興里０３７鄰建國路二段５８２號１樓,花蓮縣,花蓮市,國興里,花蓮市一般行政區,否,否,100000.0,2021,獨資,Y,1,483212,手機及手機週邊零配件零售
82291934,,澪設計工房,花蓮縣花蓮市國興里０３７鄰建國路二段６０２號１樓,花蓮縣,花蓮市,國興里,花蓮市一般行政區,否,否,50000.0,2018,獨資,N,0,487199,其他電子購物及郵購
87351501,,惠妮花坊,花蓮縣花蓮市國興里０３８鄰建國路二段６２０號１樓,花蓮縣,花蓮市,國興里,花蓮市一般行政區,否,否,30000.0,2021,獨資,N,0,485111,切花、盆栽零售
26790872,,大呼過癮小吃,花蓮縣花蓮市國興里０３８鄰建國路二段６６６號及６６８號１樓,花蓮縣,花蓮市,國興里,花蓮市一般行政區,否,否,200000.0,2011,獨資,N,0,561113,麵店、小吃店
92634614,,陸柒陸中西式早午餐,花蓮縣花蓮市國興里０３８鄰建國路二段６７６號,花蓮縣,花蓮市,國興里,花蓮市一般行政區,否,否,100000.0,2023,獨資,N,0,561111,早餐店
41462574,,長興發企業社,花蓮縣花蓮市國興里０３８鄰建國路二段６８０號,花蓮縣,花蓮市,國興里,花蓮市一般行政區,否,否,100000.0,2015,獨資,Y,1,740914,視覺傳達與平面設計
60253480,,花蓮看見陸玖零會館,花蓮縣花蓮市國興里０３８鄰建國路二段６９０號,花蓮縣,花蓮市,國興里,花蓮市一般行政區,否,否,200000.0,2026,獨資,N,0,559099,未分類其他住宿
61457321,,食在地巧味便當,花蓮縣花蓮市國興里０３９鄰建國路二段８１０號１樓,花蓮縣,花蓮市,國興里,花蓮市一般行政區,否,否,30000.0,2026,獨資,N,0,561112,便當、自助餐店
82175837,,晨安早餐店,花蓮縣花蓮市國興里０３９鄰建國路二段８５８號,花蓮縣,花蓮市,國興里,花蓮市一般行政區,否,否,3000.0,2018,獨資,N,0,561111,早餐店
83306246,80008665,頂尖食品事業有限公司慈大分公司,花蓮縣花蓮市國興里１鄰建國路二段２１０號１樓,花蓮縣,花蓮市,國興里,花蓮市一般行政區,否,否,0.0,2020,本國公司設立之分公司,Y,1,472922,西點麵包零售
83405604,25018941,頂興食品事業有限公司慈大分公司,花蓮縣花蓮市國興里１鄰建國路二段２１０號２樓,花蓮縣,花蓮市,國興里,花蓮市一般行政區,否,否,0.0,2020,本國公司設立之分公司,Y,1,561115,餐廳
10684919,,夢想地圖民宿,花蓮縣花蓮市國興里１鄰建國路２段１２２巷２５號,花蓮縣,花蓮市,國興里,花蓮市一般行政區,否,否,3000.0,2008,獨資,N,0,551013,民宿
78849570,,泰豐麵粉行,花蓮縣花蓮市國興里１鄰建國路２段２２０號１樓,花蓮縣,花蓮市,國興里,花蓮市一般行政區,否,否,50000.0,1994,獨資,Y,1,451099,其他商品批發經紀
31762263,,小叮噹檳榔攤,花蓮縣花蓮市國興里１４鄰建國路２段５２０號,花蓮縣,花蓮市,國興里,花蓮市一般行政區,否,否,10000.0,2012,獨資,N,0,472936,檳榔零售
31796480,,陳家班蔬果行,花蓮縣花蓮市國興里１６鄰建國路２段２６８巷４５號１樓,花蓮縣,花蓮市,國興里,花蓮市一般行政區,否,否,100000.0,2013,獨資,Y,1,472111,蔬菜零售
30206922,,太灃土木包工業,花蓮縣花蓮市國興里１７鄰建興街１１７號１樓,花蓮縣,花蓮市,國興里,花蓮市一般行政區,否,否,2800000.0,2010,獨資,Y,1,429099,未分類其他土木工程
30250948,,家宏鐵鋁工程行,花蓮縣花蓮市國興里１９鄰介林六街６號,花蓮縣,花蓮市,國興里,花蓮市一般行政區,否,否,230000.0,2009,獨資,Y,1,434013,房屋設備安裝工程
99784068,,尚霖企業社,花蓮縣花蓮市國興里２０鄰介林二街２４號１樓,花蓮縣,花蓮市,國興里,花蓮市一般行政區,否,否,200000.0,2004,獨資,N,0,485216,礦物（寶石、貴金屬除外）零售
16429438,,承駿營造有限公司,花蓮縣花蓮市國興里２０鄰介林五街２２９號１樓,花蓮縣,花蓮市,國興里,花蓮市一般行政區,否,否,3600000.0,1998,有限公司,Y,1,429099,未分類其他土木工程
31789880,,曼地異國蔬食料理,花蓮縣花蓮市國興里２１鄰介智街３５巷２號１樓,花蓮縣,花蓮市,國興里,花蓮市一般行政區,否,否,3000.0,2012,獨資,N,0,561113,麵店、小吃店
70956908,,鴻乙理化儀器,花蓮縣花蓮市國興里２１鄰介林九街６號１樓,花蓮縣,花蓮市,國興里,花蓮市一般行政區,否,否,5000000.0,1999,合夥,Y,1,464918,實驗設備批發
30200856,,永興土木包工業,花蓮縣花蓮市國興里２３鄰建德街２６號１樓,花蓮縣,花蓮市,國興里,花蓮市一般行政區,否,否,5000000.0,2009,獨資,Y,1,429099,未分類其他土木工程
76955743,,永興室內裝修工程行,花蓮縣花蓮市國興里２３鄰建德街２６號１樓,花蓮縣,花蓮市,國興里,花蓮市一般行政區,否,否,2000000.0,1990,獨資,Y,1,461912,矽酸鈣板批發
78040350,,花蓮通信視聽器材行,花蓮縣花蓮市國興里２３鄰建德街８號１樓,花蓮縣,花蓮市,國興里,花蓮市一般行政區,否,否,2000000.0,1992,獨資,Y,1,433112,電路工程
30206417,,陶禧藝術,花蓮縣花蓮市國興里２４鄰建德街３巷１號１樓,花蓮縣,花蓮市,國興里,花蓮市一般行政區,否,否,50000.0,2010,獨資,N,0,485217,手工藝品零售
73758157,,建興大廈管理委員會,花蓮縣花蓮市國興里３２鄰建興街３５號守衛室,花蓮縣,花蓮市,國興里,花蓮市一般行政區,否,否,3000.0,2004,其他,N,0,681112,自有不動產租賃
21513322,,夢田信箱田園民宿,花蓮縣花蓮市國興里３４鄰建國路２段１２２巷２１號,花蓮縣,花蓮市,國興里,花蓮市一般行政區,否,否,3000.0,2005,獨資,N,0,551013,民宿
78841319,,原住民豐年祭文物材料專賣行,花蓮縣花蓮市國興里３４鄰建國路２段２８２號１樓,花蓮縣,花蓮市,國興里,花蓮市一般行政區,否,否,50000.0,1993,獨資,N,0,485217,手工藝品零售
95804387,,來成廚具,花蓮縣花蓮市國興里３４鄰建國路２段２９０號１樓,花蓮縣,花蓮市,國興里,花蓮市一般行政區,否,否,5000.0,1995,獨資,N,0,474912,家用瓦斯器具零售
80035403,22555003,統一超商股份有限公司花蓮縣第五十五分公司,花蓮縣花蓮市國興里３４鄰建國路２段２９８號１樓,花蓮縣,花蓮市,國興里,花蓮市一般行政區,否,否,0.0,2004,本國公司設立之分公司,Y,1,471113,加盟連鎖式便利商店（有商品進、銷貨行為）
34885417,,早！找餐,花蓮縣花蓮市國興里３５鄰建國路２段４１６號,花蓮縣,花蓮市,國興里,花蓮市一般行政區,否,否,3000.0,2010,獨資,N,0,561111,早餐店
26797278,,奶妹の中西式早午餐,花蓮縣花蓮市國興里３５鄰建國路２段４２０號,花蓮縣,花蓮市,國興里,花蓮市一般行政區,否,否,200000.0,2011,獨資,N,0,561111,早餐店
34876304,,承廷冰品店,花蓮縣花蓮市國興里３５鄰建國路２段４２２號１樓,花蓮縣,花蓮市,國興里,花蓮市一般行政區,否,否,3000.0,2010,獨資,N,0,472926,冰品零售
37759856,,米斯特早午餐,花蓮縣花蓮市國興里３５鄰建國路２段４２６號１樓,花蓮縣,花蓮市,國興里,花蓮市一般行政區,否,否,10000.0,2012,合夥,N,0,561111,早餐店
10577431,,水哥牛肉麵,花蓮縣花蓮市國興里３５鄰建國路２段４６０號,花蓮縣,花蓮市,國興里,花蓮市一般行政區,否,否,90000.0,2008,獨資,N,0,561113,麵店、小吃店
26601725,,這一家檳榔太昌店,花蓮縣花蓮市國興里３６鄰建國路２段４７８號１樓,花蓮縣,花蓮市,國興里,花蓮市一般行政區,否,否,3000.0,2010,獨資,N,0,472936,檳榔零售
20062192,,碧雲莊照相館,花蓮縣花蓮市國興里３６鄰建國路２段４８８號,花蓮縣,花蓮市,國興里,花蓮市一般行政區,否,否,5000.0,1997,獨資,N,0,760111,照相館
19531817,,福昌盒餐店,花蓮縣花蓮市國興里３６鄰建國路２段４９０號１樓,花蓮縣,花蓮市,國興里,花蓮市一般行政區,否,否,10000.0,1996,獨資,N,0,472929,餐盒零售
70960282,,金鵝莊,花蓮縣花蓮市國興里３６鄰建國路２段５０２號,花蓮縣,花蓮市,國興里,花蓮市一般行政區,否,否,10000.0,1999,獨資,N,0,561113,麵店、小吃店
18046577,,京郁日式小吃,花蓮縣花蓮市國興里３６鄰建國路２段５０８號,花蓮縣,花蓮市,國興里,花蓮市一般行政區,否,否,50000.0,2000,獨資,Y,1,561113,麵店、小吃店
30127954,,碧雲莊早點,花蓮縣花蓮市國興里３７鄰建國路２段５１２號１樓,花蓮縣,花蓮市,國興里,花蓮市一般行政區,否,否,3000.0,2008,獨資,N,0,561111,早餐店
31762284,,美樂福炸雞店,花蓮縣花蓮市國興里３７鄰建國路２段５１８號１樓,花蓮縣,花蓮市,國興里,花蓮市一般行政區,否,否,30000.0,2012,獨資,N,0,561200,餐食攤販
31797256,,寰鑫企業社,花蓮縣花蓮市國興里３７鄰建國路２段５４８號１樓,花蓮縣,花蓮市,國興里,花蓮市一般行政區,否,否,180000.0,2013,獨資,Y,1,469199,其他回收物料批發
18055667,,五福機車行,花蓮縣花蓮市國興里３７鄰建國路２段５９６號,花蓮縣,花蓮市,國興里,花蓮市一般行政區,否,否,5000.0,2001,獨資,N,0,484314,機車零件、機車百貨零售
20062117,,巧格髮廊,花蓮縣花蓮市國興里３７鄰建國路２段６１６號１樓,花蓮縣,花蓮市,國興里,花蓮市一般行政區,否,否,65000.0,1997,獨資,N,0,962111,美髮院及髮廊
34880742,,妞妞攝影工作室,花蓮縣花蓮市國興里３８鄰介林二街４５號,花蓮縣,花蓮市,國興里,花蓮市一般行政區,否,否,50000.0,2010,獨資,N,0,760199,其他攝影
31434754,,視覺精緻廣告社,花蓮縣花蓮市國興里３８鄰建國路２段２０２號１樓,花蓮縣,花蓮市,國興里,花蓮市一般行政區,否,否,1000000.0,2007,獨資,Y,1,740912,商業設計
67942944,,明峰石畫工作室,花蓮縣花蓮市國興里３９鄰建國路２段８０２號,花蓮縣,花蓮市,國興里,花蓮市一般行政區,否,否,5000.0,1998,獨資,N,0,474412,眼鏡及其零配件零售
34877599,,奈司耐餐飲店,花蓮縣花蓮市國興里３９鄰建國路２段８５８號,花蓮縣,花蓮市,國興里,花蓮市一般行政區,否,否,3000.0,2010,獨資,N,0,561113,麵店、小吃店
10077647,,快樂杯,花蓮縣花蓮市國興里３９鄰建國路２段８５８號騎樓,花蓮縣,花蓮市,國興里,花蓮市一般行政區,否,否,3000.0,2007,獨資,N,0,563200,調理飲料攤販
53658980,23060248,全家便利商店股份有限公司花蓮慈安分公司,花蓮縣花蓮市國興里３９鄰建國路２段８７６．８７８號,花蓮縣,花蓮市,國興里,花蓮市一般行政區,否,否,0.0,2012,本國公司設立之分公司,Y,1,471112,直營連鎖式便利商店
31793961,,阜東室內裝修,花蓮縣花蓮市國興里４鄰建華路８７號１樓,花蓮縣,花蓮市,國興里,花蓮市一般行政區,否,否,240000.0,2013,獨資,Y,1,434015,室內裝修工程
29276364,,保瓦潔清潔企業社,花蓮縣花蓮市國興里４鄰建華路８９巷３號１樓,花蓮縣,花蓮市,國興里,花蓮市一般行政區,否,否,240000.0,2005,獨資,Y,1,812100,建築物一般清潔服務
94748368,,富興行,花蓮縣花蓮市國興里８鄰建國路２段２７２號１樓,花蓮縣,花蓮市,國興里,花蓮市一般行政區,否,否,6000.0,1978,獨資,N,0,472924,米零售
76962863,,宇宙商號,花蓮縣花蓮市國興里８鄰建國路２段５０６號,花蓮縣,花蓮市,國興里,花蓮市一般行政區,否,否,3000.0,1991,獨資,N,0,456118,家用電熱水器批發
09939148,,石家麵工坊,花蓮縣花蓮市國興里８鄰建興街７號１樓,花蓮縣,花蓮市,國興里,花蓮市一般行政區,否,否,10000.0,2006,獨資,N,0,089211,一般麵條、粉條製造
31793580,,吉友行,花蓮縣花蓮市國興里８鄰建興街７號１樓,花蓮縣,花蓮市,國興里,花蓮市一般行政區,否,否,200000.0,2013,獨資,Y,1,340015,電力機械器材及設備維修及安裝
24792164,,英屬維京群島商價值城股份有限公司台灣分公司,花蓮縣花蓮市國華里中山路３７３號１樓,花蓮縣,花蓮市,國華里,花蓮市一般行政區,否,否,6107806.0,2015,外國公司在台之分公司,Y,1,702011,財務管理顧問
90269941,97286918,爭鮮股份有限公司花蓮中山外分公司,花蓮縣花蓮市國華里中山路３７３號１樓,花蓮縣,花蓮市,國華里,花蓮市一般行政區,否,否,0.0,2022,本國公司設立之分公司,Y,1,561115,餐廳
93051123,,涵妍美業,花蓮縣花蓮市國華里中山路３７３號２樓,花蓮縣,花蓮市,國華里,花蓮市一般行政區,否,否,5000.0,2024,獨資,N,0,962211,美甲美睫服務
91157613,,菲寧茶飲,花蓮縣花蓮市國華里中山路３７５號１樓,花蓮縣,花蓮市,國華里,花蓮市一般行政區,否,否,200000.0,2021,獨資,Y,1,563115,手搖飲店
83632002,24379144,元健大和直販事業股份有限公司花蓮中山分公司,花蓮縣花蓮市國華里中山路３７７號,花蓮縣,花蓮市,國華里,花蓮市一般行政區,否,否,0.0,2020,本國公司設立之分公司,Y,1,475199,其他藥品及醫療用品零售
78837048,,信泰行,花蓮縣花蓮市國華里中山路３７７號１樓,花蓮縣,花蓮市,國華里,花蓮市一般行政區,否,否,5000.0,1993,合夥,N,0,474999,未分類其他家用器具及用品零售
90721514,,聯爵廣告代銷有限公司,花蓮縣花蓮市國華里中山路３８３號１樓,花蓮縣,花蓮市,國華里,花蓮市一般行政區,否,否,2000000.0,2021,有限公司,Y,1,681212,不動產代銷
91020434,,翊利生技有限公司,花蓮縣花蓮市國華里中山路３８３號１樓,花蓮縣,花蓮市,國華里,花蓮市一般行政區,否,否,300000.0,2021,有限公司,Y,1,475199,其他藥品及醫療用品零售
91123071,,日新曜有限公司,花蓮縣花蓮市國華里中山路３８３號１樓,花蓮縣,花蓮市,國華里,花蓮市一般行政區,否,否,1000000.0,2021,有限公司,Y,1,731099,其他廣告服務
92538231,,柴富餐廚,花蓮縣花蓮市國華里中山路３８９號,花蓮縣,花蓮市,國華里,花蓮市一般行政區,否,否,200000.0,2023,獨資,Y,1,561112,便當、自助餐店
41461998,,東海髮廊,花蓮縣花蓮市國華里中山路４０３號１樓,花蓮縣,花蓮市,國華里,花蓮市一般行政區,否,否,100000.0,2015,獨資,N,0,962111,美髮院及髮廊
91156608,,悅音助聽器器材行,花蓮縣花蓮市國華里中山路４０９―１號,花蓮縣,花蓮市,國華里,花蓮市一般行政區,否,否,800000.0,2021,獨資,Y,1,475199,其他藥品及醫療用品零售
85213356,,豪萌娜企業社,花蓮縣花蓮市國華里中山路４１３號,花蓮縣,花蓮市,國華里,花蓮市一般行政區,否,否,100000.0,2019,獨資,N,0,952100,電腦及其週邊設備維修
92635424,,生活餐酒館,花蓮縣花蓮市國華里中山路４１９號１樓,花蓮縣,花蓮市,國華里,花蓮市一般行政區,否,否,200000.0,2023,獨資,N,0,561113,麵店、小吃店
93051860,,翔晨小吃,花蓮縣花蓮市國華里中山路４５３號,花蓮縣,花蓮市,國華里,花蓮市一般行政區,否,否,100000.0,2024,獨資,Y,1,472914,飲料零售
94793335,,天山鎖具刻印社,花蓮縣花蓮市國華里中山路４５５巷２號,花蓮縣,花蓮市,國華里,花蓮市一般行政區,否,否,40000.0,1981,獨資,N,0,959917,開鎖及配鎖
94026046,,天山汽車行,花蓮縣花蓮市國華里中山路４５５巷２號１樓,花蓮縣,花蓮市,國華里,花蓮市一般行政區,否,否,2000000.0,1977,獨資,N,0,493200,計程車客運
72850276,,玖帕小吃店,花蓮縣花蓮市國華里博愛街２０６號１樓,花蓮縣,花蓮市,國華里,花蓮市一般行政區,否,否,20000.0,2018,獨資,N,0,472913,菸酒零售
61457125,,陽陽小吃店,花蓮縣花蓮市國華里博愛街２０６－１號１樓,花蓮縣,花蓮市,國華里,花蓮市一般行政區,否,否,30000.0,2026,獨資,N,0,563199,其他飲料店
08727743,,瑪莉蛋糕屋,花蓮縣花蓮市國華里博愛街２３０號１樓,花蓮縣,花蓮市,國華里,花蓮市一般行政區,否,否,50000.0,2005,獨資,N,0,472922,西點麵包零售
85210702,,易軒餐飲企業社,花蓮縣花蓮市國華里博愛街２３２號１樓,花蓮縣,花蓮市,國華里,花蓮市一般行政區,否,否,200000.0,2019,合夥,N,0,561115,餐廳
85210040,,宵記涼麵,花蓮縣花蓮市國華里博愛街２４２號,花蓮縣,花蓮市,國華里,花蓮市一般行政區,否,否,100000.0,2019,獨資,N,0,561115,餐廳
89335795,,璞美資訊有限公司,花蓮縣花蓮市國華里博愛街２５７號１樓,花蓮縣,花蓮市,國華里,花蓮市一般行政區,否,否,6000000.0,1995,有限公司,Y,1,483111,電腦及電腦週邊設備零售
72828388,,小小鋼琴家,花蓮縣花蓮市國華里博愛街２５８號１樓,花蓮縣,花蓮市,國華里,花蓮市一般行政區,否,否,3000.0,2017,獨資,N,0,903012,音樂廳、音樂展演空間經營
94830015,,山東豆漿大王,花蓮縣花蓮市國華里博愛街２６３號,花蓮縣,花蓮市,國華里,花蓮市一般行政區,否,否,3000.0,1984,獨資,Y,1,561111,早餐店
94843412,,振文堂,花蓮縣花蓮市國華里博愛街２７３號,花蓮縣,花蓮市,國華里,花蓮市一般行政區,否,否,5000.0,1984,獨資,N,0,476111,文具零售
93051019,,美味香小吃店,花蓮縣花蓮市國華里博愛街２７６號１樓,花蓮縣,花蓮市,國華里,花蓮市一般行政區,否,否,50000.0,2024,獨資,N,0,561200,餐食攤販
78032871,,誠信機車行,花蓮縣花蓮市國華里博愛街２７９號１樓,花蓮縣,花蓮市,國華里,花蓮市一般行政區,否,否,3000.0,1991,獨資,N,0,959100,機車維修
72778042,,茶后紅茶冰,花蓮縣花蓮市國華里博愛街２８１號１樓,花蓮縣,花蓮市,國華里,花蓮市一般行政區,否,否,50000.0,2017,獨資,N,0,563115,手搖飲店
34888955,,田川魷魚羹店,花蓮縣花蓮市國華里博愛街２８３號１樓,花蓮縣,花蓮市,國華里,花蓮市一般行政區,否,否,3000.0,2010,獨資,N,0,561113,麵店、小吃店
30201237,,米拉瓦義式餐廳,花蓮縣花蓮市國華里博愛街２８８號１樓,花蓮縣,花蓮市,國華里,花蓮市一般行政區,否,否,30000.0,2009,獨資,N,0,561115,餐廳
50748489,,吉煲雞煲火鍋,花蓮縣花蓮市國華里博愛街２９３號１樓,花蓮縣,花蓮市,國華里,花蓮市一般行政區,否,否,50000.0,2018,獨資,N,0,561113,麵店、小吃店
30165008,,蘋果活動創意行銷,花蓮縣花蓮市國華里博愛街３０１號,花蓮縣,花蓮市,國華里,花蓮市一般行政區,否,否,200000.0,2008,獨資,Y,1,902099,其他藝術表演
92636839,,洄游潤餅商行,花蓮縣花蓮市國華里博愛街３０３號,花蓮縣,花蓮市,國華里,花蓮市一般行政區,否,否,100000.0,2023,獨資,N,0,561113,麵店、小吃店
95210998,,賈霸粉圓茶飲,花蓮縣花蓮市國華里博愛街３０５號,花蓮縣,花蓮市,國華里,花蓮市一般行政區,否,否,200000.0,2025,獨資,N,0,563115,手搖飲店
61419621,,徐媽媽蔥油餅,花蓮縣花蓮市國華里博愛街３０７號,花蓮縣,花蓮市,國華里,花蓮市一般行政區,否,否,5000.0,2026,獨資,N,0,561200,餐食攤販
94835150,,惠惠商號,花蓮縣花蓮市國華里博愛街３０７號１樓,花蓮縣,花蓮市,國華里,花蓮市一般行政區,否,否,10000.0,1984,獨資,N,0,473211,服裝零售
21545915,,布拉格冷飲店,花蓮縣花蓮市國華里博愛街３１７號１樓,花蓮縣,花蓮市,國華里,花蓮市一般行政區,否,否,3000.0,2005,獨資,N,0,563199,其他飲料店
93050551,,茶坑小巷飲品,花蓮縣花蓮市國華里博愛街３１９號,花蓮縣,花蓮市,國華里,花蓮市一般行政區,否,否,100000.0,2024,獨資,N,0,563199,其他飲料店
09804633,,全成鞋部,花蓮縣花蓮市國華里博愛街３１９號１樓,花蓮縣,花蓮市,國華里,花蓮市一般行政區,否,否,3000.0,2007,獨資,N,0,959913,鞋、皮革品修理
85283107,,游家來來烤肉,花蓮縣花蓮市國華里博愛街３２１號１樓,花蓮縣,花蓮市,國華里,花蓮市一般行政區,否,否,3000.0,2019,獨資,N,0,561113,麵店、小吃店
87344946,,與你一起咖啡館,花蓮縣花蓮市國華里博愛街３２５號,花蓮縣,花蓮市,國華里,花蓮市一般行政區,否,否,30000.0,2020,合夥,N,0,563112,咖啡館
91278341,,立潔企業社,花蓮縣花蓮市國華里博愛街３２９號,花蓮縣,花蓮市,國華里,花蓮市一般行政區,否,否,60000.0,2021,獨資,N,0,961012,自助洗衣店
93056008,,佑新企業社,花蓮縣花蓮市國華里博愛街３３１號１樓,花蓮縣,花蓮市,國華里,花蓮市一般行政區,否,否,10000.0,2024,獨資,N,0,969024,洗鞋洗包服務
95209606,,秘密雞地的炸牛蒡店,花蓮縣花蓮市國華里博愛街３３５號,花蓮縣,花蓮市,國華里,花蓮市一般行政區,否,否,100000.0,2025,獨資,N,0,561113,麵店、小吃店
85210196,,莉達髮藝空間工作室,花蓮縣花蓮市國華里博愛街３４３號１樓,花蓮縣,花蓮市,國華里,花蓮市一般行政區,否,否,3000.0,2019,獨資,N,0,962299,其他美容美體服務
95215136,,樂仔烘焙,花蓮縣花蓮市國華里博愛街３４９號１樓,花蓮縣,花蓮市,國華里,花蓮市一般行政區,否,否,50000.0,2025,獨資,N,0,472922,西點麵包零售
78848592,,立達企業社,花蓮縣花蓮市國華里博愛街３５５號１樓,花蓮縣,花蓮市,國華里,花蓮市一般行政區,否,否,50000.0,1994,獨資,Y,1,483211,電話機零售
60248966,,芋香坊,花蓮縣花蓮市國華里博愛街３５９號１樓,花蓮縣,花蓮市,國華里,花蓮市一般行政區,否,否,200000.0,2025,獨資,N,0,561113,麵店、小吃店
50720980,,建國早餐店,花蓮縣花蓮市國華里建國路１０３號,花蓮縣,花蓮市,國華里,花蓮市一般行政區,否,否,3000.0,2016,獨資,N,0,561111,早餐店
92535255,,佐伊玩具企業社,花蓮縣花蓮市國華里建國路１０７巷１５號１樓,花蓮縣,花蓮市,國華里,花蓮市一般行政區,否,否,80000.0,2023,獨資,N,0,476313,模型玩具零售
41017011,,曼波魚設計,花蓮縣花蓮市國華里建國路１０７巷４１號１樓,花蓮縣,花蓮市,國華里,花蓮市一般行政區,否,否,200000.0,2015,獨資,Y,1,620199,其他電腦程式設計
02905523,54228051,御皇米企業股份有限公司花蓮營業所,花蓮縣花蓮市國華里建國路１１７號,花蓮縣,花蓮市,國華里,花蓮市一般行政區,否,否,0.0,2013,其他,Y,1,453111,稻米批發
20055571,,雅之店,花蓮縣花蓮市國華里建國路１２１號,花蓮縣,花蓮市,國華里,花蓮市一般行政區,否,否,30000.0,1997,獨資,N,0,473211,服裝零售
41009672,,華新油漆工程行,花蓮縣花蓮市國華里建國路１４１號１樓,花蓮縣,花蓮市,國華里,花蓮市一般行政區,否,否,200000.0,2014,獨資,Y,1,461400,漆料及塗料批發
85210837,,漢代企業社,花蓮縣花蓮市國華里建國路１４３號１樓,花蓮縣,花蓮市,國華里,花蓮市一般行政區,否,否,228000.0,2019,獨資,Y,1,813000,綠化服務
85214361,,耀輝油漆企業社,花蓮縣花蓮市國華里建國路１４３號１樓,花蓮縣,花蓮市,國華里,花蓮市一般行政區,否,否,228000.0,2019,獨資,Y,1,434012,油漆粉刷、壁飾（紙）黏貼工程
60246469,,竑峰機械工程行,花蓮縣花蓮市國華里建國路１４３號２樓,花蓮縣,花蓮市,國華里,花蓮市一般行政區,否,否,1000000.0,2025,獨資,Y,1,433199,其他機電、電信及電路設備安裝
93058929,,誠昕工程行,花蓮縣花蓮市國華里建國路１４３號２樓,花蓮縣,花蓮市,國華里,花蓮市一般行政區,否,否,228000.0,2024,獨資,Y,1,461515,建材五金（螺絲、螺帽、鉚釘等金屬製品）批發
95210723,,森豪設計企業,花蓮縣花蓮市國華里建國路１４３號２樓,花蓮縣,花蓮市,國華里,花蓮市一般行政區,否,否,228000.0,2025,獨資,Y,1,820211,會議籌辦
95213159,,越野小吃店,花蓮縣花蓮市國華里建國路１４９號,花蓮縣,花蓮市,國華里,花蓮市一般行政區,否,否,200000.0,2025,獨資,N,0,561115,餐廳
72769141,,味家香北京脆皮烤鴨,花蓮縣花蓮市國華里建國路４５號１樓及中山路４５７號１樓,花蓮縣,花蓮市,國華里,花蓮市一般行政區,否,否,5000.0,2017,獨資,N,0,561113,麵店、小吃店
31611478,,瑞麟美而美建國早餐店,花蓮縣花蓮市國華里建國路４９號１樓,花蓮縣,花蓮市,國華里,花蓮市一般行政區,否,否,3000.0,2011,獨資,N,0,561111,早餐店
91150386,,宵夜人家廚房,花蓮縣花蓮市國華里建國路４９號１樓,花蓮縣,花蓮市,國華里,花蓮市一般行政區,否,否,50000.0,2021,獨資,N,0,561113,麵店、小吃店
27835503,,亮麗屋照明有限公司,花蓮縣花蓮市國華里建國路６５號,花蓮縣,花蓮市,國華里,花蓮市一般行政區,否,否,2000000.0,2005,有限公司,Y,1,456112,家用照明設備批發
41455118,,愛莉髮藝館,花蓮縣花蓮市國華里建國路７５巷１６弄１１號,花蓮縣,花蓮市,國華里,花蓮市一般行政區,否,否,200000.0,2015,獨資,N,0,962111,美髮院及髮廊
34917121,,飛鴻農業資材行,花蓮縣花蓮市國華里建國路７５巷１６弄１５號１樓,花蓮縣,花蓮市,國華里,花蓮市一般行政區,否,否,50000.0,2010,獨資,Y,1,464317,農用及園藝機械批發
95802901,,鼎盈商業機器企業,花蓮縣花蓮市國華里建國路７５巷１６弄１５號１樓,花蓮縣,花蓮市,國華里,花蓮市一般行政區,否,否,1200000.0,1995,獨資,Y,1,464999,未分類其他機械器具批發
50739876,,坤誠企業社,花蓮縣花蓮市國華里建國路７５巷１６弄３８號１樓,花蓮縣,花蓮市,國華里,花蓮市一般行政區,否,否,1000000.0,2017,獨資,Y,1,254911,金屬裁剪、焊接處理
96823101,,淬綠有限公司,花蓮縣花蓮市國華里建國路７５巷１６弄４０號２樓,花蓮縣,花蓮市,國華里,花蓮市一般行政區,否,否,1200000.0,2024,有限公司,Y,1,457299,其他化粧品批發
91319624,,富寓商行,花蓮縣花蓮市國華里建國路７５巷１６弄６號１樓,花蓮縣,花蓮市,國華里,花蓮市一般行政區,否,否,30000.0,2021,獨資,N,0,561115,餐廳
92536775,,段寶如蜀味廚房,花蓮縣花蓮市國華里建國路７７號１樓,花蓮縣,花蓮市,國華里,花蓮市一般行政區,否,否,50000.0,2023,獨資,N,0,561113,麵店、小吃店
37767461,,阿城鵝肉,花蓮縣花蓮市國華里建國路８５號１樓,花蓮縣,花蓮市,國華里,花蓮市一般行政區,否,否,50000.0,2012,獨資,N,0,561113,麵店、小吃店
91591763,,愛咪麗貓舍,花蓮縣花蓮市國華里建國路９５巷２２號１樓,花蓮縣,花蓮市,國華里,花蓮市一般行政區,否,否,60000.0,2022,獨資,Y,1,485220,寵物零售
94300487,,義發號,花蓮縣花蓮市國華里建國路９５巷３２號,花蓮縣,花蓮市,國華里,花蓮市一般行政區,否,否,5000.0,1977,獨資,N,0,472916,蛋類零售
30262162,,煌升商號,花蓮縣花蓮市國華里建國路９５巷３６號１樓,花蓮縣,花蓮市,國華里,花蓮市一般行政區,否,否,3000.0,2009,獨資,N,0,472916,蛋類零售
34891065,,建華企業社,花蓮縣花蓮市國華里建國路９５巷５弄６號１樓,花蓮縣,花蓮市,國華里,花蓮市一般行政區,否,否,200000.0,2011,獨資,Y,1,813000,綠化服務
10644425,,焦糖瑪琪朵服飾,花蓮縣花蓮市國華里建林街１３９號１樓,花蓮縣,花蓮市,國華里,花蓮市一般行政區,否,否,3000.0,2008,獨資,N,0,473211,服裝零售
72845247,,以馬內利工程行,花蓮縣花蓮市國華里建林街１４０號,花蓮縣,花蓮市,國華里,花蓮市一般行政區,否,否,200000.0,2018,獨資,Y,1,433111,水電工程
72845197,,茶鄉食堂,花蓮縣花蓮市國華里建林街１９８號１樓,花蓮縣,花蓮市,國華里,花蓮市一般行政區,否,否,3000.0,2018,獨資,N,0,561115,餐廳
50743007,,凱帝商行,花蓮縣花蓮市國華里林森路２６３號１樓,花蓮縣,花蓮市,國華里,花蓮市一般行政區,否,否,200000.0,2017,獨資,N,0,472211,畜肉零售
89673211,,東葦企業有限公司,花蓮縣花蓮市國華里林森路２７３巷５弄１０號,花蓮縣,花蓮市,國華里,花蓮市一般行政區,否,否,10000000.0,1995,有限公司,Y,1,811000,複合支援服務
24857497,,宏齊營造有限公司,花蓮縣花蓮市國華里林森路２７３巷５弄１０號１樓,花蓮縣,花蓮市,國華里,花蓮市一般行政區,否,否,17000000.0,2014,有限公司,Y,1,439099,未分類其他專門營造
34890973,,摩洱設計企業社,花蓮縣花蓮市國華里林森路２７３巷５弄２０號１樓,花蓮縣,花蓮市,國華里,花蓮市一般行政區,否,否,200000.0,2011,獨資,Y,1,631299,其他資料處理、主機及網站代管服務
91159160,,雄英災防急救整合企業,花蓮縣花蓮市國華里林森路２７３巷５弄２６號４樓之２,花蓮縣,花蓮市,國華里,花蓮市一般行政區,否,否,2050000.0,2022,獨資,Y,1,464913,消防設備批發
26588693,,環球水果行,花蓮縣花蓮市國華里林森路２７３巷５弄３號,花蓮縣,花蓮市,國華里,花蓮市一般行政區,否,否,3000.0,2010,獨資,N,0,472112,水果零售
42575098,,花蓮管理顧問有限公司,花蓮縣花蓮市國華里林森路２９３巷２―１號,花蓮縣,花蓮市,國華里,花蓮市一般行政區,否,否,50000.0,2015,有限公司,Y,1,811000,複合支援服務
94838972,,賀眾商號,花蓮縣花蓮市國華里林森路２９７之１號,花蓮縣,花蓮市,國華里,花蓮市一般行政區,否,否,200000.0,1984,獨資,Y,1,456199,其他家用電器批發
22216145,,義隆建材有限公司,花蓮縣花蓮市國華里林森路２９９―２號,花蓮縣,花蓮市,國華里,花蓮市一般行政區,否,否,10000000.0,1986,有限公司,Y,1,461211,水泥及水泥製品批發
91597099,,剪頭毛佰元剪髮專門店,花蓮縣花蓮市國華里林森路２９９―３號１樓,花蓮縣,花蓮市,國華里,花蓮市一般行政區,否,否,60000.0,2022,合夥,N,0,962112,理髮店
91155278,,小婷美甲工作室,花蓮縣花蓮市國華里林森路２９９號１樓,花蓮縣,花蓮市,國華里,花蓮市一般行政區,否,否,68000.0,2021,獨資,N,0,962211,美甲美睫服務
92641734,,別家門市,花蓮縣花蓮市國華里林森路３０５巷２５號,花蓮縣,花蓮市,國華里,花蓮市一般行政區,否,否,100000.0,2023,獨資,N,0,487199,其他電子購物及郵購
85206307,,飯人小吃店,花蓮縣花蓮市國華里林森路３１１號１樓,花蓮縣,花蓮市,國華里,花蓮市一般行政區,否,否,100000.0,2020,獨資,N,0,561113,麵店、小吃店
61457238,,花蓮老地方阿富小吃部,花蓮縣花蓮市國華里林森路３１３號,花蓮縣,花蓮市,國華里,花蓮市一般行政區,否,否,88000.0,2026,獨資,N,0,561113,麵店、小吃店
62095537,,禕維創新有限公司,花蓮縣花蓮市國華里林森路３１５巷３弄４號,花蓮縣,花蓮市,國華里,花蓮市一般行政區,否,否,250000.0,2026,有限公司,Y,1,487199,其他電子購物及郵購
49779245,,愛窯歐式麵包,花蓮縣花蓮市國華里林森路３１５巷４５號１樓,花蓮縣,花蓮市,國華里,花蓮市一般行政區,否,否,200000.0,2016,獨資,N,0,472922,西點麵包零售
85214073,,阿邱食堂,花蓮縣花蓮市國華里林森路３１５巷４９號１樓,花蓮縣,花蓮市,國華里,花蓮市一般行政區,否,否,200000.0,2020,獨資,N,0,561113,麵店、小吃店
95208992,,漁米時光企業社,花蓮縣花蓮市國華里林森路３１５巷５６―１號１樓,花蓮縣,花蓮市,國華里,花蓮市一般行政區,否,否,200000.0,2025,獨資,N,0,561113,麵店、小吃店
41009434,,翌辰行銷服務企業社,花蓮縣花蓮市國華里林森路３１５巷５６號１樓,花蓮縣,花蓮市,國華里,花蓮市一般行政區,否,否,248000.0,2014,獨資,N,0,969021,寵物照顧及訓練
60247447,,諾斯企業社,花蓮縣花蓮市國華里林森路３１５巷５６號１樓,花蓮縣,花蓮市,國華里,花蓮市一般行政區,否,否,240000.0,2025,獨資,Y,1,471999,未分類其他綜合商品零售
95072329,,台灣災害防救教育推廣學會,花蓮縣花蓮市國華里林森路３１５巷５６號１樓,花蓮縣,花蓮市,國華里,花蓮市一般行政區,否,否,100000.0,2024,其他,Y,1,859999,其他未分類教育
83059879,54921165,歡喜寵物用品有限公司花蓮林森分公司,花蓮縣花蓮市國華里林森路３１９號,花蓮縣,花蓮市,國華里,花蓮市一般行政區,否,否,0.0,2020,本國公司設立之分公司,Y,1,485222,寵物飼品零售
50500682,,貳拾壹階創意集思,花蓮縣花蓮市國華里林森路３１９號２樓,花蓮縣,花蓮市,國華里,花蓮市一般行政區,否,否,3000.0,2016,獨資,N,0,740911,企業識別標誌設計
91154926,,馬蹄鐵冶製所,花蓮縣花蓮市國華里林森路３１９號２樓,花蓮縣,花蓮市,國華里,花蓮市一般行政區,否,否,20000.0,2021,獨資,N,0,740999,未分類其他專門設計服務
91597112,,東華自行車店,花蓮縣花蓮市國華里林森路３２１巷２３號１樓,花蓮縣,花蓮市,國華里,花蓮市一般行政區,否,否,100000.0,2022,獨資,N,0,476211,非電動自行車及非電動自行車零件零售
94787256,,冠琳企業有限公司,花蓮縣花蓮市國華里林森路３２１巷３９號及４１號,花蓮縣,花蓮市,國華里,花蓮市一般行政區,否,否,4000000.0,1981,有限公司,Y,1,472914,飲料零售
90233368,,鴻運金開發有限公司,花蓮縣花蓮市國華里林森路３２１巷４３號１樓,花蓮縣,花蓮市,國華里,花蓮市一般行政區,否,否,2000000.0,2022,有限公司,N,0,649911,投資有價證券
10603959,,家緣企業社,花蓮縣花蓮市國華里林森路３２７號,花蓮縣,花蓮市,國華里,花蓮市一般行政區,否,否,200000.0,2008,獨資,Y,1,456999,未分類其他家用器具及用品批發
62253303,,立紘實業有限公司,花蓮縣花蓮市國華里林森路３２７號,花蓮縣,花蓮市,國華里,花蓮市一般行政區,否,否,1000000.0,2026,有限公司,Y,1,474211,國產家用家具零售
85206123,,冠誠小吃店,花蓮縣花蓮市國華里林森路３３１－１號,花蓮縣,花蓮市,國華里,花蓮市一般行政區,否,否,100000.0,2020,獨資,Y,1,561113,麵店、小吃店
82180108,,愛瑪企業社,花蓮縣花蓮市國華里林森路３３３之６號１、２樓,花蓮縣,花蓮市,國華里,花蓮市一般行政區,否,否,24000.0,2019,獨資,N,0,969015,推拿按摩服務
10663891,,夏日時光複合式餐飲,花蓮縣花蓮市國華里林森路３３３號１﹒２樓,花蓮縣,花蓮市,國華里,花蓮市一般行政區,否,否,100000.0,2008,獨資,N,0,561113,麵店、小吃店
53667411,22006252,全國電子股份有限公司花蓮縣第十分公司,花蓮縣花蓮市國華里林森路３３９號１、２樓,花蓮縣,花蓮市,國華里,花蓮市一般行政區,否,否,0.0,2013,本國公司設立之分公司,Y,1,456111,家電材料批發
95073122,70393302,博客停車場開發股份有限公司花蓮林森場,花蓮縣花蓮市國華里林森路３４９號,花蓮縣,花蓮市,國華里,花蓮市一般行政區,否,否,0.0,2024,其他,Y,1,524100,停車場管理
41246534,,滿鑫旺茶水舖,花蓮縣花蓮市國華里林森路３５５號１樓,花蓮縣,花蓮市,國華里,花蓮市一般行政區,否,否,200000.0,2014,獨資,Y,1,563115,手搖飲店
49776654,,榮古通訊,花蓮縣花蓮市國華里林森路３５７號１樓,花蓮縣,花蓮市,國華里,花蓮市一般行政區,否,否,240000.0,2017,獨資,N,0,952100,電腦及其週邊設備維修
91596900,,以誠企業社,花蓮縣花蓮市國華里林森路３５７號１樓,花蓮縣,花蓮市,國華里,花蓮市一般行政區,否,否,240000.0,2022,獨資,Y,1,487199,其他電子購物及郵購
10051392,,定心閣民宿,花蓮縣花蓮市國華里林森路３６１巷１弄３３號,花蓮縣,花蓮市,國華里,花蓮市一般行政區,否,否,3000.0,2007,獨資,N,0,551013,民宿
92538990,,抹香鯨商行,花蓮縣花蓮市國華里林森路３６１巷１５―４號１樓,花蓮縣,花蓮市,國華里,花蓮市一般行政區,否,否,50000.0,2023,獨資,N,0,487114,經營網路購物（食品、飲料類商品）
82178118,,搭蒜薑騋食行,花蓮縣花蓮市國華里林森路３６１巷１５－１號１樓,花蓮縣,花蓮市,國華里,花蓮市一般行政區,否,否,180000.0,2018,獨資,N,0,472111,蔬菜零售
60250189,,希規企業社,花蓮縣花蓮市國華里林森路３６１巷１５－４號１樓,花蓮縣,花蓮市,國華里,花蓮市一般行政區,否,否,200000.0,2026,獨資,N,0,563199,其他飲料店
87352157,,臻旻商行,花蓮縣花蓮市國華里林森路３６１巷２弄１５號１樓,花蓮縣,花蓮市,國華里,花蓮市一般行政區,否,否,50000.0,2021,獨資,N,0,620900,其他電腦相關服務
91590595,,卡爾森彩圖輸出工程,花蓮縣花蓮市國華里林森路３６１巷２弄１５號２樓,花蓮縣,花蓮市,國華里,花蓮市一般行政區,否,否,228000.0,2022,獨資,Y,1,160100,印刷
60246735,,璟曜工程行,花蓮縣花蓮市國華里林森路３６１巷２弄９號１樓,花蓮縣,花蓮市,國華里,花蓮市一般行政區,否,否,200000.0,2025,獨資,Y,1,429099,未分類其他土木工程
60205761,,椰風二館民宿,花蓮縣花蓮市國華里林森路３６１巷４弄１０號,花蓮縣,花蓮市,國華里,花蓮市一般行政區,否,否,250000.0,2025,獨資,N,0,551013,民宿
94783786,,景盛土木包工業,花蓮縣花蓮市國華里林森路３６１巷４弄１７號,花蓮縣,花蓮市,國華里,花蓮市一般行政區,否,否,1000000.0,1981,合夥,Y,1,429099,未分類其他土木工程
85211370,,東方緣禮儀社,花蓮縣花蓮市國華里林森路３６１巷４弄６號１樓,花蓮縣,花蓮市,國華里,花蓮市一般行政區,否,否,200000.0,2020,獨資,Y,1,963015,殯葬禮儀服務
95214544,,三就媽工作室,花蓮縣花蓮市國華里林森路３６１巷４弄８號１樓,花蓮縣,花蓮市,國華里,花蓮市一般行政區,否,否,50000.0,2025,獨資,N,0,487114,經營網路購物（食品、飲料類商品）
91589295,,晉宇行,花蓮縣花蓮市國華里林森路３６１巷６號１樓,花蓮縣,花蓮市,國華里,花蓮市一般行政區,否,否,150000.0,2022,獨資,N,0,487199,其他電子購物及郵購
94006169,,大都會理髮廳,花蓮縣花蓮市國華里林森路３６１巷８之２號１樓,花蓮縣,花蓮市,國華里,花蓮市一般行政區,否,否,3000.0,1977,獨資,N,0,962112,理髮店
91150196,,林森企業社,花蓮縣花蓮市國華里林森路３６３號,花蓮縣,花蓮市,國華里,花蓮市一般行政區,否,否,88000.0,2021,獨資,Y,1,524100,停車場管理
93372650,,辰室國際有限公司,花蓮縣花蓮市國華里００１鄰林森路３８３號１樓,花蓮縣,花蓮市,國華里,花蓮市一般行政區,否,否,500000.0,2023,有限公司,Y,1,563199,其他飲料店
93611218,,易恆股份有限公司,花蓮縣花蓮市國華里００１鄰林森路３８３號２樓,花蓮縣,花蓮市,國華里,花蓮市一般行政區,否,否,5000000.0,2024,股份有限公司,Y,1,563115,手搖飲店
60247283,,為什麼牛私廚麵坊,花蓮縣花蓮市國華里００２鄰林森路３６１巷３弄１２號１樓,花蓮縣,花蓮市,國華里,花蓮市一般行政區,否,否,50000.0,2025,獨資,N,0,561113,麵店、小吃店
90786522,,山多環保顧問有限公司,花蓮縣花蓮市國華里００２鄰林森路３６５號,花蓮縣,花蓮市,國華里,花蓮市一般行政區,否,否,2000000.0,2021,有限公司,Y,1,381111,一般事業廢棄物清除
09825497,,有限責任花蓮縣勞動合作社,花蓮縣花蓮市國華里００２鄰林森路３６５號１樓,花蓮縣,花蓮市,國華里,花蓮市一般行政區,否,否,300000.0,2007,合作社,Y,1,811000,複合支援服務
72850326,,耀揚企業社,花蓮縣花蓮市國華里００２鄰林森路３６９號１樓,花蓮縣,花蓮市,國華里,花蓮市一般行政區,否,否,30000.0,2018,獨資,N,0,952200,通訊傳播設備維修
87353064,,麗華小吃店,花蓮縣花蓮市國華里００２鄰林森路３７３號１樓,花蓮縣,花蓮市,國華里,花蓮市一般行政區,否,否,100000.0,2021,獨資,N,0,561115,餐廳
60248488,,宇蓁食堂,花蓮縣花蓮市國華里００３鄰中山路３７９號１樓,花蓮縣,花蓮市,國華里,花蓮市一般行政區,否,否,150000.0,2025,獨資,N,0,561113,麵店、小吃店
50740682,,長泰滇緬料理小吃店,花蓮縣花蓮市國華里００３鄰中山路３８１號１樓,花蓮縣,花蓮市,國華里,花蓮市一般行政區,否,否,50000.0,2017,獨資,N,0,561113,麵店、小吃店
41017201,,縱橫通訊行,花蓮縣花蓮市國華里００３鄰中山路３８７號１樓,花蓮縣,花蓮市,國華里,花蓮市一般行政區,否,否,240000.0,2015,獨資,Y,1,483212,手機及手機週邊零配件零售
37996582,,我家茶行,花蓮縣花蓮市國華里００４鄰中山路４０５號１樓,花蓮縣,花蓮市,國華里,花蓮市一般行政區,否,否,3000.0,2013,獨資,N,0,920011,彩券銷售
49770666,,皇太極足體整復養生館,花蓮縣花蓮市國華里００４鄰中山路４０９號１樓,花蓮縣,花蓮市,國華里,花蓮市一般行政區,否,否,60000.0,2016,獨資,N,0,969015,推拿按摩服務
92095799,,民豐車業行,花蓮縣花蓮市國華里００５鄰中山路４１３―１號,花蓮縣,花蓮市,國華里,花蓮市一般行政區,否,否,500000.0,1995,獨資,Y,1,451099,其他商品批發經紀
93056979,,涮嘴串燒屋,花蓮縣花蓮市國華里００５鄰中山路４１５號,花蓮縣,花蓮市,國華里,花蓮市一般行政區,否,否,200000.0,2024,獨資,N,0,561115,餐廳
95213221,,美駟商行,花蓮縣花蓮市國華里００５鄰中山路４１７號,花蓮縣,花蓮市,國華里,花蓮市一般行政區,否,否,200000.0,2025,獨資,N,0,932211,視唱中心（ＫＴＶ）
95214452,,悠禾茗品,花蓮縣花蓮市國華里００５鄰中山路４２５號,花蓮縣,花蓮市,國華里,花蓮市一般行政區,否,否,238000.0,2025,獨資,Y,1,563115,手搖飲店
60251315,,思鄉小吃部,花蓮縣花蓮市國華里００５鄰中山路４３９號１樓,花蓮縣,花蓮市,國華里,花蓮市一般行政區,否,否,50000.0,2026,獨資,N,0,561113,麵店、小吃店
61456420,,天宇工程行,花蓮縣花蓮市國華里００６鄰中山路４４５號１樓,花蓮縣,花蓮市,國華里,花蓮市一般行政區,否,否,230000.0,2026,獨資,Y,1,439099,未分類其他專門營造
90433773,,星宇營造有限公司,花蓮縣花蓮市國華里００６鄰中山路４４５號１樓,花蓮縣,花蓮市,國華里,花蓮市一般行政區,否,否,3600000.0,2021,有限公司,Y,1,439099,未分類其他專門營造
60250441,,迷你小吃,花蓮縣花蓮市國華里００６鄰中山路４４７號,花蓮縣,花蓮市,國華里,花蓮市一般行政區,否,否,30000.0,2026,獨資,N,0,561113,麵店、小吃店
60250879,,聖佳企業社,花蓮縣花蓮市國華里００６鄰中山路４５５巷２１號,花蓮縣,花蓮市,國華里,花蓮市一般行政區,否,否,200000.0,2026,獨資,Y,1,782000,人力供應
41460169,,蓋世餐飲,花蓮縣花蓮市國華里００７鄰建國路６７號１樓,花蓮縣,花蓮市,國華里,花蓮市一般行政區,否,否,120000.0,2015,獨資,N,0,561113,麵店、小吃店
94768504,,站前自助餐,花蓮縣花蓮市國華里００７鄰建國路６９號,花蓮縣,花蓮市,國華里,花蓮市一般行政區,否,否,9000.0,1980,獨資,N,0,561113,麵店、小吃店
92539436,,花町日式料理,花蓮縣花蓮市國華里００７鄰建國路７１號,花蓮縣,花蓮市,國華里,花蓮市一般行政區,否,否,200000.0,2023,獨資,N,0,561113,麵店、小吃店
60084859,,川原餐飲企業社,花蓮縣花蓮市國華里００７鄰建國路７３號,花蓮縣,花蓮市,國華里,花蓮市一般行政區,否,否,248888.0,2024,獨資,N,0,561113,麵店、小吃店
82210047,,瓊林書苑,花蓮縣花蓮市國華里００７鄰建國路７５巷２號,花蓮縣,花蓮市,國華里,花蓮市一般行政區,否,否,50000.0,2018,獨資,N,0,476112,書籍、雜誌零售
95801494,,立勝食品行,花蓮縣花蓮市國華里００７鄰建國路７９號１樓,花蓮縣,花蓮市,國華里,花蓮市一般行政區,否,否,10000.0,1995,獨資,Y,1,472921,糖果餅乾零售
91156591,,盈蕾服飾,花蓮縣花蓮市國華里００７鄰建國路９３號１樓,花蓮縣,花蓮市,國華里,花蓮市一般行政區,否,否,20000.0,2021,獨資,N,0,473211,服裝零售
49957141,,小熊森林雜貨店,花蓮縣花蓮市國華里００７鄰建國路９５巷１３號１樓,花蓮縣,花蓮市,國華里,花蓮市一般行政區,否,否,300000.0,2005,獨資,Y,1,487115,經營網路購物（服飾類商品）
72846626,,緯駿工程行,花蓮縣花蓮市國華里００７鄰建國路９５巷２５號１樓,花蓮縣,花蓮市,國華里,花蓮市一般行政區,否,否,800000.0,2018,獨資,Y,1,410099,其他建築工程
96680413,,新月珍有限公司,花蓮縣花蓮市國華里００８鄰林森路２７３巷５弄２５號１樓,花蓮縣,花蓮市,國華里,花蓮市一般行政區,否,否,500000.0,2025,有限公司,Y,1,454999,未分類其他食品批發
95214002,,富裕企業社,花蓮縣花蓮市國華里００９鄰中山路４５５巷１３號１樓,花蓮縣,花蓮市,國華里,花蓮市一般行政區,否,否,200000.0,2025,獨資,Y,1,434012,油漆粉刷、壁飾（紙）黏貼工程
91588970,,悠覓企業社,花蓮縣花蓮市國華里０１１鄰林森路３４７號,花蓮縣,花蓮市,國華里,花蓮市一般行政區,否,否,248000.0,2022,獨資,N,0,561113,麵店、小吃店
82177315,,芳小姐服飾,花蓮縣花蓮市國華里０１１鄰林森路３５３號１樓,花蓮縣,花蓮市,國華里,花蓮市一般行政區,否,否,100000.0,2018,獨資,N,0,473999,未分類其他服飾品零售
60197397,,安安妳好商行,花蓮縣花蓮市國華里０１１鄰林森路３６１巷１弄１６號１樓,花蓮縣,花蓮市,國華里,花蓮市一般行政區,否,否,200000.0,2025,獨資,N,0,561200,餐食攤販
93055140,,好好吃廚房,花蓮縣花蓮市國華里０１６鄰建林街１５０號１樓,花蓮縣,花蓮市,國華里,花蓮市一般行政區,否,否,200000.0,2024,獨資,N,0,561115,餐廳
29117042,,慶譽營造有限公司,花蓮縣花蓮市國華里０１６鄰建林街１５８號１樓,花蓮縣,花蓮市,國華里,花蓮市一般行政區,否,否,100000000.0,2008,有限公司,Y,1,410099,其他建築工程
62206702,,鼎興國際投資有限公司,花蓮縣花蓮市國華里０１６鄰建林街１５８號２樓,花蓮縣,花蓮市,國華里,花蓮市一般行政區,否,否,3000000.0,2026,有限公司,N,0,649911,投資有價證券
41234235,,海豚遇見貓,花蓮縣花蓮市國華里０１７鄰博愛街２２２號,花蓮縣,花蓮市,國華里,花蓮市一般行政區,否,否,2000.0,2014,獨資,N,0,561113,麵店、小吃店
92641663,,璞美行館,花蓮縣花蓮市國華里０１７鄰博愛街２５９號,花蓮縣,花蓮市,國華里,花蓮市一般行政區,否,否,100000.0,2023,獨資,N,0,681113,不動產轉租賃
60375907,,星綸旅行社有限公司,花蓮縣花蓮市國華里０１７鄰博愛街２６６號１樓,花蓮縣,花蓮市,國華里,花蓮市一般行政區,否,否,6000000.0,2025,有限公司,Y,1,790011,旅行業
93088466,,吉福便當,花蓮縣花蓮市國華里０１７鄰博愛街２８７號,花蓮縣,花蓮市,國華里,花蓮市一般行政區,否,否,10000.0,2023,獨資,N,0,561112,便當、自助餐店
31478393,70788522,大同綜合訊電股份有限公司花蓮分公司花蓮中正展售中心,花蓮縣花蓮市國華里０１８鄰林森路３１７號,花蓮縣,花蓮市,國華里,花蓮市一般行政區,否,否,0.0,2007,其他,Y,1,474199,其他家用電器零售
93779588,,主動脈文化有限公司,花蓮縣花蓮市國華里０１８鄰林森路３２１巷２６號１樓,花蓮縣,花蓮市,國華里,花蓮市一般行政區,否,否,600000.0,2023,有限公司,Y,1,932999,未分類其他娛樂及休閒服務
87352282,,東郡企業社,花蓮縣花蓮市國華里０２０鄰林森路３１５巷１３號,花蓮縣,花蓮市,國華里,花蓮市一般行政區,否,否,100000.0,2021,獨資,Y,1,812911,病媒防治服務
91155093,,喜鈅企業社,花蓮縣花蓮市國華里０２０鄰林森路３１５巷１３號,花蓮縣,花蓮市,國華里,花蓮市一般行政區,否,否,200000.0,2021,獨資,N,0,472922,西點麵包零售
93050898,,湯裏商行,花蓮縣花蓮市國華里０２０鄰林森路３１５巷２弄１號,花蓮縣,花蓮市,國華里,花蓮市一般行政區,否,否,100000.0,2024,獨資,N,0,561115,餐廳
92635629,,鈞辰企業社,花蓮縣花蓮市國華里０２０鄰林森路３１５巷２弄８號１樓,花蓮縣,花蓮市,國華里,花蓮市一般行政區,否,否,200000.0,2023,獨資,Y,1,433111,水電工程
93049725,,鑫旺工程行,花蓮縣花蓮市國華里０２０鄰林森路３１５巷２弄８號１樓,花蓮縣,花蓮市,國華里,花蓮市一般行政區,否,否,200000.0,2024,獨資,Y,1,434014,防水工程
41010707,,花時間生活坊,花蓮縣花蓮市國華里０２０鄰林森路３１５巷２５號１樓,花蓮縣,花蓮市,國華里,花蓮市一般行政區,否,否,88000.0,2014,獨資,N,0,193111,洗滌肥皂製造
91258773,,立威資訊社,花蓮縣花蓮市國華里０２０鄰林森路３１５巷３７號１樓,花蓮縣,花蓮市,國華里,花蓮市一般行政區,否,否,3000.0,2021,獨資,N,0,952100,電腦及其週邊設備維修
37998836,,享幸福食坊,花蓮縣花蓮市國華里０２０鄰林森路３１５巷４５－２號１樓,花蓮縣,花蓮市,國華里,花蓮市一般行政區,否,否,10000.0,2014,獨資,N,0,561111,早餐店
93055198,,麻鷺洋食屋,花蓮縣花蓮市國華里０２０鄰林森路３１５巷７３號,花蓮縣,花蓮市,國華里,花蓮市一般行政區,否,否,150000.0,2024,獨資,N,0,561115,餐廳
95219371,,諭宸商行,花蓮縣花蓮市國華里０２１鄰林森路３０３―１號１樓,花蓮縣,花蓮市,國華里,花蓮市一般行政區,否,否,20000.0,2024,獨資,N,0,561115,餐廳
95047292,,心香小屋民宿,花蓮縣花蓮市國華里０２１鄰林森路３０５巷５號,花蓮縣,花蓮市,國華里,花蓮市一般行政區,否,否,200000.0,2024,獨資,N,0,551013,民宿
83113368,,澧岳石材有限公司,花蓮縣花蓮市國華里０２１鄰林森路３０５巷５４號１樓,花蓮縣,花蓮市,國華里,花蓮市一般行政區,否,否,3000000.0,2020,有限公司,Y,1,451099,其他商品批發經紀
42969374,,相信幸福有限公司,花蓮縣花蓮市國華里０２１鄰林森路３０５巷６號,花蓮縣,花蓮市,國華里,花蓮市一般行政區,否,否,500000.0,2018,有限公司,Y,1,472999,未分類其他食品、飲料及菸草製品零售
28331184,,淇安淇亞諾股份有限公司,花蓮縣花蓮市國華里０２２鄰林森路２９３巷１弄４６號１樓,花蓮縣,花蓮市,國華里,花蓮市一般行政區,否,否,3000000.0,2006,股份有限公司,Y,1,969099,未分類其他個人服務
91591969,,莫尼早餐店,花蓮縣花蓮市國華里０２２鄰林森路２９３巷１弄６號,花蓮縣,花蓮市,國華里,花蓮市一般行政區,否,否,50000.0,2022,獨資,N,0,561111,早餐店
93056794,,一號工坊,花蓮縣花蓮市國華里０２３鄰林森路２９３巷１８號１樓,花蓮縣,花蓮市,國華里,花蓮市一般行政區,否,否,100000.0,2024,獨資,N,0,484211,全新機車零售
87350165,,一所懸命小料理,花蓮縣花蓮市國華里０２３鄰林森路２９３巷８號,花蓮縣,花蓮市,國華里,花蓮市一般行政區,否,否,200000.0,2020,獨資,N,0,561115,餐廳
91156537,,路邊烤肉奇萊店,花蓮縣花蓮市國華里０２３鄰林森路２９５號,花蓮縣,花蓮市,國華里,花蓮市一般行政區,否,否,800000.0,2021,獨資,Y,1,561113,麵店、小吃店
93057421,,食鍋癮小吃店,花蓮縣花蓮市國華里０２３鄰林森路２９７號,花蓮縣,花蓮市,國華里,花蓮市一般行政區,否,否,100000.0,2024,獨資,Y,1,561115,餐廳
91595183,,我是餐館,花蓮縣花蓮市國華里０２４鄰建林街１３２號,花蓮縣,花蓮市,國華里,花蓮市一般行政區,否,否,50000.0,2022,獨資,N,0,561115,餐廳
60237898,,冰朵朵,花蓮縣花蓮市國華里０２４鄰建林街１３６號,花蓮縣,花蓮市,國華里,花蓮市一般行政區,否,否,50000.0,2025,獨資,N,0,563199,其他飲料店
61398999,,脆敘屋,花蓮縣花蓮市國華里０２４鄰建林街１４３號車庫,花蓮縣,花蓮市,國華里,花蓮市一般行政區,否,否,100000.0,2026,獨資,N,0,472922,西點麵包零售
09681920,,牧熊人企業社,花蓮縣花蓮市國華里１鄰建國路９５巷２９號１樓,花蓮縣,花蓮市,國華里,花蓮市一般行政區,否,否,50000.0,2006,獨資,N,0,740912,商業設計
31791083,,欣心鎖匙行,花蓮縣花蓮市國華里１鄰林森路３７９號１樓,花蓮縣,花蓮市,國華里,花蓮市一般行政區,否,否,3000.0,2012,獨資,N,0,959917,開鎖及配鎖
67946890,,達旭企業,花蓮縣花蓮市國華里１０鄰建國路７５巷１６弄１５號１樓,花蓮縣,花蓮市,國華里,花蓮市一般行政區,否,否,460000.0,1999,獨資,Y,1,483111,電腦及電腦週邊設備零售
93646321,22662550,康達盛通生活事業股份有限公司花蓮林森分公司,花蓮縣花蓮市國華里１１鄰林森路３４９號、３４９－３號,花蓮縣,花蓮市,國華里,花蓮市一般行政區,否,否,0.0,2024,本國公司設立之分公司,Y,1,471912,零售式量販店
10629923,,王記港式滷味,花蓮縣花蓮市國華里１１鄰林森路３５１號,花蓮縣,花蓮市,國華里,花蓮市一般行政區,否,否,3000.0,2008,獨資,N,0,561200,餐食攤販
26681620,,幸福ｅ櫃,花蓮縣花蓮市國華里１１鄰林森路３５３號,花蓮縣,花蓮市,國華里,花蓮市一般行政區,否,否,3000.0,2011,獨資,N,0,473211,服裝零售
27758816,80671711,何嘉仁文教事業股份有限公司花蓮分公司,花蓮縣花蓮市國華里１３鄰博愛街２７２號２樓及３樓,花蓮縣,花蓮市,國華里,花蓮市一般行政區,否,否,0.0,2005,本國公司設立之分公司,Y,1,483112,電腦套裝軟體零售
94839732,,張氏便當,花蓮縣花蓮市國華里１５鄰建國路１０７巷３５號,花蓮縣,花蓮市,國華里,花蓮市一般行政區,否,否,5100000.0,1984,獨資,Y,1,472929,餐盒零售
34875403,,子口企業社,花蓮縣花蓮市國華里１６鄰建國路１１１號１樓,花蓮縣,花蓮市,國華里,花蓮市一般行政區,否,否,30000.0,2010,獨資,N,0,959913,鞋、皮革品修理
94224587,,凡爾登洗衣店,花蓮縣花蓮市國華里１６鄰建國路１１３號１樓,花蓮縣,花蓮市,國華里,花蓮市一般行政區,否,否,3000.0,1971,獨資,N,0,961099,其他洗衣服務
94844670,,弘昇汽車商行,花蓮縣花蓮市國華里１６鄰建國路１２５巷２號,花蓮縣,花蓮市,國華里,花蓮市一般行政區,否,否,100000.0,1984,獨資,N,0,484111,全新汽車零售
94759625,,天山行,花蓮縣花蓮市國華里１６鄰建國路１３７號,花蓮縣,花蓮市,國華里,花蓮市一般行政區,否,否,40000.0,1979,獨資,Y,1,474917,清潔用品零售
26644323,,花漾洋果子,花蓮縣花蓮市國華里１７鄰博愛街２０２號,花蓮縣,花蓮市,國華里,花蓮市一般行政區,否,否,50000.0,2010,獨資,Y,1,472922,西點麵包零售
37997040,,木子食堂,花蓮縣花蓮市國華里１７鄰博愛街２３８號１樓,花蓮縣,花蓮市,國華里,花蓮市一般行政區,否,否,50000.0,2013,獨資,N,0,561113,麵店、小吃店
18061339,,名爵企業社,花蓮縣花蓮市國華里１９鄰博愛街２３６號１樓,花蓮縣,花蓮市,國華里,花蓮市一般行政區,否,否,200000.0,2001,獨資,Y,1,456199,其他家用電器批發
76950058,,日谷髮廊,花蓮縣花蓮市國華里２鄰林森路３６１巷８之２號,花蓮縣,花蓮市,國華里,花蓮市一般行政區,否,否,4000.0,1989,獨資,N,0,962111,美髮院及髮廊
26656517,,新鮮葉仔樂活休閒館,花蓮縣花蓮市國華里２鄰林森路３６５．３６７號,花蓮縣,花蓮市,國華里,花蓮市一般行政區,否,否,2000000.0,2011,合夥,Y,1,472999,未分類其他食品、飲料及菸草製品零售
92538056,,森巷手作烘焙,花蓮縣花蓮市國華里２１鄰林森路３０５巷５１號,花蓮縣,花蓮市,國華里,花蓮市一般行政區,否,否,50000.0,2023,獨資,N,0,487114,經營網路購物（食品、飲料類商品）
09660609,,林森藥局,花蓮縣花蓮市國華里２１鄰林森路３０９－１號１樓,花蓮縣,花蓮市,國華里,花蓮市一般行政區,否,否,200000.0,2006,獨資,N,0,475112,西藥零售
31598881,,剃頭店,花蓮縣花蓮市國華里２４鄰建林街１３６號,花蓮縣,花蓮市,國華里,花蓮市一般行政區,否,否,3000.0,2011,獨資,N,0,962112,理髮店
30203468,,髮閣髮型設計,花蓮縣花蓮市國華里２４鄰建林街１３８號,花蓮縣,花蓮市,國華里,花蓮市一般行政區,否,否,10000.0,2009,獨資,N,0,962299,其他美容美體服務
60240514,,林秈如,花蓮縣花蓮市國華里２４鄰林森路２４９巷２弄１２號,花蓮縣,花蓮市,國華里,花蓮市一般行政區,否,否,200000.0,2025,獨資,N,0,559099,未分類其他住宿
18061393,,巨眾電腦,花蓮縣花蓮市國華里３７鄰建國路１４３號１樓,花蓮縣,花蓮市,國華里,花蓮市一般行政區,否,否,1000000.0,2001,獨資,Y,1,483111,電腦及電腦週邊設備零售
09613374,,椰風時尚民宿,花蓮縣花蓮市國華里４鄰中山路４１１巷１８號,花蓮縣,花蓮市,國華里,花蓮市一般行政區,否,否,13000.0,2006,獨資,N,0,551013,民宿
94245598,,清安行,花蓮縣花蓮市國華里４鄰中山路４１１巷５號,花蓮縣,花蓮市,國華里,花蓮市一般行政區,否,否,1000000.0,1977,獨資,Y,1,456999,未分類其他家用器具及用品批發
08123384,,新福勝,花蓮縣花蓮市國華里５鄰中山路４２７巷２號,花蓮縣,花蓮市,國華里,花蓮市一般行政區,否,否,100000.0,1985,獨資,N,0,031012,近海及沿岸漁撈
31793076,,金湯達人咖啡館,花蓮縣花蓮市國華里５鄰中山路４２９，４３１號,花蓮縣,花蓮市,國華里,花蓮市一般行政區,否,否,248800.0,2013,合夥,Y,1,563112,咖啡館
78852526,,東池便當店,花蓮縣花蓮市國華里７鄰建國路９１號１樓,花蓮縣,花蓮市,國華里,花蓮市一般行政區,否,否,3000.0,1994,獨資,N,0,561113,麵店、小吃店
29312903,,花旗寵物美容,花蓮縣花蓮市國華里７鄰建國路９９號１樓,花蓮縣,花蓮市,國華里,花蓮市一般行政區,否,否,3000.0,2004,獨資,N,0,485221,寵物用品零售
94299904,,新月珍餅舖,花蓮縣花蓮市國華里８鄰林森路２７３巷５弄２５號１樓,花蓮縣,花蓮市,國華里,花蓮市一般行政區,否,否,200000.0,1977,獨資,Y,1,089111,糕餅麵包製造
37999645,,美斯床墊傢俱專賣店,花蓮縣花蓮市國裕里中央路四段１３２號,花蓮縣,花蓮市,國裕里,花蓮市一般行政區,否,否,200000.0,2014,獨資,Y,1,474211,國產家用家具零售
13975503,,亮麗專業汽車美容店,花蓮縣花蓮市國裕里中央路四段１３６號,花蓮縣,花蓮市,國裕里,花蓮市一般行政區,否,否,30000.0,2002,獨資,N,0,951200,汽車美容
61457173,,杰光工程行,花蓮縣花蓮市國裕里中央路四段１３８號１樓,花蓮縣,花蓮市,國裕里,花蓮市一般行政區,否,否,220000.0,2026,獨資,Y,1,433111,水電工程
94801877,,林興汽車企業社,花蓮縣花蓮市國裕里中央路四段１３８號１樓,花蓮縣,花蓮市,國裕里,花蓮市一般行政區,否,否,508000.0,1982,獨資,Y,1,484311,汽車零件、汽車百貨零售
72849953,,林穩順輪胎行,花蓮縣花蓮市國裕里中央路四段１５８號１樓,花蓮縣,花蓮市,國裕里,花蓮市一般行政區,否,否,150000.0,2018,獨資,Y,1,465315,汽車輪胎批發
24632049,,美車國際貿易有限公司,花蓮縣花蓮市國裕里中央路四段１６６號１樓,花蓮縣,花蓮市,國裕里,花蓮市一般行政區,否,否,10000000.0,2014,有限公司,Y,1,484112,中古汽車零售
20052363,,永大傢俱,花蓮縣花蓮市國裕里中央路四段１６８－１號１樓,花蓮縣,花蓮市,國裕里,花蓮市一般行政區,否,否,300000.0,1997,獨資,Y,1,474211,國產家用家具零售
95215591,,宜迪單車工作室,花蓮縣花蓮市國裕里中央路四段３１０號１樓,花蓮縣,花蓮市,國裕里,花蓮市一般行政區,否,否,30000.0,2025,獨資,N,0,959914,自行車修理
93009842,83388669,浤睿興業有限公司花蓮中央營業所,花蓮縣花蓮市國裕里中央路四段３２號旁,花蓮縣,花蓮市,國裕里,花蓮市一般行政區,否,否,0.0,2023,其他,Y,1,524100,停車場管理
42103437,89403884,詩肯股份有限公司花蓮中央營業所,花蓮縣花蓮市國裕里中央路四段３２０、３２２號,花蓮縣,花蓮市,國裕里,花蓮市一般行政區,否,否,0.0,2015,其他,Y,1,434011,室內裝潢工程
82176408,,加州五金行,花蓮縣花蓮市國裕里中央路四段５８號１樓,花蓮縣,花蓮市,國裕里,花蓮市一般行政區,否,否,200000.0,2018,獨資,N,0,481014,居家修繕用品零售
56646642,,大東國際人力仲介有限公司,花蓮縣花蓮市國裕里中央路四段６號１樓,花蓮縣,花蓮市,國裕里,花蓮市一般行政區,否,否,5000000.0,2017,有限公司,Y,1,781099,其他人力仲介
49775331,,東信水電工程行,花蓮縣花蓮市國裕里中央路四段６０號１樓,花蓮縣,花蓮市,國裕里,花蓮市一般行政區,否,否,2240000.0,2017,獨資,Y,1,433111,水電工程
93058358,,四維工程行,花蓮縣花蓮市國裕里中央路四段９２號,花蓮縣,花蓮市,國裕里,花蓮市一般行政區,否,否,200000.0,2024,獨資,Y,1,434011,室內裝潢工程
31416475,,好家園傢俱行,花蓮縣花蓮市國裕里中央路４段１０６號,花蓮縣,花蓮市,國裕里,花蓮市一般行政區,否,否,30000.0,2006,獨資,Y,1,474211,國產家用家具零售
25006591,,好馬力汽車有限公司,花蓮縣花蓮市國裕里中央路４段１６６號１樓,花蓮縣,花蓮市,國裕里,花蓮市一般行政區,否,否,2000000.0,2009,有限公司,Y,1,484311,汽車零件、汽車百貨零售
78851174,07724424,祥億汽車貨運股份有限公司花蓮營業所,花蓮縣花蓮市國裕里中央路４段２７０號旁,花蓮縣,花蓮市,國裕里,花蓮市一般行政區,否,否,0.0,1994,其他,Y,1,494099,其他汽車貨運
13975861,,卡特商行,花蓮縣花蓮市國裕里中央路４段２８８巷５弄１９號１樓,花蓮縣,花蓮市,國裕里,花蓮市一般行政區,否,否,248000.0,2002,獨資,Y,1,458111,文具批發
37997908,,建勝鋼索五金行,花蓮縣花蓮市國裕里中央路４段３２號１樓,花蓮縣,花蓮市,國裕里,花蓮市一般行政區,否,否,200000.0,2013,獨資,Y,1,461517,金屬手工具批發
72747301,,茹薰素食炸物達人館,花蓮縣花蓮市國裕里中山路５２４、５２６號Ｂ１、１樓、２樓,花蓮縣,花蓮市,國裕里,花蓮市一般行政區,否,否,50000.0,2017,獨資,N,0,561113,麵店、小吃店
54776628,,佳航興業有限公司,花蓮縣花蓮市國裕里中山路５２４號３樓,花蓮縣,花蓮市,國裕里,花蓮市一般行政區,否,否,17154680.0,2014,有限公司,N,0,649911,投資有價證券
54776633,,彥臺興業有限公司,花蓮縣花蓮市國裕里中山路５２４號３樓,花蓮縣,花蓮市,國裕里,花蓮市一般行政區,否,否,29600000.0,2014,有限公司,N,0,649911,投資有價證券
54790972,,呈俊興業有限公司,花蓮縣花蓮市國裕里中山路５２４號３樓,花蓮縣,花蓮市,國裕里,花蓮市一般行政區,否,否,18320100.0,2014,有限公司,N,0,649911,投資有價證券
31792528,,平發傳統整復推拿所,花蓮縣花蓮市國裕里中山路５２６―１號１樓,花蓮縣,花蓮市,國裕里,花蓮市一般行政區,否,否,5000.0,2012,獨資,N,0,969015,推拿按摩服務
22705087,,承隆能源科技股份有限公司,花蓮縣花蓮市國裕里中山路５２６號３樓,花蓮縣,花蓮市,國裕里,花蓮市一般行政區,否,否,199621410.0,1988,股份有限公司,Y,1,429099,未分類其他土木工程
54777154,,普安興業有限公司,花蓮縣花蓮市國裕里中山路５２６號３樓,花蓮縣,花蓮市,國裕里,花蓮市一般行政區,否,否,29600000.0,2014,有限公司,N,0,649911,投資有價證券
78854849,,全聯當舖,花蓮縣花蓮市國裕里中山路５３２號１樓,花蓮縣,花蓮市,國裕里,花蓮市一般行政區,否,否,1500000.0,1995,獨資,N,0,649611,典當服務
87564498,,鈺得電器行,花蓮縣花蓮市國裕里中山路５３６號１樓,花蓮縣,花蓮市,國裕里,花蓮市一般行政區,否,否,200000.0,2021,獨資,N,0,952312,家用電器維修
92636079,,東泰電器行,花蓮縣花蓮市國裕里中山路５３６號１樓,花蓮縣,花蓮市,國裕里,花蓮市一般行政區,否,否,200000.0,2023,獨資,Y,1,474199,其他家用電器零售
94656634,,正馬機車行,花蓮縣花蓮市國裕里中山路５３８號,花蓮縣,花蓮市,國裕里,花蓮市一般行政區,否,否,3000.0,1977,獨資,Y,1,484211,全新機車零售
15793182,,國原茶莊,花蓮縣花蓮市國裕里中山路５４２號１樓,花蓮縣,花蓮市,國裕里,花蓮市一般行政區,否,否,5000.0,2003,獨資,N,0,472915,茶葉零售
30177665,,花東相機器材維修行,花蓮縣花蓮市國裕里中山路５４４號,花蓮縣,花蓮市,國裕里,花蓮市一般行政區,否,否,100000.0,2008,獨資,Y,1,474922,照相器材零售
50745820,,一茴麵食,花蓮縣花蓮市國裕里中山路５４６號１樓,花蓮縣,花蓮市,國裕里,花蓮市一般行政區,否,否,5000.0,2017,獨資,N,0,561113,麵店、小吃店
53398330,,世曄健康企業有限公司,花蓮縣花蓮市國裕里中山路５４８號１樓,花蓮縣,花蓮市,國裕里,花蓮市一般行政區,否,否,1000000.0,2011,有限公司,Y,1,454700,非酒精飲料批發
55783674,84268826,美樂迪股份有限公司花蓮分公司,花蓮縣花蓮市國裕里中山路５５２―１號,花蓮縣,花蓮市,國裕里,花蓮市一般行政區,否,否,0.0,2017,本國公司設立之分公司,Y,1,464915,醫療機械設備批發
70788608,70788522,大同綜合訊電股份有限公司花蓮分公司,花蓮縣花蓮市國裕里中山路５５８號,花蓮縣,花蓮市,國裕里,花蓮市一般行政區,否,否,0.0,2000,本國公司設立之分公司,Y,1,474199,其他家用電器零售
13975530,05065749,台灣奧黛莉股份有限公司花蓮中山二店,花蓮縣花蓮市國裕里中山路５６４﹒５６６號１樓,花蓮縣,花蓮市,國裕里,花蓮市一般行政區,否,否,0.0,2002,其他,Y,1,473211,服裝零售
24277006,,富安室內裝修工程有限公司,花蓮縣花蓮市國裕里中山路５８２號１樓,花蓮縣,花蓮市,國裕里,花蓮市一般行政區,否,否,10100000.0,2008,有限公司,Y,1,434015,室內裝修工程
92640566,,約瑟美容坊,花蓮縣花蓮市國裕里中山路６００號１樓,花蓮縣,花蓮市,國裕里,花蓮市一般行政區,否,否,30000.0,2023,獨資,N,0,475299,其他化粧品零售
24371852,,一九九九百貨有限公司,花蓮縣花蓮市國裕里中山路６１２號,花蓮縣,花蓮市,國裕里,花蓮市一般行政區,否,否,1000000.0,2009,有限公司,Y,1,471999,未分類其他綜合商品零售
18052578,,廣壽行,花蓮縣花蓮市國裕里中山路６１４號１樓,花蓮縣,花蓮市,國裕里,花蓮市一般行政區,否,否,200000.0,2001,獨資,Y,1,472933,保健營養食品零售
87348443,,記嘉商行,花蓮縣花蓮市國裕里中山路６１４號１樓,花蓮縣,花蓮市,國裕里,花蓮市一般行政區,否,否,200000.0,2020,獨資,Y,1,454611,國產菸酒批發
09747232,,大花蓮房屋仲介企業社,花蓮縣花蓮市國裕里中山路６１８號,花蓮縣,花蓮市,國裕里,花蓮市一般行政區,否,否,200000.0,2006,獨資,Y,1,681211,不動產仲介
90833454,,沃野生活有限公司,花蓮縣花蓮市國裕里中山路６２２號,花蓮縣,花蓮市,國裕里,花蓮市一般行政區,否,否,1000000.0,2021,有限公司,Y,1,454999,未分類其他食品批發
91157563,,台素素食小吃,花蓮縣花蓮市國裕里中山路６２４號１樓,花蓮縣,花蓮市,國裕里,花蓮市一般行政區,否,否,10000.0,2021,獨資,N,0,561113,麵店、小吃店
91159443,,找餐殿早餐店,花蓮縣花蓮市國裕里中山路６４４號１樓,花蓮縣,花蓮市,國裕里,花蓮市一般行政區,否,否,100000.0,2022,獨資,N,0,561111,早餐店
92491242,,政東商行,花蓮縣花蓮市國裕里中山路６４４號１樓,花蓮縣,花蓮市,國裕里,花蓮市一般行政區,否,否,200000.0,2022,獨資,Y,1,471114,加盟連鎖式便利商店（無商品進、銷貨行為）
37923511,,時代機車行,花蓮縣花蓮市國裕里中山路６４６號１樓,花蓮縣,花蓮市,國裕里,花蓮市一般行政區,否,否,200000.0,2013,獨資,Y,1,451099,其他商品批發經紀
53156500,53152482,志家食品有限公司花蓮分公司,花蓮縣花蓮市國裕里中山路６５８號,花蓮縣,花蓮市,國裕里,花蓮市一般行政區,否,否,0.0,2010,本國公司設立之分公司,Y,1,561114,連鎖速食店
20055903,,天文台鐘錶眼鏡行,花蓮縣花蓮市國裕里中山路６６６號,花蓮縣,花蓮市,國裕里,花蓮市一般行政區,否,否,5000.0,1997,獨資,N,0,474412,眼鏡及其零配件零售
15792557,,一品坊,花蓮縣花蓮市國裕里中山路６６８號,花蓮縣,花蓮市,國裕里,花蓮市一般行政區,否,否,3000.0,2003,獨資,N,0,561113,麵店、小吃店
66968348,,苙鉦機械工作行,花蓮縣花蓮市國裕里中山路６７２號１樓,花蓮縣,花蓮市,國裕里,花蓮市一般行政區,否,否,2000000.0,2006,獨資,Y,1,439099,未分類其他專門營造
91158269,,笠新機械工程行,花蓮縣花蓮市國裕里中山路６７２號１樓,花蓮縣,花蓮市,國裕里,花蓮市一般行政區,否,否,200000.0,2021,獨資,Y,1,439099,未分類其他專門營造
49781066,,丞瑩冷飲站,花蓮縣花蓮市國裕里中山路６８８號１樓,花蓮縣,花蓮市,國裕里,花蓮市一般行政區,否,否,200000.0,2016,獨資,Y,1,563115,手搖飲店
31465593,,住和不動產,花蓮縣花蓮市國裕里中山路６９４號１樓,花蓮縣,花蓮市,國裕里,花蓮市一般行政區,否,否,300000.0,2007,合夥,Y,1,681211,不動產仲介
91062362,,攸你資訊股份有限公司,花蓮縣花蓮市國裕里中山路６９４號１樓,花蓮縣,花蓮市,國裕里,花蓮市一般行政區,否,否,1500000.0,2021,股份有限公司,Y,1,464112,電腦套裝軟體批發
10653388,,八方雲集鍋貼水餃專賣店,花蓮縣花蓮市國裕里中山路６９６號１樓,花蓮縣,花蓮市,國裕里,花蓮市一般行政區,否,否,3000.0,2008,獨資,Y,1,561113,麵店、小吃店
76966811,03707901,台灣中油股份有限公司油品行銷事業部東區營業處中山路加油站,花蓮縣花蓮市國裕里中山路７５２號,花蓮縣,花蓮市,國裕里,花蓮市一般行政區,否,否,0.0,1991,其他,Y,1,482111,汽油零售
87438009,,樂譽餐飲,花蓮縣花蓮市國裕里富吉路１號,花蓮縣,花蓮市,國裕里,花蓮市一般行政區,否,否,50000.0,2021,獨資,N,0,561113,麵店、小吃店
87345207,,轉角愛飲品店,花蓮縣花蓮市國裕里富吉路１號１樓,花蓮縣,花蓮市,國裕里,花蓮市一般行政區,否,否,50000.0,2020,獨資,N,0,563115,手搖飲店
91589598,,皇俊工程行,花蓮縣花蓮市國裕里富吉路１－８號,花蓮縣,花蓮市,國裕里,花蓮市一般行政區,否,否,200000.0,2022,獨資,Y,1,429099,未分類其他土木工程
42943565,,樂屋不動產有限公司,花蓮縣花蓮市國裕里富吉路１－８號１樓,花蓮縣,花蓮市,國裕里,花蓮市一般行政區,否,否,500000.0,2018,有限公司,Y,1,681211,不動產仲介
30361769,24351482,臻好翫休閒運動事業有限公司後站門市,花蓮縣花蓮市國裕里富吉路１－９號,花蓮縣,花蓮市,國裕里,花蓮市一般行政區,否,否,0.0,2009,其他,Y,1,454914,糖果餅乾批發
10664337,,出外人平價牛排館,花蓮縣花蓮市國裕里富吉路１０號１樓,花蓮縣,花蓮市,國裕里,花蓮市一般行政區,否,否,3000.0,2008,獨資,N,0,561115,餐廳
92536064,,畬舍工作室,花蓮縣花蓮市國裕里富吉路１０６號１樓,花蓮縣,花蓮市,國裕里,花蓮市一般行政區,否,否,200000.0,2023,獨資,Y,1,731099,其他廣告服務
09979957,,富順瓦斯行,花蓮縣花蓮市國裕里富吉路１７號１樓,花蓮縣,花蓮市,國裕里,花蓮市一般行政區,否,否,300000.0,2006,獨資,Y,1,482912,桶裝瓦斯零售
09897127,,沙林美髮工作室,花蓮縣花蓮市國裕里富吉路１９號,花蓮縣,花蓮市,國裕里,花蓮市一般行政區,否,否,100000.0,2007,獨資,N,0,962111,美髮院及髮廊
80352076,22555003,統一超商股份有限公司花蓮縣第四十三分公司,花蓮縣花蓮市國裕里富吉路２號１樓,花蓮縣,花蓮市,國裕里,花蓮市一般行政區,否,否,0.0,2003,本國公司設立之分公司,Y,1,471112,直營連鎖式便利商店
72796512,23378414,愛旺租車股份有限公司花蓮後站營業所,花蓮縣花蓮市國裕里富吉路２－５號,花蓮縣,花蓮市,國裕里,花蓮市一般行政區,否,否,0.0,2017,其他,Y,1,772100,汽車租賃
18061149,,數碼科技,花蓮縣花蓮市國裕里富吉路２２號１樓,花蓮縣,花蓮市,國裕里,花蓮市一般行政區,否,否,200000.0,2001,獨資,Y,1,620212,系統規劃、分析及設計
60257850,27567788,煒晟國際股份有限公司花蓮印門市部,花蓮縣花蓮市國裕里富吉路２６號,花蓮縣,花蓮市,國裕里,花蓮市一般行政區,否,否,0.0,2025,其他,Y,1,969099,未分類其他個人服務
61377002,24762648,樂奕有限公司花蓮門市部,花蓮縣花蓮市國裕里富吉路２６號,花蓮縣,花蓮市,國裕里,花蓮市一般行政區,否,否,0.0,2026,其他,Y,1,472999,未分類其他食品、飲料及菸草製品零售
50748684,,嘉鴻企業社,花蓮縣花蓮市國裕里富吉路２６號２樓,花蓮縣,花蓮市,國裕里,花蓮市一般行政區,否,否,200000.0,2018,獨資,Y,1,432000,庭園景觀工程
83148275,,綜一地產有限公司,花蓮縣花蓮市國裕里富吉路３０號,花蓮縣,花蓮市,國裕里,花蓮市一般行政區,否,否,1000000.0,2020,有限公司,Y,1,681211,不動產仲介
92537922,,賜昌恆盈企業社,花蓮縣花蓮市國裕里富吉路３４號１樓,花蓮縣,花蓮市,國裕里,花蓮市一般行政區,否,否,100000.0,2023,獨資,N,0,563114,飲酒店
85212976,,傳奇溯溪行,花蓮縣花蓮市國裕里富吉路３６號１樓,花蓮縣,花蓮市,國裕里,花蓮市一般行政區,否,否,200000.0,2020,獨資,N,0,931912,水域運動服務
93057837,,象東青旅民宿,花蓮縣花蓮市國裕里富吉路４８號,花蓮縣,花蓮市,國裕里,花蓮市一般行政區,否,否,200000.0,2024,獨資,Y,1,551013,民宿
95214072,,彩匠工程行,花蓮縣花蓮市國裕里富吉路５２號１樓,花蓮縣,花蓮市,國裕里,花蓮市一般行政區,否,否,200000.0,2025,獨資,Y,1,434012,油漆粉刷、壁飾（紙）黏貼工程
45123040,,磐磯商務顧問股份有限公司,花蓮縣花蓮市國裕里富吉路５８―５號,花蓮縣,花蓮市,國裕里,花蓮市一般行政區,否,否,5000000.0,2016,股份有限公司,Y,1,859999,其他未分類教育
62181028,,我的財力有限公司,花蓮縣花蓮市國裕里富吉路５８―５號,花蓮縣,花蓮市,國裕里,花蓮市一般行政區,否,否,100000.0,2026,有限公司,Y,1,859399,其他運動及休閒教育
50696665,,東大藥局,花蓮縣花蓮市國裕里富吉路６號,花蓮縣,花蓮市,國裕里,花蓮市一般行政區,否,否,50000.0,2016,獨資,N,0,475112,西藥零售
53511157,,偉勝石材股份有限公司,花蓮縣花蓮市國裕里富吉路６０號１樓,花蓮縣,花蓮市,國裕里,花蓮市一般行政區,否,否,6000000.0,2011,股份有限公司,Y,1,234011,石材家具及其製品製造
49773214,,芸妃男女舒壓館,花蓮縣花蓮市國裕里富吉路７６號１樓,花蓮縣,花蓮市,國裕里,花蓮市一般行政區,否,否,10000.0,2016,獨資,N,0,962299,其他美容美體服務
10094370,,好人幫工作室,花蓮縣花蓮市國裕里富吉路８號１樓,花蓮縣,花蓮市,國裕里,花蓮市一般行政區,否,否,5000.0,2007,獨資,N,0,476112,書籍、雜誌零售
29474224,,源創多媒體,花蓮縣花蓮市國裕里富吉路８號１樓,花蓮縣,花蓮市,國裕里,花蓮市一般行政區,否,否,490000.0,2005,獨資,Y,1,483111,電腦及電腦週邊設備零售
87347508,,午夜花蓮食堂,花蓮縣花蓮市國裕里富吉路８號１樓,花蓮縣,花蓮市,國裕里,花蓮市一般行政區,否,否,6000.0,2020,獨資,N,0,561115,餐廳
94750878,,順風營造有限公司,花蓮縣花蓮市國裕里富吉路８３號,花蓮縣,花蓮市,國裕里,花蓮市一般行政區,否,否,50000000.0,1978,有限公司,Y,1,429099,未分類其他土木工程
95209009,,銘瑋理貨企業社,花蓮縣花蓮市國裕里富安路１０１號１樓,花蓮縣,花蓮市,國裕里,花蓮市一般行政區,否,否,200000.0,2025,獨資,Y,1,529099,未分類其他運輸輔助
49762292,,衣彩便利洗衣生活館,花蓮縣花蓮市國裕里富安路１１３號１樓,花蓮縣,花蓮市,國裕里,花蓮市一般行政區,否,否,50000.0,2016,獨資,N,0,961012,自助洗衣店
60246496,,康榮商行,花蓮縣花蓮市國裕里富安路１２４號１樓,花蓮縣,花蓮市,國裕里,花蓮市一般行政區,否,否,200000.0,2025,獨資,N,0,472311,水產品零售
92641615,,運通小客車租賃行,花蓮縣花蓮市國裕里富安路１２８號１樓,花蓮縣,花蓮市,國裕里,花蓮市一般行政區,否,否,10000000.0,2023,獨資,Y,1,772100,汽車租賃
61362492,28858068,台灣普客二四股份有限公司花蓮富安路【月租】停車場,花蓮縣花蓮市國裕里富安路１５２號旁,花蓮縣,花蓮市,國裕里,花蓮市一般行政區,否,否,0.0,2025,其他,Y,1,524100,停車場管理
60248678,,花功牛排館,花蓮縣花蓮市國裕里富安路２號１樓,花蓮縣,花蓮市,國裕里,花蓮市一般行政區,否,否,249000.0,2025,合夥,Y,1,561113,麵店、小吃店
95800609,,常春藤商店,花蓮縣花蓮市國裕里富安路２２號１樓,花蓮縣,花蓮市,國裕里,花蓮市一般行政區,否,否,2200000.0,1995,獨資,Y,1,561115,餐廳
28564606,,合豐汽車租賃有限公司,花蓮縣花蓮市國裕里富安路２２號２樓,花蓮縣,花蓮市,國裕里,花蓮市一般行政區,否,否,5000000.0,2008,有限公司,Y,1,772100,汽車租賃
91153222,,菇味食堂,花蓮縣花蓮市國裕里富安路４９號１樓,花蓮縣,花蓮市,國裕里,花蓮市一般行政區,否,否,200000.0,2021,合夥,N,0,561113,麵店、小吃店
24638347,,東台實業有限公司,花蓮縣花蓮市國裕里富安路５６號,花蓮縣,花蓮市,國裕里,花蓮市一般行政區,否,否,2000000.0,2014,有限公司,Y,1,484112,中古汽車零售
41016809,,東台車業,花蓮縣花蓮市國裕里富安路５６號,花蓮縣,花蓮市,國裕里,花蓮市一般行政區,否,否,100000.0,2015,獨資,Y,1,951199,其他汽車維修
42575718,,華泰國際通運有限公司,花蓮縣花蓮市國裕里富安路５６號,花蓮縣,花蓮市,國裕里,花蓮市一般行政區,否,否,5000000.0,2015,有限公司,Y,1,772100,汽車租賃
90595376,,東信實業有限公司,花蓮縣花蓮市國裕里富安路５６號１樓,花蓮縣,花蓮市,國裕里,花蓮市一般行政區,否,否,3000000.0,2022,有限公司,Y,1,484112,中古汽車零售
13975172,,後站小吃,花蓮縣花蓮市國裕里富安路５６號Ａ７,花蓮縣,花蓮市,國裕里,花蓮市一般行政區,否,否,3000.0,2002,獨資,N,0,561113,麵店、小吃店
94626935,03568400,震旦行股份有限公司花蓮二分公司,花蓮縣花蓮市國裕里富安路５７號,花蓮縣,花蓮市,國裕里,花蓮市一般行政區,否,否,0.0,1973,本國公司設立之分公司,Y,1,474999,未分類其他家用器具及用品零售
92543939,90431830,花東滿溢租車股份有限公司花蓮營業所,花蓮縣花蓮市國裕里富安路６９號１樓,花蓮縣,花蓮市,國裕里,花蓮市一般行政區,否,否,0.0,2022,其他,Y,1,772100,汽車租賃
64813952,,老茶茶葉藝品專賣,花蓮縣花蓮市國裕里富安路７１號,花蓮縣,花蓮市,國裕里,花蓮市一般行政區,否,否,3000.0,1989,獨資,Y,1,472915,茶葉零售
95214299,,花蓮世華台國際商行,花蓮縣花蓮市國裕里富安路７６號,花蓮縣,花蓮市,國裕里,花蓮市一般行政區,否,否,200000.0,2025,獨資,N,0,472915,茶葉零售
87350427,,君悦舒養生館,花蓮縣花蓮市國裕里富安路７８號,花蓮縣,花蓮市,國裕里,花蓮市一般行政區,否,否,10000.0,2020,獨資,N,0,969015,推拿按摩服務
60246165,,卡有味檳榔,花蓮縣花蓮市國裕里富安路７９號１樓,花蓮縣,花蓮市,國裕里,花蓮市一般行政區,否,否,100000.0,2025,獨資,N,0,472936,檳榔零售
41010299,,太魯閣租車行,花蓮縣花蓮市國裕里富安路８３號１樓,花蓮縣,花蓮市,國裕里,花蓮市一般行政區,否,否,220000.0,2014,獨資,N,0,772911,機車出租
18058046,,阿美小吃,花蓮縣花蓮市國裕里富強街１２７號,花蓮縣,花蓮市,國裕里,花蓮市一般行政區,否,否,3000.0,2001,獨資,N,0,561113,麵店、小吃店
37994445,,金多寶投注站,花蓮縣花蓮市國裕里富強路１１３號１樓,花蓮縣,花蓮市,國裕里,花蓮市一般行政區,否,否,50000.0,2013,獨資,N,0,920011,彩券銷售
61457005,,鑫多金投注站,花蓮縣花蓮市國裕里富強路１１３號１樓,花蓮縣,花蓮市,國裕里,花蓮市一般行政區,否,否,50000.0,2026,獨資,N,0,920011,彩券銷售
92638442,,金多鑫投注站,花蓮縣花蓮市國裕里富強路１１３號１樓,花蓮縣,花蓮市,國裕里,花蓮市一般行政區,否,否,50000.0,2023,獨資,N,0,920011,彩券銷售
61456250,,紘銘工程行,花蓮縣花蓮市國裕里富強路１１４號１樓,花蓮縣,花蓮市,國裕里,花蓮市一般行政區,否,否,200000.0,2026,獨資,Y,1,433113,電梯、電扶梯、升降機裝修工程
60253685,,承詣工程行,花蓮縣花蓮市國裕里富強路１１９號１樓,花蓮縣,花蓮市,國裕里,花蓮市一般行政區,否,否,50000.0,2026,獨資,Y,1,433111,水電工程
93052024,,一申工程行,花蓮縣花蓮市國裕里富強路１２７號１樓,花蓮縣,花蓮市,國裕里,花蓮市一般行政區,否,否,240000.0,2024,獨資,Y,1,481014,居家修繕用品零售
82019175,,富強健康藥局,花蓮縣花蓮市國裕里富強路１２８號１樓,花蓮縣,花蓮市,國裕里,花蓮市一般行政區,否,否,50000.0,2018,獨資,N,0,475112,西藥零售
02883703,,威鋥水電工程行,花蓮縣花蓮市國裕里富強路１４７號１樓,花蓮縣,花蓮市,國裕里,花蓮市一般行政區,否,否,200000.0,2013,獨資,Y,1,433111,水電工程
61421210,28858068,台灣普客二四股份有限公司花蓮富強路【月租】停車場,花蓮縣花蓮市國裕里富強路１７９號旁,花蓮縣,花蓮市,國裕里,花蓮市一般行政區,否,否,0.0,2026,其他,Y,1,524100,停車場管理
85211913,,大暢音響企業社,花蓮縣花蓮市國裕里富強路１８號１樓,花蓮縣,花蓮市,國裕里,花蓮市一般行政區,否,否,200000.0,2020,獨資,Y,1,483300,視聽設備零售
91595304,,得祐工程行,花蓮縣花蓮市國裕里富強路２１７號１樓,花蓮縣,花蓮市,國裕里,花蓮市一般行政區,否,否,150000.0,2022,獨資,Y,1,434012,油漆粉刷、壁飾（紙）黏貼工程
49966628,,俊昆土木包工業,花蓮縣花蓮市國裕里富強路２２７號,花蓮縣,花蓮市,國裕里,花蓮市一般行政區,否,否,1000000.0,2005,獨資,Y,1,429099,未分類其他土木工程
84232686,,永曄營造有限公司,花蓮縣花蓮市國裕里富強路２２７號１樓,花蓮縣,花蓮市,國裕里,花蓮市一般行政區,否,否,32500000.0,1993,有限公司,Y,1,429099,未分類其他土木工程
91591243,,黃家玉里麵,花蓮縣花蓮市國裕里富強路２３８號１樓,花蓮縣,花蓮市,國裕里,花蓮市一般行政區,否,否,3000.0,2022,獨資,N,0,561113,麵店、小吃店
60246025,,卉銘超商,花蓮縣花蓮市國裕里富強路２４５號１樓,花蓮縣,花蓮市,國裕里,花蓮市一般行政區,否,否,200000.0,2025,獨資,Y,1,471112,直營連鎖式便利商店
60253334,,俐古設計工作室,花蓮縣花蓮市國裕里富強路２４６號３樓之２,花蓮縣,花蓮市,國裕里,花蓮市一般行政區,否,否,100000.0,2026,獨資,N,0,487199,其他電子購物及郵購
60339234,,禾序有限公司,花蓮縣花蓮市國裕里富強路２６６號１樓,花蓮縣,花蓮市,國裕里,花蓮市一般行政區,否,否,100000.0,2026,有限公司,Y,1,487212,多層次傳銷（商品銷貨收入）
09686050,,財旺企業社,花蓮縣花蓮市國裕里富強路２７號１樓,花蓮縣,花蓮市,國裕里,花蓮市一般行政區,否,否,200000.0,2006,獨資,Y,1,434011,室內裝潢工程
93048269,,乙太資訊企業社,花蓮縣花蓮市國裕里富強路３６號１樓,花蓮縣,花蓮市,國裕里,花蓮市一般行政區,否,否,30000.0,2024,獨資,N,0,483111,電腦及電腦週邊設備零售
25176188,,晉得有限公司,花蓮縣花蓮市國裕里富強路５６號１樓,花蓮縣,花蓮市,國裕里,花蓮市一般行政區,否,否,1000000.0,2010,有限公司,Y,1,433212,管道工程
30207437,,巧味坊企業社,花蓮縣花蓮市國裕里富強路８號１樓,花蓮縣,花蓮市,國裕里,花蓮市一般行政區,否,否,100000.0,2010,獨資,N,0,561113,麵店、小吃店
92638816,,金庫彩券行,花蓮縣花蓮市國裕里富強路９７號,花蓮縣,花蓮市,國裕里,花蓮市一般行政區,否,否,100000.0,2023,獨資,N,0,920011,彩券銷售
37997576,,華邦企業社,花蓮縣花蓮市國裕里富裕一街１３５巷９號１樓,花蓮縣,花蓮市,國裕里,花蓮市一般行政區,否,否,200000.0,2013,獨資,Y,1,340099,其他產業用機械設備維修及安裝
60355000,,星日月開發建設有限公司,花蓮縣花蓮市國裕里富裕一街１３５巷９號１樓,花蓮縣,花蓮市,國裕里,花蓮市一般行政區,否,否,8000000.0,2022,有限公司,Y,1,670012,不動產投資開發
24639681,,寰潤室內裝修有限公司,花蓮縣花蓮市國裕里富裕一街１５號,花蓮縣,花蓮市,國裕里,花蓮市一般行政區,否,否,3000000.0,2014,有限公司,Y,1,434015,室內裝修工程
94121581,,明義企業股份有限公司,花蓮縣花蓮市國裕里富裕一街１５號,花蓮縣,花蓮市,國裕里,花蓮市一般行政區,否,否,10000000.0,1996,股份有限公司,Y,1,461113,合板批發
97109414,,豪臆企業有限公司,花蓮縣花蓮市國裕里富裕一街１５號,花蓮縣,花蓮市,國裕里,花蓮市一般行政區,否,否,5000000.0,1996,有限公司,Y,1,461999,未分類其他建材批發
83755714,,朝輝建設有限公司,花蓮縣花蓮市國裕里富裕一街１５號１樓,花蓮縣,花蓮市,國裕里,花蓮市一般行政區,否,否,3000000.0,2020,有限公司,Y,1,670012,不動產投資開發
61456202,,匯盛企業社,花蓮縣花蓮市國裕里富裕一街１６９號４樓之２,花蓮縣,花蓮市,國裕里,花蓮市一般行政區,否,否,200000.0,2026,獨資,Y,1,421000,道路工程
95211912,,閱采多媒體工作室,花蓮縣花蓮市國裕里富裕一街１７１號２樓,花蓮縣,花蓮市,國裕里,花蓮市一般行政區,否,否,240000.0,2025,獨資,Y,1,581112,數位新聞出版
95215993,,光影映像科技企業社,花蓮縣花蓮市國裕里富裕一街１７３號３樓之３,花蓮縣,花蓮市,國裕里,花蓮市一般行政區,否,否,200000.0,1916,獨資,Y,1,620199,其他電腦程式設計
91156229,,捷煬企業社,花蓮縣花蓮市國裕里富裕一街３６巷６號１樓,花蓮縣,花蓮市,國裕里,花蓮市一般行政區,否,否,200000.0,2021,獨資,Y,1,483111,電腦及電腦週邊設備零售
53361740,,花蓮兆豐租車有限公司,花蓮縣花蓮市國裕里富裕七街１１號１樓,花蓮縣,花蓮市,國裕里,花蓮市一般行政區,否,否,8000000.0,2011,有限公司,Y,1,772100,汽車租賃
82180389,,吉冠水產行,花蓮縣花蓮市國裕里富裕七街２６號,花蓮縣,花蓮市,國裕里,花蓮市一般行政區,否,否,200000.0,2019,獨資,Y,1,472311,水產品零售
95214170,,萊可早午餐,花蓮縣花蓮市國裕里富裕七街２８號,花蓮縣,花蓮市,國裕里,花蓮市一般行政區,否,否,200000.0,2025,獨資,N,0,561111,早餐店
29251949,,永盛城科技工程行,花蓮縣花蓮市國裕里富裕七街４８號１樓,花蓮縣,花蓮市,國裕里,花蓮市一般行政區,否,否,300000.0,2004,獨資,Y,1,433112,電路工程
92582995,,林運金,花蓮縣花蓮市國裕里富裕七街５０號,花蓮縣,花蓮市,國裕里,花蓮市一般行政區,否,否,100000.0,2023,獨資,N,0,487115,經營網路購物（服飾類商品）
60247191,,彈簧狗紋藝工作室,花蓮縣花蓮市國裕里富裕七街５３號１樓,花蓮縣,花蓮市,國裕里,花蓮市一般行政區,否,否,100000.0,2025,獨資,N,0,969017,紋身、紋眉服務
30139353,,飛象土木包工業,花蓮縣花蓮市國裕里富裕七街６２號１樓,花蓮縣,花蓮市,國裕里,花蓮市一般行政區,否,否,1000000.0,2008,獨資,Y,1,421000,道路工程
34898736,,毅鼎工程企業社,花蓮縣花蓮市國裕里富裕七街７巷１號１樓,花蓮縣,花蓮市,國裕里,花蓮市一般行政區,否,否,200000.0,2010,獨資,Y,1,711212,測量及非建築工程製圖服務
00045158,,永昇農林業股份有限公司,花蓮縣花蓮市國裕里富裕七街８４號１樓,花蓮縣,花蓮市,國裕里,花蓮市一般行政區,否,否,49500000.0,2024,股份有限公司,Y,1,020013,伐木
85088619,,新翊環境有限公司,花蓮縣花蓮市國裕里富裕七街８４號１樓,花蓮縣,花蓮市,國裕里,花蓮市一般行政區,否,否,1200000.0,2019,有限公司,Y,1,760999,其他未分類專業、科學及技術服務
93796947,,富通國際車業有限公司,花蓮縣花蓮市國裕里富裕七街８４號１樓,花蓮縣,花蓮市,國裕里,花蓮市一般行政區,否,否,300000.0,2023,有限公司,Y,1,484111,全新汽車零售
95208141,,嫚霏婕環保科技企業社,花蓮縣花蓮市國裕里富裕七街８４號１樓,花蓮縣,花蓮市,國裕里,花蓮市一般行政區,否,否,248000.0,2024,獨資,Y,1,433116,監視設備裝修工程
49780405,,佑辰企業社,花蓮縣花蓮市國裕里富裕三街１號１樓,花蓮縣,花蓮市,國裕里,花蓮市一般行政區,否,否,200000.0,2016,獨資,Y,1,433900,其他建築設備安裝
53363389,,雲山水渡假村有限公司,花蓮縣花蓮市國裕里富裕三街２號１樓,花蓮縣,花蓮市,國裕里,花蓮市一般行政區,否,否,1000000.0,2011,有限公司,Y,1,932999,未分類其他娛樂及休閒服務
91154691,,慶合企業社,花蓮縣花蓮市國裕里富裕三街２號１樓,花蓮縣,花蓮市,國裕里,花蓮市一般行政區,否,否,200000.0,2021,獨資,Y,1,812911,病媒防治服務
93058316,,盛心工程行,花蓮縣花蓮市國裕里富裕三街３號２樓之１,花蓮縣,花蓮市,國裕里,花蓮市一般行政區,否,否,200000.0,2024,獨資,Y,1,434011,室內裝潢工程
53511608,,米諾科技有限公司,花蓮縣花蓮市國裕里富裕三街３１號１樓,花蓮縣,花蓮市,國裕里,花蓮市一般行政區,否,否,1000000.0,2011,有限公司,Y,1,620199,其他電腦程式設計
53053217,,衛家居有限公司,花蓮縣花蓮市國裕里富裕三街４６號,花蓮縣,花蓮市,國裕里,花蓮市一般行政區,否,否,5500000.0,2010,有限公司,Y,1,089800,保健營養食品製造
87345305,,說鼓生活工坊,花蓮縣花蓮市國裕里富裕三街５２號５樓之１,花蓮縣,花蓮市,國裕里,花蓮市一般行政區,否,否,700000.0,2020,獨資,Y,1,476314,樂器零售
00133103,,芳樺投資有限公司,花蓮縣花蓮市國裕里富裕三街５２號５樓之２,花蓮縣,花蓮市,國裕里,花蓮市一般行政區,否,否,29800000.0,2024,有限公司,Y,1,669199,其他投資顧問
60247869,,丞睿工程行,花蓮縣花蓮市國裕里富裕三街８號１樓,花蓮縣,花蓮市,國裕里,花蓮市一般行政區,否,否,200000.0,2025,獨資,Y,1,439099,未分類其他專門營造
85208163,,澔恩金屬工程行,花蓮縣花蓮市國裕里富裕九街２１號１樓,花蓮縣,花蓮市,國裕里,花蓮市一般行政區,否,否,200000.0,2019,獨資,Y,1,434011,室內裝潢工程
94676478,,睿騰汽車貨運行,花蓮縣花蓮市國裕里富裕二街１號１樓,花蓮縣,花蓮市,國裕里,花蓮市一般行政區,否,否,12000000.0,1985,獨資,Y,1,494099,其他汽車貨運
97492348,,喜臻飯店股份有限公司,花蓮縣花蓮市國裕里富裕二街１號１樓,花蓮縣,花蓮市,國裕里,花蓮市一般行政區,否,否,25000000.0,1997,股份有限公司,Y,1,681112,自有不動產租賃
91154067,,晨新蛋行,花蓮縣花蓮市國裕里富裕二街１１９號１樓,花蓮縣,花蓮市,國裕里,花蓮市一般行政區,否,否,30000.0,2021,獨資,N,0,472916,蛋類零售
91163143,,紅利生活小館,花蓮縣花蓮市國裕里富裕二街１５３號騎樓,花蓮縣,花蓮市,國裕里,花蓮市一般行政區,否,否,20000.0,2021,獨資,N,0,487114,經營網路購物（食品、飲料類商品）
02393662,,正萬隆行,花蓮縣花蓮市國裕里富裕二街１６３巷２號１樓,花蓮縣,花蓮市,國裕里,花蓮市一般行政區,否,否,20000.0,1987,獨資,N,0,473211,服裝零售
85212292,,昀翔企業社,花蓮縣花蓮市國裕里富裕二街１６５號１樓,花蓮縣,花蓮市,國裕里,花蓮市一般行政區,否,否,200000.0,2020,獨資,Y,1,471114,加盟連鎖式便利商店（無商品進、銷貨行為）
15791467,,花蓮潛水,花蓮縣花蓮市國裕里富裕二街１６９號,花蓮縣,花蓮市,國裕里,花蓮市一般行政區,否,否,198000.0,2003,獨資,Y,1,476299,其他運動用品及器材零售
72850450,,海洋運動用品社,花蓮縣花蓮市國裕里富裕二街１６９號１樓,花蓮縣,花蓮市,國裕里,花蓮市一般行政區,否,否,50000.0,2018,獨資,N,0,476299,其他運動用品及器材零售
31796025,,驥逵企業社,花蓮縣花蓮市國裕里富裕二街１７１號１樓,花蓮縣,花蓮市,國裕里,花蓮市一般行政區,否,否,200000.0,2013,獨資,Y,1,340099,其他產業用機械設備維修及安裝
24871857,,艾咪兔一旅行社有限公司,花蓮縣花蓮市國裕里富裕二街２９號,花蓮縣,花蓮市,國裕里,花蓮市一般行政區,否,否,6000000.0,2015,有限公司,Y,1,790011,旅行業
25075082,,品品設計股份有限公司,花蓮縣花蓮市國裕里富裕二街３號１樓,花蓮縣,花蓮市,國裕里,花蓮市一般行政區,否,否,500000.0,2009,股份有限公司,Y,1,740999,未分類其他專門設計服務
94781106,,共興交通股份有限公司,花蓮縣花蓮市國裕里富裕二街３號１樓,花蓮縣,花蓮市,國裕里,花蓮市一般行政區,否,否,38000000.0,1981,股份有限公司,Y,1,494099,其他汽車貨運
61373890,89798198,微程式資訊股份有限公司花蓮後站場,花蓮縣花蓮市國裕里富裕二街３０號對面,花蓮縣,花蓮市,國裕里,花蓮市一般行政區,否,否,0.0,2026,其他,Y,1,524100,停車場管理
91608722,90592309,傑森科技貿易股份有限公司花蓮營業所,花蓮縣花蓮市國裕里富裕二街３６―１號,花蓮縣,花蓮市,國裕里,花蓮市一般行政區,否,否,0.0,2022,其他,Y,1,472999,未分類其他食品、飲料及菸草製品零售
94375108,07524729,國營臺灣鐵路股份有限公司資產開發處花蓮營業分處,花蓮縣花蓮市國裕里富裕二街３６號１樓,花蓮縣,花蓮市,國裕里,花蓮市一般行政區,否,否,0.0,1977,其他,Y,1,681112,自有不動產租賃
42599824,,新糖城科研企業股份有限公司,花蓮縣花蓮市國裕里富裕二街９號１樓,花蓮縣,花蓮市,國裕里,花蓮市一般行政區,否,否,10000000.0,2015,股份有限公司,Y,1,454911,加工（精製）糖批發
89173406,,常理生化科研有限公司,花蓮縣花蓮市國裕里富裕二街９號１樓,花蓮縣,花蓮市,國裕里,花蓮市一般行政區,否,否,2000000.0,2022,有限公司,Y,1,454920,保健營養食品批發
91154209,,銘蘭商行,花蓮縣花蓮市國裕里富裕五街１１１號１樓,花蓮縣,花蓮市,國裕里,花蓮市一般行政區,否,否,50000.0,2021,獨資,N,0,561111,早餐店
91592117,,小古手作甜點,花蓮縣花蓮市國裕里富裕五街１５５號３樓,花蓮縣,花蓮市,國裕里,花蓮市一般行政區,否,否,50000.0,2022,獨資,N,0,487114,經營網路購物（食品、飲料類商品）
60248826,,呷飽便當,花蓮縣花蓮市國裕里富裕五街１９２號１樓,花蓮縣,花蓮市,國裕里,花蓮市一般行政區,否,否,50000.0,2025,獨資,N,0,561112,便當、自助餐店
31487479,,柏園民宿,花蓮縣花蓮市國裕里富裕五街６６號,花蓮縣,花蓮市,國裕里,花蓮市一般行政區,否,否,3000.0,2007,獨資,N,0,551013,民宿
49773002,,誠元科技企業,花蓮縣花蓮市國裕里富裕五街７０號１樓,花蓮縣,花蓮市,國裕里,花蓮市一般行政區,否,否,58000.0,2017,獨資,N,0,952312,家用電器維修
55832696,,友鈊科技有限公司,花蓮縣花蓮市國裕里富裕五街７６號１樓,花蓮縣,花蓮市,國裕里,花蓮市一般行政區,否,否,1000000.0,2018,有限公司,Y,1,731099,其他廣告服務
93055346,,德誼企業社,花蓮縣花蓮市國裕里富裕五街９１號,花蓮縣,花蓮市,國裕里,花蓮市一般行政區,否,否,240000.0,2024,獨資,Y,1,670011,土地開發
31796307,,鳴揚通信科技,花蓮縣花蓮市國裕里富裕八街２６號１樓,花蓮縣,花蓮市,國裕里,花蓮市一般行政區,否,否,540000.0,2013,獨資,Y,1,433112,電路工程
92096967,,豐洲機械工程行,花蓮縣花蓮市國裕里富裕十一街１０５號１樓,花蓮縣,花蓮市,國裕里,花蓮市一般行政區,否,否,248000.0,1995,合夥,Y,1,433212,管道工程
60246340,,閎彬企業行,花蓮縣花蓮市國裕里富裕十一街６３號１樓,花蓮縣,花蓮市,國裕里,花蓮市一般行政區,否,否,248000.0,2025,獨資,Y,1,434015,室內裝修工程
91154778,,鼎盛商號,花蓮縣花蓮市國裕里富裕十七街２號１樓,花蓮縣,花蓮市,國裕里,花蓮市一般行政區,否,否,200000.0,2021,獨資,N,0,472999,未分類其他食品、飲料及菸草製品零售
95210287,,安宜企業社,花蓮縣花蓮市國裕里富裕十七街２５號５樓之９,花蓮縣,花蓮市,國裕里,花蓮市一般行政區,否,否,248000.0,2025,獨資,Y,1,429099,未分類其他土木工程
34802752,,新開發工程行,花蓮縣花蓮市國裕里富裕十七街４號,花蓮縣,花蓮市,國裕里,花蓮市一般行政區,否,否,1100000.0,2010,獨資,Y,1,433112,電路工程
60246361,,海澤發水產,花蓮縣花蓮市國裕里富裕十七街４號１樓,花蓮縣,花蓮市,國裕里,花蓮市一般行政區,否,否,200000.0,2025,獨資,N,0,472311,水產品零售
60637971,,韋億企業有限公司,花蓮縣花蓮市國裕里富裕十七街４號１樓,花蓮縣,花蓮市,國裕里,花蓮市一般行政區,否,否,301000.0,2025,有限公司,Y,1,383099,其他資源物回收處理
95189019,,禾山民宿,花蓮縣花蓮市國裕里富裕十七街７號,花蓮縣,花蓮市,國裕里,花蓮市一般行政區,否,否,200000.0,2024,獨資,N,0,551013,民宿
85213399,,好事國際企業,花蓮縣花蓮市國裕里富裕十二街７號１樓,花蓮縣,花蓮市,國裕里,花蓮市一般行政區,否,否,228000.0,2019,獨資,Y,1,455999,未分類其他服飾品批發
50747073,,美妙養蜂場,花蓮縣花蓮市國裕里富裕十五街３１號２樓,花蓮縣,花蓮市,國裕里,花蓮市一般行政區,否,否,50000.0,2017,獨資,N,0,472934,蜂蜜零售
90070245,,秝榮實業有限公司,花蓮縣花蓮市國裕里富裕十五街４２號,花蓮縣,花蓮市,國裕里,花蓮市一般行政區,否,否,100000.0,2022,有限公司,Y,1,452000,綜合商品批發
92536212,,偉德塗料企業社,花蓮縣花蓮市國裕里富裕十五街５２號１樓,花蓮縣,花蓮市,國裕里,花蓮市一般行政區,否,否,245000.0,2023,獨資,Y,1,434012,油漆粉刷、壁飾（紙）黏貼工程
09882829,,弘偉水電行,花蓮縣花蓮市國裕里富裕十五街６―１號１樓,花蓮縣,花蓮市,國裕里,花蓮市一般行政區,否,否,350000.0,2007,獨資,Y,1,433111,水電工程
49772165,,閔元汽車商行,花蓮縣花蓮市國裕里富裕十六街４０號３樓之１,花蓮縣,花蓮市,國裕里,花蓮市一般行政區,否,否,50000.0,2017,獨資,N,0,484311,汽車零件、汽車百貨零售
93057040,,敏婕美容美體,花蓮縣花蓮市國裕里富裕十四街１號１樓,花蓮縣,花蓮市,國裕里,花蓮市一般行政區,否,否,50000.0,2024,獨資,N,0,962299,其他美容美體服務
42976678,,飛捷事務設備有限公司,花蓮縣花蓮市國裕里富裕十四街４６號１樓,花蓮縣,花蓮市,國裕里,花蓮市一般行政區,否,否,1000000.0,2018,有限公司,Y,1,464111,電腦及電腦週邊設備批發
91591953,,享和商行,花蓮縣花蓮市國裕里富裕十四街５號１樓,花蓮縣,花蓮市,國裕里,花蓮市一般行政區,否,否,200000.0,2022,獨資,N,0,962299,其他美容美體服務
91590384,,宏御農產行,花蓮縣花蓮市國裕里富裕十四街５４號１樓,花蓮縣,花蓮市,國裕里,花蓮市一般行政區,否,否,200000.0,2022,獨資,Y,1,454923,檳榔（青）批發
50747876,,良心電腦水電工作室,花蓮縣花蓮市國裕里富裕十四街７號,花蓮縣,花蓮市,國裕里,花蓮市一般行政區,否,否,249999.0,2018,獨資,N,0,952100,電腦及其週邊設備維修
22214435,,友正砂石有限公司,花蓮縣花蓮市國裕里富裕十街５０巷１７號,花蓮縣,花蓮市,國裕里,花蓮市一般行政區,否,否,12000000.0,1986,有限公司,Y,1,060099,未分類砂、石採取及其他礦業
16346486,,友砂預拌廠股份有限公司,花蓮縣花蓮市國裕里富裕十街５０巷１７號１樓,花蓮縣,花蓮市,國裕里,花蓮市一般行政區,否,否,20000000.0,1998,股份有限公司,Y,1,233200,預拌混凝土製造
45105710,,方嘉建設有限公司,花蓮縣花蓮市國裕里富裕十街５０巷１７號１樓,花蓮縣,花蓮市,國裕里,花蓮市一般行政區,否,否,15000000.0,2016,有限公司,Y,1,670012,不動產投資開發
82966228,,友正投資股份有限公司,花蓮縣花蓮市國裕里富裕十街５０巷１７號１樓,花蓮縣,花蓮市,國裕里,花蓮市一般行政區,否,否,26000000.0,2019,股份有限公司,Y,1,649911,投資有價證券
84805591,,友誠有限公司,花蓮縣花蓮市國裕里富裕十街５０巷１７號１樓,花蓮縣,花蓮市,國裕里,花蓮市一般行政區,否,否,30000000.0,1994,有限公司,Y,1,233200,預拌混凝土製造
82181824,,汎佶水電行,花蓮縣花蓮市國裕里富裕十街５０巷７號１樓,花蓮縣,花蓮市,國裕里,花蓮市一般行政區,否,否,2000000.0,2019,獨資,Y,1,433111,水電工程
41007560,,晉邦企業社,花蓮縣花蓮市國裕里富裕十街５３巷１號１樓,花蓮縣,花蓮市,國裕里,花蓮市一般行政區,否,否,249000.0,2014,獨資,Y,1,439014,起重工程
93055964,,輝建工程行,花蓮縣花蓮市國裕里富裕十街５３巷１０號１樓,花蓮縣,花蓮市,國裕里,花蓮市一般行政區,否,否,200000.0,2024,獨資,Y,1,439012,模板工程
89386457,,長富營造有限公司,花蓮縣花蓮市國裕里富裕十街５３巷１１號１樓,花蓮縣,花蓮市,國裕里,花蓮市一般行政區,否,否,275000000.0,1995,有限公司,Y,1,429099,未分類其他土木工程
90297926,,欣浩美開發有限公司,花蓮縣花蓮市國裕里富陽路４６號１樓,花蓮縣,花蓮市,國裕里,花蓮市一般行政區,否,否,1500000.0,2022,有限公司,Y,1,681211,不動產仲介
61456907,,築悦工程行,花蓮縣花蓮市國裕里富陽路７５號１樓,花蓮縣,花蓮市,國裕里,花蓮市一般行政區,否,否,200000.0,2026,獨資,Y,1,429099,未分類其他土木工程
87352614,,長弘企業社,花蓮縣花蓮市國裕里富陽路７５號１樓,花蓮縣,花蓮市,國裕里,花蓮市一般行政區,否,否,50000.0,2021,獨資,N,0,485111,切花、盆栽零售
91598442,,郁成工程行,花蓮縣花蓮市國裕里富陽路７５號１樓,花蓮縣,花蓮市,國裕里,花蓮市一般行政區,否,否,200000.0,2023,獨資,Y,1,410099,其他建築工程
92538210,,暐風工程行,花蓮縣花蓮市國裕里富陽路７５號１樓,花蓮縣,花蓮市,國裕里,花蓮市一般行政區,否,否,1000000.0,2023,獨資,Y,1,429099,未分類其他土木工程
94155630,,九江機械工程有限公司,花蓮縣花蓮市國裕里富陽路７５號１樓,花蓮縣,花蓮市,國裕里,花蓮市一般行政區,否,否,450000.0,2023,有限公司,Y,1,439099,未分類其他專門營造
90425582,,立馥開發建設有限公司,花蓮縣花蓮市國裕里富陽路９３號１樓,花蓮縣,花蓮市,國裕里,花蓮市一般行政區,否,否,6000000.0,2021,有限公司,Y,1,681111,自有不動產買賣
91387586,,富裕一街停車場,花蓮縣花蓮市國裕里裕民段５３３、５３４地號,花蓮縣,花蓮市,國裕里,花蓮市一般行政區,否,否,120000.0,2021,獨資,N,0,524100,停車場管理
85206475,,康巧興企業商行,花蓮縣花蓮市國裕里裕民路１２７號１樓,花蓮縣,花蓮市,國裕里,花蓮市一般行政區,否,否,238888.0,2019,獨資,Y,1,472999,未分類其他食品、飲料及菸草製品零售
90548141,53520016,兆基屋管股份有限公司花蓮分公司,花蓮縣花蓮市國裕里裕民路１３５號,花蓮縣,花蓮市,國裕里,花蓮市一般行政區,否,否,0.0,2022,本國公司設立之分公司,Y,1,434011,室內裝潢工程
94741674,,國順工程有限公司,花蓮縣花蓮市國裕里裕民路４１號１樓,花蓮縣,花蓮市,國裕里,花蓮市一般行政區,否,否,10000000.0,1978,有限公司,Y,1,433211,冷凍、通風、空調系統裝修工程
09808928,,揚軒書局,花蓮縣花蓮市國裕里裕民路７３號１樓,花蓮縣,花蓮市,國裕里,花蓮市一般行政區,否,否,1000000.0,2007,獨資,Y,1,476112,書籍、雜誌零售
95211808,,麥麥號,花蓮縣花蓮市國裕里裕民路８１號１樓,花蓮縣,花蓮市,國裕里,花蓮市一般行政區,否,否,80000.0,2025,獨資,N,0,487114,經營網路購物（食品、飲料類商品）
95214684,,晶想汽車旅館,花蓮縣花蓮市國裕里裕民路８９號,花蓮縣,花蓮市,國裕里,花蓮市一般行政區,否,否,200000.0,2025,獨資,Y,1,551012,旅館
09618390,,廣運商行,花蓮縣花蓮市國裕里裕民路８９號１樓,花蓮縣,花蓮市,國裕里,花蓮市一般行政區,否,否,200000.0,2006,獨資,Y,1,454999,未分類其他食品批發
91588900,,三鼎土木包工業,花蓮縣花蓮市國裕里裕祥路１０號,花蓮縣,花蓮市,國裕里,花蓮市一般行政區,否,否,1000000.0,2022,獨資,Y,1,429099,未分類其他土木工程
50740000,,玩創藝樹行,花蓮縣花蓮市國裕里裕祥路１０９號１樓,花蓮縣,花蓮市,國裕里,花蓮市一般行政區,否,否,200000.0,2017,獨資,Y,1,432000,庭園景觀工程
13973890,,大大工程行,花蓮縣花蓮市國裕里裕祥路１１５巷１號１樓,花蓮縣,花蓮市,國裕里,花蓮市一般行政區,否,否,200000.0,2002,獨資,Y,1,434013,房屋設備安裝工程
53372633,,源進交通有限公司,花蓮縣花蓮市國裕里裕祥路１２號１樓,花蓮縣,花蓮市,國裕里,花蓮市一般行政區,否,否,25000000.0,2011,有限公司,Y,1,494099,其他汽車貨運
64129306,,富濠汽車貨運行,花蓮縣花蓮市國裕里裕祥路１２號１樓,花蓮縣,花蓮市,國裕里,花蓮市一般行政區,否,否,9000000.0,1973,獨資,Y,1,494099,其他汽車貨運
97001954,,承東通運有限公司,花蓮縣花蓮市國裕里裕祥路１２號１樓,花蓮縣,花蓮市,國裕里,花蓮市一般行政區,否,否,25000000.0,1996,有限公司,Y,1,494099,其他汽車貨運
95209922,,曜日企業行,花蓮縣花蓮市國裕里裕祥路１４７號１樓,花蓮縣,花蓮市,國裕里,花蓮市一般行政區,否,否,200000.0,2025,獨資,Y,1,782000,人力供應
60250548,,晉安中藥行,花蓮縣花蓮市國裕里裕祥路１６號１樓,花蓮縣,花蓮市,國裕里,花蓮市一般行政區,否,否,5000.0,2026,獨資,N,0,475111,中藥零售
23100945,,合德探勘有限公司,花蓮縣花蓮市國裕里裕祥路５０號１樓,花蓮縣,花蓮市,國裕里,花蓮市一般行政區,否,否,6000000.0,1989,有限公司,Y,1,060016,金屬礦採取
97344255,,歡樂廣播事業股份有限公司,花蓮縣花蓮市國裕里裕祥路８號１樓,花蓮縣,花蓮市,國裕里,花蓮市一般行政區,否,否,30000000.0,2000,股份有限公司,Y,1,601011,廣播電台經營
91152390,,吐司坊現做吐司專賣店,花蓮縣花蓮市國裕里００２鄰中山路７０６號１樓,花蓮縣,花蓮市,國裕里,花蓮市一般行政區,否,否,100000.0,2021,獨資,N,0,561111,早餐店
95210174,,後站全家夾娃娃機,花蓮縣花蓮市國裕里００３鄰富強路２之１號,花蓮縣,花蓮市,國裕里,花蓮市一般行政區,否,否,200000.0,2025,獨資,N,0,932414,夾娃娃機店
85208109,,饕寶早午餐,花蓮縣花蓮市國裕里００４鄰富強路３１號１樓,花蓮縣,花蓮市,國裕里,花蓮市一般行政區,否,否,5000.0,2019,獨資,N,0,561111,早餐店
13961212,,臻虹行,花蓮縣花蓮市國裕里００４鄰富裕十七街７－１號１樓,花蓮縣,花蓮市,國裕里,花蓮市一般行政區,否,否,200000.0,2001,獨資,N,0,920011,彩券銷售
91589318,,山羊青旅民宿,花蓮縣花蓮市國裕里００４鄰富裕十六街６０號,花蓮縣,花蓮市,國裕里,花蓮市一般行政區,否,否,200000.0,2022,獨資,N,0,551013,民宿
91670605,,日日巧企業社,花蓮縣花蓮市國裕里００５鄰富裕十六街３３號７樓,花蓮縣,花蓮市,國裕里,花蓮市一般行政區,否,否,200000.0,2022,獨資,Y,1,471114,加盟連鎖式便利商店（無商品進、銷貨行為）
92639147,,日日鑫企業社,花蓮縣花蓮市國裕里００５鄰富裕十六街３３號７樓,花蓮縣,花蓮市,國裕里,花蓮市一般行政區,否,否,200000.0,2023,獨資,Y,1,471114,加盟連鎖式便利商店（無商品進、銷貨行為）
37998815,,百邑商行,花蓮縣花蓮市國裕里００５鄰富裕十六街４７號５樓之２,花蓮縣,花蓮市,國裕里,花蓮市一般行政區,否,否,200000.0,2014,獨資,Y,1,471114,加盟連鎖式便利商店（無商品進、銷貨行為）
85211625,,吃粗飽早餐店,花蓮縣花蓮市國裕里００６鄰富吉路１０６號１樓,花蓮縣,花蓮市,國裕里,花蓮市一般行政區,否,否,100000.0,2020,獨資,N,0,561111,早餐店
62240173,,愛麗絲租賃住宅服務有限公司,花蓮縣花蓮市國裕里００６鄰富裕一街１６９號八樓之３,花蓮縣,花蓮市,國裕里,花蓮市一般行政區,否,否,500000.0,2026,有限公司,Y,1,681115,租賃住宅包租
96570801,,花東交通工程有限公司,花蓮縣花蓮市國裕里００６鄰富裕一街１６９號四樓之２,花蓮縣,花蓮市,國裕里,花蓮市一般行政區,否,否,1800000.0,2025,有限公司,Y,1,421000,道路工程
42980414,,亞磐企業有限公司,花蓮縣花蓮市國裕里００６鄰富裕一街１７１號２樓、３樓,花蓮縣,花蓮市,國裕里,花蓮市一般行政區,否,否,500000.0,2018,有限公司,Y,1,931219,健身中心
92640876,,金小萬早餐店,花蓮縣花蓮市國裕里００８鄰富吉路４９號,花蓮縣,花蓮市,國裕里,花蓮市一般行政區,否,否,100000.0,2023,獨資,N,0,561113,麵店、小吃店
50745259,,非比美容坊,花蓮縣花蓮市國裕里００８鄰富吉路５１―１號１樓,花蓮縣,花蓮市,國裕里,花蓮市一般行政區,否,否,150000.0,2017,獨資,N,0,969015,推拿按摩服務
60250890,,永旭餐飲,花蓮縣花蓮市國裕里００８鄰富吉路５１號１樓,花蓮縣,花蓮市,國裕里,花蓮市一般行政區,否,否,60000.0,2026,獨資,N,0,561200,餐食攤販
85207360,,黃小魚工作室,花蓮縣花蓮市國裕里００８鄰富裕六街１６號５樓之１,花蓮縣,花蓮市,國裕里,花蓮市一般行政區,否,否,3000.0,2019,獨資,N,0,475299,其他化粧品零售
91153285,,立久企業社,花蓮縣花蓮市國裕里００８鄰富裕六街１８號６樓之５,花蓮縣,花蓮市,國裕里,花蓮市一般行政區,否,否,240000.0,2021,獨資,Y,1,431014,檔土支撐及土方挖填工程
84248322,,統冠聯合超商股份有限公司,花蓮縣花蓮市國裕里０１０鄰富安路１５號,花蓮縣,花蓮市,國裕里,花蓮市一般行政區,否,否,28000000.0,1993,股份有限公司,Y,1,471916,超級市場
96802443,,樂單車有限公司,花蓮縣花蓮市國裕里０１０鄰富安路５１號,花蓮縣,花蓮市,國裕里,花蓮市一般行政區,否,否,2550000.0,2024,有限公司,Y,1,465211,全新機車批發
62104178,,耐力移動股份有限公司,花蓮縣花蓮市國裕里０１０鄰富裕三街３６－１號,花蓮縣,花蓮市,國裕里,花蓮市一般行政區,否,否,8000000.0,2026,股份有限公司,Y,1,931999,未分類其他運動服務
30203376,,長城國際健康管理實業,花蓮縣花蓮市國裕里０１２鄰富安路５２－１號,花蓮縣,花蓮市,國裕里,花蓮市一般行政區,否,否,200000.0,2009,獨資,Y,1,472932,飲用淨水零售
87353135,,新瑞芊商行,花蓮縣花蓮市國裕里０１２鄰富裕二街２２９號１樓,花蓮縣,花蓮市,國裕里,花蓮市一般行政區,否,否,100000.0,2021,獨資,N,0,487199,其他電子購物及郵購
08146464,07524729,國營臺灣鐵路股份有限公司花蓮電務段,花蓮縣花蓮市國裕里０１２鄰富裕二街３０―１號,花蓮縣,花蓮市,國裕里,花蓮市一般行政區,否,否,0.0,2024,其他,Y,1,340015,電力機械器材及設備維修及安裝
60638036,89589328,統一生活事業股份有限公司花蓮縣第六分公司,花蓮縣花蓮市國裕里０１３鄰富吉路２―２號、２－３號,花蓮縣,花蓮市,國裕里,花蓮市一般行政區,否,否,0.0,2025,本國公司設立之分公司,Y,1,471112,直營連鎖式便利商店
87344571,,百馥商行,花蓮縣花蓮市國裕里０１３鄰富裕二街８１號１樓,花蓮縣,花蓮市,國裕里,花蓮市一般行政區,否,否,100000.0,2020,合夥,Y,1,563115,手搖飲店
82183772,,龍鼎商行,花蓮縣花蓮市國裕里０１５鄰富安路９７號６樓之７,花蓮縣,花蓮市,國裕里,花蓮市一般行政區,否,否,50000.0,2019,獨資,N,0,472311,水產品零售
70971886,,松禾行,花蓮縣花蓮市國裕里０１５鄰富安路９９號１樓,花蓮縣,花蓮市,國裕里,花蓮市一般行政區,否,否,500000.0,2000,獨資,Y,1,481014,居家修繕用品零售
27490368,,鉅隆事務儀器有限公司,花蓮縣花蓮市國裕里０１６鄰富裕八街２０號１樓,花蓮縣,花蓮市,國裕里,花蓮市一般行政區,否,否,1500000.0,2004,有限公司,Y,1,464499,其他辦公用機械器具批發
42743433,,東達冷氣有限公司,花蓮縣花蓮市國裕里０１７鄰富吉路４２號１樓,花蓮縣,花蓮市,國裕里,花蓮市一般行政區,否,否,200000.0,2015,有限公司,Y,1,433211,冷凍、通風、空調系統裝修工程
50744300,,哞哞牛肉麵,花蓮縣花蓮市國裕里０１７鄰富吉路５６號１樓,花蓮縣,花蓮市,國裕里,花蓮市一般行政區,否,否,200000.0,2017,獨資,N,0,561115,餐廳
60318456,,喜埊而座永續生活股份有限公司,花蓮縣花蓮市國裕里０１７鄰富吉路５８―５號,花蓮縣,花蓮市,國裕里,花蓮市一般行政區,否,否,2000000.0,2026,股份有限公司,Y,1,702099,其他管理顧問
92537768,,木夥土農創實業社,花蓮縣花蓮市國裕里０１７鄰富吉路５８―５號,花蓮縣,花蓮市,國裕里,花蓮市一般行政區,否,否,230000.0,2023,獨資,Y,1,472999,未分類其他食品、飲料及菸草製品零售
61455647,,在地植人工作室,花蓮縣花蓮市國裕里０１７鄰富吉路５８―５號１樓,花蓮縣,花蓮市,國裕里,花蓮市一般行政區,否,否,50000.0,2026,獨資,N,0,561113,麵店、小吃店
93578695,,洄音創意有限公司,花蓮縣花蓮市國裕里０１７鄰富吉路５８之５號,花蓮縣,花蓮市,國裕里,花蓮市一般行政區,否,否,900000.0,2024,有限公司,Y,1,474199,其他家用電器零售
91592475,,美立仁生工作室,花蓮縣花蓮市國裕里０１８鄰富安路１１０號１樓,花蓮縣,花蓮市,國裕里,花蓮市一般行政區,否,否,100000.0,2022,獨資,Y,1,903099,其他創作及藝術表演輔助服務
82182485,,富安壹壹零餐館,花蓮縣花蓮市國裕里０１８鄰富安路１１０號２樓,花蓮縣,花蓮市,國裕里,花蓮市一般行政區,否,否,100000.0,2019,獨資,N,0,561115,餐廳
87430718,,向日葵民宿,花蓮縣花蓮市國裕里０１８鄰富陽路１２號,花蓮縣,花蓮市,國裕里,花蓮市一般行政區,否,否,220000.0,2020,獨資,N,0,551013,民宿
87366645,,新京站民宿,花蓮縣花蓮市國裕里０１８鄰富陽路１６號,花蓮縣,花蓮市,國裕里,花蓮市一般行政區,否,否,50000.0,2020,獨資,N,0,551013,民宿
50641901,,康迎民宿,花蓮縣花蓮市國裕里０１８鄰富陽路１６－１號,花蓮縣,花蓮市,國裕里,花蓮市一般行政區,否,否,200000.0,1961,獨資,N,0,551013,民宿
16526993,,金華聯遊覽車客運股份有限公司,花蓮縣花蓮市國裕里０１８鄰富陽路１８號,花蓮縣,花蓮市,國裕里,花蓮市一般行政區,否,否,30000000.0,1998,股份有限公司,Y,1,493911,附駕駛之小客車租賃
97275356,,華聯遊覽車客運股份有限公司,花蓮縣花蓮市國裕里０１８鄰富陽路１８號,花蓮縣,花蓮市,國裕里,花蓮市一般行政區,否,否,60000000.0,1997,股份有限公司,Y,1,493912,遊覽車客運
27331101,22744188,明利旅行社有限公司花蓮分公司,花蓮縣花蓮市國裕里０１８鄰富陽路２０號１樓,花蓮縣,花蓮市,國裕里,花蓮市一般行政區,否,否,0.0,2004,本國公司設立之分公司,Y,1,790011,旅行業
24891951,,金廷旅行社有限公司,花蓮縣花蓮市國裕里０１８鄰富陽路２０號２樓,花蓮縣,花蓮市,國裕里,花蓮市一般行政區,否,否,6000000.0,2015,有限公司,Y,1,790011,旅行業
24882284,,程信人力仲介有限公司,花蓮縣花蓮市國裕里０１９鄰富安路１５１號１樓,花蓮縣,花蓮市,國裕里,花蓮市一般行政區,否,否,5000000.0,2015,有限公司,Y,1,781011,移工仲介
91154221,,阿蜜斯活力早午餐,花蓮縣花蓮市國裕里０１９鄰富安路１５３號１樓,花蓮縣,花蓮市,國裕里,花蓮市一般行政區,否,否,100000.0,2021,獨資,N,0,561111,早餐店
76964927,,草莊人麵包店,花蓮縣花蓮市國裕里０１９鄰富裕十一街３５號１樓,花蓮縣,花蓮市,國裕里,花蓮市一般行政區,否,否,5000.0,1991,獨資,Y,1,472922,西點麵包零售
62170681,,湘昀石材有限公司,花蓮縣花蓮市國裕里０２０鄰富陽路３８號八樓之２,花蓮縣,花蓮市,國裕里,花蓮市一般行政區,否,否,3000000.0,2026,有限公司,Y,1,461311,貼面石材批發
00170887,,諺居租賃住宅包租代管有限公司,花蓮縣花蓮市國裕里０２０鄰富陽路４６號１樓,花蓮縣,花蓮市,國裕里,花蓮市一般行政區,否,否,100000.0,2024,有限公司,Y,1,689113,租賃住宅代管
91886458,,印象花蓮民宿,花蓮縣花蓮市國裕里０２１鄰富裕五街１０５號,花蓮縣,花蓮市,國裕里,花蓮市一般行政區,否,否,50000.0,2022,獨資,N,0,551013,民宿
67931165,,陽光行,花蓮縣花蓮市國裕里０２１鄰富裕五街８１號１樓,花蓮縣,花蓮市,國裕里,花蓮市一般行政區,否,否,3000.0,1998,獨資,N,0,772911,機車出租
41467178,,十一街早餐店,花蓮縣花蓮市國裕里０２１鄰富裕十一街６１號１樓,花蓮縣,花蓮市,國裕里,花蓮市一般行政區,否,否,3000.0,2016,獨資,N,0,561111,早餐店
60647979,,愷盛生技有限公司,花蓮縣花蓮市國裕里０２１鄰富陽路５２號五樓之１,花蓮縣,花蓮市,國裕里,花蓮市一般行政區,否,否,1000000.0,2025,有限公司,Y,1,457113,醫療耗材批發
61457053,,婕莉安美學,花蓮縣花蓮市國裕里０２４鄰中央路四段６８號１樓,花蓮縣,花蓮市,國裕里,花蓮市一般行政區,否,否,100000.0,2026,獨資,N,0,962299,其他美容美體服務
82176322,,曉暮平安企業社,花蓮縣花蓮市國裕里０２４鄰中央路四段８６號,花蓮縣,花蓮市,國裕里,花蓮市一般行政區,否,否,50000.0,2018,獨資,N,0,681112,自有不動產租賃
53984275,,安居房屋租賃買賣有限公司,花蓮縣花蓮市國裕里０２４鄰中央路四段９２號,花蓮縣,花蓮市,國裕里,花蓮市一般行政區,否,否,2000000.0,2012,有限公司,Y,1,681113,不動產轉租賃
93051664,,鳴鑫企業社,花蓮縣花蓮市國裕里０２４鄰中央路四段９２號,花蓮縣,花蓮市,國裕里,花蓮市一般行政區,否,否,100000.0,2024,獨資,Y,1,471114,加盟連鎖式便利商店（無商品進、銷貨行為）
00121205,,勛冠光電能源有限公司,花蓮縣花蓮市國裕里０２４鄰富強路１１９號,花蓮縣,花蓮市,國裕里,花蓮市一般行政區,否,否,880000.0,2024,有限公司,Y,1,433199,其他機電、電信及電路設備安裝
94076811,,舒漾健康管理顧問有限公司,花蓮縣花蓮市國裕里０２４鄰富強路１２１號１樓,花蓮縣,花蓮市,國裕里,花蓮市一般行政區,否,否,200000.0,2023,有限公司,Y,1,454999,未分類其他食品批發
54219428,,八號倉石材股份有限公司,花蓮縣花蓮市國裕里０２４鄰富裕十五街６６號１樓,花蓮縣,花蓮市,國裕里,花蓮市一般行政區,否,否,5000000.0,2013,股份有限公司,Y,1,461311,貼面石材批發
97418853,,通佑工程有限公司,花蓮縣花蓮市國裕里０２４鄰富裕十五街７０號１樓,花蓮縣,花蓮市,國裕里,花蓮市一般行政區,否,否,3000000.0,1997,有限公司,Y,1,433111,水電工程
95214869,,底波拉企業社,花蓮縣花蓮市國裕里０２４鄰富裕十六街３６之２號１樓,花蓮縣,花蓮市,國裕里,花蓮市一般行政區,否,否,200000.0,2025,獨資,Y,1,487212,多層次傳銷（商品銷貨收入）
91159181,,美亮企業社,花蓮縣花蓮市國裕里０２４鄰富裕十街５３巷２２號１樓,花蓮縣,花蓮市,國裕里,花蓮市一般行政區,否,否,100000.0,2022,獨資,Y,1,812100,建築物一般清潔服務
93797262,,甄紘有限公司,花蓮縣花蓮市國裕里０２６鄰中央路四段２７８號１樓,花蓮縣,花蓮市,國裕里,花蓮市一般行政區,否,否,100000.0,2023,有限公司,Y,1,454999,未分類其他食品批發
61464723,,富安路加水站,花蓮縣花蓮市國裕里０２８鄰富安路１４０號,花蓮縣,花蓮市,國裕里,花蓮市一般行政區,否,否,5000.0,2026,獨資,N,0,472937,飲用淨水零售（自助加水站）
84081358,,緯安消防設備有限公司,花蓮縣花蓮市國裕里０２８鄰富安路１５２－１號１樓,花蓮縣,花蓮市,國裕里,花蓮市一般行政區,否,否,3000000.0,1992,有限公司,Y,1,464913,消防設備批發
91589751,,易和創意行銷企業,花蓮縣花蓮市國裕里０３０鄰富裕十三街６號１樓,花蓮縣,花蓮市,國裕里,花蓮市一般行政區,否,否,246000.0,2022,獨資,Y,1,740912,商業設計
92639049,,明澄工程行,花蓮縣花蓮市國裕里０３０鄰富裕十三街６號１樓,花蓮縣,花蓮市,國裕里,花蓮市一般行政區,否,否,246000.0,2023,獨資,Y,1,433111,水電工程
41007409,,金億企業社,花蓮縣花蓮市國裕里０３１鄰富裕十三街３３號１樓,花蓮縣,花蓮市,國裕里,花蓮市一般行政區,否,否,200000.0,2014,獨資,Y,1,471114,加盟連鎖式便利商店（無商品進、銷貨行為）
37994276,,夏日泳訓企業,花蓮縣花蓮市國裕里０３５鄰裕民路１１５巷１號１樓,花蓮縣,花蓮市,國裕里,花蓮市一般行政區,否,否,50000.0,2013,獨資,N,0,931218,游泳池
91591877,,佺能電機工程,花蓮縣花蓮市國裕里０３５鄰裕民路１１７號,花蓮縣,花蓮市,國裕里,花蓮市一般行政區,否,否,248000.0,2022,獨資,Y,1,433112,電路工程
82182295,,永樂工作室,花蓮縣花蓮市國裕里０４８鄰富安路１６號１樓,花蓮縣,花蓮市,國裕里,花蓮市一般行政區,否,否,100000.0,2019,獨資,N,0,962299,其他美容美體服務
10036631,,中山冷飲站,花蓮縣花蓮市國裕里０４９鄰中山路５６８號１樓,花蓮縣,花蓮市,國裕里,花蓮市一般行政區,否,否,45000.0,2007,獨資,Y,1,563115,手搖飲店
93051215,,宸欣食蘊素食店,花蓮縣花蓮市國裕里０４９鄰中山路５７４號１樓,花蓮縣,花蓮市,國裕里,花蓮市一般行政區,否,否,1000000.0,2024,獨資,N,0,561113,麵店、小吃店
82176131,,晨星髮廊,花蓮縣花蓮市國裕里０４９鄰中山路５９０號１樓,花蓮縣,花蓮市,國裕里,花蓮市一般行政區,否,否,100000.0,2018,獨資,N,0,962111,美髮院及髮廊
30209673,,西施水果,花蓮縣花蓮市國裕里０４９鄰中山路６５４―２號１樓,花蓮縣,花蓮市,國裕里,花蓮市一般行政區,否,否,200000.0,2010,獨資,N,0,472112,水果零售
95211618,,歐克職人清潔,花蓮縣花蓮市國裕里０４９鄰中山路６５４之２號１樓,花蓮縣,花蓮市,國裕里,花蓮市一般行政區,否,否,50000.0,2025,獨資,Y,1,812999,未分類其他清潔服務
91928534,,榮桂商行,花蓮縣花蓮市國裕里０４９鄰中山路６５４號１樓,花蓮縣,花蓮市,國裕里,花蓮市一般行政區,否,否,66000.0,2022,獨資,N,0,561113,麵店、小吃店
72878324,,榛榛豆腐店仔,花蓮縣花蓮市國裕里０４９鄰中山路６５６號１樓,花蓮縣,花蓮市,國裕里,花蓮市一般行政區,否,否,48000.0,2018,獨資,N,0,561113,麵店、小吃店
20064620,,芳林花卉,花蓮縣花蓮市國裕里０４９鄰中山路６６０號１樓,花蓮縣,花蓮市,國裕里,花蓮市一般行政區,否,否,5000.0,1997,獨資,N,0,453211,切花、盆栽批發
91155039,,阮氏小吃店,花蓮縣花蓮市國裕里０４９鄰中山路６８０號１樓,花蓮縣,花蓮市,國裕里,花蓮市一般行政區,否,否,50000.0,2021,獨資,N,0,561113,麵店、小吃店
41127185,,羅家永和豆漿,花蓮縣花蓮市國裕里０４９鄰中山路６８４號１樓,花蓮縣,花蓮市,國裕里,花蓮市一般行政區,否,否,100000.0,2014,獨資,N,0,561111,早餐店
41007317,,魯哇克企業社,花蓮縣花蓮市國裕里０４９鄰中山路６９０號１樓,花蓮縣,花蓮市,國裕里,花蓮市一般行政區,否,否,100000.0,2014,獨資,N,0,563115,手搖飲店
37997344,,星盈茶行,花蓮縣花蓮市國裕里０４９鄰中山路７００號,花蓮縣,花蓮市,國裕里,花蓮市一般行政區,否,否,200000.0,2013,獨資,Y,1,563199,其他飲料店
95082993,,許傳飯包,花蓮縣花蓮市國裕里０４９鄰中山路７０４號,花蓮縣,花蓮市,國裕里,花蓮市一般行政區,否,否,50000.0,2024,獨資,N,0,561113,麵店、小吃店
34917966,,明廉素食早點,花蓮縣花蓮市國裕里０４９鄰中山路７１６號,花蓮縣,花蓮市,國裕里,花蓮市一般行政區,否,否,50000.0,2010,獨資,N,0,561111,早餐店
91593143,,饗東餐飲,花蓮縣花蓮市國裕里０４９鄰中山路７２０號１樓,花蓮縣,花蓮市,國裕里,花蓮市一般行政區,否,否,240000.0,2022,合夥,N,0,562011,外燴（辦桌）承包
61457130,,鵝八八小吃店,花蓮縣花蓮市國裕里０４９鄰中山路７２２―１號１樓,花蓮縣,花蓮市,國裕里,花蓮市一般行政區,否,否,150000.0,2026,獨資,N,0,561113,麵店、小吃店
50742078,,富吉餐坊,花蓮縣花蓮市國裕里０５０鄰富吉路９７號１樓,花蓮縣,花蓮市,國裕里,花蓮市一般行政區,否,否,200000.0,2017,獨資,N,0,561111,早餐店
87428157,27249877,台固媒體股份有限公司花蓮營運處,花蓮縣花蓮市國裕里０５０鄰富吉路９９號１樓,花蓮縣,花蓮市,國裕里,花蓮市一般行政區,否,否,0.0,2020,其他,Y,1,610112,有線通信服務
50637673,,剃頭毛百元剪髮,花蓮縣花蓮市國裕里０５０鄰富安路１１號１樓,花蓮縣,花蓮市,國裕里,花蓮市一般行政區,否,否,10000.0,2016,獨資,N,0,962112,理髮店
82177075,,富安環保科技,花蓮縣花蓮市國裕里０５０鄰富安路９號１樓,花蓮縣,花蓮市,國裕里,花蓮市一般行政區,否,否,200000.0,2018,獨資,Y,1,469112,廢五金批發
82177379,,菘合禮儀社,花蓮縣花蓮市國裕里０５０鄰富強路２０號１樓,花蓮縣,花蓮市,國裕里,花蓮市一般行政區,否,否,200000.0,2018,獨資,Y,1,963015,殯葬禮儀服務
37920084,,豐茂土木包工業,花蓮縣花蓮市國裕里０５０鄰富強路２２號３樓之１,花蓮縣,花蓮市,國裕里,花蓮市一般行政區,否,否,1800000.0,2012,獨資,Y,1,429099,未分類其他土木工程
50589953,,炎龍工程行,花蓮縣花蓮市國裕里０５０鄰富強路２２號３樓之１,花蓮縣,花蓮市,國裕里,花蓮市一般行政區,否,否,200000.0,2016,獨資,Y,1,433212,管道工程
82180655,,國龍工程行,花蓮縣花蓮市國裕里０５０鄰富強路２２號３樓之１,花蓮縣,花蓮市,國裕里,花蓮市一般行政區,否,否,248000.0,2019,獨資,Y,1,429099,未分類其他土木工程
56623606,,泰源自動化有限公司,花蓮縣花蓮市國裕里０５０鄰富強路２２號４樓之１,花蓮縣,花蓮市,國裕里,花蓮市一般行政區,否,否,2000000.0,2017,有限公司,Y,1,433199,其他機電、電信及電路設備安裝
49988307,,詠賀土木包工業,花蓮縣花蓮市國裕里０５０鄰富強路２２號５樓之１,花蓮縣,花蓮市,國裕里,花蓮市一般行政區,否,否,1000000.0,2005,獨資,Y,1,429099,未分類其他土木工程
95211265,,野海熊戶外工作室,花蓮縣花蓮市國裕里０５０鄰富裕一街１０３號１樓,花蓮縣,花蓮市,國裕里,花蓮市一般行政區,否,否,10000.0,2025,獨資,N,0,931912,水域運動服務
83214339,,循創有限公司,花蓮縣花蓮市國裕里０５１鄰中央路四段１０號１樓,花蓮縣,花蓮市,國裕里,花蓮市一般行政區,否,否,12000000.0,2021,有限公司,Y,1,462011,肥料批發
50631713,,葉珍小吃,花蓮縣花蓮市國裕里０５１鄰中山路７１０號、７１２號１樓,花蓮縣,花蓮市,國裕里,花蓮市一般行政區,否,否,100000.0,2016,獨資,N,0,561113,麵店、小吃店
91152639,,新聯企業社,花蓮縣花蓮市國裕里０５１鄰中山路７２４巷１２號１樓,花蓮縣,花蓮市,國裕里,花蓮市一般行政區,否,否,240000.0,2021,合夥,N,0,474999,未分類其他家用器具及用品零售
49747737,,勤義企業社,花蓮縣花蓮市國裕里０５１鄰中山路７２４巷２號１樓,花蓮縣,花蓮市,國裕里,花蓮市一般行政區,否,否,100000.0,2016,獨資,Y,1,433211,冷凍、通風、空調系統裝修工程
26115225,86649006,杏一醫療用品股份有限公司花蓮慈濟門市部,花蓮縣花蓮市國裕里０５１鄰中山路７３８號、７４２號１樓,花蓮縣,花蓮市,國裕里,花蓮市一般行政區,否,否,0.0,2009,其他,Y,1,475113,醫療耗材零售
72850536,,食速列車小吃,花蓮縣花蓮市國裕里０５１鄰富強路１５號１樓,花蓮縣,花蓮市,國裕里,花蓮市一般行政區,否,否,50000.0,2018,獨資,Y,1,561113,麵店、小吃店
87380652,,文又禾脆皮法國麵包專賣,花蓮縣花蓮市國裕里０５１鄰富強路２３號１樓,花蓮縣,花蓮市,國裕里,花蓮市一般行政區,否,否,200000.0,2020,獨資,N,0,472929,餐盒零售
91590949,,威特企業社,花蓮縣花蓮市國裕里０５１鄰富強路７號１樓,花蓮縣,花蓮市,國裕里,花蓮市一般行政區,否,否,50000.0,2022,獨資,N,0,561115,餐廳
40987215,,康榮居家護理所,花蓮縣花蓮市國裕里０５２鄰富強路６１號１樓,花蓮縣,花蓮市,國裕里,花蓮市一般行政區,否,否,50000.0,2014,獨資,N,0,475113,醫療耗材零售
40978807,,真愛居家護理所,花蓮縣花蓮市國裕里０５２鄰富強路６３號１樓,花蓮縣,花蓮市,國裕里,花蓮市一般行政區,否,否,10000.0,2014,獨資,N,0,475113,醫療耗材零售
85210793,,秀吉商行,花蓮縣花蓮市國裕里０５３鄰富吉路１００號１樓,花蓮縣,花蓮市,國裕里,花蓮市一般行政區,否,否,180000.0,2019,獨資,N,0,563115,手搖飲店
72753083,,童話森林Ｂ＆Ｂ,花蓮縣花蓮市國裕里０５３鄰富吉路１００號２及３樓,花蓮縣,花蓮市,國裕里,花蓮市一般行政區,否,否,300000.0,2017,獨資,N,0,559099,未分類其他住宿
72618524,,綺麗小舖,花蓮縣花蓮市國裕里０５３鄰富吉路１０２號１樓,花蓮縣,花蓮市,國裕里,花蓮市一般行政區,否,否,5000.0,2017,獨資,N,0,962211,美甲美睫服務
92535608,,在地工作室,花蓮縣花蓮市國裕里０５３鄰富吉路８８號１樓,花蓮縣,花蓮市,國裕里,花蓮市一般行政區,否,否,200000.0,2023,獨資,N,0,483111,電腦及電腦週邊設備零售
93057858,,楷恒小吃,花蓮縣花蓮市國裕里０５３鄰富吉路９０號１樓,花蓮縣,花蓮市,國裕里,花蓮市一般行政區,否,否,100000.0,2024,獨資,N,0,561113,麵店、小吃店
95082712,,童話森林民宿,花蓮縣花蓮市國裕里０５３鄰富吉路９８號,花蓮縣,花蓮市,國裕里,花蓮市一般行政區,否,否,80000.0,2024,獨資,N,0,551013,民宿
91149255,,泉源地小吃,花蓮縣花蓮市國裕里０５３鄰富強路３４號,花蓮縣,花蓮市,國裕里,花蓮市一般行政區,否,否,50000.0,2021,獨資,N,0,561113,麵店、小吃店
85205412,,明今活海鮮,花蓮縣花蓮市國裕里０５３鄰富強路４６號１樓,花蓮縣,花蓮市,國裕里,花蓮市一般行政區,否,否,200000.0,2019,獨資,N,0,561113,麵店、小吃店
37997978,,我家企業社,花蓮縣花蓮市國裕里０５３鄰富強路６２號,花蓮縣,花蓮市,國裕里,花蓮市一般行政區,否,否,10000.0,2013,獨資,N,0,559099,未分類其他住宿
83165479,27370856,開發人力仲介有限公司花蓮分公司,花蓮縣花蓮市國裕里０５３鄰富強路６４號,花蓮縣,花蓮市,國裕里,花蓮市一般行政區,否,否,0.0,2020,本國公司設立之分公司,Y,1,781011,移工仲介
56650960,,東誠電梯工程有限公司,花蓮縣花蓮市國裕里０５３鄰富強路６４號１樓,花蓮縣,花蓮市,國裕里,花蓮市一般行政區,否,否,6000000.0,2017,有限公司,Y,1,433113,電梯、電扶梯、升降機裝修工程
85001418,50917739,富士經銷有限公司花蓮分公司,花蓮縣花蓮市國裕里０５４鄰富吉路７１號,花蓮縣,花蓮市,國裕里,花蓮市一般行政區,否,否,0.0,2019,本國公司設立之分公司,Y,1,456999,未分類其他家用器具及用品批發
96830721,,錦松營造有限公司,花蓮縣花蓮市國裕里０５４鄰富吉路７７號１樓,花蓮縣,花蓮市,國裕里,花蓮市一般行政區,否,否,5000000.0,2024,有限公司,Y,1,429099,未分類其他土木工程
60685396,,鑫楀營造有限公司,花蓮縣花蓮市國裕里０５４鄰富吉路８１號,花蓮縣,花蓮市,國裕里,花蓮市一般行政區,否,否,3600000.0,2025,有限公司,Y,1,439099,未分類其他專門營造
94075974,,松大營造有限公司,花蓮縣花蓮市國裕里０５４鄰富吉路８１號１樓,花蓮縣,花蓮市,國裕里,花蓮市一般行政區,否,否,12000000.0,2023,有限公司,Y,1,439099,未分類其他專門營造
60405748,,鈞安開發有限公司,花蓮縣花蓮市國裕里０５４鄰富吉路８１號２樓,花蓮縣,花蓮市,國裕里,花蓮市一般行政區,否,否,20000000.0,2025,有限公司,N,0,649911,投資有價證券
20054475,,運達鮮花店,花蓮縣花蓮市國裕里０５５鄰富吉路５５號１樓,花蓮縣,花蓮市,國裕里,花蓮市一般行政區,否,否,200000.0,1997,獨資,N,0,485111,切花、盆栽零售
41005129,,峻華工程行,花蓮縣花蓮市國裕里０５７鄰富安路５５號１樓,花蓮縣,花蓮市,國裕里,花蓮市一般行政區,否,否,1200000.0,2014,獨資,Y,1,429099,未分類其他土木工程
55889888,,華葳工程有限公司,花蓮縣花蓮市國裕里０５７鄰富安路５５號１樓,花蓮縣,花蓮市,國裕里,花蓮市一般行政區,否,否,1200000.0,2016,有限公司,Y,1,429099,未分類其他土木工程
53535290,04655091,雄獅旅行社股份有限公司花蓮分公司,花蓮縣花蓮市國裕里０５９鄰富裕二街３２號,花蓮縣,花蓮市,國裕里,花蓮市一般行政區,否,否,0.0,2011,本國公司設立之分公司,Y,1,790011,旅行業
92664953,52543119,欣食旅股份有限公司花蓮營業所,花蓮縣花蓮市國裕里０５９鄰富裕二街３２號,花蓮縣,花蓮市,國裕里,花蓮市一般行政區,否,否,0.0,2023,其他,Y,1,561115,餐廳
90268231,,冠升營造有限公司,花蓮縣花蓮市國裕里０６３鄰富吉路７８號１樓,花蓮縣,花蓮市,國裕里,花蓮市一般行政區,否,否,12000000.0,2022,有限公司,Y,1,439099,未分類其他專門營造
30207767,,上立行,花蓮縣花蓮市國裕里０６３鄰富吉路８２號１樓,花蓮縣,花蓮市,國裕里,花蓮市一般行政區,否,否,8000.0,2010,獨資,N,0,471913,雜貨店
92538582,,星憶室內裝修,花蓮縣花蓮市國裕里０６５鄰富安路１２４號１樓,花蓮縣,花蓮市,國裕里,花蓮市一般行政區,否,否,500000.0,2023,獨資,Y,1,434015,室內裝修工程
92538817,,宥希工程,花蓮縣花蓮市國裕里０６５鄰富安路１２４號１樓,花蓮縣,花蓮市,國裕里,花蓮市一般行政區,否,否,350000.0,2023,獨資,Y,1,439099,未分類其他專門營造
91157233,,小手心婦幼生活館,花蓮縣花蓮市國裕里０６５鄰富安路１２８號１樓,花蓮縣,花蓮市,國裕里,花蓮市一般行政區,否,否,30000.0,2021,獨資,N,0,487115,經營網路購物（服飾類商品）
41462883,,漾采美學館,花蓮縣花蓮市國裕里０６６鄰富安路１１７號１樓,花蓮縣,花蓮市,國裕里,花蓮市一般行政區,否,否,100000.0,2015,獨資,N,0,962299,其他美容美體服務
91154382,,永源企業社,花蓮縣花蓮市國裕里０６６鄰富安路１２１號１樓,花蓮縣,花蓮市,國裕里,花蓮市一般行政區,否,否,10000.0,2021,獨資,N,0,681112,自有不動產租賃
42577928,,頑豹戶外有限公司,花蓮縣花蓮市國裕里０６６鄰富陽路２２號１樓,花蓮縣,花蓮市,國裕里,花蓮市一般行政區,否,否,500000.0,2015,有限公司,Y,1,931912,水域運動服務
95210630,,景揚汽車商行,花蓮縣花蓮市國裕里０６８鄰富裕五街８７號,花蓮縣,花蓮市,國裕里,花蓮市一般行政區,否,否,100000.0,2025,獨資,N,0,951199,其他汽車維修
10637796,,同興企業,花蓮縣花蓮市國裕里０６９鄰富陽路８２－１號１樓,花蓮縣,花蓮市,國裕里,花蓮市一般行政區,否,否,200000.0,2008,獨資,Y,1,471114,加盟連鎖式便利商店（無商品進、銷貨行為）
26796144,,福貴企業,花蓮縣花蓮市國裕里０６９鄰富陽路８２－１號１樓,花蓮縣,花蓮市,國裕里,花蓮市一般行政區,否,否,200000.0,2012,獨資,Y,1,471114,加盟連鎖式便利商店（無商品進、銷貨行為）
72850661,,愛喵貓舍,花蓮縣花蓮市國裕里０７２鄰富強路１５１號１樓,花蓮縣,花蓮市,國裕里,花蓮市一般行政區,否,否,100000.0,2018,獨資,N,0,485220,寵物零售
91588633,,財昇企業社,花蓮縣花蓮市國裕里０７２鄰富強路１５１號１樓,花蓮縣,花蓮市,國裕里,花蓮市一般行政區,否,否,200000.0,2022,獨資,Y,1,434013,房屋設備安裝工程
26793907,,亮點廣告企業社,花蓮縣花蓮市國裕里０７２鄰富強路１６１號１樓,花蓮縣,花蓮市,國裕里,花蓮市一般行政區,否,否,200000.0,2012,獨資,Y,1,439099,未分類其他專門營造
70965364,,純香早餐店,花蓮縣花蓮市國裕里０７２鄰富強路１６３號１樓,花蓮縣,花蓮市,國裕里,花蓮市一般行政區,否,否,3000.0,1999,獨資,N,0,561111,早餐店
29484383,,艾莉兒美容舘,花蓮縣花蓮市國裕里０８０鄰富強路２６６號１樓,花蓮縣,花蓮市,國裕里,花蓮市一般行政區,否,否,200000.0,2005,獨資,N,0,475299,其他化粧品零售
72847890,,采舍影像社,花蓮縣花蓮市國裕里０８０鄰富強路２６６號１樓,花蓮縣,花蓮市,國裕里,花蓮市一般行政區,否,否,100000.0,2018,獨資,Y,1,760199,其他攝影
95210168,,鑫豐川企業社,花蓮縣花蓮市國裕里０８１鄰富強路２１６號一樓,花蓮縣,花蓮市,國裕里,花蓮市一般行政區,否,否,200000.0,2025,獨資,Y,1,471114,加盟連鎖式便利商店（無商品進、銷貨行為）
95213117,,金灝企業社,花蓮縣花蓮市國裕里０８１鄰富強路２１６號１樓,花蓮縣,花蓮市,國裕里,花蓮市一般行政區,否,否,200000.0,2025,獨資,Y,1,471114,加盟連鎖式便利商店（無商品進、銷貨行為）
49778891,,時光小旅企業社,花蓮縣花蓮市國裕里０８１鄰富強路２３６號,花蓮縣,花蓮市,國裕里,花蓮市一般行政區,否,否,200000.0,2016,獨資,Y,1,461214,砂石批發
41463320,,耑德企業社,花蓮縣花蓮市國裕里０８１鄰裕祥路９４號１樓,花蓮縣,花蓮市,國裕里,花蓮市一般行政區,否,否,200000.0,2015,獨資,Y,1,461512,金屬結構及建築組件批發
85214236,,阿芳的店,花蓮縣花蓮市國裕里０８２鄰富強路２２９巷１４號１樓,花蓮縣,花蓮市,國裕里,花蓮市一般行政區,否,否,10000.0,2019,獨資,N,0,485217,手工藝品零售
45254289,,姜有種好食工作室,花蓮縣花蓮市國裕里０８２鄰富強路２４９號,花蓮縣,花蓮市,國裕里,花蓮市一般行政區,否,否,30000.0,2006,獨資,N,0,561200,餐食攤販
92525257,,來玩樂企業社,花蓮縣花蓮市國裕里０８２鄰裕祥路１０４號１樓,花蓮縣,花蓮市,國裕里,花蓮市一般行政區,否,否,12000.0,2022,獨資,N,0,932499,其他遊戲場
91589176,,勇士體適能工作室,花蓮縣花蓮市國裕里０８２鄰裕祥路９８號１樓,花蓮縣,花蓮市,國裕里,花蓮市一般行政區,否,否,200000.0,2022,獨資,Y,1,859399,其他運動及休閒教育
66983376,,荒井家小吃店,花蓮縣花蓮市國裕里１鄰富安路１８號,花蓮縣,花蓮市,國裕里,花蓮市一般行政區,否,否,150000.0,2006,獨資,Y,1,561113,麵店、小吃店
60247740,,八方來財桌遊競技館,花蓮縣花蓮市國裕里１０鄰富安路６５號１樓,花蓮縣,花蓮市,國裕里,花蓮市一般行政區,否,否,30000.0,2025,獨資,N,0,932999,未分類其他娛樂及休閒服務
91000471,,奶基運動事業有限公司,花蓮縣花蓮市國裕里１０鄰富安路６５號２樓,花蓮縣,花蓮市,國裕里,花蓮市一般行政區,否,否,600000.0,2021,有限公司,Y,1,931219,健身中心
85207312,,贊口福美食便當,花蓮縣花蓮市國裕里１０鄰富安路６５－１號１樓,花蓮縣,花蓮市,國裕里,花蓮市一般行政區,否,否,120000.0,2019,獨資,N,0,561112,便當、自助餐店
18059657,,仁惠堂,花蓮縣花蓮市國裕里１１鄰富強路１２５號,花蓮縣,花蓮市,國裕里,花蓮市一般行政區,否,否,3000.0,2001,獨資,N,0,485216,礦物（寶石、貴金屬除外）零售
80058828,,殷資資訊有限公司,花蓮縣花蓮市國裕里１１鄰富裕五街３２號１樓,花蓮縣,花蓮市,國裕里,花蓮市一般行政區,否,否,500000.0,2002,有限公司,Y,1,483111,電腦及電腦週邊設備零售
29472099,,後站機車出租店,花蓮縣花蓮市國裕里１４鄰富安路８５及８７號,花蓮縣,花蓮市,國裕里,花蓮市一般行政區,否,否,220000.0,2005,獨資,N,0,772911,機車出租
42789916,,東大門精緻旅店有限公司,花蓮縣花蓮市國裕里１５鄰富安路１０７號,花蓮縣,花蓮市,國裕里,花蓮市一般行政區,否,否,350000.0,2018,有限公司,Y,1,551012,旅館
92095427,,瀚賢工程行,花蓮縣花蓮市國裕里１５鄰富陽路３５號１樓,花蓮縣,花蓮市,國裕里,花蓮市一般行政區,否,否,200000.0,1994,獨資,Y,1,434012,油漆粉刷、壁飾（紙）黏貼工程
95215380,,茶獸工作室,花蓮縣花蓮市國裕里１７鄰富吉路５８―５號,花蓮縣,花蓮市,國裕里,花蓮市一般行政區,否,否,30000.0,2025,獨資,N,0,092099,其他非酒精飲料製造
72852871,00990919,財團法人創價文教基金會花蓮服務中心,花蓮縣花蓮市國裕里１７鄰富裕五街７１號２樓之２,花蓮縣,花蓮市,國裕里,花蓮市一般行政區,否,否,0.0,2017,其他,Y,1,476112,書籍、雜誌零售
18050945,70788522,大同綜合訊電股份有限公司花蓮分公司國富展售中心,花蓮縣花蓮市國裕里２鄰中山路５５６及５５８號,花蓮縣,花蓮市,國裕里,花蓮市一般行政區,否,否,0.0,2000,其他,Y,1,474199,其他家用電器零售
30201270,,大富貴小吃店,花蓮縣花蓮市國裕里２鄰中山路６９８號,花蓮縣,花蓮市,國裕里,花蓮市一般行政區,否,否,200000.0,2009,獨資,Y,1,561113,麵店、小吃店
20057120,,攤販－陳萱炉,花蓮縣花蓮市國裕里２鄰中山路７０６號前,花蓮縣,花蓮市,國裕里,花蓮市一般行政區,否,否,3000.0,1997,獨資,N,0,472936,檳榔零售
15797595,,永勝機械工程行,花蓮縣花蓮市國裕里２０鄰富裕五街８２號１樓,花蓮縣,花蓮市,國裕里,花蓮市一般行政區,否,否,200000.0,2003,獨資,Y,1,291211,金屬用車床、銑床、鑽床製造
87346819,,晨研早午餐,花蓮縣花蓮市國裕里２０鄰富裕八街３號,花蓮縣,花蓮市,國裕里,花蓮市一般行政區,否,否,50000.0,2020,獨資,N,0,561111,早餐店
60619565,90509301,蒔晴旅行社股份有限公司花蓮分公司,花蓮縣花蓮市國裕里２０鄰富裕八街５號,花蓮縣,花蓮市,國裕里,花蓮市一般行政區,否,否,0.0,2025,本國公司設立之分公司,Y,1,790011,旅行業
31798255,,卡布里民宿,花蓮縣花蓮市國裕里２１鄰富裕五街９７號,花蓮縣,花蓮市,國裕里,花蓮市一般行政區,否,否,100000.0,2013,獨資,N,0,551013,民宿
13976854,,富裕工作坊,花蓮縣花蓮市國裕里２１鄰富裕十一街６１號５樓,花蓮縣,花蓮市,國裕里,花蓮市一般行政區,否,否,200000.0,2002,獨資,N,0,962299,其他美容美體服務
25164134,,優寶石材有限公司,花蓮縣花蓮市國裕里２１鄰富陽路５８號１樓,花蓮縣,花蓮市,國裕里,花蓮市一般行政區,否,否,9998000.0,2010,有限公司,Y,1,461311,貼面石材批發
16055705,,鍏祥企業有限公司,花蓮縣花蓮市國裕里２３鄰富裕十一街１０５號,花蓮縣,花蓮市,國裕里,花蓮市一般行政區,否,否,10000000.0,1997,有限公司,Y,1,433212,管道工程
54967339,,華廷國際貿易有限公司,花蓮縣花蓮市國裕里２４鄰中央路四段７０號１樓,花蓮縣,花蓮市,國裕里,花蓮市一般行政區,否,否,2000000.0,2019,有限公司,Y,1,484111,全新汽車零售
78854003,,京華當舖,花蓮縣花蓮市國裕里２４鄰中央路４段９６號,花蓮縣,花蓮市,國裕里,花蓮市一般行政區,否,否,1600000.0,1994,獨資,N,0,649611,典當服務
30209076,,尚品土木包工業,花蓮縣花蓮市國裕里２４鄰富裕十六街３６號１樓,花蓮縣,花蓮市,國裕里,花蓮市一般行政區,否,否,1000000.0,2010,獨資,Y,1,429099,未分類其他土木工程
13962654,,長清企業社,花蓮縣花蓮市國裕里２４鄰富裕十街５３巷１１號１樓,花蓮縣,花蓮市,國裕里,花蓮市一般行政區,否,否,2000000.0,2001,獨資,Y,1,439099,未分類其他專門營造
91599049,00959163,財團法人法鼓山文教基金會行願館－花蓮,花蓮縣花蓮市國裕里２６鄰中央路四段２７２號,花蓮縣,花蓮市,國裕里,花蓮市一般行政區,否,否,0.0,2022,其他,Y,1,476411,音樂光碟、影片光碟零售
34880285,,東林檳榔行,花蓮縣花蓮市國裕里２６鄰中央路４段２７８號,花蓮縣,花蓮市,國裕里,花蓮市一般行政區,否,否,3000.0,2010,獨資,N,0,472936,檳榔零售
29323922,,花蓮縣立自強國中員生消費合作社,花蓮縣花蓮市國裕里２７鄰裕祥路８９號,花蓮縣,花蓮市,國裕里,花蓮市一般行政區,否,否,30000.0,2004,合作社,N,0,471999,未分類其他綜合商品零售
92635698,,宸悅企業社,花蓮縣花蓮市國裕里２８鄰裕祥路３號１樓,花蓮縣,花蓮市,國裕里,花蓮市一般行政區,否,否,50000.0,2023,獨資,N,0,681112,自有不動產租賃
95803401,,陶陶居山莊,花蓮縣花蓮市國裕里２９鄰富安路２１０號,花蓮縣,花蓮市,國裕里,花蓮市一般行政區,否,否,1000000.0,1995,獨資,Y,1,551012,旅館
49933562,,勝義建材五金行,花蓮縣花蓮市國裕里２９鄰富裕二街２１９號,花蓮縣,花蓮市,國裕里,花蓮市一般行政區,否,否,30000.0,2005,獨資,Y,1,481014,居家修繕用品零售
64809227,,東亨汽車行,花蓮縣花蓮市國裕里３鄰富強路６號１樓,花蓮縣,花蓮市,國裕里,花蓮市一般行政區,否,否,2000000.0,1988,獨資,N,0,493200,計程車客運
94123568,,豐建汽車行,花蓮縣花蓮市國裕里３鄰富強路６號１樓,花蓮縣,花蓮市,國裕里,花蓮市一般行政區,否,否,1500000.0,1977,合夥,N,0,493200,計程車客運
94676239,,永泰計程車行,花蓮縣花蓮市國裕里３鄰富強路６號１樓,花蓮縣,花蓮市,國裕里,花蓮市一般行政區,否,否,500000.0,1981,獨資,N,0,493200,計程車客運
94759147,,花平交通有限公司,花蓮縣花蓮市國裕里３鄰富強路６號１樓,花蓮縣,花蓮市,國裕里,花蓮市一般行政區,否,否,12000000.0,1979,有限公司,N,0,493200,計程車客運
94767126,,瑞光汽車行,花蓮縣花蓮市國裕里３鄰富強路６號１樓,花蓮縣,花蓮市,國裕里,花蓮市一般行政區,否,否,1000000.0,1979,獨資,N,0,493200,計程車客運
94772789,,名星汽車行,花蓮縣花蓮市國裕里３鄰富強路６號１樓,花蓮縣,花蓮市,國裕里,花蓮市一般行政區,否,否,2600000.0,1980,獨資,N,0,493200,計程車客運
94802502,,東盈汽車行,花蓮縣花蓮市國裕里３鄰富強路６號１樓,花蓮縣,花蓮市,國裕里,花蓮市一般行政區,否,否,3000000.0,1982,獨資,N,0,493200,計程車客運
94804620,,建台汽車行,花蓮縣花蓮市國裕里３鄰富強路６號１樓,花蓮縣,花蓮市,國裕里,花蓮市一般行政區,否,否,1400000.0,1982,獨資,N,0,493200,計程車客運
95507175,,仟合計程車行,花蓮縣花蓮市國裕里３鄰富強路６號１樓,花蓮縣,花蓮市,國裕里,花蓮市一般行政區,否,否,1500000.0,1977,獨資,N,0,493200,計程車客運
62157738,16740494,全聯實業股份有限公司花蓮裕祥分公司,花蓮縣花蓮市國裕里３２鄰裕祥路７８號及富裕五街１５３號,花蓮縣,花蓮市,國裕里,花蓮市一般行政區,否,否,0.0,2026,本國公司設立之分公司,Y,1,471916,超級市場
16364414,,精聯通科技有限公司,花蓮縣花蓮市國裕里３５鄰裕民路１２３號,花蓮縣,花蓮市,國裕里,花蓮市一般行政區,否,否,10000000.0,1998,有限公司,Y,1,483111,電腦及電腦週邊設備零售
09969780,28220477,新焦點麗車坊股份有限公司花蓮營業所,花蓮縣花蓮市國裕里４鄰中央路４段２２號,花蓮縣,花蓮市,國裕里,花蓮市一般行政區,否,否,0.0,2006,其他,Y,1,484311,汽車零件、汽車百貨零售
02538604,,墨竹民宿,花蓮縣花蓮市國裕里４鄰富裕十七街７－１號,花蓮縣,花蓮市,國裕里,花蓮市一般行政區,否,否,3000.0,2013,獨資,N,0,551013,民宿
31792891,,墨竹企業社,花蓮縣花蓮市國裕里４鄰富裕十七街７－１號,花蓮縣,花蓮市,國裕里,花蓮市一般行政區,否,否,200000.0,2012,獨資,N,0,969015,推拿按摩服務
30202448,,花東淨水飲水專業店,花蓮縣花蓮市國裕里４８鄰中山路５２２號,花蓮縣,花蓮市,國裕里,花蓮市一般行政區,否,否,200000.0,2009,獨資,Y,1,474919,家用飲水器具（使用電力者除外）零售
64812258,,協同工藝社,花蓮縣花蓮市國裕里４８鄰富安路１２號,花蓮縣,花蓮市,國裕里,花蓮市一般行政區,否,否,10000.0,1989,獨資,N,0,485218,雕塑品零售
18048630,,世華當舖,花蓮縣花蓮市國裕里４９鄰中山路５７６號,花蓮縣,花蓮市,國裕里,花蓮市一般行政區,否,否,1500000.0,2000,獨資,N,0,649611,典當服務
99495877,,丰采美髮,花蓮縣花蓮市國裕里４９鄰中山路５７８號１樓,花蓮縣,花蓮市,國裕里,花蓮市一般行政區,否,否,30000.0,2004,獨資,N,0,962111,美髮院及髮廊
15793205,,阿玉早點店,花蓮縣花蓮市國裕里４９鄰中山路５９８號,花蓮縣,花蓮市,國裕里,花蓮市一般行政區,否,否,3000.0,2003,獨資,N,0,561111,早餐店
23695805,,匡偉實業股份有限公司,花蓮縣花蓮市國裕里４９鄰中山路６５０號,花蓮縣,花蓮市,國裕里,花蓮市一般行政區,否,否,3000000.0,1990,股份有限公司,Y,1,433211,冷凍、通風、空調系統裝修工程
76955595,,中央當舖,花蓮縣花蓮市國裕里４９鄰中山路６７８號１樓,花蓮縣,花蓮市,國裕里,花蓮市一般行政區,否,否,1600000.0,1990,獨資,N,0,649611,典當服務
13968355,,盧記沾醬雞排,花蓮縣花蓮市國裕里４９鄰中山路６８６號,花蓮縣,花蓮市,國裕里,花蓮市一般行政區,否,否,3000.0,2002,獨資,N,0,561113,麵店、小吃店
37974601,,馥郁小吃店,花蓮縣花蓮市國裕里４９鄰中山路７０２號１樓,花蓮縣,花蓮市,國裕里,花蓮市一般行政區,否,否,100000.0,2013,合夥,Y,1,561113,麵店、小吃店
27255151,23060248,全家便利商店股份有限公司花蓮富強分公司,花蓮縣花蓮市國裕里４９鄰中山路７０８號１樓,花蓮縣,花蓮市,國裕里,花蓮市一般行政區,否,否,0.0,2005,本國公司設立之分公司,Y,1,471112,直營連鎖式便利商店
78048825,,家豪自助餐,花蓮縣花蓮市國裕里４９鄰中山路７１８號１樓,花蓮縣,花蓮市,國裕里,花蓮市一般行政區,否,否,3000.0,1992,獨資,N,0,561112,便當、自助餐店
31779927,,佳裕複合式商店,花蓮縣花蓮市國裕里４９鄰中山路７２２號,花蓮縣,花蓮市,國裕里,花蓮市一般行政區,否,否,10000.0,2012,獨資,N,0,473211,服裝零售
27593420,,大研建設有限公司,花蓮縣花蓮市國裕里５鄰富強路１０５號１樓,花蓮縣,花蓮市,國裕里,花蓮市一般行政區,否,否,34000000.0,2005,有限公司,Y,1,670012,不動產投資開發
53518200,,實踐家建設有限公司,花蓮縣花蓮市國裕里５鄰富強路１０５號１樓,花蓮縣,花蓮市,國裕里,花蓮市一般行政區,否,否,20000000.0,2011,有限公司,Y,1,670012,不動產投資開發
13968186,,東東便當,花蓮縣花蓮市國裕里５鄰富裕十七街２―１號１樓,花蓮縣,花蓮市,國裕里,花蓮市一般行政區,否,否,50000.0,2002,獨資,N,0,561113,麵店、小吃店
95801608,,佳宏洗衣店,花蓮縣花蓮市國裕里５０鄰富安路３號１樓,花蓮縣,花蓮市,國裕里,花蓮市一般行政區,否,否,3000.0,1995,獨資,N,0,961099,其他洗衣服務
67930834,,金山實業社,花蓮縣花蓮市國裕里５０鄰富安路９號１樓,花蓮縣,花蓮市,國裕里,花蓮市一般行政區,否,否,300000.0,1998,獨資,Y,1,382112,一般廢棄物處理
26791149,,鈺敦企業社,花蓮縣花蓮市國裕里５０鄰富強路２０號１樓,花蓮縣,花蓮市,國裕里,花蓮市一般行政區,否,否,88000.0,2012,獨資,Y,1,485216,礦物（寶石、貴金屬除外）零售
99816603,,壽昌靈芝行,花蓮縣花蓮市國裕里５０鄰富強路２２號３樓之１,花蓮縣,花蓮市,國裕里,花蓮市一般行政區,否,否,50000.0,2004,獨資,Y,1,472933,保健營養食品零售
30337712,,宏洋行,花蓮縣花蓮市國裕里５０鄰富裕一街１２７號１樓,花蓮縣,花蓮市,國裕里,花蓮市一般行政區,否,否,245000.0,2009,獨資,Y,1,482999,未分類其他燃料及相關產品零售
96877767,,雲山水植物股份有限公司,花蓮縣花蓮市國裕里５０鄰富裕三街２號１樓,花蓮縣,花蓮市,國裕里,花蓮市一般行政區,否,否,27700000.0,1996,股份有限公司,Y,1,932999,未分類其他娛樂及休閒服務
54527966,,蜂潮國際股份有限公司,花蓮縣花蓮市國裕里５１鄰中央路４段１０號１樓,花蓮縣,花蓮市,國裕里,花蓮市一般行政區,否,否,15000000.0,2013,股份有限公司,Y,1,472934,蜂蜜零售
95555182,,中聯當舖,花蓮縣花蓮市國裕里５１鄰中央路４段８號１樓,花蓮縣,花蓮市,國裕里,花蓮市一般行政區,否,否,1510000.0,1977,獨資,N,0,649611,典當服務
76969084,,湖陽土木包工業,花蓮縣花蓮市國裕里５１鄰中山路７２４巷１０號１樓,花蓮縣,花蓮市,國裕里,花蓮市一般行政區,否,否,1000000.0,1991,獨資,Y,1,429099,未分類其他土木工程
09936640,,昇陽靈芝行,花蓮縣花蓮市國裕里５１鄰中山路７２４巷９號１樓,花蓮縣,花蓮市,國裕里,花蓮市一般行政區,否,否,200000.0,2006,獨資,Y,1,472933,保健營養食品零售
31404463,,萬佳鄉,花蓮縣花蓮市國裕里５１鄰中山路７２６號１樓,花蓮縣,花蓮市,國裕里,花蓮市一般行政區,否,否,3000.0,2006,獨資,N,0,561111,早餐店
20062159,,巨森早餐店,花蓮縣花蓮市國裕里５１鄰中山路７２８號,花蓮縣,花蓮市,國裕里,花蓮市一般行政區,否,否,3000.0,1997,獨資,N,0,561111,早餐店
53494093,,沸點二一二科技有限公司,花蓮縣花蓮市國裕里５１鄰中山路７２８號１樓,花蓮縣,花蓮市,國裕里,花蓮市一般行政區,否,否,100000.0,2011,有限公司,Y,1,456212,進口家用家具批發
64816466,,宏茂車行,花蓮縣花蓮市國裕里５１鄰富強路１９號１樓,花蓮縣,花蓮市,國裕里,花蓮市一般行政區,否,否,3000.0,1989,獨資,N,0,484314,機車零件、機車百貨零售
94742385,,公園剪髮名店,花蓮縣花蓮市國裕里５１鄰富強路２１號,花蓮縣,花蓮市,國裕里,花蓮市一般行政區,否,否,8000.0,1978,獨資,N,0,962111,美髮院及髮廊
09884869,,碧緹美容美髮造型,花蓮縣花蓮市國裕里５１鄰富強路３號１樓,花蓮縣,花蓮市,國裕里,花蓮市一般行政區,否,否,3000.0,2007,獨資,N,0,962111,美髮院及髮廊
10619087,,攤販－陳淑紅,花蓮縣花蓮市國裕里５１鄰富強路９號前,花蓮縣,花蓮市,國裕里,花蓮市一般行政區,否,否,100000.0,2008,獨資,N,0,561200,餐食攤販
12796989,,進寶昇企業有限公司,花蓮縣花蓮市國裕里５３鄰富吉路１０２號１樓,花蓮縣,花蓮市,國裕里,花蓮市一般行政區,否,否,3000000.0,2001,有限公司,Y,1,433115,消防警報設備裝修工程
39991768,,花漾蓮芯民宿,花蓮縣花蓮市國裕里５３鄰富吉路９２號,花蓮縣,花蓮市,國裕里,花蓮市一般行政區,否,否,3000.0,2013,獨資,N,0,551013,民宿
54258028,,星順國際投資有限公司,花蓮縣花蓮市國裕里５４鄰富吉路８１號１樓,花蓮縣,花蓮市,國裕里,花蓮市一般行政區,否,否,17000000.0,2013,有限公司,Y,1,670012,不動產投資開發
31445160,,一心居民宿,花蓮縣花蓮市國裕里５５鄰富吉路３９號,花蓮縣,花蓮市,國裕里,花蓮市一般行政區,否,否,200000.0,2007,獨資,N,0,551013,民宿
18059283,,詠勝食品行,花蓮縣花蓮市國裕里５５鄰富吉路４１號１樓,花蓮縣,花蓮市,國裕里,花蓮市一般行政區,否,否,490000.0,2001,合夥,Y,1,472211,畜肉零售
30357603,,財團法人台灣基督教門諾會附設花蓮縣黎明身心障礙者庇護工場,花蓮縣花蓮市國裕里５９鄰富安路３８號,花蓮縣,花蓮市,國裕里,花蓮市一般行政區,否,否,3000.0,2009,其他,N,0,472922,西點麵包零售
31659182,,樂單車自行車行,花蓮縣花蓮市國裕里５９鄰富安路５０號１樓,花蓮縣,花蓮市,國裕里,花蓮市一般行政區,否,否,30000.0,2012,獨資,Y,1,476211,非電動自行車及非電動自行車零件零售
49852890,,洪昌行,花蓮縣花蓮市國裕里５９鄰富安路５０號１樓,花蓮縣,花蓮市,國裕里,花蓮市一般行政區,否,否,300000.0,2005,合夥,Y,1,472999,未分類其他食品、飲料及菸草製品零售
99789057,,畬歆閣,花蓮縣花蓮市國裕里６鄰富吉路１０６號１樓,花蓮縣,花蓮市,國裕里,花蓮市一般行政區,否,否,3000.0,2004,獨資,N,0,474211,國產家用家具零售
86973208,,漢聯通信有限公司,花蓮縣花蓮市國裕里６鄰富強路４２號,花蓮縣,花蓮市,國裕里,花蓮市一般行政區,否,否,5000000.0,1993,有限公司,Y,1,456111,家電材料批發
30338584,,宏誠土木包工業,花蓮縣花蓮市國裕里６鄰富強路４８號１樓,花蓮縣,花蓮市,國裕里,花蓮市一般行政區,否,否,1200000.0,2009,合夥,Y,1,429099,未分類其他土木工程
18048391,,東南西北美而美,花蓮縣花蓮市國裕里６鄰富強路５０號１樓,花蓮縣,花蓮市,國裕里,花蓮市一般行政區,否,否,3000.0,2000,獨資,N,0,561111,早餐店
87349983,,醬醬網路商行,花蓮縣花蓮市國裕里６鄰富裕一街１７３號３樓之５,花蓮縣,花蓮市,國裕里,花蓮市一般行政區,否,否,10000.0,2020,獨資,N,0,487199,其他電子購物及郵購
85418702,,漫庭民宿,花蓮縣花蓮市國裕里６鄰富陽路１０９號,花蓮縣,花蓮市,國裕里,花蓮市一般行政區,否,否,100000.0,2020,獨資,N,0,551013,民宿
08126761,,松範工業有限公司,花蓮縣花蓮市國裕里６９鄰富強路１１４號１樓,花蓮縣,花蓮市,國裕里,花蓮市一般行政區,否,否,1000000.0,1986,有限公司,Y,1,461511,金屬門窗批發
94839466,,利台企業社,花蓮縣花蓮市國裕里６９鄰富強路１２２號,花蓮縣,花蓮市,國裕里,花蓮市一般行政區,否,否,1000000.0,1984,獨資,Y,1,252299,其他金屬建築組件製造
28090381,,春風精品旅店有限公司,花蓮縣花蓮市國裕里７鄰富裕六街１號,花蓮縣,花蓮市,國裕里,花蓮市一般行政區,否,否,60000000.0,2006,有限公司,Y,1,551011,觀光旅館
30208344,,合豐工程行,花蓮縣花蓮市國裕里７０鄰富強路１３４號１樓,花蓮縣,花蓮市,國裕里,花蓮市一般行政區,否,否,5000000.0,2010,合夥,Y,1,340099,其他產業用機械設備維修及安裝
09823245,,富榮企業社,花蓮縣花蓮市國裕里７３鄰裕祥路１０７號１樓,花蓮縣,花蓮市,國裕里,花蓮市一般行政區,否,否,380000.0,2007,獨資,Y,1,481014,居家修繕用品零售
26705067,,葛洛莉亞的城堡,花蓮縣花蓮市國裕里８鄰富裕六街２０號,花蓮縣,花蓮市,國裕里,花蓮市一般行政區,否,否,8000000.0,2011,獨資,N,0,551013,民宿
53661970,22555003,統一超商股份有限公司花蓮縣第一八八分公司,花蓮縣花蓮市國裕里８１鄰富強路２１４．２１６號１樓,花蓮縣,花蓮市,國裕里,花蓮市一般行政區,否,否,0.0,2013,本國公司設立之分公司,Y,1,471112,直營連鎖式便利商店
18058545,,自強中西早點店,花蓮縣花蓮市國裕里８１鄰富強路２２２號,花蓮縣,花蓮市,國裕里,花蓮市一般行政區,否,否,3000.0,2001,獨資,N,0,561111,早餐店
49909021,,空間形式設計室內裝修,花蓮縣花蓮市國裕里８２鄰富強路２２９巷１２號１樓,花蓮縣,花蓮市,國裕里,花蓮市一般行政區,否,否,498000.0,2005,獨資,Y,1,434015,室內裝修工程
30207056,,蓁興行,花蓮縣花蓮市國裕里８３鄰富強路２５７號１樓,花蓮縣,花蓮市,國裕里,花蓮市一般行政區,否,否,100000.0,2010,獨資,N,0,472924,米零售
54814741,,華慶國際投資有限公司,花蓮縣花蓮市國防里明心街１―１６號１樓,花蓮縣,花蓮市,國防里,花蓮市一般行政區,否,否,70000000.0,2014,有限公司,Y,1,681112,自有不動產租賃
92634993,,瀟莎運動工作室,花蓮縣花蓮市國防里明心街１―１７號１樓,花蓮縣,花蓮市,國防里,花蓮市一般行政區,否,否,50000.0,2023,獨資,N,0,931299,其他運動場館
91593093,,八方悅樂餐館,花蓮縣花蓮市國防里明心街１―２０號１樓,花蓮縣,花蓮市,國防里,花蓮市一般行政區,否,否,200000.0,2022,獨資,Y,1,561115,餐廳
00184003,,真可艾有限公司,花蓮縣花蓮市國防里明心街１―２０號２樓,花蓮縣,花蓮市,國防里,花蓮市一般行政區,否,否,1000000.0,2024,有限公司,Y,1,561115,餐廳
50743962,,陳宜卉工作室,花蓮縣花蓮市國防里明心街１之１６號１樓,花蓮縣,花蓮市,國防里,花蓮市一般行政區,否,否,5000.0,2017,獨資,N,0,969017,紋身、紋眉服務
91159020,,蒂皇企業社,花蓮縣花蓮市國防里明心街１－１６號４樓,花蓮縣,花蓮市,國防里,花蓮市一般行政區,否,否,50000.0,2021,獨資,N,0,962299,其他美容美體服務
60248184,,成為美好工作室,花蓮縣花蓮市國防里明心街２３―２號,花蓮縣,花蓮市,國防里,花蓮市一般行政區,否,否,50000.0,2025,獨資,N,0,487199,其他電子購物及郵購
70961260,,花舍,花蓮縣花蓮市國防里明智街８２號１樓,花蓮縣,花蓮市,國防里,花蓮市一般行政區,否,否,10000.0,1999,合夥,Y,1,485111,切花、盆栽零售
93034589,,日日旅樹民宿,花蓮縣花蓮市國防里明智街８８號,花蓮縣,花蓮市,國防里,花蓮市一般行政區,否,否,50000.0,2023,獨資,N,0,551013,民宿
12844027,,衣度空間企業有限公司,花蓮縣花蓮市國防里明智街９２號１樓,花蓮縣,花蓮市,國防里,花蓮市一般行政區,否,否,1000000.0,2001,有限公司,Y,1,455211,服裝批發
94777567,,高僑土木包工業,花蓮縣花蓮市國防里進豐街１１３巷１弄２號,花蓮縣,花蓮市,國防里,花蓮市一般行政區,否,否,1300000.0,1980,獨資,Y,1,429099,未分類其他土木工程
87564808,,鑫創鑫企業社,花蓮縣花蓮市國防里進豐街５７巷５６號１樓,花蓮縣,花蓮市,國防里,花蓮市一般行政區,否,否,100000.0,2021,獨資,Y,1,422017,水井鑽鑿工程
34878886,,牙齒肉圓,花蓮縣花蓮市國防里進豐街６２之１號,花蓮縣,花蓮市,國防里,花蓮市一般行政區,否,否,30000.0,2010,獨資,N,0,561113,麵店、小吃店
94759316,,朝清商號,花蓮縣花蓮市國防里進豐街６２－１號,花蓮縣,花蓮市,國防里,花蓮市一般行政區,否,否,150000.0,1979,獨資,N,0,472913,菸酒零售
56166707,,和健水電工程有限公司,花蓮縣花蓮市國防里進豐街６２－５號１樓,花蓮縣,花蓮市,國防里,花蓮市一般行政區,否,否,2000000.0,2017,有限公司,Y,1,433111,水電工程
20057796,,攤販－月珠檳榔專店,花蓮縣花蓮市國防里進豐街６３－１號騎樓,花蓮縣,花蓮市,國防里,花蓮市一般行政區,否,否,3000.0,1997,獨資,N,0,472936,檳榔零售
94622924,,連興印刷廠,花蓮縣花蓮市國防里進豐街６８號,花蓮縣,花蓮市,國防里,花蓮市一般行政區,否,否,30000.0,1973,獨資,Y,1,160100,印刷
49765729,,又權思維工作室,花蓮縣花蓮市國防里進豐街６９號１樓,花蓮縣,花蓮市,國防里,花蓮市一般行政區,否,否,10000.0,2017,獨資,Y,1,740915,流行時尚設計
87321296,,背包客民宿,花蓮縣花蓮市國防里進豐街７３號,花蓮縣,花蓮市,國防里,花蓮市一般行政區,否,否,3000.0,2020,獨資,N,0,551013,民宿
09943585,,花蓮郭火腿,花蓮縣花蓮市國防里進豐街７５號１樓,花蓮縣,花蓮市,國防里,花蓮市一般行政區,否,否,10000.0,2006,獨資,N,0,472999,未分類其他食品、飲料及菸草製品零售
26797306,,美味堡中西餐吧,花蓮縣花蓮市國防里進豐街７６號１樓,花蓮縣,花蓮市,國防里,花蓮市一般行政區,否,否,10000.0,2011,獨資,N,0,561113,麵店、小吃店
37998786,,三一一企業社,花蓮縣花蓮市國防里００１鄰明心街１９號,花蓮縣,花蓮市,國防里,花蓮市一般行政區,否,否,50000.0,2014,獨資,Y,1,472921,糖果餅乾零售
72779703,,維樂行旅民宿,花蓮縣花蓮市國防里００１鄰明心街１９號,花蓮縣,花蓮市,國防里,花蓮市一般行政區,否,否,30000.0,2017,獨資,Y,1,551013,民宿
34887702,,羨津工程行,花蓮縣花蓮市國防里００１鄰進豊街６２―７號１樓,花蓮縣,花蓮市,國防里,花蓮市一般行政區,否,否,246000.0,2010,獨資,Y,1,434012,油漆粉刷、壁飾（紙）黏貼工程
87346249,,香村風洗衣,花蓮縣花蓮市國防里００１鄰進豊街６２―９號１樓,花蓮縣,花蓮市,國防里,花蓮市一般行政區,否,否,100000.0,2020,獨資,N,0,961012,自助洗衣店
60483146,,丞宇行銷有限公司,花蓮縣花蓮市國防里００１鄰進豐街６２－３號,花蓮縣,花蓮市,國防里,花蓮市一般行政區,否,否,1000000.0,2025,有限公司,Y,1,160100,印刷
34880601,,髮妍舍造型美髮,花蓮縣花蓮市國防里００１鄰進豐街６２－５號１樓,花蓮縣,花蓮市,國防里,花蓮市一般行政區,否,否,3000.0,2010,獨資,N,0,962111,美髮院及髮廊
83061381,,煒能營造工程有限公司,花蓮縣花蓮市國防里００１鄰進豐街６２－５號１樓,花蓮縣,花蓮市,國防里,花蓮市一般行政區,否,否,3600000.0,2020,有限公司,Y,1,439099,未分類其他專門營造
30207372,,千喜日式料理,花蓮縣花蓮市國防里００１鄰進豐街６２－８號１樓,花蓮縣,花蓮市,國防里,花蓮市一般行政區,否,否,100000.0,2010,獨資,N,0,561115,餐廳
87348268,,易佑企業社,花蓮縣花蓮市國防里００２鄰明心街３９號３樓之２,花蓮縣,花蓮市,國防里,花蓮市一般行政區,否,否,200000.0,2020,獨資,Y,1,483111,電腦及電腦週邊設備零售
15790447,,統成企業社,花蓮縣花蓮市國防里００２鄰進豐街６６巷８號１樓,花蓮縣,花蓮市,國防里,花蓮市一般行政區,否,否,10000.0,2003,獨資,N,0,476111,文具零售
49757122,,御松企業社,花蓮縣花蓮市國防里００３鄰進豐街６６巷１５號１樓,花蓮縣,花蓮市,國防里,花蓮市一般行政區,否,否,150000.0,2016,獨資,Y,1,439099,未分類其他專門營造
62252732,,涵源和企業有限公司,花蓮縣花蓮市國防里００３鄰進豐街６６巷１５號５樓,花蓮縣,花蓮市,國防里,花蓮市一般行政區,否,否,100000.0,2026,有限公司,Y,1,452000,綜合商品批發
41216736,,飽足商號,花蓮縣花蓮市國防里００５鄰進豐街７８號,花蓮縣,花蓮市,國防里,花蓮市一般行政區,否,否,3000.0,2014,獨資,N,0,561200,餐食攤販
92637540,,大家贏投注站,花蓮縣花蓮市國防里００５鄰進豐街８８號,花蓮縣,花蓮市,國防里,花蓮市一般行政區,否,否,3000.0,2023,獨資,N,0,920011,彩券銷售
92640539,,廟口運動彩券行,花蓮縣花蓮市國防里００５鄰進豐街８８號１樓,花蓮縣,花蓮市,國防里,花蓮市一般行政區,否,否,3000.0,2023,獨資,N,0,920011,彩券銷售
87360889,,昂昂小吃部,花蓮縣花蓮市國防里００５鄰進豐街９４號１樓,花蓮縣,花蓮市,國防里,花蓮市一般行政區,否,否,3000.0,2020,獨資,N,0,561113,麵店、小吃店
83203396,27935073,富邦人壽保險股份有限公司花蓮分公司,花蓮縣花蓮市國防里００６鄰明心街１―１６號６樓,花蓮縣,花蓮市,國防里,花蓮市一般行政區,否,否,0.0,2021,本國公司設立之分公司,Y,1,651000,人身保險
89388244,03434016,凱基人壽保險股份有限公司花東分公司,花蓮縣花蓮市國防里００６鄰明心街１―１６號７樓,花蓮縣,花蓮市,國防里,花蓮市一般行政區,否,否,0.0,1995,本國公司設立之分公司,Y,1,651000,人身保險
30208739,,改變髮型美髮創意工作室,花蓮縣花蓮市國防里００６鄰明心街１―２３號１樓,花蓮縣,花蓮市,國防里,花蓮市一般行政區,否,否,5000.0,2010,獨資,N,0,962299,其他美容美體服務
00094880,,洛克斐勒資產管理有限公司,花蓮縣花蓮市國防里００６鄰明心街１－２２號１樓,花蓮縣,花蓮市,國防里,花蓮市一般行政區,否,否,600000.0,2024,有限公司,N,0,649911,投資有價證券
53384672,,東哲叡管顧有限公司,花蓮縣花蓮市國防里００６鄰明心街１－２２號１樓,花蓮縣,花蓮市,國防里,花蓮市一般行政區,否,否,260000.0,2011,有限公司,Y,1,760999,其他未分類專業、科學及技術服務
83789025,,東哲叡投資有限公司,花蓮縣花蓮市國防里００６鄰明心街１－２２號１樓,花蓮縣,花蓮市,國防里,花蓮市一般行政區,否,否,1000000.0,2020,有限公司,N,0,649911,投資有價證券
90158001,,我的未來不是夢股份有限公司,花蓮縣花蓮市國防里００６鄰明心街１－２２號１樓,花蓮縣,花蓮市,國防里,花蓮市一般行政區,否,否,8880000.0,2022,股份有限公司,N,0,649911,投資有價證券
60696437,,元鋥建設有限公司,花蓮縣花蓮市國防里００６鄰明智街１２１號１樓,花蓮縣,花蓮市,國防里,花蓮市一般行政區,否,否,1950000.0,2025,有限公司,Y,1,670012,不動產投資開發
93779530,,大順不動產有限公司,花蓮縣花蓮市國防里００６鄰明智街１２１號１樓,花蓮縣,花蓮市,國防里,花蓮市一般行政區,否,否,500000.0,2023,有限公司,Y,1,681211,不動產仲介
95172376,,炫鈦工坊,花蓮縣花蓮市國防里００６鄰進豐街７１號,花蓮縣,花蓮市,國防里,花蓮市一般行政區,否,否,400000.0,2024,獨資,N,0,484314,機車零件、機車百貨零售
87368398,,帝君廟米粉羹,花蓮縣花蓮市國防里００７鄰進豊街８３號１樓,花蓮縣,花蓮市,國防里,花蓮市一般行政區,否,否,5000.0,2020,獨資,N,0,561113,麵店、小吃店
91593381,,祐薇企業社,花蓮縣花蓮市國防里００８鄰明智街１０１號一樓,花蓮縣,花蓮市,國防里,花蓮市一般行政區,否,否,245000.0,2022,獨資,Y,1,471999,未分類其他綜合商品零售
10052245,,花綠屋,花蓮縣花蓮市國防里００８鄰明智街１０５號１樓,花蓮縣,花蓮市,國防里,花蓮市一般行政區,否,否,3000.0,2007,獨資,N,0,485113,花卉材料、園藝器具零售
91593946,,爵攝數位影像工作室,花蓮縣花蓮市國防里００８鄰明智街１１２巷１號,花蓮縣,花蓮市,國防里,花蓮市一般行政區,否,否,200000.0,2022,獨資,Y,1,760199,其他攝影
82179952,,連勝犬舍,花蓮縣花蓮市國防里００９鄰進豐街５７巷５弄１０號,花蓮縣,花蓮市,國防里,花蓮市一般行政區,否,否,10000.0,2019,獨資,N,0,969021,寵物照顧及訓練
85088977,,澄山建設有限公司,花蓮縣花蓮市國防里００９鄰進豐街５７巷７弄８號２樓,花蓮縣,花蓮市,國防里,花蓮市一般行政區,否,否,3000000.0,2019,有限公司,Y,1,670012,不動產投資開發
67943726,,采軒金香平價店,花蓮縣花蓮市國防里１鄰進豊街６２－７號１樓,花蓮縣,花蓮市,國防里,花蓮市一般行政區,否,否,3000.0,1998,獨資,N,0,485212,宗教、喪葬用品零售
31790535,,詮盛土木包工業,花蓮縣花蓮市國防里１鄰進豐街６２―５號１樓,花蓮縣,花蓮市,國防里,花蓮市一般行政區,否,否,1200000.0,2012,合夥,Y,1,429099,未分類其他土木工程
53161686,,光點整合行銷有限公司,花蓮縣花蓮市國防里１鄰進豐街６２－２號,花蓮縣,花蓮市,國防里,花蓮市一般行政區,否,否,3000000.0,2010,有限公司,Y,1,160100,印刷
60267647,,青草地民宿,花蓮縣花蓮市國防里１０鄰進豐街１１３巷２２－２號,花蓮縣,花蓮市,國防里,花蓮市一般行政區,否,否,100000.0,2025,獨資,N,0,551013,民宿
30202904,,進豐企業,花蓮縣花蓮市國防里２鄰進豐街６６巷１弄５號,花蓮縣,花蓮市,國防里,花蓮市一般行政區,否,否,100000.0,2009,獨資,N,0,820912,文件打字、撰稿及速記等服務
97279753,,美金服飾有限公司,花蓮縣花蓮市國防里２４鄰明心街１―１９號１樓,花蓮縣,花蓮市,國防里,花蓮市一般行政區,否,否,1000000.0,1997,有限公司,Y,1,473211,服裝零售
49885576,,連興行,花蓮縣花蓮市國防里５鄰進豐街６８號１樓,花蓮縣,花蓮市,國防里,花蓮市一般行政區,否,否,450000.0,2005,獨資,Y,1,476111,文具零售
09970750,,來得富投注站,花蓮縣花蓮市國防里５鄰進豐街８８號,花蓮縣,花蓮市,國防里,花蓮市一般行政區,否,否,3000.0,2006,獨資,N,0,920011,彩券銷售
37995036,,金鑽來得富投注站,花蓮縣花蓮市國防里５鄰進豐街８８號１樓,花蓮縣,花蓮市,國防里,花蓮市一般行政區,否,否,3000.0,2013,獨資,N,0,920011,彩券銷售
95540148,,裕福商號,花蓮縣花蓮市國防里６鄰明智街１５６號,花蓮縣,花蓮市,國防里,花蓮市一般行政區,否,否,3000.0,1977,獨資,N,0,472111,蔬菜零售
94832392,,阿坤豆漿店,花蓮縣花蓮市國防里６鄰進豐街５９號,花蓮縣,花蓮市,國防里,花蓮市一般行政區,否,否,3000.0,1984,獨資,N,0,561113,麵店、小吃店
09930441,,進來發投注站,花蓮縣花蓮市國防里７鄰進豊街８５號１樓,花蓮縣,花蓮市,國防里,花蓮市一般行政區,否,否,3000.0,2006,獨資,N,0,920011,彩券銷售
22484752,,東輝儀器有限公司,花蓮縣花蓮市國防里７鄰進豐街８９號,花蓮縣,花蓮市,國防里,花蓮市一般行政區,否,否,10000000.0,1987,有限公司,Y,1,464499,其他辦公用機械器具批發
30188348,,朵兒寵物生活館,花蓮縣花蓮市國防里７鄰進豐街９１號１樓,花蓮縣,花蓮市,國防里,花蓮市一般行政區,否,否,5000.0,2009,獨資,N,0,485220,寵物零售
19532962,,唯弘工程行,花蓮縣花蓮市國防里９鄰進豐街５７巷７弄２號,花蓮縣,花蓮市,國防里,花蓮市一般行政區,否,否,800000.0,1996,獨資,Y,1,429099,未分類其他土木工程
21589589,,晉鶴土木包工業,花蓮縣花蓮市國防里９鄰進豐街５７巷７弄２號,花蓮縣,花蓮市,國防里,花蓮市一般行政區,否,否,1000000.0,2005,獨資,Y,1,429099,未分類其他土木工程
94692272,,鶴岡土木包工業有限公司,花蓮縣花蓮市國防里９鄰進豐街５７巷７弄２號,花蓮縣,花蓮市,國防里,花蓮市一般行政區,否,否,2000000.0,1981,有限公司,Y,1,429099,未分類其他土木工程
97214366,,晉昌營造有限公司,花蓮縣花蓮市國防里９鄰進豐街５７巷７弄２號,花蓮縣,花蓮市,國防里,花蓮市一般行政區,否,否,3600000.0,1996,有限公司,Y,1,429099,未分類其他土木工程
13960760,,海灘工作室,花蓮縣花蓮市國防里９鄰進豐街５７巷７弄８號１樓,花蓮縣,花蓮市,國防里,花蓮市一般行政區,否,否,200000.0,2001,獨資,Y,1,434011,室內裝潢工程
84805522,,東誠營造有限公司,花蓮縣花蓮市國風里七鄰國風街３３號３樓,花蓮縣,花蓮市,國風里,花蓮市一般行政區,否,否,35000000.0,1994,有限公司,Y,1,429099,未分類其他土木工程
92542707,,樂集食,花蓮縣花蓮市國風里仁愛街１０４巷２號旁轉角空地,花蓮縣,花蓮市,國風里,花蓮市一般行政區,否,否,180000.0,2022,獨資,N,0,472922,西點麵包零售
91152770,,一起一起冰果室,花蓮縣花蓮市國風里仁愛街１０４巷２號１樓,花蓮縣,花蓮市,國風里,花蓮市一般行政區,否,否,100000.0,2021,獨資,N,0,563199,其他飲料店
92639385,,玉春花工房,花蓮縣花蓮市國風里仁愛街１０４巷２號１樓,花蓮縣,花蓮市,國風里,花蓮市一般行政區,否,否,100000.0,2023,獨資,N,0,472999,未分類其他食品、飲料及菸草製品零售
82178433,,又一村文創,花蓮縣花蓮市國風里仁愛街１０４巷２號２樓,花蓮縣,花蓮市,國風里,花蓮市一般行政區,否,否,70000.0,2018,獨資,N,0,681115,租賃住宅包租
49764340,,第八村辣椒醬,花蓮縣花蓮市國風里仁愛街１０４巷４號１樓,花蓮縣,花蓮市,國風里,花蓮市一般行政區,否,否,10000.0,2017,獨資,N,0,472113,醃漬蔬果零售
91152785,,太黏人舖子,花蓮縣花蓮市國風里仁愛街１０４巷７號１樓,花蓮縣,花蓮市,國風里,花蓮市一般行政區,否,否,100000.0,2021,獨資,N,0,471999,未分類其他綜合商品零售
91152764,,廚戲私房菜,花蓮縣花蓮市國風里仁愛街１０４巷８號１樓,花蓮縣,花蓮市,國風里,花蓮市一般行政區,否,否,100000.0,2021,獨資,N,0,561115,餐廳
18058030,,祥悅藥局,花蓮縣花蓮市國風里和平街５４９號１樓,花蓮縣,花蓮市,國風里,花蓮市一般行政區,否,否,3000.0,2001,獨資,N,0,475112,西藥零售
09696016,22958907,全國加油站股份有限公司花蓮全國國豐加油站,花蓮縣花蓮市國風里和平路５２０號,花蓮縣,花蓮市,國風里,花蓮市一般行政區,否,否,0.0,2006,其他,Y,1,482111,汽油零售
41010875,,元味牛肉麵,花蓮縣花蓮市國風里和平路５３５巷２號,花蓮縣,花蓮市,國風里,花蓮市一般行政區,否,否,240000.0,2014,獨資,N,0,561113,麵店、小吃店
67943296,,華連蛋餅店,花蓮縣花蓮市國風里和平路５３７號１樓,花蓮縣,花蓮市,國風里,花蓮市一般行政區,否,否,5000.0,1998,獨資,N,0,561111,早餐店
94118164,,東昇玻璃禮品行,花蓮縣花蓮市國風里和平路５３９號,花蓮縣,花蓮市,國風里,花蓮市一般行政區,否,否,3000.0,1977,獨資,N,0,485213,鏡子零售
34888792,,神弓美食社,花蓮縣花蓮市國風里和平路５４２號１樓,花蓮縣,花蓮市,國風里,花蓮市一般行政區,否,否,3000.0,2010,獨資,N,0,487114,經營網路購物（食品、飲料類商品）
60538732,,飛躍國際有限公司,花蓮縣花蓮市國風里和平路５４５巷８號１樓,花蓮縣,花蓮市,國風里,花蓮市一般行政區,否,否,60000.0,2025,有限公司,Y,1,858012,代辦留（遊）學服務
93778791,,好有國際有限公司,花蓮縣花蓮市國風里和平路５４８號１樓,花蓮縣,花蓮市,國風里,花蓮市一般行政區,否,否,1000000.0,2023,有限公司,Y,1,410099,其他建築工程
94799289,,信華電業行,花蓮縣花蓮市國風里和平路５５０號１樓,花蓮縣,花蓮市,國風里,花蓮市一般行政區,否,否,5000.0,1982,獨資,N,0,456111,家電材料批發
78848832,,琴星企業社,花蓮縣花蓮市國風里和平路５５２―１號１樓,花蓮縣,花蓮市,國風里,花蓮市一般行政區,否,否,200000.0,1994,獨資,Y,1,476314,樂器零售
92640931,,呷犇牛肉麵,花蓮縣花蓮市國風里和平路５５２―２號,花蓮縣,花蓮市,國風里,花蓮市一般行政區,否,否,100000.0,2023,獨資,N,0,561115,餐廳
91267772,,夾道雞,花蓮縣花蓮市國風里和平路５５６號騎樓,花蓮縣,花蓮市,國風里,花蓮市一般行政區,否,否,50000.0,2021,獨資,N,0,561200,餐食攤販
13962562,,新城爌肉飯,花蓮縣花蓮市國風里和平路５６０號１樓,花蓮縣,花蓮市,國風里,花蓮市一般行政區,否,否,30000.0,2001,獨資,N,0,561112,便當、自助餐店
78846449,,麗顏坊,花蓮縣花蓮市國風里和平路５６２號,花蓮縣,花蓮市,國風里,花蓮市一般行政區,否,否,5000.0,1993,獨資,N,0,962111,美髮院及髮廊
60248810,,禾灃魚行,花蓮縣花蓮市國風里和平路５６８號１樓,花蓮縣,花蓮市,國風里,花蓮市一般行政區,否,否,100000.0,2025,獨資,N,0,472311,水產品零售
28984733,03521905,遠東百貨股份有限公司花蓮和平分公司,花蓮縣花蓮市國風里和平路５８１號,花蓮縣,花蓮市,國風里,花蓮市一般行政區,否,否,0.0,2009,本國公司設立之分公司,Y,1,471200,百貨公司
83234139,24563704,恩戴適股份有限公司花蓮遠百眼鏡分公司,花蓮縣花蓮市國風里和平路５８１號,花蓮縣,花蓮市,國風里,花蓮市一般行政區,否,否,0.0,2020,本國公司設立之分公司,Y,1,474412,眼鏡及其零配件零售
92521870,12811308,台灣大創百貨股份有限公司花蓮愛買店,花蓮縣花蓮市國風里和平路５８１號地下一層,花蓮縣,花蓮市,國風里,花蓮市一般行政區,否,否,0.0,2022,其他,Y,1,471999,未分類其他綜合商品零售
28984184,05714195,遠百企業股份有限公司花蓮分公司,花蓮縣花蓮市國風里和平路５８１號地下１樓,花蓮縣,花蓮市,國風里,花蓮市一般行政區,否,否,0.0,2009,本國公司設立之分公司,Y,1,471912,零售式量販店
50643605,53673912,荷蘭商海恩斯莫里斯有限公司台灣分公司花蓮遠百店,花蓮縣花蓮市國風里和平路５８１號１、２樓,花蓮縣,花蓮市,國風里,花蓮市一般行政區,否,否,0.0,2016,其他,Y,1,473211,服裝零售
37860467,99835405,榮美企業社愛買營業處,花蓮縣花蓮市國風里和平路５８１號Ｂ１,花蓮縣,花蓮市,國風里,花蓮市一般行政區,否,否,0.0,2012,其他,Y,1,475299,其他化粧品零售
37829142,,敏泰企業社,花蓮縣花蓮市國風里和平路５８１號Ｂ１及Ｂ２,花蓮縣,花蓮市,國風里,花蓮市一般行政區,否,否,200000.0,2012,獨資,Y,1,932413,投幣式兒童騎乘機械玩具店
93057983,,京辰精品,花蓮縣花蓮市國風里和平路５８３號１樓,花蓮縣,花蓮市,國風里,花蓮市一般行政區,否,否,200000.0,2024,獨資,N,0,473214,真皮皮包、手提包零售
31747236,,卡式摩複合式餐飲,花蓮縣花蓮市國風里和平路５８７號１樓,花蓮縣,花蓮市,國風里,花蓮市一般行政區,否,否,3000.0,2012,獨資,N,0,561115,餐廳
92536629,,姵姵紋繡整體造型美學館,花蓮縣花蓮市國風里和平路５８７號２樓,花蓮縣,花蓮市,國風里,花蓮市一般行政區,否,否,100000.0,2023,獨資,N,0,969017,紋身、紋眉服務
91588839,,艾蜜莉伍捌柒號商店,花蓮縣花蓮市國風里和平路５８７號３樓,花蓮縣,花蓮市,國風里,花蓮市一般行政區,否,否,100000.0,2022,獨資,N,0,485217,手工藝品零售
41464051,,桂花樹下手皂坊,花蓮縣花蓮市國風里和平路５８８號,花蓮縣,花蓮市,國風里,花蓮市一般行政區,否,否,30000.0,2015,獨資,N,0,487199,其他電子購物及郵購
92656320,,逗點手作烘焙,花蓮縣花蓮市國風里和平路５８８號,花蓮縣,花蓮市,國風里,花蓮市一般行政區,否,否,50000.0,2023,獨資,N,0,487114,經營網路購物（食品、飲料類商品）
93051411,,安杺室內裝修,花蓮縣花蓮市國風里和平路５８８號,花蓮縣,花蓮市,國風里,花蓮市一般行政區,否,否,200000.0,2024,獨資,Y,1,434015,室內裝修工程
72849709,,抉享髮專業剪髮,花蓮縣花蓮市國風里和平路５８８號１樓,花蓮縣,花蓮市,國風里,花蓮市一般行政區,否,否,200000.0,2018,獨資,N,0,962111,美髮院及髮廊
92094911,,德欣飯包,花蓮縣花蓮市國風里和平路５８９巷１號１樓,花蓮縣,花蓮市,國風里,花蓮市一般行政區,否,否,5000.0,1994,獨資,N,0,472929,餐盒零售
93056014,,飛柔生技企業社,花蓮縣花蓮市國風里和平路５８９巷１５號１樓,花蓮縣,花蓮市,國風里,花蓮市一般行政區,否,否,200000.0,2024,獨資,Y,1,454999,未分類其他食品批發
42071456,42573508,華泰玩具有限公司花蓮營業所,花蓮縣花蓮市國風里和平路５８９巷２號,花蓮縣,花蓮市,國風里,花蓮市一般行政區,否,否,0.0,2015,其他,Y,1,476399,其他玩具及娛樂用品零售
49761266,,微笑甜點專賣店,花蓮縣花蓮市國風里和平路５８９巷７號１樓,花蓮縣,花蓮市,國風里,花蓮市一般行政區,否,否,50000.0,2016,獨資,N,0,472922,西點麵包零售
09991143,,農郁米舖,花蓮縣花蓮市國風里和平路５９２號,花蓮縣,花蓮市,國風里,花蓮市一般行政區,否,否,60000.0,2006,獨資,N,0,472925,豆類、麥類及其他雜糧零售
85212309,,暄昫工作室,花蓮縣花蓮市國風里和平路５９２號,花蓮縣,花蓮市,國風里,花蓮市一般行政區,否,否,100000.0,2020,獨資,N,0,740913,包裝設計
54515841,,農郁有限公司,花蓮縣花蓮市國風里和平路５９２號１樓,花蓮縣,花蓮市,國風里,花蓮市一般行政區,否,否,2800000.0,2013,有限公司,Y,1,472925,豆類、麥類及其他雜糧零售
91153709,,嚛樂花工作室,花蓮縣花蓮市國風里和平路５９２號１樓,花蓮縣,花蓮市,國風里,花蓮市一般行政區,否,否,100000.0,2021,獨資,N,0,471999,未分類其他綜合商品零售
54106368,,駿興電器有限公司,花蓮縣花蓮市國風里和平路６００號１樓,花蓮縣,花蓮市,國風里,花蓮市一般行政區,否,否,250000.0,2012,有限公司,Y,1,474113,家用空調設備及其零件零售
92786626,,楓翼商行,花蓮縣花蓮市國風里和平路６００號１樓,花蓮縣,花蓮市,國風里,花蓮市一般行政區,否,否,10000.0,2023,獨資,N,0,487199,其他電子購物及郵購
10684299,,安芝早餐麥,花蓮縣花蓮市國風里和平路６０６號,花蓮縣,花蓮市,國風里,花蓮市一般行政區,否,否,10000.0,2008,獨資,N,0,561111,早餐店
91923904,,二手交流工作室,花蓮縣花蓮市國風里和平路６２３號１樓,花蓮縣,花蓮市,國風里,花蓮市一般行政區,否,否,35000.0,2022,獨資,N,0,485399,其他中古商品（汽機車及其零配件除外）零售
24717601,84711031,國寶服務股份有限公司花蓮分公司,花蓮縣花蓮市國風里和平路６２７號１樓,花蓮縣,花蓮市,國風里,花蓮市一般行政區,否,否,0.0,2014,本國公司設立之分公司,Y,1,963015,殯葬禮儀服務
26794194,,禾登企業,花蓮縣花蓮市國風里和平路６３１號１樓,花蓮縣,花蓮市,國風里,花蓮市一般行政區,否,否,1000000.0,2012,獨資,Y,1,434011,室內裝潢工程
82181227,,葳朵時尚美學工作坊,花蓮縣花蓮市國風里和平路６３５號１樓,花蓮縣,花蓮市,國風里,花蓮市一般行政區,否,否,200000.0,2019,獨資,N,0,962299,其他美容美體服務
31797805,,哈立茂土木包工業,花蓮縣花蓮市國風里和平路６４９號１樓,花蓮縣,花蓮市,國風里,花蓮市一般行政區,否,否,1000000.0,2013,合夥,Y,1,429099,未分類其他土木工程
60513633,,提格爾營造有限公司,花蓮縣花蓮市國風里和平路６４９號１樓,花蓮縣,花蓮市,國風里,花蓮市一般行政區,否,否,6000000.0,2002,有限公司,Y,1,410099,其他建築工程
16910814,,怡富通運有限公司,花蓮縣花蓮市國風里和平路６５１號,花蓮縣,花蓮市,國風里,花蓮市一般行政區,否,否,25000000.0,2000,有限公司,Y,1,494099,其他汽車貨運
78845791,,環爵企業社,花蓮縣花蓮市國風里和平路６５１號１樓,花蓮縣,花蓮市,國風里,花蓮市一般行政區,否,否,240000.0,1993,獨資,Y,1,481014,居家修繕用品零售
50540684,,琉璃爵舍,花蓮縣花蓮市國風里和平路７１７及７１９號,花蓮縣,花蓮市,國風里,花蓮市一般行政區,否,否,3000.0,2016,獨資,N,0,681112,自有不動產租賃
41464849,,舒漾聖境養生坊,花蓮縣花蓮市國風里和平路７２１號１樓,花蓮縣,花蓮市,國風里,花蓮市一般行政區,否,否,245000.0,2015,獨資,N,0,969015,推拿按摩服務
37921247,,佑昇機械工程行,花蓮縣花蓮市國風里和平路７３３號１樓,花蓮縣,花蓮市,國風里,花蓮市一般行政區,否,否,200000.0,2012,獨資,Y,1,429099,未分類其他土木工程
85272328,,風沛餐飲,花蓮縣花蓮市國風里國風街１１１－１號,花蓮縣,花蓮市,國風里,花蓮市一般行政區,否,否,400000.0,2019,獨資,Y,1,561111,早餐店
82177602,,樂悠飲食店,花蓮縣花蓮市國風里國風街２０號,花蓮縣,花蓮市,國風里,花蓮市一般行政區,否,否,50000.0,2018,獨資,N,0,561115,餐廳
41114148,,花蓮縣花東完美歌舞協會,花蓮縣花蓮市國風里國風街３號,花蓮縣,花蓮市,國風里,花蓮市一般行政區,否,否,21800.0,2014,其他,N,0,932211,視唱中心（ＫＴＶ）
72783495,,花蓮縣納稅者權利保護協會,花蓮縣花蓮市國風里國風街３號１樓,花蓮縣,花蓮市,國風里,花蓮市一般行政區,否,否,1000.0,2017,其他,N,0,472913,菸酒零售
24429708,,連得不動產有限公司,花蓮縣花蓮市國風里國風街３４號１樓,花蓮縣,花蓮市,國風里,花蓮市一般行政區,否,否,1000000.0,2009,有限公司,Y,1,681211,不動產仲介
72765172,,非住不可民宿,花蓮縣花蓮市國風里國風街３８號,花蓮縣,花蓮市,國風里,花蓮市一般行政區,否,否,100000.0,2017,獨資,N,0,551013,民宿
94738967,,友成號,花蓮縣花蓮市國風里國風街３９號,花蓮縣,花蓮市,國風里,花蓮市一般行政區,否,否,450000.0,1977,獨資,Y,1,485299,未分類其他全新商品零售
28063743,,景一建設有限公司,花蓮縣花蓮市國風里國風街６號１樓,花蓮縣,花蓮市,國風里,花蓮市一般行政區,否,否,500000.0,2006,有限公司,Y,1,670012,不動產投資開發
78045968,,上揚廣告社,花蓮縣花蓮市國風里國風街６１號,花蓮縣,花蓮市,國風里,花蓮市一般行政區,否,否,493000.0,1992,獨資,Y,1,731099,其他廣告服務
91882517,,七姊妹檸檬汁,花蓮縣花蓮市國風里國風街６３號騎樓,花蓮縣,花蓮市,國風里,花蓮市一般行政區,否,否,3000.0,2022,獨資,N,0,563199,其他飲料店
21518229,,富陽商號,花蓮縣花蓮市國風里國風街６６號１樓,花蓮縣,花蓮市,國風里,花蓮市一般行政區,否,否,1000000.0,2005,獨資,Y,1,454611,國產菸酒批發
26790752,,上豐商號,花蓮縣花蓮市國風里國風街６６號１樓,花蓮縣,花蓮市,國風里,花蓮市一般行政區,否,否,1500000.0,2011,獨資,Y,1,454700,非酒精飲料批發
26795861,,樂活商號,花蓮縣花蓮市國風里國風街６６號１樓,花蓮縣,花蓮市,國風里,花蓮市一般行政區,否,否,1000000.0,2012,獨資,Y,1,454611,國產菸酒批發
76966262,,富揚藥行,花蓮縣花蓮市國風里國風街６６號１樓,花蓮縣,花蓮市,國風里,花蓮市一般行政區,否,否,200000.0,1991,獨資,Y,1,451099,其他商品批發經紀
08125263,,信安寢具行,花蓮縣花蓮市國風里國風街６８號,花蓮縣,花蓮市,國風里,花蓮市一般行政區,否,否,3000.0,1985,獨資,N,0,474311,寢具零售
91152080,,忻晴小店,花蓮縣花蓮市國風里國風街７２號１樓,花蓮縣,花蓮市,國風里,花蓮市一般行政區,否,否,20000.0,2021,獨資,N,0,561115,餐廳
49761499,,和坤企業社,花蓮縣花蓮市國風里國風街７７巷１弄１號１樓,花蓮縣,花蓮市,國風里,花蓮市一般行政區,否,否,5000.0,2017,獨資,Y,1,433112,電路工程
92535966,,小小手指藝術工作室,花蓮縣花蓮市國風里建林街１１０號１樓,花蓮縣,花蓮市,國風里,花蓮市一般行政區,否,否,150000.0,2023,獨資,N,0,962211,美甲美睫服務
60252193,,手心温度手作坊,花蓮縣花蓮市國風里建林街１１０號２樓,花蓮縣,花蓮市,國風里,花蓮市一般行政區,否,否,100000.0,2026,獨資,N,0,473999,未分類其他服飾品零售
30205753,,錠璽珠寶鑑定,花蓮縣花蓮市國風里建林街１１３號１樓,花蓮縣,花蓮市,國風里,花蓮市一般行政區,否,否,10000.0,2009,獨資,N,0,760999,其他未分類專業、科學及技術服務
41010214,,魔髮屋美髮店,花蓮縣花蓮市國風里建林街１１６號１樓,花蓮縣,花蓮市,國風里,花蓮市一般行政區,否,否,3000.0,2014,獨資,N,0,962111,美髮院及髮廊
93054085,,安倉工程行,花蓮縣花蓮市國風里建林街１１７號１樓,花蓮縣,花蓮市,國風里,花蓮市一般行政區,否,否,200000.0,2024,獨資,Y,1,439099,未分類其他專門營造
95208542,,華光工程行,花蓮縣花蓮市國風里建林街１１７號１樓,花蓮縣,花蓮市,國風里,花蓮市一般行政區,否,否,200000.0,2024,獨資,Y,1,439099,未分類其他專門營造
60246931,,豪盈企業社,花蓮縣花蓮市國風里建林街１１８號１樓,花蓮縣,花蓮市,國風里,花蓮市一般行政區,否,否,68000.0,2025,獨資,N,0,563115,手搖飲店
99263763,,永進電器行,花蓮縣花蓮市國風里建林街１２０號１樓,花蓮縣,花蓮市,國風里,花蓮市一般行政區,否,否,10000.0,2004,獨資,N,0,474199,其他家用電器零售
28381000,,福大混凝土股份有限公司,花蓮縣花蓮市國風里建林街１２１―１號,花蓮縣,花蓮市,國風里,花蓮市一般行政區,否,否,2000000.0,2007,股份有限公司,Y,1,233200,預拌混凝土製造
53998670,,路豐營造有限公司,花蓮縣花蓮市國風里建林街１２１―１號,花蓮縣,花蓮市,國風里,花蓮市一般行政區,否,否,22500000.0,2012,有限公司,Y,1,439099,未分類其他專門營造
72797955,,天使之翼民宿,花蓮縣花蓮市國風里建林街３１號,花蓮縣,花蓮市,國風里,花蓮市一般行政區,否,否,50000.0,2017,獨資,N,0,551013,民宿
72855286,,指南針民宿,花蓮縣花蓮市國風里建林街３５號,花蓮縣,花蓮市,國風里,花蓮市一般行政區,否,否,50000.0,2018,獨資,N,0,551013,民宿
72850607,,單身髮型,花蓮縣花蓮市國風里建林街４５－２號１樓,花蓮縣,花蓮市,國風里,花蓮市一般行政區,否,否,3000.0,2018,獨資,N,0,962112,理髮店
91151792,,羽光美學,花蓮縣花蓮市國風里建林街５１號１樓,花蓮縣,花蓮市,國風里,花蓮市一般行政區,否,否,5000.0,2021,獨資,N,0,962299,其他美容美體服務
72804610,,睫艾絲時尚美學館,花蓮縣花蓮市國風里建林街５５號１樓,花蓮縣,花蓮市,國風里,花蓮市一般行政區,否,否,200000.0,2017,獨資,N,0,962299,其他美容美體服務
49778689,,羿貞洗衣吧,花蓮縣花蓮市國風里建林街５７號１樓,花蓮縣,花蓮市,國風里,花蓮市一般行政區,否,否,30000.0,2016,獨資,N,0,961012,自助洗衣店
91604535,,河狸咖啡,花蓮縣花蓮市國風里建林街６號１樓,花蓮縣,花蓮市,國風里,花蓮市一般行政區,否,否,100000.0,2022,獨資,N,0,563112,咖啡館
41459493,,嘉威資訊企業社,花蓮縣花蓮市國風里建林街７２號１樓,花蓮縣,花蓮市,國風里,花蓮市一般行政區,否,否,100000.0,2015,獨資,Y,1,952100,電腦及其週邊設備維修
94199665,,楓翼有限公司,花蓮縣花蓮市國風里建林街７２號１樓,花蓮縣,花蓮市,國風里,花蓮市一般行政區,否,否,50000.0,2023,有限公司,Y,1,487115,經營網路購物（服飾類商品）
91154714,,增復發工程行,花蓮縣花蓮市國風里建林街７３號１樓,花蓮縣,花蓮市,國風里,花蓮市一般行政區,否,否,200000.0,2021,獨資,Y,1,439099,未分類其他專門營造
21583712,,佳佳牛排,花蓮縣花蓮市國風里建林街８７號１樓,花蓮縣,花蓮市,國風里,花蓮市一般行政區,否,否,50000.0,2005,獨資,N,0,561115,餐廳
10027555,,立偉機車行,花蓮縣花蓮市國風里建林街８９號１樓,花蓮縣,花蓮市,國風里,花蓮市一般行政區,否,否,3000.0,2007,獨資,N,0,484211,全新機車零售
15796929,,昱成輪胎行,花蓮縣花蓮市國風里建林街９１號１樓,花蓮縣,花蓮市,國風里,花蓮市一般行政區,否,否,300000.0,2003,獨資,Y,1,484315,汽車輪胎零售
93052707,,隨便夾工作室,花蓮縣花蓮市國風里建林街９７號１樓,花蓮縣,花蓮市,國風里,花蓮市一般行政區,否,否,100000.0,2024,獨資,N,0,932414,夾娃娃機店
82183301,,坤益商行,花蓮縣花蓮市國風里林政街１０號,花蓮縣,花蓮市,國風里,花蓮市一般行政區,否,否,200000.0,2019,獨資,N,0,561115,餐廳
26500579,,元兆工程行,花蓮縣花蓮市國風里林政街１９巷１弄２６號１樓,花蓮縣,花蓮市,國風里,花蓮市一般行政區,否,否,200000.0,2010,獨資,Y,1,429099,未分類其他土木工程
91160096,,承杏科技,花蓮縣花蓮市國風里林政街１９巷１８號５樓之２,花蓮縣,花蓮市,國風里,花蓮市一般行政區,否,否,2000000.0,2022,獨資,Y,1,620212,系統規劃、分析及設計
70958960,,日豐企業社,花蓮縣花蓮市國風里林政街１９巷２號,花蓮縣,花蓮市,國風里,花蓮市一般行政區,否,否,50000.0,1999,獨資,Y,1,951199,其他汽車維修
31620841,,國風美又美早餐,花蓮縣花蓮市國風里林政街２８號１樓,花蓮縣,花蓮市,國風里,花蓮市一般行政區,否,否,3000.0,2011,獨資,N,0,561111,早餐店
53283745,,連邑人力資源有限公司,花蓮縣花蓮市國風里林政街４３號１樓,花蓮縣,花蓮市,國風里,花蓮市一般行政區,否,否,5000000.0,2010,有限公司,Y,1,782000,人力供應
95209556,,時光煮雨企業社,花蓮縣花蓮市國風里林政街８巷１弄１號及３號,花蓮縣,花蓮市,國風里,花蓮市一般行政區,否,否,200000.0,2025,合夥,N,0,561115,餐廳
76962414,,有晟機械工程行,花蓮縣花蓮市國風里林政街８８巷２２號,花蓮縣,花蓮市,國風里,花蓮市一般行政區,否,否,2000000.0,1991,獨資,Y,1,429099,未分類其他土木工程
50745737,,繆斯民宿,花蓮縣花蓮市國風里林政街８８巷２９號,花蓮縣,花蓮市,國風里,花蓮市一般行政區,否,否,50000.0,2017,獨資,N,0,551013,民宿
50745743,,法朵民宿,花蓮縣花蓮市國風里林政街８８巷３１號,花蓮縣,花蓮市,國風里,花蓮市一般行政區,否,否,50000.0,2017,獨資,N,0,551013,民宿
67936268,,晨通光纖通信工程行,花蓮縣花蓮市國風里林森路１１５巷３５號１樓,花蓮縣,花蓮市,國風里,花蓮市一般行政區,否,否,490000.0,1998,合夥,Y,1,433112,電路工程
31532283,,美食屋早餐店,花蓮縣花蓮市國風里林森路１１５巷５２號,花蓮縣,花蓮市,國風里,花蓮市一般行政區,否,否,3000.0,2011,獨資,N,0,561111,早餐店
09608885,,全客牛排館,花蓮縣花蓮市國風里林森路１２２號,花蓮縣,花蓮市,國風里,花蓮市一般行政區,否,否,240000.0,2006,合夥,Y,1,561115,餐廳
90069471,,蟬說洄瀾股份有限公司,花蓮縣花蓮市國風里林森路１２６號,花蓮縣,花蓮市,國風里,花蓮市一般行政區,否,否,3750000.0,2022,股份有限公司,Y,1,551012,旅館
30205698,,天璽商務飯店,花蓮縣花蓮市國風里林森路１２６號１至７樓,花蓮縣,花蓮市,國風里,花蓮市一般行政區,否,否,5000000.0,2009,合夥,Y,1,551012,旅館
94752881,,東隆汽車材料行,花蓮縣花蓮市國風里林森路１３０號,花蓮縣,花蓮市,國風里,花蓮市一般行政區,否,否,3000000.0,1979,合夥,Y,1,465311,汽車零件、汽車百貨批發
18059538,86589231,立貴電料有限公司花蓮營業所,花蓮縣花蓮市國風里林森路１３３號,花蓮縣,花蓮市,國風里,花蓮市一般行政區,否,否,0.0,2001,本國公司設立之分公司,Y,1,474111,家用照明設備零售
08141968,,新豐機車行,花蓮縣花蓮市國風里林森路１３８號,花蓮縣,花蓮市,國風里,花蓮市一般行政區,否,否,200000.0,1987,獨資,Y,1,484211,全新機車零售
94740464,,光昇鎖匙大王,花蓮縣花蓮市國風里林森路１４５號,花蓮縣,花蓮市,國風里,花蓮市一般行政區,否,否,9000.0,1978,獨資,N,0,481014,居家修繕用品零售
13967807,,北濱家禽行,花蓮縣花蓮市國風里林森路１５３號１樓,花蓮縣,花蓮市,國風里,花蓮市一般行政區,否,否,500000.0,2002,獨資,Y,1,454212,禽肉批發
31528605,,北濱桶仔雞商號,花蓮縣花蓮市國風里林森路１５３號１樓,花蓮縣,花蓮市,國風里,花蓮市一般行政區,否,否,3000.0,2011,獨資,N,0,561113,麵店、小吃店
87346515,,艾奧科技工作室,花蓮縣花蓮市國風里林森路１５５號１樓,花蓮縣,花蓮市,國風里,花蓮市一般行政區,否,否,50000.0,2020,獨資,N,0,952100,電腦及其週邊設備維修
93006583,54994912,伯爵教育科技股份有限公司附設私立英爵文理短期補習班,花蓮縣花蓮市國風里林森路１５９號１、２樓,花蓮縣,花蓮市,國風里,花蓮市一般行政區,否,否,0.0,2023,其他,Y,1,859511,課業輔導及補習教學
94007006,,大方木業股份有限公司,花蓮縣花蓮市國風里林森路１６４號,花蓮縣,花蓮市,國風里,花蓮市一般行政區,否,否,5000000.0,1963,股份有限公司,Y,1,681112,自有不動產租賃
61340097,99754395,永盛企業社森林停車場,花蓮縣花蓮市國風里林森路１６４號後面停車場,花蓮縣,花蓮市,國風里,花蓮市一般行政區,否,否,0.0,2025,其他,Y,1,524100,停車場管理
20053525,,金華地毯傢俱行,花蓮縣花蓮市國風里林森路１６９號,花蓮縣,花蓮市,國風里,花蓮市一般行政區,否,否,3000.0,1997,獨資,N,0,486999,未分類其他零售攤販
87344066,,欣芯甜圈屋,花蓮縣花蓮市國風里林森路１８９號１樓,花蓮縣,花蓮市,國風里,花蓮市一般行政區,否,否,100000.0,2020,獨資,N,0,472922,西點麵包零售
10600762,,回味美食,花蓮縣花蓮市國風里林森路１９３號,花蓮縣,花蓮市,國風里,花蓮市一般行政區,否,否,3000.0,2008,獨資,N,0,561113,麵店、小吃店
20053932,,長虹水族館,花蓮縣花蓮市國風里林森路１９５號１樓,花蓮縣,花蓮市,國風里,花蓮市一般行政區,否,否,50000.0,1997,獨資,Y,1,485220,寵物零售
95806250,,福客多商行,花蓮縣花蓮市國風里林森路２０鄰２５１號１樓,花蓮縣,花蓮市,國風里,花蓮市一般行政區,否,否,100000.0,1995,獨資,N,0,472913,菸酒零售
92641501,,歐咖波企業社,花蓮縣花蓮市國風里林森路２０１巷２―１號１樓,花蓮縣,花蓮市,國風里,花蓮市一般行政區,否,否,50000.0,2023,獨資,N,0,563199,其他飲料店
00025809,,有秝市地重劃顧問有限公司,花蓮縣花蓮市國風里林森路２０１巷２號,花蓮縣,花蓮市,國風里,花蓮市一般行政區,否,否,100000.0,2024,有限公司,Y,1,681112,自有不動產租賃
94845777,,彰展車業行,花蓮縣花蓮市國風里林森路２０１巷２０號１樓,花蓮縣,花蓮市,國風里,花蓮市一般行政區,否,否,5000.0,1985,獨資,N,0,959100,機車維修
13964978,,百信建材工程行,花蓮縣花蓮市國風里林森路２０１巷３０號１樓,花蓮縣,花蓮市,國風里,花蓮市一般行政區,否,否,498000.0,2001,獨資,Y,1,481014,居家修繕用品零售
09689388,,鼎勳土木包工業,花蓮縣花蓮市國風里林森路２０３號１樓,花蓮縣,花蓮市,國風里,花蓮市一般行政區,否,否,1000000.0,2006,獨資,Y,1,429099,未分類其他土木工程
50743294,,冰舍雪花冰,花蓮縣花蓮市國風里林森路２０３號１樓,花蓮縣,花蓮市,國風里,花蓮市一般行政區,否,否,200000.0,2017,獨資,N,0,561113,麵店、小吃店
91177982,,日盈朝露國際商行,花蓮縣花蓮市國風里林森路２０５號１樓,花蓮縣,花蓮市,國風里,花蓮市一般行政區,否,否,50000.0,2021,獨資,N,0,472918,咖啡零售
90646760,97286918,爭鮮股份有限公司點爭鮮花蓮分公司,花蓮縣花蓮市國風里林森路２０７號,花蓮縣,花蓮市,國風里,花蓮市一般行政區,否,否,0.0,2021,本國公司設立之分公司,Y,1,561115,餐廳
64816634,,新秀禮儀社,花蓮縣花蓮市國風里林森路２１７巷１弄２３號,花蓮縣,花蓮市,國風里,花蓮市一般行政區,否,否,10000.0,1989,獨資,Y,1,963015,殯葬禮儀服務
92538372,,橘子大象小吃店,花蓮縣花蓮市國風里林森路２１７巷１弄２６號,花蓮縣,花蓮市,國風里,花蓮市一般行政區,否,否,100000.0,2023,獨資,N,0,561115,餐廳
93053163,,東方工程行,花蓮縣花蓮市國風里林森路２１７巷１弄３１號１樓,花蓮縣,花蓮市,國風里,花蓮市一般行政區,否,否,240000.0,2024,獨資,Y,1,429099,未分類其他土木工程
95208888,,國聲紅茶,花蓮縣花蓮市國風里林森路２１７巷１弄３１號１樓,花蓮縣,花蓮市,國風里,花蓮市一般行政區,否,否,8888.0,2024,獨資,N,0,487114,經營網路購物（食品、飲料類商品）
41113838,,幸福約定民宿,花蓮縣花蓮市國風里林森路２１７巷１４號,花蓮縣,花蓮市,國風里,花蓮市一般行政區,否,否,10000.0,2014,獨資,N,0,551013,民宿
85207538,,金宏企業社,花蓮縣花蓮市國風里林森路２１７巷５６號１樓,花蓮縣,花蓮市,國風里,花蓮市一般行政區,否,否,30000.0,2019,獨資,N,0,472999,未分類其他食品、飲料及菸草製品零售
49777598,,腓立比形象髮藝,花蓮縣花蓮市國風里林森路２１９―１號１樓,花蓮縣,花蓮市,國風里,花蓮市一般行政區,否,否,100000.0,2016,獨資,N,0,962111,美髮院及髮廊
94806850,,盛隆鋼索行,花蓮縣花蓮市國風里林森路２１９及２２１號１樓,花蓮縣,花蓮市,國風里,花蓮市一般行政區,否,否,200000.0,1982,獨資,Y,1,481014,居家修繕用品零售
16346649,,匡宏建設有限公司,花蓮縣花蓮市國風里林森路２１９號１樓,花蓮縣,花蓮市,國風里,花蓮市一般行政區,否,否,25000000.0,1997,有限公司,Y,1,670012,不動產投資開發
76964721,,國聯企業社,花蓮縣花蓮市國風里林森路２４３巷１２號,花蓮縣,花蓮市,國風里,花蓮市一般行政區,否,否,200000.0,1991,獨資,N,0,820300,影印服務
67943991,,世貿企業社,花蓮縣花蓮市國風里林森路２４３巷３號１樓,花蓮縣,花蓮市,國風里,花蓮市一般行政區,否,否,2200000.0,1999,獨資,Y,1,454400,冷凍調理食品批發
78037030,,佳美髮廊,花蓮縣花蓮市國風里林森路２４５之２號１樓,花蓮縣,花蓮市,國風里,花蓮市一般行政區,否,否,3000.0,1992,獨資,N,0,962111,美髮院及髮廊
56604002,,丹暘企業有限公司,花蓮縣花蓮市國風里林森路２４９巷２０號１樓,花蓮縣,花蓮市,國風里,花蓮市一般行政區,否,否,100000.0,2017,有限公司,Y,1,433211,冷凍、通風、空調系統裝修工程
60084844,,南希美學工作室,花蓮縣花蓮市國風里林森路２４９巷３弄２―１號１樓,花蓮縣,花蓮市,國風里,花蓮市一般行政區,否,否,30000.0,2024,獨資,N,0,962211,美甲美睫服務
31797495,,別樹創意工作室,花蓮縣花蓮市國風里林森路２４９巷３２號１樓,花蓮縣,花蓮市,國風里,花蓮市一般行政區,否,否,240000.0,2013,合夥,Y,1,591112,廣告影片製作
92538062,,森室餐飲,花蓮縣花蓮市國風里林森路２４９巷３７號,花蓮縣,花蓮市,國風里,花蓮市一般行政區,否,否,50000.0,2023,獨資,N,0,561115,餐廳
87347182,,榆香飯包,花蓮縣花蓮市國風里林森路２６９號１樓,花蓮縣,花蓮市,國風里,花蓮市一般行政區,否,否,50000.0,2020,獨資,N,0,561112,便當、自助餐店
21529767,,滿點企業社,花蓮縣花蓮市國風里林森路２７１－１號１樓,花蓮縣,花蓮市,國風里,花蓮市一般行政區,否,否,30000.0,2005,獨資,N,0,561200,餐食攤販
76964406,,陳小姐素食精品總匯,花蓮縣花蓮市國風里林森路２７３巷１弄１９號,花蓮縣,花蓮市,國風里,花蓮市一般行政區,否,否,288000.0,1991,獨資,Y,1,472999,未分類其他食品、飲料及菸草製品零售
91590032,,綠築設計企業社,花蓮縣花蓮市國風里林森路２７３巷６５號,花蓮縣,花蓮市,國風里,花蓮市一般行政區,否,否,200000.0,2022,獨資,Y,1,474213,廚櫃零售
60251321,,栖雲堂陶醉小時光工作室,花蓮縣花蓮市國風里林森路２７３巷７０號１樓,花蓮縣,花蓮市,國風里,花蓮市一般行政區,否,否,100000.0,2026,獨資,N,0,969099,未分類其他個人服務
64800197,,新英汽車百貨潤滑行,花蓮縣花蓮市國風里林森路２７５號,花蓮縣,花蓮市,國風里,花蓮市一般行政區,否,否,15000.0,1987,獨資,Y,1,484311,汽車零件、汽車百貨零售
72844985,,菓茶濃工作室,花蓮縣花蓮市國風里林森路２７５號１樓,花蓮縣,花蓮市,國風里,花蓮市一般行政區,否,否,200000.0,2018,獨資,N,0,563199,其他飲料店
30202263,,福御小館,花蓮縣花蓮市國風里林森路２７９號１樓,花蓮縣,花蓮市,國風里,花蓮市一般行政區,否,否,200000.0,2009,合夥,Y,1,561115,餐廳
54135639,,賴桑海鮮有限公司,花蓮縣花蓮市國風里林森路９０號,花蓮縣,花蓮市,國風里,花蓮市一般行政區,否,否,6800000.0,2013,有限公司,Y,1,561115,餐廳
72846246,,東禾企業社,花蓮縣花蓮市國風里林榮街１０號１樓,花蓮縣,花蓮市,國風里,花蓮市一般行政區,否,否,30000.0,2018,獨資,N,0,471999,未分類其他綜合商品零售
15780454,,東裕食品行,花蓮縣花蓮市國風里林榮街１１６巷２１號１樓,花蓮縣,花蓮市,國風里,花蓮市一般行政區,否,否,3000.0,2002,獨資,N,0,472921,糖果餅乾零售
92640828,,栗子手作烘焙,花蓮縣花蓮市國風里林榮街１１８號,花蓮縣,花蓮市,國風里,花蓮市一般行政區,否,否,50000.0,2023,獨資,N,0,472922,西點麵包零售
91159204,,泳春生活紓壓坊,花蓮縣花蓮市國風里林榮街１１８號１樓,花蓮縣,花蓮市,國風里,花蓮市一般行政區,否,否,200000.0,2022,獨資,N,0,969015,推拿按摩服務
93055492,,和豐農產行,花蓮縣花蓮市國風里林榮街２４號１樓,花蓮縣,花蓮市,國風里,花蓮市一般行政區,否,否,200000.0,2024,獨資,N,0,472111,蔬菜零售
91589491,,儱華企業社,花蓮縣花蓮市國風里林榮街５５號１樓,花蓮縣,花蓮市,國風里,花蓮市一般行政區,否,否,240000.0,2022,獨資,Y,1,434011,室內裝潢工程
76950445,,關勇三號,花蓮縣花蓮市國風里林榮街６０號,花蓮縣,花蓮市,國風里,花蓮市一般行政區,否,否,3000.0,1989,獨資,N,0,031013,內陸漁撈
93052615,,目光空間設計室內裝修,花蓮縣花蓮市國風里林榮街６１號,花蓮縣,花蓮市,國風里,花蓮市一般行政區,否,否,500000.0,2024,獨資,Y,1,434015,室內裝修工程
82183793,,妃妃小姐精緻秋岡婚紗,花蓮縣花蓮市國風里林榮街６７號１樓,花蓮縣,花蓮市,國風里,花蓮市一般行政區,否,否,80000.0,2019,獨資,Y,1,760199,其他攝影
18064856,,新生活淨水事業,花蓮縣花蓮市國風里林榮街７４巷１弄１４號,花蓮縣,花蓮市,國風里,花蓮市一般行政區,否,否,50000.0,2001,獨資,N,0,454700,非酒精飲料批發
91176891,,雨田一二樓,花蓮縣花蓮市國風里林榮街７４巷２弄２號,花蓮縣,花蓮市,國風里,花蓮市一般行政區,否,否,80000.0,2021,獨資,N,0,563112,咖啡館
83047282,,果拾建設有限公司,花蓮縣花蓮市國風里林榮街７４巷３弄５號１樓,花蓮縣,花蓮市,國風里,花蓮市一般行政區,否,否,10000000.0,2020,有限公司,Y,1,681111,自有不動產買賣
95208254,,祥恩塗裝企業社,花蓮縣花蓮市國風里林榮街７４巷３弄５號１樓,花蓮縣,花蓮市,國風里,花蓮市一般行政區,否,否,248000.0,2024,獨資,Y,1,434012,油漆粉刷、壁飾（紙）黏貼工程
37977939,,儷文行,花蓮縣花蓮市國風里００４鄰仁愛街１２１號１樓,花蓮縣,花蓮市,國風里,花蓮市一般行政區,否,否,238000.0,2013,獨資,Y,1,160213,電腦排版、照相排版、印刷排版
41008006,,泰雲軒食品行,花蓮縣花蓮市國風里００４鄰仁愛街１２３號１樓,花蓮縣,花蓮市,國風里,花蓮市一般行政區,否,否,200000.0,2014,獨資,Y,1,561115,餐廳
92639765,,港飲港食茶餐廳,花蓮縣花蓮市國風里００４鄰仁愛街１２７號１樓,花蓮縣,花蓮市,國風里,花蓮市一般行政區,否,否,100000.0,2023,獨資,N,0,561115,餐廳
83167841,83593205,番羽餐飲有限公司翻火鍋仁愛分公司,花蓮縣花蓮市國風里００４鄰仁愛街１３１、１３３號,花蓮縣,花蓮市,國風里,花蓮市一般行政區,否,否,0.0,2020,本國公司設立之分公司,Y,1,561115,餐廳
91595819,,成功小吃部,花蓮縣花蓮市國風里００４鄰仁愛街１３５號１樓,花蓮縣,花蓮市,國風里,花蓮市一般行政區,否,否,58000.0,2022,獨資,N,0,561113,麵店、小吃店
00080675,,甄饌私廚酒館有限公司,花蓮縣花蓮市國風里００４鄰仁愛街９１號、９５號,花蓮縣,花蓮市,國風里,花蓮市一般行政區,否,否,4000000.0,2024,有限公司,Y,1,562012,團膳承包
95082699,53096905,好好生活家居家具股份有限公司花蓮店,花蓮縣花蓮市國風里００４鄰林森路１７６號,花蓮縣,花蓮市,國風里,花蓮市一般行政區,否,否,0.0,2024,其他,Y,1,456212,進口家用家具批發
56667759,,林澤記有限公司,花蓮縣花蓮市國風里００５鄰和平路５４５巷２０號２２號,花蓮縣,花蓮市,國風里,花蓮市一般行政區,否,否,2300000.0,2017,有限公司,Y,1,561115,餐廳
41017096,,隆昌生活百貨,花蓮縣花蓮市國風里００５鄰林森路１６８號,花蓮縣,花蓮市,國風里,花蓮市一般行政區,否,否,200000.0,2015,合夥,Y,1,471913,雜貨店
60249923,,金玉越南牛肉河粉,花蓮縣花蓮市國風里００７鄰國風街１號,花蓮縣,花蓮市,國風里,花蓮市一般行政區,否,否,60000.0,2026,獨資,N,0,561113,麵店、小吃店
60251413,,花花阿嬤廚房,花蓮縣花蓮市國風里００８鄰林森路１１３號,花蓮縣,花蓮市,國風里,花蓮市一般行政區,否,否,50000.0,2026,獨資,N,0,561111,早餐店
28071552,,匯德百貨批發有限公司,花蓮縣花蓮市國風里００９鄰國風街２―１號,花蓮縣,花蓮市,國風里,花蓮市一般行政區,否,否,22500000.0,2006,有限公司,Y,1,471999,未分類其他綜合商品零售
80037325,,宇得貿易有限公司,花蓮縣花蓮市國風里００９鄰國風街２號１樓,花蓮縣,花蓮市,國風里,花蓮市一般行政區,否,否,3000000.0,2003,有限公司,Y,1,464320,金屬加工用機械批發
92637936,,啟業餐飲文化企業社,花蓮縣花蓮市國風里００９鄰國風街２２號１樓,花蓮縣,花蓮市,國風里,花蓮市一般行政區,否,否,50000.0,2023,獨資,N,0,561113,麵店、小吃店
52888128,,日拓室內裝修設計有限公司,花蓮縣花蓮市國風里００９鄰國風街６號１樓,花蓮縣,花蓮市,國風里,花蓮市一般行政區,否,否,10000000.0,2017,有限公司,Y,1,434015,室內裝修工程
60306070,,景元國際貿易有限公司,花蓮縣花蓮市國風里００９鄰國風街６號１樓,花蓮縣,花蓮市,國風里,花蓮市一般行政區,否,否,1000000.0,2026,有限公司,Y,1,464211,電子器材、電子設備批發
87347943,,遇見紅茶冰,花蓮縣花蓮市國風里００９鄰國風街６－１號１樓,花蓮縣,花蓮市,國風里,花蓮市一般行政區,否,否,10000.0,2020,獨資,N,0,563115,手搖飲店
28042282,,妍姿有限公司,花蓮縣花蓮市國風里００９鄰林森路２５３號１樓,花蓮縣,花蓮市,國風里,花蓮市一般行政區,否,否,500000.0,2005,有限公司,Y,1,475299,其他化粧品零售
95209303,,鼎淳行號,花蓮縣花蓮市國風里００９鄰林森路２６７號,花蓮縣,花蓮市,國風里,花蓮市一般行政區,否,否,100000.0,2025,獨資,N,0,561115,餐廳
95209937,,寒聚火鍋食堂,花蓮縣花蓮市國風里０１１鄰和平路５３６號,花蓮縣,花蓮市,國風里,花蓮市一般行政區,否,否,200000.0,2025,合夥,Y,1,561115,餐廳
82979096,,宇商通訊企業有限公司,花蓮縣花蓮市國風里０１１鄰和平路５４２號,花蓮縣,花蓮市,國風里,花蓮市一般行政區,否,否,6000000.0,2023,有限公司,Y,1,483212,手機及手機週邊零配件零售
70967089,,阿民小吃,花蓮縣花蓮市國風里０１１鄰林政街３７號,花蓮縣,花蓮市,國風里,花蓮市一般行政區,否,否,3000.0,2000,獨資,N,0,561113,麵店、小吃店
16239486,,上陽電訊科技有限公司,花蓮縣花蓮市國風里０１１鄰林政街４７號１樓,花蓮縣,花蓮市,國風里,花蓮市一般行政區,否,否,3000000.0,1997,有限公司,Y,1,464211,電子器材、電子設備批發
60253159,,婷婷行銷工作室,花蓮縣花蓮市國風里０１１鄰林政街７３號,花蓮縣,花蓮市,國風里,花蓮市一般行政區,否,否,200000.0,2026,獨資,Y,1,731099,其他廣告服務
34916880,,老邵餐館,花蓮縣花蓮市國風里０１１鄰林森路１６４號後面,花蓮縣,花蓮市,國風里,花蓮市一般行政區,否,否,200000.0,2010,合夥,Y,1,561113,麵店、小吃店
82182605,,焱世紀寵物百貨商行,花蓮縣花蓮市國風里０１１鄰林森路１６４號１樓,花蓮縣,花蓮市,國風里,花蓮市一般行政區,否,否,248000.0,2019,獨資,Y,1,485221,寵物用品零售
95208199,,信正企業社,花蓮縣花蓮市國風里０１２鄰林榮街７４巷７號１樓,花蓮縣,花蓮市,國風里,花蓮市一般行政區,否,否,230000.0,2024,獨資,N,0,472999,未分類其他食品、飲料及菸草製品零售
54980001,,巨鼎開發建設有限公司,花蓮縣花蓮市國風里０１２鄰林榮街７６－１號１樓,花蓮縣,花蓮市,國風里,花蓮市一般行政區,否,否,15000000.0,2019,有限公司,Y,1,670012,不動產投資開發
72763147,,財團法人花蓮縣田智宣文化藝術基金會,花蓮縣花蓮市國風里０１３鄰仁愛街１０２巷１，２號,花蓮縣,花蓮市,國風里,花蓮市一般行政區,否,否,2000000.0,2017,其他,N,0,563112,咖啡館
85206094,,馬丁娜印度小館,花蓮縣花蓮市國風里０１３鄰林森路１２１號１樓,花蓮縣,花蓮市,國風里,花蓮市一般行政區,否,否,200000.0,2020,獨資,N,0,561113,麵店、小吃店
93630159,,瑪丁那有限公司,花蓮縣花蓮市國風里０１３鄰林森路１２１號２樓,花蓮縣,花蓮市,國風里,花蓮市一般行政區,否,否,700000.0,2024,有限公司,Y,1,561115,餐廳
60249070,,派來派趣蛋糕烘焙,花蓮縣花蓮市國風里０１３鄰林森路１２７號,花蓮縣,花蓮市,國風里,花蓮市一般行政區,否,否,100000.0,2025,獨資,Y,1,472922,西點麵包零售
86589231,,立貴電料有限公司,花蓮縣花蓮市國風里０１３鄰林森路１２９號１樓,花蓮縣,花蓮市,國風里,花蓮市一般行政區,否,否,6000000.0,1992,有限公司,Y,1,474111,家用照明設備零售
50748235,,你好便當,花蓮縣花蓮市國風里０１３鄰林森路１６１號,花蓮縣,花蓮市,國風里,花蓮市一般行政區,否,否,200000.0,2018,獨資,N,0,561112,便當、自助餐店
42757816,,宏御建設有限公司,花蓮縣花蓮市國風里０１３鄰林森路１６５號,花蓮縣,花蓮市,國風里,花蓮市一般行政區,否,否,2000000.0,2015,有限公司,Y,1,670011,土地開發
92639110,,睿斯貝商行,花蓮縣花蓮市國風里０１４鄰和平路５９９號,花蓮縣,花蓮市,國風里,花蓮市一般行政區,否,否,50000.0,2023,獨資,N,0,561115,餐廳
92636508,,小題大作整合行銷工坊,花蓮縣花蓮市國風里０１４鄰和平路５９９號５樓,花蓮縣,花蓮市,國風里,花蓮市一般行政區,否,否,200000.0,2023,獨資,N,0,731099,其他廣告服務
89118636,,芯立賀有限公司,花蓮縣花蓮市國風里０１４鄰和平路６０５號１樓,花蓮縣,花蓮市,國風里,花蓮市一般行政區,否,否,100000.0,2023,有限公司,Y,1,454511,蛋類批發
91160130,,速還真美學苑,花蓮縣花蓮市國風里０１４鄰和平路６１１號１樓,花蓮縣,花蓮市,國風里,花蓮市一般行政區,否,否,200000.0,2022,獨資,N,0,962299,其他美容美體服務
40957731,,柚子之家和平民宿,花蓮縣花蓮市國風里０１４鄰和平路６１３號,花蓮縣,花蓮市,國風里,花蓮市一般行政區,否,否,10000.0,2014,獨資,N,0,551013,民宿
49750248,,宏亞實業行,花蓮縣花蓮市國風里０１４鄰和平路６１７―１號１樓,花蓮縣,花蓮市,國風里,花蓮市一般行政區,否,否,220000.0,2016,獨資,Y,1,485216,礦物（寶石、貴金屬除外）零售
60251510,,上新企業社,花蓮縣花蓮市國風里０１４鄰和平路６１７號１樓,花蓮縣,花蓮市,國風里,花蓮市一般行政區,否,否,200000.0,2026,獨資,Y,1,410011,房屋修繕
60252807,,上佳企業社,花蓮縣花蓮市國風里０１４鄰和平路６１７號１樓,花蓮縣,花蓮市,國風里,花蓮市一般行政區,否,否,200000.0,2026,獨資,Y,1,410011,房屋修繕
61457096,,樂樂服飾,花蓮縣花蓮市國風里０１４鄰和平路６１７號１樓,花蓮縣,花蓮市,國風里,花蓮市一般行政區,否,否,100000.0,2026,獨資,N,0,473211,服裝零售
95208249,,悠遊行企業社,花蓮縣花蓮市國風里０１４鄰和平路６１７號１樓,花蓮縣,花蓮市,國風里,花蓮市一般行政區,否,否,200000.0,2024,獨資,Y,1,465211,全新機車批發
85213150,,珈樂髮廊,花蓮縣花蓮市國風里０１４鄰和平路６５９號１樓,花蓮縣,花蓮市,國風里,花蓮市一般行政區,否,否,3000.0,2020,獨資,N,0,962112,理髮店
91156852,,禾康便當,花蓮縣花蓮市國風里０１４鄰國風街１０３號１樓,花蓮縣,花蓮市,國風里,花蓮市一般行政區,否,否,3000.0,2021,獨資,N,0,561112,便當、自助餐店
91594001,,兆勝企業社,花蓮縣花蓮市國風里０１４鄰國風街１０３號１樓,花蓮縣,花蓮市,國風里,花蓮市一般行政區,否,否,230000.0,2022,獨資,Y,1,434011,室內裝潢工程
91159318,,新龍工程行,花蓮縣花蓮市國風里０１４鄰國風街７３號２樓,花蓮縣,花蓮市,國風里,花蓮市一般行政區,否,否,50000.0,2022,獨資,Y,1,433111,水電工程
72855271,,工殿民宿,花蓮縣花蓮市國風里０１４鄰建林街３３號,花蓮縣,花蓮市,國風里,花蓮市一般行政區,否,否,50000.0,2018,獨資,N,0,551013,民宿
91588681,,正聖商行,花蓮縣花蓮市國風里０１４鄰建林街４３號,花蓮縣,花蓮市,國風里,花蓮市一般行政區,否,否,20000.0,2022,獨資,N,0,472999,未分類其他食品、飲料及菸草製品零售
92640355,,湄麗美學苑,花蓮縣花蓮市國風里０１４鄰建林街４５－１號１樓,花蓮縣,花蓮市,國風里,花蓮市一般行政區,否,否,249900.0,2023,獨資,N,0,962211,美甲美睫服務
83470560,,天韻企業有限公司,花蓮縣花蓮市國風里０１４鄰建林街５３號１樓,花蓮縣,花蓮市,國風里,花蓮市一般行政區,否,否,200000.0,2020,有限公司,Y,1,461999,未分類其他建材批發
84439785,,健琳營造工程股份有限公司,花蓮縣花蓮市國風里０１４鄰建林街５７號１樓,花蓮縣,花蓮市,國風里,花蓮市一般行政區,否,否,22500000.0,1994,股份有限公司,Y,1,410099,其他建築工程
94808724,,忠信土木包工業,花蓮縣花蓮市國風里０１４鄰建林街５７號１樓,花蓮縣,花蓮市,國風里,花蓮市一般行政區,否,否,1000000.0,1982,獨資,Y,1,429099,未分類其他土木工程
93055599,,躍動運動訓練事業,花蓮縣花蓮市國風里０１４鄰林政街２６號１樓,花蓮縣,花蓮市,國風里,花蓮市一般行政區,否,否,80000.0,2024,獨資,N,0,931299,其他運動場館
50742318,,瑞光機電行,花蓮縣花蓮市國風里０１４鄰林政街７８號１樓,花蓮縣,花蓮市,國風里,花蓮市一般行政區,否,否,240000.0,2017,獨資,Y,1,433117,電纜裝修工程
93057323,,玥星企業社,花蓮縣花蓮市國風里０１４鄰林政街７８號１樓,花蓮縣,花蓮市,國風里,花蓮市一般行政區,否,否,200000.0,2024,獨資,Y,1,433117,電纜裝修工程
93578983,,綱領環球顧問有限公司,花蓮縣花蓮市國風里０１４鄰林政街８８巷２１號１樓,花蓮縣,花蓮市,國風里,花蓮市一般行政區,否,否,500000.0,2024,有限公司,Y,1,711299,其他工程服務及相關技術顧問
50543248,,愛玩客民宿,花蓮縣花蓮市國風里０１４鄰林政街８８巷２７號,花蓮縣,花蓮市,國風里,花蓮市一般行政區,否,否,80000.0,2016,獨資,N,0,551013,民宿
92636129,,謙金商行,花蓮縣花蓮市國風里０１４鄰林森路１８９號,花蓮縣,花蓮市,國風里,花蓮市一般行政區,否,否,200000.0,2023,獨資,N,0,563199,其他飲料店
83477748,23060248,全家便利商店股份有限公司花蓮縣第一○七分公司,花蓮縣花蓮市國風里０１４鄰林森路１８９號、１９１號１樓,花蓮縣,花蓮市,國風里,花蓮市一般行政區,否,否,0.0,2020,本國公司設立之分公司,Y,1,471112,直營連鎖式便利商店
87385544,,花蓮全民視頻企業社,花蓮縣花蓮市國風里０１４鄰林森路１９５號,花蓮縣,花蓮市,國風里,花蓮市一般行政區,否,否,240520.0,2020,獨資,N,0,471999,未分類其他綜合商品零售
91594430,,滎陽人力工程行,花蓮縣花蓮市國風里０１４鄰林森路１９５號１樓,花蓮縣,花蓮市,國風里,花蓮市一般行政區,否,否,245000.0,2022,獨資,Y,1,782000,人力供應
41467199,,大贏家運彩,花蓮縣花蓮市國風里０１４鄰林森路１９９號１樓,花蓮縣,花蓮市,國風里,花蓮市一般行政區,否,否,50000.0,2016,獨資,N,0,920011,彩券銷售
92640685,,財神寶庫投注站,花蓮縣花蓮市國風里０１４鄰林森路１９９號１樓,花蓮縣,花蓮市,國風里,花蓮市一般行政區,否,否,50000.0,2023,獨資,N,0,920011,彩券銷售
83636507,22555003,統一超商股份有限公司花蓮縣第一一０分公司,花蓮縣花蓮市國風里０１５鄰和平路５９７號１樓,花蓮縣,花蓮市,國風里,花蓮市一般行政區,否,否,0.0,2020,本國公司設立之分公司,Y,1,471113,加盟連鎖式便利商店（有商品進、銷貨行為）
95211363,,実花美顏坊,花蓮縣花蓮市國風里０１５鄰和平路５９７號３樓,花蓮縣,花蓮市,國風里,花蓮市一般行政區,否,否,50000.0,2025,獨資,N,0,475299,其他化粧品零售
93055562,,雞王舒食商行,花蓮縣花蓮市國風里０１５鄰建林街１０號,花蓮縣,花蓮市,國風里,花蓮市一般行政區,否,否,100000.0,2024,獨資,N,0,472212,禽肉零售
37999791,,森活美容坊,花蓮縣花蓮市國風里０１５鄰建林街１２號１樓,花蓮縣,花蓮市,國風里,花蓮市一般行政區,否,否,50000.0,2014,獨資,N,0,962299,其他美容美體服務
41015490,,齊憶工程行,花蓮縣花蓮市國風里０１５鄰建林街１２號１樓,花蓮縣,花蓮市,國風里,花蓮市一般行政區,否,否,200000.0,2015,獨資,Y,1,434011,室內裝潢工程
82179783,,喵居珈琲工作室,花蓮縣花蓮市國風里０１５鄰建林街２０號１樓,花蓮縣,花蓮市,國風里,花蓮市一般行政區,否,否,10000.0,2019,獨資,N,0,561115,餐廳
72844839,,旺巷寵物,花蓮縣花蓮市國風里０１５鄰建林街２６號１樓,花蓮縣,花蓮市,國風里,花蓮市一般行政區,否,否,50000.0,2018,獨資,N,0,969021,寵物照顧及訓練
85212167,,鴻達五金材料行,花蓮縣花蓮市國風里０１６鄰國風街２１巷１號１樓,花蓮縣,花蓮市,國風里,花蓮市一般行政區,否,否,200000.0,2020,獨資,N,0,487199,其他電子購物及郵購
92538648,,山瑞工程行,花蓮縣花蓮市國風里０１６鄰國風街２１巷１２號１樓,花蓮縣,花蓮市,國風里,花蓮市一般行政區,否,否,200000.0,2023,獨資,Y,1,439099,未分類其他專門營造
93053467,,找點用餐早午餐,花蓮縣花蓮市國風里０１６鄰國風街２１巷３號１樓,花蓮縣,花蓮市,國風里,花蓮市一般行政區,否,否,180000.0,2024,獨資,N,0,561115,餐廳
95212709,,家綾髮屋,花蓮縣花蓮市國風里０１６鄰國風街２１巷３號１樓,花蓮縣,花蓮市,國風里,花蓮市一般行政區,否,否,240000.0,2025,獨資,N,0,962112,理髮店
83304731,,展浩娛樂事業有限公司,花蓮縣花蓮市國風里０１６鄰國風街７２號１樓,花蓮縣,花蓮市,國風里,花蓮市一般行政區,否,否,200000.0,2020,有限公司,Y,1,932999,未分類其他娛樂及休閒服務
41459424,,無設限咖啡,花蓮縣花蓮市國風里０１６鄰國風街８４號１樓,花蓮縣,花蓮市,國風里,花蓮市一般行政區,否,否,200000.0,2015,獨資,N,0,472918,咖啡零售
87374589,,豆豆美國工作室,花蓮縣花蓮市國風里０１６鄰國風街８４號１樓,花蓮縣,花蓮市,國風里,花蓮市一般行政區,否,否,80000.0,2020,獨資,Y,1,487912,非店面零售代理
91340181,,建程商號,花蓮縣花蓮市國風里０１６鄰林政街８巷２弄６號,花蓮縣,花蓮市,國風里,花蓮市一般行政區,否,否,3000.0,2021,獨資,N,0,561115,餐廳
30209006,,米那度海吧餐廳,花蓮縣花蓮市國風里０１８鄰林森路２１５號,花蓮縣,花蓮市,國風里,花蓮市一般行政區,否,否,100000.0,2010,獨資,N,0,561115,餐廳
83132822,,世貿企業有限公司,花蓮縣花蓮市國風里０１８鄰林森路２４３巷３號１樓,花蓮縣,花蓮市,國風里,花蓮市一般行政區,否,否,2000000.0,2020,有限公司,Y,1,530200,冷凍冷藏倉儲經營
85213124,,水木艸夫企業社,花蓮縣花蓮市國風里０１８鄰林森路２４３巷３０號１樓,花蓮縣,花蓮市,國風里,花蓮市一般行政區,否,否,10000.0,2020,獨資,N,0,485111,切花、盆栽零售
60236672,,日升檳榔行,花蓮縣花蓮市國風里０１９鄰林森路１４４號,花蓮縣,花蓮市,國風里,花蓮市一般行政區,否,否,50000.0,2025,獨資,N,0,472936,檳榔零售
49780192,,美好商行,花蓮縣花蓮市國風里０１９鄰林森路１４４號１樓,花蓮縣,花蓮市,國風里,花蓮市一般行政區,否,否,200000.0,2016,獨資,N,0,561115,餐廳
95210272,,鑫勝科技電動車,花蓮縣花蓮市國風里０２０鄰建林街７７號１樓,花蓮縣,花蓮市,國風里,花蓮市一般行政區,否,否,200000.0,2025,獨資,Y,1,484211,全新機車零售
91591412,,東部糧食行,花蓮縣花蓮市國風里０２０鄰林森路２４５號,花蓮縣,花蓮市,國風里,花蓮市一般行政區,否,否,30000.0,2022,獨資,N,0,472924,米零售
92635901,,日日有餘企業社,花蓮縣花蓮市國風里０２０鄰林森路２４９巷５６號１樓,花蓮縣,花蓮市,國風里,花蓮市一般行政區,否,否,240000.0,2023,獨資,N,0,563199,其他飲料店
39951013,,黑鯨咖啡館,花蓮縣花蓮市國風里０２１鄰林森路２５５－１號１樓,花蓮縣,花蓮市,國風里,花蓮市一般行政區,否,否,200000.0,2014,獨資,N,0,563199,其他飲料店
93056675,,日船章魚燒,花蓮縣花蓮市國風里０２２鄰林森路２７３巷３３號,花蓮縣,花蓮市,國風里,花蓮市一般行政區,否,否,100000.0,2024,獨資,N,0,561200,餐食攤販
41632212,,蜂巢旅居民宿,花蓮縣花蓮市國風里０２３鄰建林街１２２號,花蓮縣,花蓮市,國風里,花蓮市一般行政區,否,否,200000.0,2015,獨資,N,0,551013,民宿
91594179,,小熊寶貝童裝店,花蓮縣花蓮市國風里０２３鄰建林街１２２號１樓,花蓮縣,花蓮市,國風里,花蓮市一般行政區,否,否,10000.0,2022,獨資,N,0,473211,服裝零售
42207046,,皇裔民宿,花蓮縣花蓮市國風里０２３鄰建林街１３０號,花蓮縣,花蓮市,國風里,花蓮市一般行政區,否,否,30000.0,2015,獨資,N,0,551013,民宿
45097774,,皇族建設有限公司,花蓮縣花蓮市國風里０２３鄰建林街１３０號,花蓮縣,花蓮市,國風里,花蓮市一般行政區,否,否,12000000.0,2016,有限公司,Y,1,670012,不動產投資開發
90033925,,皇族多媒體股份有限公司,花蓮縣花蓮市國風里０２３鄰建林街１３０號１樓,花蓮縣,花蓮市,國風里,花蓮市一般行政區,否,否,2000000.0,2022,股份有限公司,Y,1,731099,其他廣告服務
60253637,,駿晟工程行,花蓮縣花蓮市國風里０２４鄰建林街１１５號１樓,花蓮縣,花蓮市,國風里,花蓮市一般行政區,否,否,238000.0,2026,獨資,Y,1,439099,未分類其他專門營造
93760687,,捷新土木包工業有限公司,花蓮縣花蓮市國風里０２４鄰建林街１１５號１樓,花蓮縣,花蓮市,國風里,花蓮市一般行政區,否,否,2000000.0,2023,有限公司,Y,1,429099,未分類其他土木工程
92636514,,霧川商行,花蓮縣花蓮市國風里０２４鄰林森路２７３巷１弄２６號１樓,花蓮縣,花蓮市,國風里,花蓮市一般行政區,否,否,240000.0,2023,獨資,N,0,561113,麵店、小吃店
92537964,,知安藝術美學,花蓮縣花蓮市國風里０２４鄰林森路２７３巷１弄２６號２樓,花蓮縣,花蓮市,國風里,花蓮市一般行政區,否,否,100000.0,2023,獨資,N,0,962211,美甲美睫服務
60247404,,森鹿手作坊,花蓮縣花蓮市國風里０２４鄰林森路２８９號２樓之２,花蓮縣,花蓮市,國風里,花蓮市一般行政區,否,否,68000.0,2025,獨資,N,0,472922,西點麵包零售
60248635,,億聖工程行,花蓮縣花蓮市國風里０２４鄰林森路２８９號６樓之１,花蓮縣,花蓮市,國風里,花蓮市一般行政區,否,否,200000.0,2025,獨資,Y,1,433212,管道工程
95212742,,億成工程行,花蓮縣花蓮市國風里０２４鄰林森路２８９號６樓之１,花蓮縣,花蓮市,國風里,花蓮市一般行政區,否,否,200000.0,2025,獨資,Y,1,433212,管道工程
92791178,,艾美睫時尚美學,花蓮縣花蓮市國風里０２５鄰建林街８８號１樓,花蓮縣,花蓮市,國風里,花蓮市一般行政區,否,否,50000.0,2023,獨資,N,0,962299,其他美容美體服務
93050481,,沐恩企業社,花蓮縣花蓮市國風里０２５鄰建林街８８號２樓,花蓮縣,花蓮市,國風里,花蓮市一般行政區,否,否,200000.0,2024,獨資,Y,1,487213,多層次傳銷（佣金收入）
93053115,,東森工程行,花蓮縣花蓮市國風里０２５鄰建林街９２號１樓,花蓮縣,花蓮市,國風里,花蓮市一般行政區,否,否,240000.0,2024,獨資,Y,1,429099,未分類其他土木工程
93053136,,恆發工程行,花蓮縣花蓮市國風里０２５鄰建林街９２號１樓,花蓮縣,花蓮市,國風里,花蓮市一般行政區,否,否,240000.0,2024,獨資,Y,1,429099,未分類其他土木工程
82178784,,紅不讓自助餐,花蓮縣花蓮市國風里０２５鄰林森路２４９巷４弄１２號１樓,花蓮縣,花蓮市,國風里,花蓮市一般行政區,否,否,200000.0,2019,獨資,N,0,561112,便當、自助餐店
70447807,84454096,中國青年旅行社有限公司東部分公司,花蓮縣花蓮市國風里１０鄰建林街７０號,花蓮縣,花蓮市,國風里,花蓮市一般行政區,否,否,0.0,2000,本國公司設立之分公司,Y,1,790011,旅行業
85203786,,吾庭文旅民宿,花蓮縣花蓮市國風里１０鄰林政街３３巷２５號,花蓮縣,花蓮市,國風里,花蓮市一般行政區,否,否,200000.0,2019,獨資,N,0,551013,民宿
34893346,,俐宣髮廊,花蓮縣花蓮市國風里１０鄰林森路２５１―１號１樓,花蓮縣,花蓮市,國風里,花蓮市一般行政區,否,否,9000.0,2011,獨資,N,0,962111,美髮院及髮廊
26792604,,紅帆天商行,花蓮縣花蓮市國風里１１鄰和平路５３８號,花蓮縣,花蓮市,國風里,花蓮市一般行政區,否,否,100000.0,2012,獨資,N,0,561111,早餐店
08123878,,弦昇高級金香專賣店,花蓮縣花蓮市國風里１１鄰林政街４５號１樓,花蓮縣,花蓮市,國風里,花蓮市一般行政區,否,否,3000.0,1985,獨資,N,0,485212,宗教、喪葬用品零售
92095432,,木麻坊工作室,花蓮縣花蓮市國風里１１鄰林政街４９號１樓,花蓮縣,花蓮市,國風里,花蓮市一般行政區,否,否,3000.0,1994,獨資,N,0,485217,手工藝品零售
25176954,,東楓創意行銷有限公司,花蓮縣花蓮市國風里１１鄰林政街５１號１樓,花蓮縣,花蓮市,國風里,花蓮市一般行政區,否,否,2000000.0,2010,有限公司,Y,1,160100,印刷
02748550,,花漾村聲民宿,花蓮縣花蓮市國風里１１鄰林政街５３號,花蓮縣,花蓮市,國風里,花蓮市一般行政區,否,否,3000.0,2013,獨資,N,0,551013,民宿
28640837,,喬凱國際貿易股份有限公司,花蓮縣花蓮市國風里１１鄰林政街６３號１樓,花蓮縣,花蓮市,國風里,花蓮市一般行政區,否,否,3000000.0,2007,股份有限公司,Y,1,472922,西點麵包零售
08129578,,自由打字行,花蓮縣花蓮市國風里１１鄰林政街７２號１樓,花蓮縣,花蓮市,國風里,花蓮市一般行政區,否,否,6000.0,1986,獨資,Y,1,820912,文件打字、撰稿及速記等服務
12930281,,金東慶有限公司,花蓮縣花蓮市國風里１１鄰林森路１６０號,花蓮縣,花蓮市,國風里,花蓮市一般行政區,否,否,500000.0,2001,有限公司,Y,1,471113,加盟連鎖式便利商店（有商品進、銷貨行為）
70750878,22555003,統一超商股份有限公司花蓮縣第三十三分公司,花蓮縣花蓮市國風里１１鄰林森路１６０號１樓,花蓮縣,花蓮市,國風里,花蓮市一般行政區,否,否,0.0,1999,本國公司設立之分公司,Y,1,471112,直營連鎖式便利商店
31483240,,星泉企業社,花蓮縣花蓮市國風里１３鄰林政街３３巷１弄５號１樓,花蓮縣,花蓮市,國風里,花蓮市一般行政區,否,否,490000.0,2007,獨資,Y,1,474199,其他家用電器零售
27835686,,永盛發電料有限公司,花蓮縣花蓮市國風里１３鄰林森路１２３號１樓,花蓮縣,花蓮市,國風里,花蓮市一般行政區,否,否,3000000.0,2005,有限公司,Y,1,456111,家電材料批發
53505492,,殷成有限公司,花蓮縣花蓮市國風里１４鄰和平路６０１號１樓,花蓮縣,花蓮市,國風里,花蓮市一般行政區,否,否,10000000.0,2011,有限公司,Y,1,670012,不動產投資開發
67931427,,協禾商行,花蓮縣花蓮市國風里１４鄰和平路６０１號１樓,花蓮縣,花蓮市,國風里,花蓮市一般行政區,否,否,50000.0,1998,合夥,Y,1,434099,其他建物完工裝修工程
26645815,,宏品牛排館,花蓮縣花蓮市國風里１４鄰和平路６０５號１樓,花蓮縣,花蓮市,國風里,花蓮市一般行政區,否,否,3000.0,2011,獨資,N,0,561115,餐廳
01760703,,花蓮五指山建林民宿,花蓮縣花蓮市國風里１４鄰建林街５３號,花蓮縣,花蓮市,國風里,花蓮市一般行政區,否,否,3000.0,2013,獨資,N,0,551013,民宿
26658016,,華廈美而美國風店,花蓮縣花蓮市國風里１４鄰林政街３６號１樓,花蓮縣,花蓮市,國風里,花蓮市一般行政區,否,否,3000.0,2011,獨資,N,0,561111,早餐店
31421414,,泰紅工程行,花蓮縣花蓮市國風里１４鄰林政街８８巷５２號１樓,花蓮縣,花蓮市,國風里,花蓮市一般行政區,否,否,490000.0,2006,獨資,Y,1,434013,房屋設備安裝工程
94244394,,華隆行,花蓮縣花蓮市國風里１６鄰國風街８０號１樓,花蓮縣,花蓮市,國風里,花蓮市一般行政區,否,否,100000.0,1970,獨資,Y,1,484311,汽車零件、汽車百貨零售
99824456,,阿克活力早餐,花蓮縣花蓮市國風里１６鄰國風街８２號１樓,花蓮縣,花蓮市,國風里,花蓮市一般行政區,否,否,50000.0,2004,獨資,N,0,561200,餐食攤販
31793049,,國陞企業社,花蓮縣花蓮市國風里１６鄰林政街８８巷２２號１樓,花蓮縣,花蓮市,國風里,花蓮市一般行政區,否,否,240000.0,2013,獨資,Y,1,429099,未分類其他土木工程
34886984,,雲朵手工藝精品屋,花蓮縣花蓮市國風里１６鄰林政街８８巷４２號１樓,花蓮縣,花蓮市,國風里,花蓮市一般行政區,否,否,10000.0,2010,獨資,N,0,473299,其他服裝及其配件零售
22664987,,珍成有限公司,花蓮縣花蓮市國風里１８鄰林森路２１３號１樓,花蓮縣,花蓮市,國風里,花蓮市一般行政區,否,否,5000000.0,1987,有限公司,Y,1,476211,非電動自行車及非電動自行車零件零售
66993183,,金生元鐵櫃傢俱行,花蓮縣花蓮市國風里１８鄰林森路２４１號,花蓮縣,花蓮市,國風里,花蓮市一般行政區,否,否,200000.0,2006,獨資,Y,1,474211,國產家用家具零售
64808769,,曼伶美髮院,花蓮縣花蓮市國風里１９鄰和平街５７２號,花蓮縣,花蓮市,國風里,花蓮市一般行政區,否,否,3000.0,1988,獨資,N,0,962111,美髮院及髮廊
31616396,,花二精剪屋,花蓮縣花蓮市國風里１９鄰林森路１４２號,花蓮縣,花蓮市,國風里,花蓮市一般行政區,否,否,20000.0,2011,合夥,N,0,962111,美髮院及髮廊
70955653,,安泰機車行,花蓮縣花蓮市國風里２０鄰建林街７３號１樓,花蓮縣,花蓮市,國風里,花蓮市一般行政區,否,否,100000.0,1999,獨資,N,0,484211,全新機車零售
62193495,,賀瀚淨水有限公司,花蓮縣花蓮市國風里２２鄰林森路２７３巷１號１樓,花蓮縣,花蓮市,國風里,花蓮市一般行政區,否,否,600000.0,2026,有限公司,Y,1,456199,其他家用電器批發
15796857,,東輝企業社,花蓮縣花蓮市國風里２２鄰林森路２７３巷６９號１樓,花蓮縣,花蓮市,國風里,花蓮市一般行政區,否,否,3000000.0,2003,獨資,Y,1,811000,複合支援服務
84620932,,路豐機械工程有限公司,花蓮縣花蓮市國風里２３鄰建林街１０３號,花蓮縣,花蓮市,國風里,花蓮市一般行政區,否,否,3000000.0,1993,有限公司,Y,1,340099,其他產業用機械設備維修及安裝
76955862,03557311,臺灣銀行股份有限公司北花蓮分公司,花蓮縣花蓮市國風里２４鄰林森路２８１號一．二樓,花蓮縣,花蓮市,國風里,花蓮市一般行政區,否,否,0.0,1990,本國公司設立之分公司,N,0,641211,本國銀行
78035976,,好鄰居便利商店,花蓮縣花蓮市國風里２５鄰建林街８０號,花蓮縣,花蓮市,國風里,花蓮市一般行政區,否,否,3000.0,1991,獨資,N,0,472913,菸酒零售
18047323,,日式妙姬髮藝,花蓮縣花蓮市國風里２５鄰建林街９０號１樓,花蓮縣,花蓮市,國風里,花蓮市一般行政區,否,否,180000.0,2000,獨資,N,0,962112,理髮店
28424129,89390488,特力屋股份有限公司花蓮分公司,花蓮縣花蓮市國風里４鄰林森路１７６號,花蓮縣,花蓮市,國風里,花蓮市一般行政區,否,否,0.0,2007,本國公司設立之分公司,Y,1,452000,綜合商品批發
31794531,,阿里郎韓式料理,花蓮縣花蓮市國風里５鄰和平路５１６巷３號１樓,花蓮縣,花蓮市,國風里,花蓮市一般行政區,否,否,10000.0,2013,獨資,Y,1,561115,餐廳
30377381,,利成五金行,花蓮縣花蓮市國風里５鄰和平路５４１號,花蓮縣,花蓮市,國風里,花蓮市一般行政區,否,否,200000.0,2009,獨資,Y,1,464317,農用及園藝機械批發
94633725,,福享實業有限公司,花蓮縣花蓮市國風里５鄰林森路１３４號,花蓮縣,花蓮市,國風里,花蓮市一般行政區,否,否,6000000.0,1974,有限公司,Y,1,474999,未分類其他家用器具及用品零售
80625581,,陞鑫貿易有限公司,花蓮縣花蓮市國風里８鄰林森路１１５巷３５號１樓,花蓮縣,花蓮市,國風里,花蓮市一般行政區,否,否,1000000.0,2004,有限公司,Y,1,472933,保健營養食品零售
67930882,,雅廸髮廊,花蓮縣花蓮市國風里９鄰林政街６２號１樓,花蓮縣,花蓮市,國風里,花蓮市一般行政區,否,否,3000.0,1998,獨資,N,0,962112,理髮店
18056997,,一元飯店,花蓮縣花蓮市國風里９鄰林森路２６１號,花蓮縣,花蓮市,國風里,花蓮市一般行政區,否,否,3000.0,2001,獨資,N,0,561111,早餐店
31793738,,中文社,花蓮縣花蓮市國風里９鄰林森路２７１號１樓,花蓮縣,花蓮市,國風里,花蓮市一般行政區,否,否,10000.0,2013,獨資,Y,1,476112,書籍、雜誌零售
09635905,12228473,神腦國際企業股份有限公司花蓮中山門市,花蓮縣花蓮市國魂里中山路４６９號,花蓮縣,花蓮市,國魂里,花蓮市一般行政區,否,否,0.0,2006,其他,Y,1,483212,手機及手機週邊零配件零售
60260399,59112564,歐都納股份有限公司花蓮中山店,花蓮縣花蓮市國魂里中山路４７１號,花蓮縣,花蓮市,國魂里,花蓮市一般行政區,否,否,0.0,2025,其他,Y,1,476212,登山用品、露營用品零售
94186401,,有限責任花蓮第一信用合作社,花蓮縣花蓮市國魂里中山路４７３號,花蓮縣,花蓮市,國魂里,花蓮市一般行政區,否,否,625586300.0,1949,合作社,Y,1,641300,信用合作社
72848130,,東祥綠動車業,花蓮縣花蓮市國魂里中山路４７３－４號,花蓮縣,花蓮市,國魂里,花蓮市一般行政區,否,否,200000.0,2018,獨資,Y,1,484211,全新機車零售
60247517,,野灼餐飲企業社,花蓮縣花蓮市國魂里中山路４７３－５號,花蓮縣,花蓮市,國魂里,花蓮市一般行政區,否,否,249999.0,2025,獨資,N,0,561115,餐廳
41112850,,嚴玉桂食堂,花蓮縣花蓮市國魂里中山路４７５―５號,花蓮縣,花蓮市,國魂里,花蓮市一般行政區,否,否,3000.0,2014,獨資,N,0,561113,麵店、小吃店
09957102,,拉亞漢堡,花蓮縣花蓮市國魂里中山路４７５―６號,花蓮縣,花蓮市,國魂里,花蓮市一般行政區,否,否,5000.0,2006,獨資,N,0,561111,早餐店
26794119,,志城菸酒,花蓮縣花蓮市國魂里中山路４９９號１樓,花蓮縣,花蓮市,國魂里,花蓮市一般行政區,否,否,50000.0,2012,獨資,Y,1,472913,菸酒零售
18056223,,三媽臭臭鍋商校店,花蓮縣花蓮市國魂里中山路５０５號１樓及騎樓,花蓮縣,花蓮市,國魂里,花蓮市一般行政區,否,否,50000.0,2001,獨資,N,0,561113,麵店、小吃店
85209682,,滷富小吃,花蓮縣花蓮市國魂里中山路５０７―１號１樓,花蓮縣,花蓮市,國魂里,花蓮市一般行政區,否,否,50000.0,2019,獨資,Y,1,561113,麵店、小吃店
24298403,,新美廉百貨批發有限公司,花蓮縣花蓮市國魂里中山路５０７－２號,花蓮縣,花蓮市,國魂里,花蓮市一般行政區,否,否,5000000.0,2009,有限公司,Y,1,452000,綜合商品批發
26651484,,花商周家小籠包,花蓮縣花蓮市國魂里中山路５０９號１樓,花蓮縣,花蓮市,國魂里,花蓮市一般行政區,否,否,50000.0,2011,獨資,N,0,561113,麵店、小吃店
61455409,,臨心設計企業,花蓮縣花蓮市國魂里中山路５０９號６樓,花蓮縣,花蓮市,國魂里,花蓮市一般行政區,否,否,1507055.0,2026,獨資,Y,1,702099,其他管理顧問
95215403,,日興茶飲,花蓮縣花蓮市國魂里中山路５１５號１樓,花蓮縣,花蓮市,國魂里,花蓮市一般行政區,否,否,5000.0,2025,獨資,N,0,563115,手搖飲店
91155164,,怡順企業社,花蓮縣花蓮市國魂里中山路５２５巷２弄９號１樓,花蓮縣,花蓮市,國魂里,花蓮市一般行政區,否,否,1000000.0,2021,獨資,Y,1,476299,其他運動用品及器材零售
41459901,,攪和咖啡館,花蓮縣花蓮市國魂里中山路５３５巷２３號,花蓮縣,花蓮市,國魂里,花蓮市一般行政區,否,否,80000.0,2015,獨資,N,0,563112,咖啡館
91157640,,富鴻鋼構企業社,花蓮縣花蓮市國魂里中山路５３５巷２５―２號２樓,花蓮縣,花蓮市,國魂里,花蓮市一般行政區,否,否,200000.0,2021,獨資,Y,1,410099,其他建築工程
12806683,,飛芃國際貿易有限公司,花蓮縣花蓮市國魂里中山路５３５巷３號２樓,花蓮縣,花蓮市,國魂里,花蓮市一般行政區,否,否,3000000.0,2001,有限公司,Y,1,461912,矽酸鈣板批發
92537423,,日燦商行,花蓮縣花蓮市國魂里中山路５４１號１樓,花蓮縣,花蓮市,國魂里,花蓮市一般行政區,否,否,100000.0,2023,合夥,Y,1,563115,手搖飲店
08135261,94170409,花蓮市農會農民購物中心,花蓮縣花蓮市國魂里中山路５４７號１樓,花蓮縣,花蓮市,國魂里,花蓮市一般行政區,否,否,0.0,1986,其他,Y,1,471916,超級市場
28993487,89589328,統一生活事業股份有限公司花蓮市第二分公司,花蓮縣花蓮市國魂里中山路５４９―１號,花蓮縣,花蓮市,國魂里,花蓮市一般行政區,否,否,0.0,2010,本國公司設立之分公司,Y,1,475112,西藥零售
31727652,23928945,安心食品服務股份有限公司花蓮中山門市部,花蓮縣花蓮市國魂里中山路５４９―１號,花蓮縣,花蓮市,國魂里,花蓮市一般行政區,否,否,0.0,2012,其他,Y,1,561114,連鎖速食店
34886979,,桃花源茶舖,花蓮縣花蓮市國魂里中山路５４９―１號,花蓮縣,花蓮市,國魂里,花蓮市一般行政區,否,否,2000000.0,2010,合夥,Y,1,563199,其他飲料店
72846920,,饗食美味企業社,花蓮縣花蓮市國魂里中山路５４９―１號,花蓮縣,花蓮市,國魂里,花蓮市一般行政區,否,否,200000.0,2018,獨資,Y,1,561113,麵店、小吃店
87349409,,鼎竑鍋物,花蓮縣花蓮市國魂里中山路５４９―１號,花蓮縣,花蓮市,國魂里,花蓮市一般行政區,否,否,200000.0,2020,獨資,Y,1,561115,餐廳
95208986,,肉多多企業社,花蓮縣花蓮市國魂里中山路５４９―１號１樓,花蓮縣,花蓮市,國魂里,花蓮市一般行政區,否,否,100000.0,2025,獨資,Y,1,561115,餐廳
92641875,,饗饗美食企業社,花蓮縣花蓮市國魂里中山路５４９之１號,花蓮縣,花蓮市,國魂里,花蓮市一般行政區,否,否,200000.0,2023,獨資,Y,1,561113,麵店、小吃店
94744807,,雅然藝品社,花蓮縣花蓮市國魂里中山路５４９巷１１１號,花蓮縣,花蓮市,國魂里,花蓮市一般行政區,否,否,3000.0,1978,獨資,N,0,485217,手工藝品零售
08153675,,財團法人花東文教基金會,花蓮縣花蓮市國魂里中山路５４９號,花蓮縣,花蓮市,國魂里,花蓮市一般行政區,否,否,2000000.0,2003,其他,Y,1,681112,自有不動產租賃
61455837,,日日牛排企業社,花蓮縣花蓮市國魂里中山路５４９－１號,花蓮縣,花蓮市,國魂里,花蓮市一般行政區,否,否,100000.0,2026,獨資,Y,1,561115,餐廳
20054453,,慈益素食館,花蓮縣花蓮市國魂里商校街１３７號，１３９號,花蓮縣,花蓮市,國魂里,花蓮市一般行政區,否,否,5000.0,1997,獨資,N,0,561112,便當、自助餐店
20059529,,七分飽小館,花蓮縣花蓮市國魂里商校街１４３號,花蓮縣,花蓮市,國魂里,花蓮市一般行政區,否,否,10000.0,1997,獨資,N,0,472929,餐盒零售
60247636,,玩二次彈珠玩具,花蓮縣花蓮市國魂里商校街１６７號１樓,花蓮縣,花蓮市,國魂里,花蓮市一般行政區,否,否,200000.0,2025,獨資,N,0,932499,其他遊戲場
92534930,,六日五金水電實業社,花蓮縣花蓮市國魂里商校街１６７號１樓,花蓮縣,花蓮市,國魂里,花蓮市一般行政區,否,否,200000.0,2023,獨資,Y,1,433111,水電工程
92536888,,鐵綺士企業社,花蓮縣花蓮市國魂里商校街１６７號１樓,花蓮縣,花蓮市,國魂里,花蓮市一般行政區,否,否,200000.0,2023,獨資,Y,1,410012,鐵皮屋搭建
92536070,,心動美容工作室,花蓮縣花蓮市國魂里商校街１６７號５樓,花蓮縣,花蓮市,國魂里,花蓮市一般行政區,否,否,5000.0,2023,獨資,N,0,962299,其他美容美體服務
95804794,,大欣文具行,花蓮縣花蓮市國魂里商校街１６９號１樓,花蓮縣,花蓮市,國魂里,花蓮市一般行政區,否,否,200000.0,1995,獨資,Y,1,476111,文具零售
50740450,,高裳商行,花蓮縣花蓮市國魂里商校街１７３號１樓,花蓮縣,花蓮市,國魂里,花蓮市一般行政區,否,否,80000.0,2017,獨資,N,0,473211,服裝零售
82177053,,香茅廚房,花蓮縣花蓮市國魂里商校街１７５號１樓,花蓮縣,花蓮市,國魂里,花蓮市一般行政區,否,否,30000.0,2018,獨資,N,0,561113,麵店、小吃店
30182724,,惠妮活力館,花蓮縣花蓮市國魂里商校街１７７號１樓,花蓮縣,花蓮市,國魂里,花蓮市一般行政區,否,否,240000.0,2009,獨資,Y,1,472999,未分類其他食品、飲料及菸草製品零售
91163256,,大大餃子店,花蓮縣花蓮市國魂里商校街１７９號１樓,花蓮縣,花蓮市,國魂里,花蓮市一般行政區,否,否,3000.0,2021,獨資,N,0,561113,麵店、小吃店
49742769,,立格早餐店,花蓮縣花蓮市國魂里商校街１８１號１樓,花蓮縣,花蓮市,國魂里,花蓮市一般行政區,否,否,10000.0,2016,獨資,N,0,561111,早餐店
91154073,,福大興業,花蓮縣花蓮市國魂里延平街１１２號,花蓮縣,花蓮市,國魂里,花蓮市一般行政區,否,否,200000.0,2021,獨資,Y,1,760999,其他未分類專業、科學及技術服務
41459536,,羅氏商行,花蓮縣花蓮市國魂里延平街１１９號１樓,花蓮縣,花蓮市,國魂里,花蓮市一般行政區,否,否,50000.0,2015,獨資,N,0,474917,清潔用品零售
93761546,,羅元有限公司,花蓮縣花蓮市國魂里延平街１１９號２樓,花蓮縣,花蓮市,國魂里,花蓮市一般行政區,否,否,50000.0,2023,有限公司,Y,1,474511,金（銀）飾零售
93761617,,羅翎有限公司,花蓮縣花蓮市國魂里延平街１１９號２樓,花蓮縣,花蓮市,國魂里,花蓮市一般行政區,否,否,50000.0,2023,有限公司,Y,1,474511,金（銀）飾零售
87351116,,金福企業,花蓮縣花蓮市國魂里延平街１４８巷２弄２６號１樓,花蓮縣,花蓮市,國魂里,花蓮市一般行政區,否,否,200000.0,2021,獨資,Y,1,813000,綠化服務
93567389,,松穎投資開發有限公司,花蓮縣花蓮市國魂里延平街１４８巷２弄５號１樓,花蓮縣,花蓮市,國魂里,花蓮市一般行政區,否,否,3000000.0,2024,有限公司,Y,1,649911,投資有價證券
97509946,,隆德建設股份有限公司,花蓮縣花蓮市國魂里延平街１４８巷２弄５號１樓,花蓮縣,花蓮市,國魂里,花蓮市一般行政區,否,否,12000000.0,2024,股份有限公司,Y,1,670012,不動產投資開發
61362508,,小小卡牌小賣舖,花蓮縣花蓮市國魂里延平街１４８巷２弄８號１樓,花蓮縣,花蓮市,國魂里,花蓮市一般行政區,否,否,200000.0,2025,獨資,N,0,487199,其他電子購物及郵購
82184625,,溜溜行商行,花蓮縣花蓮市國魂里延平街１４８巷２號,花蓮縣,花蓮市,國魂里,花蓮市一般行政區,否,否,50000.0,2019,獨資,N,0,473217,帽子零售
15788300,,親愛日記生活片場,花蓮縣花蓮市國魂里延平街１４８巷２２號１樓,花蓮縣,花蓮市,國魂里,花蓮市一般行政區,否,否,90000.0,2003,獨資,N,0,731011,廣告代理商
40958886,,小羊房民宿,花蓮縣花蓮市國魂里延平街１４８巷５號１樓,花蓮縣,花蓮市,國魂里,花蓮市一般行政區,否,否,30000.0,2014,獨資,N,0,551013,民宿
61456076,,維拉美髮工作室,花蓮縣花蓮市國魂里延平街１６９號１樓,花蓮縣,花蓮市,國魂里,花蓮市一般行政區,否,否,100000.0,2026,獨資,N,0,962111,美髮院及髮廊
91588710,,阿海工作室,花蓮縣花蓮市國魂里延平街１８７號３樓,花蓮縣,花蓮市,國魂里,花蓮市一般行政區,否,否,238000.0,2022,獨資,Y,1,464111,電腦及電腦週邊設備批發
85211961,,鑫見工程行,花蓮縣花蓮市國魂里延平街１８９號３樓,花蓮縣,花蓮市,國魂里,花蓮市一般行政區,否,否,200000.0,2020,獨資,Y,1,433199,其他機電、電信及電路設備安裝
92642369,,隆陞室內裝修工程行,花蓮縣花蓮市國魂里延平街１９３巷１３號,花蓮縣,花蓮市,國魂里,花蓮市一般行政區,否,否,200000.0,2024,獨資,Y,1,434015,室內裝修工程
91156109,,安平水晶礦石工作室,花蓮縣花蓮市國魂里延平街２０１號,花蓮縣,花蓮市,國魂里,花蓮市一般行政區,否,否,200000.0,2021,獨資,Y,1,487199,其他電子購物及郵購
41460034,,崧煌工程行,花蓮縣花蓮市國魂里延平街２１０號１樓,花蓮縣,花蓮市,國魂里,花蓮市一般行政區,否,否,200000.0,2015,獨資,Y,1,439012,模板工程
37956033,,詠吉利企業社,花蓮縣花蓮市國魂里延平街２３號,花蓮縣,花蓮市,國魂里,花蓮市一般行政區,否,否,30000.0,2013,獨資,Y,1,484311,汽車零件、汽車百貨零售
15795528,,瑞麟美又美,花蓮縣花蓮市國魂里延平街２３號１樓,花蓮縣,花蓮市,國魂里,花蓮市一般行政區,否,否,100000.0,2003,獨資,N,0,561114,連鎖速食店
90759102,28651926,育麟股份有限公司花蓮分公司,花蓮縣花蓮市國魂里延平街３９、４１、４３、４５號及建國路１２２、１２６、１２８、１３２、１３６、１３８號,花蓮縣,花蓮市,國魂里,花蓮市一般行政區,否,否,0.0,2021,本國公司設立之分公司,Y,1,551012,旅館
42987958,,日築建設有限公司,花蓮縣花蓮市國魂里延平街５０號之１,花蓮縣,花蓮市,國魂里,花蓮市一般行政區,否,否,14000000.0,2018,有限公司,Y,1,670012,不動產投資開發
93055818,,洗歡自助洗衣店,花蓮縣花蓮市國魂里延平街５５號１樓,花蓮縣,花蓮市,國魂里,花蓮市一般行政區,否,否,100000.0,2024,獨資,N,0,961012,自助洗衣店
91155018,,天璃屋,花蓮縣花蓮市國魂里延平街６８巷３號１樓,花蓮縣,花蓮市,國魂里,花蓮市一般行政區,否,否,3000.0,2021,獨資,N,0,472921,糖果餅乾零售
41009265,,源成水電行,花蓮縣花蓮市國魂里延平街７０號１樓,花蓮縣,花蓮市,國魂里,花蓮市一般行政區,否,否,1000000.0,2014,獨資,Y,1,433111,水電工程
13966574,,景德育芽企業社,花蓮縣花蓮市國魂里延平街７４巷９號１樓,花蓮縣,花蓮市,國魂里,花蓮市一般行政區,否,否,50000.0,2002,獨資,N,0,472111,蔬菜零售
60250012,,延平街便當,花蓮縣花蓮市國魂里延平街７９號１樓,花蓮縣,花蓮市,國魂里,花蓮市一般行政區,否,否,10000.0,2026,獨資,N,0,561112,便當、自助餐店
29315205,,文旺檳榔,花蓮縣花蓮市國魂里建中街１號１樓,花蓮縣,花蓮市,國魂里,花蓮市一般行政區,否,否,10000.0,2004,獨資,N,0,472936,檳榔零售
83538745,,橋光監測科技有限公司,花蓮縣花蓮市國魂里建中街１號４樓,花蓮縣,花蓮市,國魂里,花蓮市一般行政區,否,否,5000000.0,2020,有限公司,Y,1,483111,電腦及電腦週邊設備零售
49778007,,晤子咖啡,花蓮縣花蓮市國魂里建中街１１號１樓,花蓮縣,花蓮市,國魂里,花蓮市一般行政區,否,否,30000.0,2016,獨資,N,0,563112,咖啡館
72615884,,小恩家,花蓮縣花蓮市國魂里建中街１３巷２號,花蓮縣,花蓮市,國魂里,花蓮市一般行政區,否,否,30000.0,2017,獨資,N,0,561113,麵店、小吃店
93048866,,棲地設計工作室,花蓮縣花蓮市國魂里建中街１３巷５號３樓,花蓮縣,花蓮市,國魂里,花蓮市一般行政區,否,否,200000.0,2024,獨資,Y,1,434011,室內裝潢工程
90504853,,享澈建設有限公司,花蓮縣花蓮市國魂里建中街１５巷２號,花蓮縣,花蓮市,國魂里,花蓮市一般行政區,否,否,5000000.0,2021,有限公司,Y,1,670012,不動產投資開發
37961232,,美的油漆工程行,花蓮縣花蓮市國魂里建中街２７號１樓,花蓮縣,花蓮市,國魂里,花蓮市一般行政區,否,否,200000.0,2013,獨資,Y,1,481011,漆料及塗料零售
87352298,,東立企業社,花蓮縣花蓮市國魂里建中街２８巷４０號１樓,花蓮縣,花蓮市,國魂里,花蓮市一般行政區,否,否,245000.0,2021,獨資,Y,1,433115,消防警報設備裝修工程
85210822,,建中牛排館,花蓮縣花蓮市國魂里建中街３０號１樓,花蓮縣,花蓮市,國魂里,花蓮市一般行政區,否,否,248000.0,2019,獨資,Y,1,561113,麵店、小吃店
29292456,,海頓音樂世界,花蓮縣花蓮市國魂里建中街３６號１樓,花蓮縣,花蓮市,國魂里,花蓮市一般行政區,否,否,100000.0,2004,獨資,N,0,476314,樂器零售
31504189,,喜樂髮藝工作室,花蓮縣花蓮市國魂里建中街４６號,花蓮縣,花蓮市,國魂里,花蓮市一般行政區,否,否,3000.0,2011,獨資,N,0,962111,美髮院及髮廊
41130581,,旅人之宿民宿,花蓮縣花蓮市國魂里建中街５６號,花蓮縣,花蓮市,國魂里,花蓮市一般行政區,否,否,10000.0,2014,獨資,N,0,551013,民宿
92570549,,金饌小吃,花蓮縣花蓮市國魂里建中街５６號１樓,花蓮縣,花蓮市,國魂里,花蓮市一般行政區,否,否,10000.0,2023,獨資,N,0,561113,麵店、小吃店
92662744,70369154,俥亭停車事業股份有限公司花蓮中山營業所,花蓮縣花蓮市國魂里建中街６８號對面空地停車場,花蓮縣,花蓮市,國魂里,花蓮市一般行政區,否,否,0.0,2023,其他,Y,1,524100,停車場管理
26788658,,立寶企業社,花蓮縣花蓮市國魂里建中街６８號１樓,花蓮縣,花蓮市,國魂里,花蓮市一般行政區,否,否,200000.0,2011,獨資,Y,1,561114,連鎖速食店
31525712,,建中加水站,花蓮縣花蓮市國魂里建中街８號,花蓮縣,花蓮市,國魂里,花蓮市一般行政區,否,否,3000.0,2011,獨資,N,0,487911,以自動販賣機零售商品
41463150,,明月洋酒,花蓮縣花蓮市國魂里建國路１００號１樓,花蓮縣,花蓮市,國魂里,花蓮市一般行政區,否,否,200000.0,2015,獨資,Y,1,472913,菸酒零售
20061068,,花蓮興聯陽房屋企業社,花蓮縣花蓮市國魂里建國路１４８號,花蓮縣,花蓮市,國魂里,花蓮市一般行政區,否,否,50000.0,1997,獨資,Y,1,681211,不動產仲介
90591104,,力銓電車股份有限公司,花蓮縣花蓮市國魂里建國路１５０號１樓,花蓮縣,花蓮市,國魂里,花蓮市一般行政區,否,否,3000000.0,2022,股份有限公司,Y,1,465211,全新機車批發
78842788,,友仁機車行,花蓮縣花蓮市國魂里建國路１５２號,花蓮縣,花蓮市,國魂里,花蓮市一般行政區,否,否,5000.0,1993,獨資,N,0,484314,機車零件、機車百貨零售
92536085,,昕宴餐飲,花蓮縣花蓮市國魂里建國路１６２號,花蓮縣,花蓮市,國魂里,花蓮市一般行政區,否,否,50000.0,2023,獨資,N,0,561113,麵店、小吃店
97632170,53416750,萬達寵物事業股份有限公司花蓮建國分公司,花蓮縣花蓮市國魂里建國路１６８號,花蓮縣,花蓮市,國魂里,花蓮市一般行政區,否,否,0.0,2024,本國公司設立之分公司,Y,1,485222,寵物飼品零售
26789170,,捷誠科技,花蓮縣花蓮市國魂里建國路１７０號,花蓮縣,花蓮市,國魂里,花蓮市一般行政區,否,否,200000.0,2011,獨資,Y,1,952100,電腦及其週邊設備維修
93057061,,銓升企業社,花蓮縣花蓮市國魂里建國路１７０號,花蓮縣,花蓮市,國魂里,花蓮市一般行政區,否,否,240000.0,2024,獨資,Y,1,781099,其他人力仲介
34892326,,犬家福寵物館,花蓮縣花蓮市國魂里建國路１７２之１號,花蓮縣,花蓮市,國魂里,花蓮市一般行政區,否,否,6000.0,2011,獨資,N,0,969021,寵物照顧及訓練
93003431,,鴻鑫製麵所,花蓮縣花蓮市國魂里建國路１８２號,花蓮縣,花蓮市,國魂里,花蓮市一般行政區,否,否,30000.0,2023,獨資,N,0,561113,麵店、小吃店
60246952,,研木舍工程行,花蓮縣花蓮市國魂里建國路１８２號１樓,花蓮縣,花蓮市,國魂里,花蓮市一般行政區,否,否,200000.0,2025,獨資,Y,1,434011,室內裝潢工程
72647719,42714508,鼎泰車業股份有限公司花蓮門市,花蓮縣花蓮市國魂里建國路１８６號１樓,花蓮縣,花蓮市,國魂里,花蓮市一般行政區,否,否,0.0,2017,其他,Y,1,465111,全新汽車批發
37962513,,華康藥局,花蓮縣花蓮市國魂里建國路１９６號１樓,花蓮縣,花蓮市,國魂里,花蓮市一般行政區,否,否,5000.0,2013,獨資,N,0,475112,西藥零售
50743528,,艾美實業社,花蓮縣花蓮市國魂里建國路１９８號１樓,花蓮縣,花蓮市,國魂里,花蓮市一般行政區,否,否,1000000.0,2017,獨資,Y,1,962111,美髮院及髮廊
91591356,,糧佰號,花蓮縣花蓮市國魂里建國路２００號１樓,花蓮縣,花蓮市,國魂里,花蓮市一般行政區,否,否,160000.0,2022,獨資,N,0,561111,早餐店
13006034,,興鈺科技有限公司,花蓮縣花蓮市國魂里建國路２１８號,花蓮縣,花蓮市,國魂里,花蓮市一般行政區,否,否,5000000.0,2002,有限公司,Y,1,952100,電腦及其週邊設備維修
92638870,,穩中台灣彩券,花蓮縣花蓮市國魂里建國路２２０號,花蓮縣,花蓮市,國魂里,花蓮市一般行政區,否,否,50000.0,2023,獨資,N,0,920011,彩券銷售
37995367,,財神到投注站,花蓮縣花蓮市國魂里建國路２２０號１樓,花蓮縣,花蓮市,國魂里,花蓮市一般行政區,否,否,3000.0,2013,獨資,N,0,920011,彩券銷售
37995373,,穩中投注站,花蓮縣花蓮市國魂里建國路２２０號１樓,花蓮縣,花蓮市,國魂里,花蓮市一般行政區,否,否,3000.0,2013,獨資,N,0,920011,彩券銷售
92639420,,天策運動彩券,花蓮縣花蓮市國魂里建國路２２０號１樓,花蓮縣,花蓮市,國魂里,花蓮市一般行政區,否,否,50000.0,2023,獨資,N,0,920011,彩券銷售
87348746,,平芳商行,花蓮縣花蓮市國魂里建國路２２６號,花蓮縣,花蓮市,國魂里,花蓮市一般行政區,否,否,50000.0,2020,獨資,N,0,561113,麵店、小吃店
60247087,,福記胡椒餅,花蓮縣花蓮市國魂里建國路２３０號１樓,花蓮縣,花蓮市,國魂里,花蓮市一般行政區,否,否,5000.0,2025,獨資,N,0,561113,麵店、小吃店
87356597,,小羊爹地,花蓮縣花蓮市國魂里建國路２３２號１樓,花蓮縣,花蓮市,國魂里,花蓮市一般行政區,否,否,3000.0,2020,獨資,N,0,932414,夾娃娃機店
80351251,22555003,統一超商股份有限公司花蓮縣第四十四分公司,花蓮縣花蓮市國魂里建國路２３６號、２３８號１樓,花蓮縣,花蓮市,國魂里,花蓮市一般行政區,否,否,0.0,2003,本國公司設立之分公司,Y,1,471113,加盟連鎖式便利商店（有商品進、銷貨行為）
99782391,,俗店,花蓮縣花蓮市國魂里建國路２５０號１樓,花蓮縣,花蓮市,國魂里,花蓮市一般行政區,否,否,3000.0,2004,獨資,N,0,474928,小件家用器皿零售
41189479,,莊小華,花蓮縣花蓮市國魂里建國路２５２號騎樓,花蓮縣,花蓮市,國魂里,花蓮市一般行政區,否,否,3000.0,2014,獨資,N,0,932413,投幣式兒童騎乘機械玩具店
70964294,,世一素食,花蓮縣花蓮市國魂里建國路２５８號,花蓮縣,花蓮市,國魂里,花蓮市一般行政區,否,否,3000.0,1999,獨資,N,0,561113,麵店、小吃店
82179003,,霓裳服飾,花蓮縣花蓮市國魂里建國路２６０號１樓,花蓮縣,花蓮市,國魂里,花蓮市一般行政區,否,否,80000.0,2019,獨資,N,0,473211,服裝零售
50748713,,沙坦朵安手作坊,花蓮縣花蓮市國魂里建國路２７６巷１０號１樓,花蓮縣,花蓮市,國魂里,花蓮市一般行政區,否,否,249000.0,2018,獨資,N,0,485217,手工藝品零售
92536661,,美味食刻小吃店,花蓮縣花蓮市國魂里建國路２８０號,花蓮縣,花蓮市,國魂里,花蓮市一般行政區,否,否,50000.0,2023,獨資,N,0,561111,早餐店
83093742,,米果建設有限公司,花蓮縣花蓮市國魂里建國路２８６號１樓,花蓮縣,花蓮市,國魂里,花蓮市一般行政區,否,否,20000000.0,2020,有限公司,Y,1,681111,自有不動產買賣
84171885,,詠莉旅行社股份有限公司,花蓮縣花蓮市國魂里建國路２８６號１至２樓,花蓮縣,花蓮市,國魂里,花蓮市一般行政區,否,否,8000000.0,1993,股份有限公司,Y,1,790011,旅行業
91588726,,好家便當企業社,花蓮縣花蓮市國魂里建國路２９６號１樓,花蓮縣,花蓮市,國魂里,花蓮市一般行政區,否,否,200000.0,2022,獨資,N,0,561112,便當、自助餐店
09609857,,新輪車業,花蓮縣花蓮市國魂里建國路３１６號１樓,花蓮縣,花蓮市,國魂里,花蓮市一般行政區,否,否,200000.0,2006,合夥,Y,1,484211,全新機車零售
42211837,,芬美研企業社,花蓮縣花蓮市國魂里建國路７８號,花蓮縣,花蓮市,國魂里,花蓮市一般行政區,否,否,50000.0,2015,獨資,N,0,962299,其他美容美體服務
54979200,,弘聖車業有限公司,花蓮縣花蓮市國魂里建國路８６號１樓,花蓮縣,花蓮市,國魂里,花蓮市一般行政區,否,否,50300.0,2019,有限公司,Y,1,484211,全新機車零售
95211624,,永昌企業社,花蓮縣花蓮市國魂里建國路９６號１樓,花蓮縣,花蓮市,國魂里,花蓮市一般行政區,否,否,100000.0,2025,獨資,Y,1,433111,水電工程
50743421,,佳智量子企業社,花蓮縣花蓮市國魂里建林街１７７巷１６弄５號,花蓮縣,花蓮市,國魂里,花蓮市一般行政區,否,否,50000.0,2017,獨資,N,0,472111,蔬菜零售
85209629,,卿素雲彩企業社,花蓮縣花蓮市國魂里建林街１７７巷１６弄５號１樓,花蓮縣,花蓮市,國魂里,花蓮市一般行政區,否,否,50000.0,2019,獨資,N,0,561113,麵店、小吃店
90190522,,達富租賃有限公司,花蓮縣花蓮市國魂里建林街１７７巷１６弄５號１樓,花蓮縣,花蓮市,國魂里,花蓮市一般行政區,否,否,5000000.0,2022,有限公司,Y,1,772100,汽車租賃
92634608,,文樂行銷企業社,花蓮縣花蓮市國魂里建林街１７７巷１６弄７號,花蓮縣,花蓮市,國魂里,花蓮市一般行政區,否,否,100000.0,2023,獨資,N,0,731099,其他廣告服務
91151293,,榮勝國粹娛樂行,花蓮縣花蓮市國魂里建林街１７７巷１６弄７號１樓,花蓮縣,花蓮市,國魂里,花蓮市一般行政區,否,否,100000.0,2021,獨資,N,0,476299,其他運動用品及器材零售
60745394,16740494,全聯實業股份有限公司花蓮明智分公司,花蓮縣花蓮市國魂里明智街１３號１樓,花蓮縣,花蓮市,國魂里,花蓮市一般行政區,否,否,0.0,2025,本國公司設立之分公司,Y,1,471112,直營連鎖式便利商店
87348345,,歐香美食,花蓮縣花蓮市國魂里００１鄰建國路１０６號１樓,花蓮縣,花蓮市,國魂里,花蓮市一般行政區,否,否,5000.0,2020,獨資,N,0,561111,早餐店
24890806,,天城生物科技股份有限公司,花蓮縣花蓮市國魂里００１鄰建國路１０６號２樓,花蓮縣,花蓮市,國魂里,花蓮市一般行政區,否,否,1000000.0,2015,股份有限公司,Y,1,472933,保健營養食品零售
84995706,,善有建設股份有限公司,花蓮縣花蓮市國魂里００１鄰建國路１２８號,花蓮縣,花蓮市,國魂里,花蓮市一般行政區,否,否,95000000.0,1994,股份有限公司,Y,1,551012,旅館
82998896,16631236,坦都餐廳有限公司花蓮分公司,花蓮縣花蓮市國魂里００１鄰建國路１４２號,花蓮縣,花蓮市,國魂里,花蓮市一般行政區,否,否,0.0,2023,本國公司設立之分公司,Y,1,561115,餐廳
16784491,,兆磐營造有限公司,花蓮縣花蓮市國魂里００１鄰建國路１４６巷１０號,花蓮縣,花蓮市,國魂里,花蓮市一般行政區,否,否,8000000.0,1999,有限公司,Y,1,293700,污染防治設備製造
84270870,,廣美工程顧問有限公司,花蓮縣花蓮市國魂里００１鄰建國路１４６巷１０號,花蓮縣,花蓮市,國魂里,花蓮市一般行政區,否,否,29000000.0,1993,有限公司,Y,1,422017,水井鑽鑿工程
18051418,12664925,台灣博世舒適科技空調設備販賣股份有限公司花東營業所,花蓮縣花蓮市國魂里００１鄰建國路２１２號,花蓮縣,花蓮市,國魂里,花蓮市一般行政區,否,否,0.0,2000,其他,Y,1,456114,家用空調設備及其零件批發
41006507,,建鋒機械商行,花蓮縣花蓮市國魂里００２鄰延平街４２巷２號１樓,花蓮縣,花蓮市,國魂里,花蓮市一般行政區,否,否,150000.0,2014,獨資,N,0,340017,通用機械設備維修及安裝
87351538,,唐記手工饅頭,花蓮縣花蓮市國魂里００２鄰延平街５６號,花蓮縣,花蓮市,國魂里,花蓮市一般行政區,否,否,3000.0,2021,獨資,N,0,089199,其他烘焙炊蒸食品製造
45095229,,廣宇食品企業股份有限公司,花蓮縣花蓮市國魂里００３鄰中山路４７５―９號１樓,花蓮縣,花蓮市,國魂里,花蓮市一般行政區,否,否,1000000.0,2016,股份有限公司,Y,1,563199,其他飲料店
92639688,,京和冷飲站,花蓮縣花蓮市國魂里００３鄰中山路５１１號１樓,花蓮縣,花蓮市,國魂里,花蓮市一般行政區,否,否,200000.0,2023,獨資,Y,1,563115,手搖飲店
91593158,,世星商行,花蓮縣花蓮市國魂里００３鄰中山路５１９號１樓,花蓮縣,花蓮市,國魂里,花蓮市一般行政區,否,否,249900.0,2022,獨資,Y,1,561114,連鎖速食店
72805272,,紫青橙民宿,花蓮縣花蓮市國魂里００３鄰中山路５２５巷２號,花蓮縣,花蓮市,國魂里,花蓮市一般行政區,否,否,550000.0,2017,獨資,N,0,551013,民宿
61214211,89447644,鼎美股份有限公司花蓮中山店,花蓮縣花蓮市國魂里００３鄰中山路５２７－２號,花蓮縣,花蓮市,國魂里,花蓮市一般行政區,否,否,0.0,2025,其他,Y,1,476399,其他玩具及娛樂用品零售
01857777,,宏鑫小吃店,花蓮縣花蓮市國魂里００３鄰中山路５３１號１樓及騎樓,花蓮縣,花蓮市,國魂里,花蓮市一般行政區,否,否,60000.0,2013,獨資,Y,1,561115,餐廳
51078753,97161500,富利餐飲股份有限公司花蓮中山外送分公司,花蓮縣花蓮市國魂里００３鄰中山路５３３―２號,花蓮縣,花蓮市,國魂里,花蓮市一般行政區,否,否,0.0,2016,本國公司設立之分公司,Y,1,561114,連鎖速食店
49750021,,路德維希商行,花蓮縣花蓮市國魂里００３鄰中山路５３３―５號１樓,花蓮縣,花蓮市,國魂里,花蓮市一般行政區,否,否,20000.0,2016,獨資,N,0,475299,其他化粧品零售
50742112,,味味鮮美食坊,花蓮縣花蓮市國魂里００３鄰中山路５３３之１號１樓,花蓮縣,花蓮市,國魂里,花蓮市一般行政區,否,否,5000.0,2017,獨資,N,0,561113,麵店、小吃店
90174071,12733113,九乘九文具股份有限公司花蓮中山分公司,花蓮縣花蓮市國魂里００３鄰建中街６８號２樓之１－２,花蓮縣,花蓮市,國魂里,花蓮市一般行政區,否,否,0.0,2022,本國公司設立之分公司,Y,1,456999,未分類其他家用器具及用品批發
93052002,,爸爸萬歲民宿,花蓮縣花蓮市國魂里００５鄰延平街６８巷２７號,花蓮縣,花蓮市,國魂里,花蓮市一般行政區,否,否,200000.0,2024,獨資,N,0,551013,民宿
92637561,,成達企業社,花蓮縣花蓮市國魂里００５鄰延平街６８巷７號,花蓮縣,花蓮市,國魂里,花蓮市一般行政區,否,否,200000.0,2023,獨資,N,0,474211,國產家用家具零售
70617669,,東泰檢驗科技有限公司,花蓮縣花蓮市國魂里００７鄰延平街１０１號１樓,花蓮縣,花蓮市,國魂里,花蓮市一般行政區,否,否,2100000.0,2000,有限公司,Y,1,712100,環境檢測服務
95210049,,小饅頭通訊,花蓮縣花蓮市國魂里００７鄰延平街１０１號１樓,花蓮縣,花蓮市,國魂里,花蓮市一般行政區,否,否,50000.0,2025,獨資,N,0,483211,電話機零售
95807167,,鈞合實業,花蓮縣花蓮市國魂里００７鄰延平街１０５號１樓,花蓮縣,花蓮市,國魂里,花蓮市一般行政區,否,否,50000.0,1995,獨資,Y,1,670012,不動產投資開發
24849650,,鼎泰強有限公司,花蓮縣花蓮市國魂里００７鄰延平街１０９號１樓,花蓮縣,花蓮市,國魂里,花蓮市一般行政區,否,否,3000000.0,2014,有限公司,Y,1,670012,不動產投資開發
42765843,,鼎泰盛建設有限公司,花蓮縣花蓮市國魂里００７鄰延平街１０９號１樓,花蓮縣,花蓮市,國魂里,花蓮市一般行政區,否,否,4000000.0,2016,有限公司,Y,1,681113,不動產轉租賃
54502037,,鼎泰建設有限公司,花蓮縣花蓮市國魂里００７鄰延平街１０９號１樓,花蓮縣,花蓮市,國魂里,花蓮市一般行政區,否,否,15000000.0,2013,有限公司,Y,1,670012,不動產投資開發
41010559,,彩漾水產行,花蓮縣花蓮市國魂里００７鄰延平街１１號１樓,花蓮縣,花蓮市,國魂里,花蓮市一般行政區,否,否,3000.0,2014,獨資,N,0,485220,寵物零售
83605687,,隴曜有限公司,花蓮縣花蓮市國魂里００７鄰延平街１１號１樓,花蓮縣,花蓮市,國魂里,花蓮市一般行政區,否,否,2000000.0,2020,有限公司,Y,1,433900,其他建築設備安裝
91257900,,壹伍陸小吃部,花蓮縣花蓮市國魂里００８鄰延平街６５號１樓,花蓮縣,花蓮市,國魂里,花蓮市一般行政區,否,否,100000.0,2021,獨資,N,0,561113,麵店、小吃店
91590321,,永旭工程行,花蓮縣花蓮市國魂里００９鄰延平街１３２號１樓,花蓮縣,花蓮市,國魂里,花蓮市一般行政區,否,否,240000.0,2022,獨資,Y,1,434012,油漆粉刷、壁飾（紙）黏貼工程
93053706,,敦旬機械工程行,花蓮縣花蓮市國魂里００９鄰延平街１３６號１樓,花蓮縣,花蓮市,國魂里,花蓮市一般行政區,否,否,248000.0,2024,獨資,Y,1,433212,管道工程
34886838,,茉莉美食,花蓮縣花蓮市國魂里００９鄰建中街２８巷３８號１樓,花蓮縣,花蓮市,國魂里,花蓮市一般行政區,否,否,200000.0,2010,獨資,Y,1,471113,加盟連鎖式便利商店（有商品進、銷貨行為）
83789284,,原登建設有限公司,花蓮縣花蓮市國魂里０１２鄰中山路５４９巷４弄３號１樓,花蓮縣,花蓮市,國魂里,花蓮市一般行政區,否,否,15000000.0,2020,有限公司,Y,1,670012,不動產投資開發
89178486,,豪謙國際有限公司,花蓮縣花蓮市國魂里０１２鄰延平街１４８巷２２號１樓,花蓮縣,花蓮市,國魂里,花蓮市一般行政區,否,否,500000.0,2022,有限公司,Y,1,561115,餐廳
41474142,,明電機車電機行,花蓮縣花蓮市國魂里０１２鄰延平街１４８巷６號１樓,花蓮縣,花蓮市,國魂里,花蓮市一般行政區,否,否,200000.0,2015,獨資,Y,1,465314,機車零件、機車百貨批發
41459584,,全方位租賃機車行,花蓮縣花蓮市國魂里０１２鄰延平街１４８巷８號１樓,花蓮縣,花蓮市,國魂里,花蓮市一般行政區,否,否,800000.0,2015,獨資,Y,1,772911,機車出租
91361755,,宥尌蔬果行,花蓮縣花蓮市國魂里０１２鄰延平街１６７巷１８號１樓,花蓮縣,花蓮市,國魂里,花蓮市一般行政區,否,否,5000.0,2021,獨資,N,0,472111,蔬菜零售
99754395,,永盛企業社,花蓮縣花蓮市國魂里０１２鄰延平街１６７巷７號１樓,花蓮縣,花蓮市,國魂里,花蓮市一般行政區,否,否,460000.0,2004,獨資,Y,1,524100,停車場管理
91619447,,寶貝來專業兒童攝影,花蓮縣花蓮市國魂里０１２鄰延平街１７７號３樓,花蓮縣,花蓮市,國魂里,花蓮市一般行政區,否,否,100000.0,2022,獨資,N,0,760199,其他攝影
50747405,,大山企業社,花蓮縣花蓮市國魂里０１３鄰延平街２１３號１樓,花蓮縣,花蓮市,國魂里,花蓮市一般行政區,否,否,150000.0,2017,獨資,N,0,381111,一般事業廢棄物清除
90803199,,宏展治音科技有限公司,花蓮縣花蓮市國魂里０１３鄰延平街２４１巷１號１樓,花蓮縣,花蓮市,國魂里,花蓮市一般行政區,否,否,1000000.0,2021,有限公司,Y,1,433111,水電工程
94178113,,生百國際諮詢有限公司,花蓮縣花蓮市國魂里０１３鄰建國路２４６號１樓,花蓮縣,花蓮市,國魂里,花蓮市一般行政區,否,否,380000.0,2023,有限公司,Y,1,702099,其他管理顧問
42008905,,俄羅斯小吃,花蓮縣花蓮市國魂里０１３鄰建國路２４８號,花蓮縣,花蓮市,國魂里,花蓮市一般行政區,否,否,50000.0,2015,獨資,N,0,561111,早餐店
41121339,,承祐藥局,花蓮縣花蓮市國魂里０１３鄰建國路２６６號,花蓮縣,花蓮市,國魂里,花蓮市一般行政區,否,否,3000.0,2014,獨資,N,0,475112,西藥零售
60282149,,新悦養生館,花蓮縣花蓮市國魂里０１３鄰建國路２９０號１樓,花蓮縣,花蓮市,國魂里,花蓮市一般行政區,否,否,200000.0,2025,獨資,N,0,969015,推拿按摩服務
87346374,,美旺寶美食館,花蓮縣花蓮市國魂里０１７鄰中山路４７３－６號,花蓮縣,花蓮市,國魂里,花蓮市一般行政區,否,否,240000.0,2020,獨資,Y,1,561115,餐廳
90338898,,立捷環境維護有限公司,花蓮縣花蓮市國魂里０１８鄰中山路５４９巷１１１號１樓,花蓮縣,花蓮市,國魂里,花蓮市一般行政區,否,否,1000000.0,2022,有限公司,Y,1,813000,綠化服務
41124413,,風雅御會館,花蓮縣花蓮市國魂里０１８鄰商校街１９９號,花蓮縣,花蓮市,國魂里,花蓮市一般行政區,否,否,200000.0,2014,獨資,Y,1,551013,民宿
78033750,,佰麗美髮造型,花蓮縣花蓮市國魂里１鄰建國路１０８號１樓,花蓮縣,花蓮市,國魂里,花蓮市一般行政區,否,否,5000.0,1991,獨資,N,0,962111,美髮院及髮廊
15796879,,優凱創意廣告企劃,花蓮縣花蓮市國魂里１鄰建國路１４２號,花蓮縣,花蓮市,國魂里,花蓮市一般行政區,否,否,1000000.0,2003,獨資,Y,1,731013,公開展示廣告
76956052,,世紀刻印社,花蓮縣花蓮市國魂里１鄰建國路２３２號,花蓮縣,花蓮市,國魂里,花蓮市一般行政區,否,否,3000.0,1990,獨資,N,0,485218,雕塑品零售
94725105,,詠聖車業,花蓮縣花蓮市國魂里１鄰建國路８８、９０、９２號,花蓮縣,花蓮市,國魂里,花蓮市一般行政區,否,否,100000.0,1977,獨資,Y,1,484314,機車零件、機車百貨零售
70958526,,好快廣告社,花蓮縣花蓮市國魂里１鄰建國路９０號,花蓮縣,花蓮市,國魂里,花蓮市一般行政區,否,否,10000.0,1999,獨資,N,0,731011,廣告代理商
16709803,,丞慶營造有限公司,花蓮縣花蓮市國魂里１１鄰延平街１４８巷２弄５號１樓,花蓮縣,花蓮市,國魂里,花蓮市一般行政區,否,否,6000000.0,1998,有限公司,Y,1,439099,未分類其他專門營造
29333415,,難得美食,花蓮縣花蓮市國魂里１２鄰商校街１３５號１樓,花蓮縣,花蓮市,國魂里,花蓮市一般行政區,否,否,10000.0,2005,獨資,Y,1,561113,麵店、小吃店
82183787,,丹莉早午餐,花蓮縣花蓮市國魂里１２鄰商校街１４５號１樓,花蓮縣,花蓮市,國魂里,花蓮市一般行政區,否,否,200000.0,2019,獨資,N,0,561111,早餐店
93773563,,幸福水晶有限公司,花蓮縣花蓮市國魂里１２鄰商校街１４７號１樓,花蓮縣,花蓮市,國魂里,花蓮市一般行政區,否,否,10000000.0,2023,有限公司,Y,1,487199,其他電子購物及郵購
31781705,,政大民宿,花蓮縣花蓮市國魂里１２鄰延平街１４８巷２弄２８號,花蓮縣,花蓮市,國魂里,花蓮市一般行政區,否,否,50000.0,2012,獨資,N,0,551013,民宿
78836152,,長江環境清理業,花蓮縣花蓮市國魂里１２鄰延平街１８８號１樓,花蓮縣,花蓮市,國魂里,花蓮市一般行政區,否,否,5000000.0,1993,獨資,Y,1,381111,一般事業廢棄物清除
34940474,,真艾眉美容坊,花蓮縣花蓮市國魂里１３鄰商校街１９３號１樓,花蓮縣,花蓮市,國魂里,花蓮市一般行政區,否,否,100000.0,2010,獨資,N,0,969017,紋身、紋眉服務
26794906,,蓮香素食館,花蓮縣花蓮市國魂里１３鄰延平街１９０巷４號１樓,花蓮縣,花蓮市,國魂里,花蓮市一般行政區,否,否,50000.0,2012,獨資,N,0,561115,餐廳
26790562,,希希彩虹廚坊,花蓮縣花蓮市國魂里１３鄰延平街１９７號１樓,花蓮縣,花蓮市,國魂里,花蓮市一般行政區,否,否,30000.0,2011,獨資,N,0,561113,麵店、小吃店
25016612,,展慶水電工程有限公司,花蓮縣花蓮市國魂里１３鄰延平街２４１巷１號１樓,花蓮縣,花蓮市,國魂里,花蓮市一般行政區,否,否,5000000.0,2009,有限公司,Y,1,433111,水電工程
10057889,,後山老張燒餅店,花蓮縣花蓮市國魂里１３鄰建國路２４２號,花蓮縣,花蓮市,國魂里,花蓮市一般行政區,否,否,60000.0,2007,獨資,N,0,561113,麵店、小吃店
37780400,,潘家麵線廣東粥,花蓮縣花蓮市國魂里１３鄰建國路２４６號１樓,花蓮縣,花蓮市,國魂里,花蓮市一般行政區,否,否,3000.0,2012,獨資,N,0,561113,麵店、小吃店
39981641,,冠珍企業社,花蓮縣花蓮市國魂里１３鄰建國路３００號１樓,花蓮縣,花蓮市,國魂里,花蓮市一般行政區,否,否,200000.0,2013,獨資,Y,1,433111,水電工程
90692601,,原哲生活創意股份有限公司,花蓮縣花蓮市國魂里１６鄰建林街１７７巷１６弄１號４樓,花蓮縣,花蓮市,國魂里,花蓮市一般行政區,否,否,1000000.0,2021,股份有限公司,Y,1,760999,其他未分類專業、科學及技術服務
15795246,94508607,保證責任花蓮縣蔬菜運銷合作社花蔬生鮮超市,花蓮縣花蓮市國魂里２鄰明智街１３號,花蓮縣,花蓮市,國魂里,花蓮市一般行政區,否,否,0.0,2003,其他,Y,1,471916,超級市場
20065923,,康宇實業社,花蓮縣花蓮市國魂里３鄰中山路４７９號,花蓮縣,花蓮市,國魂里,花蓮市一般行政區,否,否,100000.0,1997,獨資,Y,1,484311,汽車零件、汽車百貨零售
78042441,,先捷行,花蓮縣花蓮市國魂里３鄰中山路４８１號１樓,花蓮縣,花蓮市,國魂里,花蓮市一般行政區,否,否,300000.0,1992,獨資,Y,1,476399,其他玩具及娛樂用品零售
30156845,,山八越南美食,花蓮縣花蓮市國魂里３鄰中山路５１７號,花蓮縣,花蓮市,國魂里,花蓮市一般行政區,否,否,3000.0,2008,獨資,N,0,561113,麵店、小吃店
31423840,,水上民宿,花蓮縣花蓮市國魂里３鄰中山路５２５巷２弄１２號,花蓮縣,花蓮市,國魂里,花蓮市一般行政區,否,否,3000.0,2006,獨資,N,0,551013,民宿
15790278,,吉美早餐店,花蓮縣花蓮市國魂里３鄰中山路５３１號１樓,花蓮縣,花蓮市,國魂里,花蓮市一般行政區,否,否,3000.0,2003,獨資,N,0,561111,早餐店
08144418,,久和小客車租賃行,花蓮縣花蓮市國魂里３鄰中山路５３３之６號,花蓮縣,花蓮市,國魂里,花蓮市一般行政區,否,否,5000000.0,1987,獨資,Y,1,772100,汽車租賃
85211575,,鮮綠蔬菜行,花蓮縣花蓮市國魂里３鄰中山路５３５巷９號１樓,花蓮縣,花蓮市,國魂里,花蓮市一般行政區,否,否,200000.0,2019,獨資,N,0,472111,蔬菜零售
08143987,,健安行,花蓮縣花蓮市國魂里３鄰中山路５３７號,花蓮縣,花蓮市,國魂里,花蓮市一般行政區,否,否,9000.0,1987,合夥,Y,1,475299,其他化粧品零售
08143993,,健安藥局,花蓮縣花蓮市國魂里３鄰中山路５３７號,花蓮縣,花蓮市,國魂里,花蓮市一般行政區,否,否,30000.0,1987,獨資,Y,1,475112,西藥零售
09848127,16753096,長庚生物科技股份有限公司花蓮中山門市,花蓮縣花蓮市國魂里３鄰中山路５３９號,花蓮縣,花蓮市,國魂里,花蓮市一般行政區,否,否,0.0,2007,其他,Y,1,472999,未分類其他食品、飲料及菸草製品零售
49963191,,小豆苗商號,花蓮縣花蓮市國魂里３鄰中山路５４３號１樓,花蓮縣,花蓮市,國魂里,花蓮市一般行政區,否,否,3000.0,2005,獨資,N,0,472921,糖果餅乾零售
94832674,,中一車業行,花蓮縣花蓮市國魂里３鄰中山路５４５號１樓,花蓮縣,花蓮市,國魂里,花蓮市一般行政區,否,否,5000.0,1984,獨資,N,0,484211,全新機車零售
53018774,23060248,全家便利商店股份有限公司花蓮建中分公司,花蓮縣花蓮市國魂里３鄰中山路５４７－２號,花蓮縣,花蓮市,國魂里,花蓮市一般行政區,否,否,0.0,2011,本國公司設立之分公司,Y,1,471113,加盟連鎖式便利商店（有商品進、銷貨行為）
53659685,12411160,和德昌股份有限公司花蓮中山二分公司,花蓮縣花蓮市國魂里３鄰中山路５４９－６號,花蓮縣,花蓮市,國魂里,花蓮市一般行政區,否,否,0.0,2012,本國公司設立之分公司,Y,1,561114,連鎖速食店
24856379,,森佳寶建設有限公司,花蓮縣花蓮市國魂里３鄰建中街６６號１樓,花蓮縣,花蓮市,國魂里,花蓮市一般行政區,否,否,3000000.0,2014,有限公司,Y,1,670012,不動產投資開發
78842204,,藝銘專業寵物,花蓮縣花蓮市國魂里５鄰建國路１１６號１樓,花蓮縣,花蓮市,國魂里,花蓮市一般行政區,否,否,5000.0,1993,獨資,Y,1,469922,寵物用品批發
18057996,,宏發號,花蓮縣花蓮市國魂里６鄰延平街７９號１樓,花蓮縣,花蓮市,國魂里,花蓮市一般行政區,否,否,3000.0,2001,獨資,N,0,561113,麵店、小吃店
94803559,,花蓮裱褙店,花蓮縣花蓮市國魂里７鄰延平街１１號１樓,花蓮縣,花蓮市,國魂里,花蓮市一般行政區,否,否,3000.0,1982,獨資,N,0,969020,字畫裱背
15790501,84995706,善有建設股份有限公司東之岸商務旅館,花蓮縣花蓮市國魂里７鄰延平街４５號,花蓮縣,花蓮市,國魂里,花蓮市一般行政區,否,否,0.0,2003,其他,Y,1,551012,旅館
16321062,22006252,全國電子股份有限公司花蓮縣第四分公司,花蓮縣花蓮市國魂里８鄰中山路４６５號,花蓮縣,花蓮市,國魂里,花蓮市一般行政區,否,否,0.0,1998,本國公司設立之分公司,Y,1,474199,其他家用電器零售
10628500,,維美花店,花蓮縣花蓮市國魂里９鄰延平街１０４號,花蓮縣,花蓮市,國魂里,花蓮市一般行政區,否,否,3000.0,2008,獨資,N,0,485111,切花、盆栽零售
94089702,,安居疊蓆行,花蓮縣花蓮市國魂里９鄰延平街１２０號,花蓮縣,花蓮市,國魂里,花蓮市一般行政區,否,否,10000.0,1953,獨資,N,0,474312,草蓆、藤蓆零售
84794222,,慶豐營造有限公司,花蓮縣花蓮市國魂里９鄰延平街１２４號１樓,花蓮縣,花蓮市,國魂里,花蓮市一般行政區,否,否,15000000.0,1994,有限公司,Y,1,429099,未分類其他土木工程
80709940,,埃索工程有限公司,花蓮縣花蓮市國魂里９鄰延平街８８號２樓之１,花蓮縣,花蓮市,國魂里,花蓮市一般行政區,否,否,10800000.0,2004,有限公司,Y,1,432000,庭園景觀工程
27868383,,長新建設有限公司,花蓮縣花蓮市國魂里９鄰建中街２８巷３８號,花蓮縣,花蓮市,國魂里,花蓮市一般行政區,否,否,3500000.0,2005,有限公司,Y,1,812100,建築物一般清潔服務
94750363,,金龍商號,花蓮縣花蓮市基泰市場第４號攤位,花蓮縣,花蓮市,市區其他未標示里,花蓮市一般行政區,否,否,3000.0,1978,獨資,N,0,454115,農產品（果菜）批發市場承銷
94828572,,信龍商號,花蓮縣花蓮市大同市場猪肉攤位２１號,花蓮縣,花蓮市,市區其他未標示里,花蓮市一般行政區,否,否,5000.0,1983,獨資,N,0,472211,畜肉零售
94649536,,福裕商號,花蓮縣花蓮市大同市場２３攤位,花蓮縣,花蓮市,市區其他未標示里,花蓮市一般行政區,否,否,5000.0,1977,獨資,N,0,472211,畜肉零售
94784856,,信義號,花蓮縣花蓮市大同市場２３號攤位,花蓮縣,花蓮市,市區其他未標示里,花蓮市一般行政區,否,否,5000.0,1981,獨資,N,0,472211,畜肉零售
94401204,,錦德碾米工廠,花蓮縣花蓮市大同市場９號,花蓮縣,花蓮市,市區其他未標示里,花蓮市一般行政區,否,否,12000.0,1977,獨資,N,0,472924,米零售
30110089,,迪化街紅麵線,花蓮縣花蓮市大禹街３號後面,花蓮縣,花蓮市,主商里,金三角與東大門核心交會商圈,是,是,5000.0,2008,獨資,N,0,561200,餐食攤販
60777851,23224657,台灣屈臣氏個人用品商店股份有限公司花富分公司,花蓮縣花蓮市富國路１３３號１、２樓,花蓮縣,花蓮市,市區其他未標示里,花蓮市一般行政區,否,否,0.0,2025,本國公司設立之分公司,Y,1,475199,其他藥品及醫療用品零售
37981618,80118614,成佳財企業有限公司花蓮後站,花蓮縣花蓮市富裕二街與富吉路交界處空地,花蓮縣,花蓮市,市區其他未標示里,花蓮市一般行政區,否,否,0.0,2013,其他,Y,1,524100,停車場管理
82989849,,維琛健康管理顧問有限公司,花蓮縣花蓮市尚志路１１－４號,花蓮縣,花蓮市,市區其他未標示里,花蓮市一般行政區,否,否,450000.0,2023,有限公司,Y,1,760999,其他未分類專業、科學及技術服務
70972301,,攤販－黃浩傑,花蓮縣花蓮市尚志路５１號旁,花蓮縣,花蓮市,市區其他未標示里,花蓮市一般行政區,否,否,3000.0,2000,獨資,N,0,472311,水產品零售
10533188,,陳建榮工作室,花蓮縣花蓮市廣東街３２６號,花蓮縣,花蓮市,市區其他未標示里,花蓮市一般行政區,否,否,3000.0,2008,獨資,N,0,969099,未分類其他個人服務
09893190,,山景藝品社,花蓮縣花蓮市廣東街３２６號石藝大街１５攤,花蓮縣,花蓮市,市區其他未標示里,花蓮市一般行政區,否,否,3000.0,2007,獨資,N,0,485216,礦物（寶石、貴金屬除外）零售
91911251,,喜降珠寶藝品文創社,花蓮縣花蓮市廣東街３２６號第１號攤位,花蓮縣,花蓮市,市區其他未標示里,花蓮市一般行政區,否,否,200000.0,2022,獨資,N,0,485216,礦物（寶石、貴金屬除外）零售
15787631,,玉展石藝社,花蓮縣花蓮市廣東街３２６號第１３號攤位,花蓮縣,花蓮市,市區其他未標示里,花蓮市一般行政區,否,否,3000.0,2003,獨資,N,0,485216,礦物（寶石、貴金屬除外）零售
95168871,,婕姐小舖,花蓮縣花蓮市廣東街３２６號第１７號攤位,花蓮縣,花蓮市,市區其他未標示里,花蓮市一般行政區,否,否,100000.0,2024,獨資,N,0,471999,未分類其他綜合商品零售
15785465,,宜信藝石聯誼坊,花蓮縣花蓮市廣東街３２６號第２３號攤位,花蓮縣,花蓮市,市區其他未標示里,花蓮市一般行政區,否,否,3000.0,2003,獨資,N,0,485216,礦物（寶石、貴金屬除外）零售
15785394,,王牌工藝社,花蓮縣花蓮市廣東街３２６號第２７號攤位,花蓮縣,花蓮市,市區其他未標示里,花蓮市一般行政區,否,否,6000.0,2003,獨資,N,0,485216,礦物（寶石、貴金屬除外）零售
87348865,,明玉藝品工作室,花蓮縣花蓮市廣東街３２６號第８號攤位,花蓮縣,花蓮市,市區其他未標示里,花蓮市一般行政區,否,否,5000.0,2020,獨資,N,0,485216,礦物（寶石、貴金屬除外）零售
92638983,,晶耀企業社,花蓮縣花蓮市廣東街３２６號（１２號展覽攤位）,花蓮縣,花蓮市,市區其他未標示里,花蓮市一般行政區,否,否,100000.0,2023,獨資,N,0,485216,礦物（寶石、貴金屬除外）零售
15785508,,易晶觀玉石坊,花蓮縣花蓮市廣東街３２６號１０攤位,花蓮縣,花蓮市,市區其他未標示里,花蓮市一般行政區,否,否,3000.0,2003,獨資,N,0,485216,礦物（寶石、貴金屬除外）零售
15785459,,天一石坊,花蓮縣花蓮市廣東街３２６號３攤,花蓮縣,花蓮市,市區其他未標示里,花蓮市一般行政區,否,否,3000.0,2003,獨資,N,0,485216,礦物（寶石、貴金屬除外）零售
34860458,,丰玉寶石行,花蓮縣花蓮市廣東街３２６號～１號攤位,花蓮縣,花蓮市,市區其他未標示里,花蓮市一般行政區,否,否,200000.0,2010,獨資,N,0,485216,礦物（寶石、貴金屬除外）零售
34860470,,誠新玉坊,花蓮縣花蓮市廣東街３２６號～４號攤位,花蓮縣,花蓮市,市區其他未標示里,花蓮市一般行政區,否,否,3000.0,2010,獨資,N,0,485216,礦物（寶石、貴金屬除外）零售
30261419,,潔兒髮妝,花蓮縣花蓮市延平街１８９號１樓,花蓮縣,花蓮市,市區其他未標示里,花蓮市一般行政區,否,否,3000.0,2009,獨資,N,0,962111,美髮院及髮廊
53527828,80165361,政大書城股份有限公司花蓮分公司,花蓮縣花蓮市建中街６８號,花蓮縣,花蓮市,市區其他未標示里,花蓮市一般行政區,否,否,0.0,2011,本國公司設立之分公司,Y,1,476111,文具零售
59084336,,雲尚設計有限公司,花蓮縣花蓮市建國路６７號２樓,花蓮縣,花蓮市,市區其他未標示里,花蓮市一般行政區,否,否,200000.0,2018,有限公司,Y,1,431017,紮鋼筋工程
54226743,,建安資產有限公司,花蓮縣花蓮市建林街１０３號,花蓮縣,花蓮市,市區其他未標示里,花蓮市一般行政區,否,否,28000000.0,2013,有限公司,Y,1,670012,不動產投資開發
94800883,,富貴商號,花蓮縣花蓮市復興公有零售市場８３號攤位,花蓮縣,花蓮市,市區其他未標示里,花蓮市一般行政區,否,否,5000.0,1982,獨資,N,0,454214,農產品（家畜及家禽肉品）批發市場承銷
08128276,,正全號,花蓮縣花蓮市復興市埸猪攤１２１號,花蓮縣,花蓮市,市區其他未標示里,花蓮市一般行政區,否,否,5000.0,1986,獨資,N,0,454214,農產品（家畜及家禽肉品）批發市場承銷
94838136,,青新菓菜行,花蓮縣花蓮市復興市場固６２號舖位,花蓮縣,花蓮市,市區其他未標示里,花蓮市一般行政區,否,否,3000.0,1984,獨資,N,0,472111,蔬菜零售
94821276,,協興商號,花蓮縣花蓮市復興市場固８９號攤位,花蓮縣,花蓮市,市區其他未標示里,花蓮市一般行政區,否,否,5000.0,1983,獨資,N,0,454214,農產品（家畜及家禽肉品）批發市場承銷
94111802,,宏發商號,花蓮縣花蓮市復興市場肉攤第１２１號,花蓮縣,花蓮市,市區其他未標示里,花蓮市一般行政區,否,否,2000.0,1977,獨資,N,0,454214,農產品（家畜及家禽肉品）批發市場承銷
94837994,,丸張菓菜行,花蓮縣花蓮市復興市場臨３５９號攤位,花蓮縣,花蓮市,市區其他未標示里,花蓮市一般行政區,否,否,3000.0,1984,獨資,N,0,472112,水果零售
18051389,,新鮮蔬菜行,花蓮縣花蓮市復興市場蔬菜２２號攤位,花蓮縣,花蓮市,市區其他未標示里,花蓮市一般行政區,否,否,30000.0,2000,獨資,N,0,472111,蔬菜零售
85207707,,復興春捲皮,花蓮縣花蓮市復興市場１７３號攤位,花蓮縣,花蓮市,市區其他未標示里,花蓮市一般行政區,否,否,20000.0,2019,獨資,N,0,472928,麵食品零售
09615197,,尚樣精品服飾店,花蓮縣花蓮市復興市場３１號,花蓮縣,花蓮市,市區其他未標示里,花蓮市一般行政區,否,否,50000.0,2006,獨資,N,0,473211,服裝零售
94748347,,永成商號,花蓮縣花蓮市復興市場７７攤位,花蓮縣,花蓮市,市區其他未標示里,花蓮市一般行政區,否,否,5000.0,1978,獨資,N,0,454214,農產品（家畜及家禽肉品）批發市場承銷
94748509,,永華菓菜行,花蓮縣花蓮市復興街綜合市場固４４號攤位,花蓮縣,花蓮市,民主里,金三角與東大門核心交會商圈,是,是,5000.0,1978,獨資,N,0,454115,農產品（果菜）批發市場承銷
94821439,,丸福魚行,花蓮縣花蓮市復興街零售市場魚攤５１號,花蓮縣,花蓮市,民主里,金三角與東大門核心交會商圈,是,是,5000.0,1983,獨資,N,0,454399,其他水產品批發
60243630,28858068,台灣普客二四股份有限公司花蓮復興街停車場,花蓮縣花蓮市復興街１０２號對面,花蓮縣,花蓮市,民主里,金三角與東大門核心交會商圈,是,是,0.0,2025,其他,Y,1,524100,停車場管理
37998625,,九鱻食品,花蓮縣花蓮市復興街９５號騎樓,花蓮縣,花蓮市,民主里,金三角與東大門核心交會商圈,是,是,200000.0,2014,合夥,N,0,472921,糖果餅乾零售
94836931,,連記號,花蓮縣花蓮市復興零售市埸牛肉類第固３６號攤位,花蓮縣,花蓮市,市區其他未標示里,花蓮市一般行政區,否,否,6000.0,1984,獨資,N,0,454214,農產品（家畜及家禽肉品）批發市場承銷
94238409,,益興號,花蓮縣花蓮市復興零售市場猪肉攤位１０６號,花蓮縣,花蓮市,市區其他未標示里,花蓮市一般行政區,否,否,2000.0,1977,獨資,N,0,454214,農產品（家畜及家禽肉品）批發市場承銷
94669477,,丸協漁行,花蓮縣花蓮市復興零售市場生鮮類第６號,花蓮縣,花蓮市,市區其他未標示里,花蓮市一般行政區,否,否,5000.0,1977,獨資,N,0,472311,水產品零售
64810723,,美芳行,花蓮縣花蓮市復興零售市場鮮魚類３８０號,花蓮縣,花蓮市,市區其他未標示里,花蓮市一般行政區,否,否,5000.0,1988,獨資,N,0,453316,成禽批發
78049113,,梅子土鷄,花蓮縣花蓮市復興零售市場鷄鴨肉類第臨１９９號攤位,花蓮縣,花蓮市,市區其他未標示里,花蓮市一般行政區,否,否,3000.0,1992,獨資,N,0,472212,禽肉零售
20056641,,大盛土鷄,花蓮縣花蓮市復興零售市場３２５號攤位,花蓮縣,花蓮市,市區其他未標示里,花蓮市一般行政區,否,否,5000.0,1997,獨資,N,0,453316,成禽批發
83157301,,合富建設有限公司,花蓮縣花蓮市德安一街１０８巷１２號１樓,花蓮縣,花蓮市,市區其他未標示里,花蓮市一般行政區,否,否,5000000.0,2020,有限公司,Y,1,670012,不動產投資開發
60277461,86711789,國雲公寓大廈管理維護股份有限公司花蓮忠孝場,花蓮縣花蓮市忠孝街５７號,花蓮縣,花蓮市,市區其他未標示里,花蓮市一般行政區,否,否,0.0,2025,其他,Y,1,524100,停車場管理
92541741,,花媽紅豆餅,花蓮縣花蓮市新港街及中正路轉角,花蓮縣,花蓮市,市區其他未標示里,花蓮市一般行政區,否,否,10000.0,2022,獨資,N,0,561200,餐食攤販
92542713,,正統鹽酥雞,花蓮縣花蓮市新港街及中正路轉角,花蓮縣,花蓮市,市區其他未標示里,花蓮市一般行政區,否,否,50000.0,2022,獨資,N,0,561200,餐食攤販
91280515,89483140,岳洋股份有限公司新港站營業處,花蓮縣花蓮市新港街７５號空地,花蓮縣,花蓮市,市區其他未標示里,花蓮市一般行政區,否,否,0.0,2021,其他,Y,1,524100,停車場管理
60277477,86711789,國雲公寓大廈管理維護股份有限公司花蓮中山場,花蓮縣花蓮市明智街６１號,花蓮縣,花蓮市,市區其他未標示里,花蓮市一般行政區,否,否,0.0,2025,其他,Y,1,524100,停車場管理
20056353,,攤販－志淵檳榔攤,花蓮縣花蓮市明智路９９號騎樓,花蓮縣,花蓮市,市區其他未標示里,花蓮市一般行政區,否,否,3000.0,1997,獨資,N,0,472936,檳榔零售
61472478,,攤販－飯糰店,花蓮縣花蓮市明禮路１４巷轉角處,花蓮縣,花蓮市,市區其他未標示里,花蓮市一般行政區,否,否,3000.0,2026,獨資,N,0,561200,餐食攤販
92581243,,春花紅豆餅,花蓮縣花蓮市明禮路２４號旁空地,花蓮縣,花蓮市,市區其他未標示里,花蓮市一般行政區,否,否,50000.0,2023,獨資,N,0,561200,餐食攤販
99487264,,和信洗車坊,花蓮縣花蓮市明禮路７號對面,花蓮縣,花蓮市,市區其他未標示里,花蓮市一般行政區,否,否,50000.0,2004,獨資,N,0,951200,汽車美容
08153817,,有限責任花蓮縣明義國民小學員生消費合作社,花蓮縣花蓮市明義街１０７號,花蓮縣,花蓮市,市區其他未標示里,花蓮市一般行政區,否,否,14290.0,1961,合作社,N,0,471914,消費合作社
95036788,,妞二手作,花蓮縣花蓮市東大門各省一條街夜市Ｇ５攤位,花蓮縣,花蓮市,市區其他未標示里,花蓮市一般行政區,否,否,80000.0,2024,獨資,N,0,486999,未分類其他零售攤販
95036231,,Ａｎｇｅｌ　Ｇａｒｄｅｎ花園小舖,花蓮縣花蓮市東大門夜市各省一條街Ｆ３攤位,花蓮縣,花蓮市,市區其他未標示里,花蓮市一般行政區,否,否,50000.0,2024,獨資,N,0,486999,未分類其他零售攤販
91391765,,花蓮東大門福町夜市管理委員會,花蓮縣花蓮市東大門夜市Ａ１６攤位,花蓮縣,花蓮市,市區其他未標示里,花蓮市一般行政區,否,否,50000.0,2021,獨資,N,0,932414,夾娃娃機店
91391771,,花蓮東大門福町夜市管理委員會,花蓮縣花蓮市東大門夜市Ａ１７攤位,花蓮縣,花蓮市,市區其他未標示里,花蓮市一般行政區,否,否,50000.0,2021,獨資,N,0,932414,夾娃娃機店
91162411,,元氣章魚燒,花蓮縣花蓮市東大門夜市Ｃ１５攤位,花蓮縣,花蓮市,市區其他未標示里,花蓮市一般行政區,否,否,3000.0,2021,獨資,N,0,561200,餐食攤販
85415888,,Ｓｅｘｙ　Ａｌｉｃｅ流行服飾雜貨,花蓮縣花蓮市東大門夜市Ｅ４４攤位,花蓮縣,花蓮市,市區其他未標示里,花蓮市一般行政區,否,否,3000.0,2020,獨資,N,0,486212,服裝及服飾配件零售攤販
87353917,,非吃不可,花蓮縣花蓮市東大門夜市Ｆ４２攤位,花蓮縣,花蓮市,市區其他未標示里,花蓮市一般行政區,否,否,100000.0,2020,獨資,N,0,561113,麵店、小吃店
50643289,,哦一夕海鮮串燒燒烤,花蓮縣花蓮市東大門攤販集中區Ｄ３０號攤位,花蓮縣,花蓮市,市區其他未標示里,花蓮市一般行政區,否,否,3000.0,2016,獨資,N,0,486111,食品零售攤販
91262615,,美人通訊,花蓮縣花蓮市東大門攤販集中區Ｆ１１號攤位,花蓮縣,花蓮市,市區其他未標示里,花蓮市一般行政區,否,否,10000.0,2021,獨資,N,0,483212,手機及手機週邊零配件零售
95038322,,柏林德國豬腳,花蓮縣花蓮市東大門自強夜市Ｅ５１攤位,花蓮縣,花蓮市,市區其他未標示里,花蓮市一般行政區,否,否,100000.0,2024,獨資,N,0,561200,餐食攤販
00100454,,吳氏兄弟顧問有限公司,花蓮縣花蓮市東興三街２２號１樓,花蓮縣,花蓮市,市區其他未標示里,花蓮市一般行政區,否,否,50000.0,2024,有限公司,Y,1,969099,未分類其他個人服務
92544711,86711789,國雲公寓大廈管理維護股份有限公司花蓮尚志橋場,花蓮縣花蓮市林森路４６７巷與明禮路２６巷口,花蓮縣,花蓮市,市區其他未標示里,花蓮市一般行政區,否,否,0.0,2022,其他,Y,1,524100,停車場管理
60206966,70369154,俥亭停車事業股份有限公司花蓮建國營業所,花蓮縣花蓮市正義街２號旁空地停車場,花蓮縣,花蓮市,市區其他未標示里,花蓮市一般行政區,否,否,0.0,2025,其他,Y,1,524100,停車場管理
94760572,,嗎哪書局,花蓮縣花蓮市民主里中山路１２號１樓,花蓮縣,花蓮市,民主里,金三角與東大門核心交會商圈,是,是,100000.0,1979,獨資,Y,1,476112,書籍、雜誌零售
72848835,,衛漫娛樂企業,花蓮縣花蓮市民主里中山路１６巷１２號３樓,花蓮縣,花蓮市,民主里,金三角與東大門核心交會商圈,是,是,3000.0,2018,獨資,N,0,969022,婚禮顧問服務
91592377,,百力企業社,花蓮縣花蓮市民主里中山路１６巷３２號１樓,花蓮縣,花蓮市,民主里,金三角與東大門核心交會商圈,是,是,240000.0,2022,獨資,Y,1,782000,人力供應
60253290,,開芯夾娃娃屋,花蓮縣花蓮市民主里中山路１８－１號１樓,花蓮縣,花蓮市,民主里,金三角與東大門核心交會商圈,是,是,100000.0,2026,獨資,N,0,932414,夾娃娃機店
42582458,,翹宇宙有限公司,花蓮縣花蓮市民主里中山路４８號,花蓮縣,花蓮市,民主里,金三角與東大門核心交會商圈,是,是,3000000.0,2015,有限公司,Y,1,472999,未分類其他食品、飲料及菸草製品零售
60246101,,壹馨企業社,花蓮縣花蓮市民主里中山路４８號,花蓮縣,花蓮市,民主里,金三角與東大門核心交會商圈,是,是,200000.0,2025,獨資,Y,1,472926,冰品零售
82183386,,神將坊,花蓮縣花蓮市民主里中山路６號１樓,花蓮縣,花蓮市,民主里,金三角與東大門核心交會商圈,是,是,10000.0,2019,獨資,N,0,485212,宗教、喪葬用品零售
95208515,,双心一意商行,花蓮縣花蓮市民主里五權街２４號,花蓮縣,花蓮市,民主里,金三角與東大門核心交會商圈,是,是,200000.0,2024,獨資,N,0,561115,餐廳
78049599,,上東商號,花蓮縣花蓮市民主里五權街２６號１樓,花蓮縣,花蓮市,民主里,金三角與東大門核心交會商圈,是,是,10000.0,1992,獨資,N,0,472913,菸酒零售
93689664,,行行好影像有限公司,花蓮縣花蓮市民主里五權街２６號３樓,花蓮縣,花蓮市,民主里,金三角與東大門核心交會商圈,是,是,100000.0,2024,有限公司,Y,1,591200,影片及電視節目後製服務
50742339,,茱諾素食烘焙,花蓮縣花蓮市民主里五權街２８號１樓,花蓮縣,花蓮市,民主里,金三角與東大門核心交會商圈,是,是,5000.0,2017,獨資,N,0,472922,西點麵包零售
95212187,,東海岸放山雞,花蓮縣花蓮市民主里五權街２８號１樓,花蓮縣,花蓮市,民主里,金三角與東大門核心交會商圈,是,是,200000.0,2025,獨資,N,0,472212,禽肉零售
93052241,,寧靜會烤肉販賣所,花蓮縣花蓮市民主里五權街３２號,花蓮縣,花蓮市,民主里,金三角與東大門核心交會商圈,是,是,5000.0,2024,獨資,N,0,561113,麵店、小吃店
94768687,,更生日報社股份有限公司,花蓮縣花蓮市民主里五權街３６號,花蓮縣,花蓮市,民主里,金三角與東大門核心交會商圈,是,是,104815000.0,1985,股份有限公司,N,0,581111,實體新聞出版
16060735,,更生新聞網股份有限公司,花蓮縣花蓮市民主里五權街３６號２樓,花蓮縣,花蓮市,民主里,金三角與東大門核心交會商圈,是,是,1500000.0,1997,股份有限公司,Y,1,581111,實體新聞出版
87540095,,哈崙咖啡,花蓮縣花蓮市民主里北濱街２３號,花蓮縣,花蓮市,民主里,金三角與東大門核心交會商圈,是,是,50000.0,2020,獨資,N,0,563112,咖啡館
95209824,,鼎越餐飲,花蓮縣花蓮市民主里北濱街２７號,花蓮縣,花蓮市,民主里,金三角與東大門核心交會商圈,是,是,50000.0,2025,獨資,N,0,561115,餐廳
92526853,40781564,社團法人中華民國吳若石神父全人發展協會花蓮辦事處,花蓮縣花蓮市民主里北濱街４號１樓,花蓮縣,花蓮市,民主里,金三角與東大門核心交會商圈,是,是,0.0,2022,其他,N,0,889900,其他未分類社會工作服務
18250606,,花蓮縣手工藝協會,花蓮縣花蓮市民主里廣東街３２６號,花蓮縣,花蓮市,民主里,金三角與東大門核心交會商圈,是,是,3000.0,2000,其他,N,0,689111,代他人管理出租展示場
31615684,,路瑪樂舞工作坊,花蓮縣花蓮市民主里廣東街３２６號第４１－１攤位,花蓮縣,花蓮市,民主里,金三角與東大門核心交會商圈,是,是,3000.0,2011,獨資,N,0,902012,舞團
31658542,,大可企業社,花蓮縣花蓮市民主里廣東街３２６號第４６、４７號攤位,花蓮縣,花蓮市,民主里,金三角與東大門核心交會商圈,是,是,5000.0,2012,獨資,N,0,485216,礦物（寶石、貴金屬除外）零售
99771964,,宏文堂藝品店,花蓮縣花蓮市民主里廣東街３２６號第６－１攤位,花蓮縣,花蓮市,民主里,金三角與東大門核心交會商圈,是,是,5000.0,2004,獨資,N,0,485216,礦物（寶石、貴金屬除外）零售
87321774,,招財進寶石藝坊,花蓮縣花蓮市民主里廣東街３２６號第７號攤位,花蓮縣,花蓮市,民主里,金三角與東大門核心交會商圈,是,是,300000.0,2020,獨資,N,0,485216,礦物（寶石、貴金屬除外）零售
61484636,,鈺丰開運寶,花蓮縣花蓮市民主里廣東街３２６號第８號攤位,花蓮縣,花蓮市,民主里,金三角與東大門核心交會商圈,是,是,10000.0,2026,獨資,N,0,485216,礦物（寶石、貴金屬除外）零售
70955859,,山形根藝工作室,花蓮縣花蓮市民主里廣東街３２６號第８號攤位,花蓮縣,花蓮市,民主里,金三角與東大門核心交會商圈,是,是,5000.0,1999,獨資,N,0,474399,其他家飾品零售
42153082,,花匠工坊,花蓮縣花蓮市民主里廣東街３２６號第９號攤位,花蓮縣,花蓮市,民主里,金三角與東大門核心交會商圈,是,是,6000.0,2015,獨資,N,0,485217,手工藝品零售
30394038,,東興寢具,花蓮縣花蓮市民主里廣東街３２６號（石藝大街第４０號攤位）,花蓮縣,花蓮市,民主里,金三角與東大門核心交會商圈,是,是,3000.0,2009,獨資,N,0,474311,寢具零售
50509516,,阿財玉石,花蓮縣花蓮市民主里廣東街３２６號（石藝大街第９號攤位）,花蓮縣,花蓮市,民主里,金三角與東大門核心交會商圈,是,是,60000.0,2016,獨資,N,0,485216,礦物（寶石、貴金屬除外）零售
31531762,,奇石城,花蓮縣花蓮市民主里廣東街３２６號（２號）,花蓮縣,花蓮市,民主里,金三角與東大門核心交會商圈,是,是,300000.0,2011,獨資,N,0,485216,礦物（寶石、貴金屬除外）零售
91920532,,花匠園藝坊,花蓮縣花蓮市民主里廣東街３２６號（９－１攤位）,花蓮縣,花蓮市,民主里,金三角與東大門核心交會商圈,是,是,200000.0,2022,獨資,N,0,485217,手工藝品零售
85265852,,超吉星光實業社,花蓮縣花蓮市民主里廣東街３２６號１６號攤位,花蓮縣,花蓮市,民主里,金三角與東大門核心交會商圈,是,是,200000.0,2019,獨資,Y,1,485216,礦物（寶石、貴金屬除外）零售
95001367,,肚肚扁巴西餡餅,花蓮縣花蓮市民主里東大門夜市自強夜市Ｅ５３攤位,花蓮縣,花蓮市,民主里,金三角與東大門核心交會商圈,是,是,200000.0,2024,獨資,N,0,486111,食品零售攤販
31792301,,高大俠吧,花蓮縣花蓮市民主里東大門夜市（原住民一條街Ｄ１攤位）,花蓮縣,花蓮市,民主里,金三角與東大門核心交會商圈,是,是,10000.0,2012,獨資,N,0,561200,餐食攤販
50569746,,上全臭豆腐大腸麵線,花蓮縣花蓮市民主里東大門夜市（原住民一條街Ｄ１２攤位）,花蓮縣,花蓮市,民主里,金三角與東大門核心交會商圈,是,是,3000.0,2016,獨資,N,0,561200,餐食攤販
50571285,,樂達香蔥肉捲,花蓮縣花蓮市民主里東大門夜市（原住民一條街Ｄ１４攤位）,花蓮縣,花蓮市,民主里,金三角與東大門核心交會商圈,是,是,3000.0,2016,獨資,N,0,561200,餐食攤販
50566488,,龍門客棧,花蓮縣花蓮市民主里東大門夜市（原住民一條街Ｄ１５攤位）,花蓮縣,花蓮市,民主里,金三角與東大門核心交會商圈,是,是,3000.0,2016,獨資,N,0,561200,餐食攤販
50568985,,豬豬豬原住民美食,花蓮縣花蓮市民主里東大門夜市（原住民一條街Ｄ１８攤位）,花蓮縣,花蓮市,民主里,金三角與東大門核心交會商圈,是,是,3000.0,2016,獨資,N,0,561200,餐食攤販
82196262,37957960,社團法人花蓮縣身障弱勢及原住民關懷服務協會東大門門市,花蓮縣花蓮市民主里東大門夜市（原住民一條街Ｄ２攤位）,花蓮縣,花蓮市,民主里,金三角與東大門核心交會商圈,是,是,0.0,2018,其他,N,0,561200,餐食攤販
50571068,,攤販－張文馨,花蓮縣花蓮市民主里東大門夜市（原住民一條街Ｄ２０攤位）,花蓮縣,花蓮市,民主里,金三角與東大門核心交會商圈,是,是,3000.0,2016,獨資,N,0,561200,餐食攤販
50567732,,原香嘟論竹筒飯,花蓮縣花蓮市民主里東大門夜市（原住民一條街Ｄ２１攤位）,花蓮縣,花蓮市,民主里,金三角與東大門核心交會商圈,是,是,3000.0,2016,獨資,N,0,561200,餐食攤販
50569719,,原民豐手作,花蓮縣花蓮市民主里東大門夜市（原住民一條街Ｄ２２攤位）,花蓮縣,花蓮市,民主里,金三角與東大門核心交會商圈,是,是,3000.0,2016,獨資,N,0,471999,未分類其他綜合商品零售
50570125,,馬耀商號,花蓮縣花蓮市民主里東大門夜市（原住民一條街Ｄ２３攤位）,花蓮縣,花蓮市,民主里,金三角與東大門核心交會商圈,是,是,3000.0,2016,獨資,N,0,561200,餐食攤販
50569598,,攤販－吳洋,花蓮縣花蓮市民主里東大門夜市（原住民一條街Ｄ２９攤位）,花蓮縣,花蓮市,民主里,金三角與東大門核心交會商圈,是,是,3000.0,2016,獨資,N,0,561200,餐食攤販
50569555,,攤販－周秋妹,花蓮縣花蓮市民主里東大門夜市（原住民一條街Ｄ３攤位）,花蓮縣,花蓮市,民主里,金三角與東大門核心交會商圈,是,是,3000.0,2016,獨資,N,0,561200,餐食攤販
50568275,,攤販－李秀英,花蓮縣花蓮市民主里東大門夜市（原住民一條街Ｄ３１攤位）,花蓮縣,花蓮市,民主里,金三角與東大門核心交會商圈,是,是,3000.0,2016,獨資,N,0,561200,餐食攤販
50567825,,基隆九如營養三明治,花蓮縣花蓮市民主里東大門夜市（原住民一條街Ｄ３５攤位）,花蓮縣,花蓮市,民主里,金三角與東大門核心交會商圈,是,是,3000.0,2016,獨資,N,0,561200,餐食攤販
50566473,,攤販－張耀中,花蓮縣花蓮市民主里東大門夜市（原住民一條街Ｄ３６攤位）,花蓮縣,花蓮市,民主里,金三角與東大門核心交會商圈,是,是,250000.0,2016,獨資,N,0,486112,飲料零售攤販
42151606,,川上屋食研所,花蓮縣花蓮市民主里東大門夜市（原住民一條街Ｄ３９攤位）,花蓮縣,花蓮市,民主里,金三角與東大門核心交會商圈,是,是,3000.0,2015,獨資,N,0,486111,食品零售攤販
50569106,,寶記櫻桃鴨,花蓮縣花蓮市民主里東大門夜市（原住民一條街Ｄ４２攤位）,花蓮縣,花蓮市,民主里,金三角與東大門核心交會商圈,是,是,3000.0,2016,獨資,N,0,561200,餐食攤販
30113109,,尚品滷滷味味,花蓮縣花蓮市民主里東大門夜市（原住民一條街Ｄ４３攤位）,花蓮縣,花蓮市,民主里,金三角與東大門核心交會商圈,是,是,3000.0,2008,獨資,N,0,561200,餐食攤販
41012938,,萬大企業社,花蓮縣花蓮市民主里東大門夜市（原住民一條街Ｄ４４攤位）,花蓮縣,花蓮市,民主里,金三角與東大門核心交會商圈,是,是,50000.0,2015,獨資,N,0,472926,冰品零售
34904239,,攤販－吳建龍,花蓮縣花蓮市民主里東大門夜市（原住民一條街Ｄ４６攤位）,花蓮縣,花蓮市,民主里,金三角與東大門核心交會商圈,是,是,3000.0,2010,獨資,N,0,561200,餐食攤販
50565734,,攤販－李香,花蓮縣花蓮市民主里東大門夜市（原住民一條街Ｄ４７攤位）,花蓮縣,花蓮市,民主里,金三角與東大門核心交會商圈,是,是,3000.0,2016,獨資,N,0,561200,餐食攤販
50566467,,曾品麻辣臭豆腐,花蓮縣花蓮市民主里東大門夜市（原住民一條街Ｄ４９攤位）,花蓮縣,花蓮市,民主里,金三角與東大門核心交會商圈,是,是,3000.0,2016,獨資,N,0,561200,餐食攤販
50569817,,攤販－郭吟英,花蓮縣花蓮市民主里東大門夜市（原住民一條街Ｄ５攤位）,花蓮縣,花蓮市,民主里,金三角與東大門核心交會商圈,是,是,3000.0,2016,獨資,N,0,561200,餐食攤販
50569062,,攤販－吳俐穎,花蓮縣花蓮市民主里東大門夜市（原住民一條街Ｄ５３攤位）,花蓮縣,花蓮市,民主里,金三角與東大門核心交會商圈,是,是,3000.0,2016,獨資,N,0,561200,餐食攤販
50568351,,攤販－高紹宸,花蓮縣花蓮市民主里東大門夜市（原住民一條街Ｄ５４攤位）,花蓮縣,花蓮市,民主里,金三角與東大門核心交會商圈,是,是,3000.0,2016,獨資,N,0,561200,餐食攤販
50567579,,我最夯火烤鮮蝦,花蓮縣花蓮市民主里東大門夜市（原住民一條街Ｄ５７攤位）,花蓮縣,花蓮市,民主里,金三角與東大門核心交會商圈,是,是,3000.0,2016,獨資,N,0,561200,餐食攤販
50566305,,雞殿腿板燒,花蓮縣花蓮市民主里東大門夜市（原住民一條街Ｄ５８攤位）,花蓮縣,花蓮市,民主里,金三角與東大門核心交會商圈,是,是,3000.0,2016,獨資,N,0,561200,餐食攤販
50568232,,攤販－莊植蘢,花蓮縣花蓮市民主里東大門夜市（原住民一條街Ｄ５９攤位）,花蓮縣,花蓮市,民主里,金三角與東大門核心交會商圈,是,是,3000.0,2016,合夥,N,0,561200,餐食攤販
50732108,,攤販－陳思如,花蓮縣花蓮市民主里東大門夜市（原住民一條街Ｄ６攤位）,花蓮縣,花蓮市,民主里,金三角與東大門核心交會商圈,是,是,3000.0,2017,獨資,N,0,561200,餐食攤販
18053555,,攤販－游國政,花蓮縣花蓮市民主里東大門夜市（原住民一條街Ｄ６０攤位）,花蓮縣,花蓮市,民主里,金三角與東大門核心交會商圈,是,是,3000.0,2001,獨資,N,0,561200,餐食攤販
18052084,,攤販－陳清泉,花蓮縣花蓮市民主里東大門夜市（原住民一條街Ｄ６１攤位）,花蓮縣,花蓮市,民主里,金三角與東大門核心交會商圈,是,是,3000.0,2000,獨資,N,0,561200,餐食攤販
42162913,,攤販－朱金英,花蓮縣花蓮市民主里東大門夜市（原住民一條街Ｄ８攤位）,花蓮縣,花蓮市,民主里,金三角與東大門核心交會商圈,是,是,3000.0,2015,獨資,N,0,561113,麵店、小吃店
41117659,,林記燒番麥,花蓮縣花蓮市民主里東大門夜市（原住民一條街Ｅ１攤位）,花蓮縣,花蓮市,民主里,金三角與東大門核心交會商圈,是,是,5000.0,2014,獨資,N,0,486111,食品零售攤販
50568922,,攤販－田惠雯,花蓮縣花蓮市民主里東大門夜市（原住民一條街Ｅ１１攤位）,花蓮縣,花蓮市,民主里,金三角與東大門核心交會商圈,是,是,3000.0,2016,獨資,N,0,561200,餐食攤販
50573571,,海之屋燒烤熱炒,花蓮縣花蓮市民主里東大門夜市（原住民一條街Ｅ１２攤位）,花蓮縣,花蓮市,民主里,金三角與東大門核心交會商圈,是,是,3000.0,2016,獨資,N,0,561200,餐食攤販
50568084,,攤販－潘淑玲,花蓮縣花蓮市民主里東大門夜市（原住民一條街Ｅ１３攤位）,花蓮縣,花蓮市,民主里,金三角與東大門核心交會商圈,是,是,3000.0,2016,獨資,N,0,561200,餐食攤販
50727013,,攤販－吳志峰,花蓮縣花蓮市民主里東大門夜市（原住民一條街Ｅ１５攤位）,花蓮縣,花蓮市,民主里,金三角與東大門核心交會商圈,是,是,3000.0,2016,獨資,N,0,486111,食品零售攤販
50568079,,攤販－邱運強,花蓮縣花蓮市民主里東大門夜市（原住民一條街Ｅ１６攤位）,花蓮縣,花蓮市,民主里,金三角與東大門核心交會商圈,是,是,3000.0,2016,獨資,N,0,486112,飲料零售攤販
50594013,,攤販－許伶宇,花蓮縣花蓮市民主里東大門夜市（原住民一條街Ｅ１７攤位）,花蓮縣,花蓮市,民主里,金三角與東大門核心交會商圈,是,是,3000.0,2016,獨資,N,0,563200,調理飲料攤販
72634186,,奇古匠手沖咖啡,花蓮縣花蓮市民主里東大門夜市（原住民一條街Ｅ１９攤位）,花蓮縣,花蓮市,民主里,金三角與東大門核心交會商圈,是,是,3000.0,2017,獨資,N,0,486112,飲料零售攤販
50729547,,東大門乳豬王,花蓮縣花蓮市民主里東大門夜市（原住民一條街Ｅ２２攤位）,花蓮縣,花蓮市,民主里,金三角與東大門核心交會商圈,是,是,3000.0,2017,獨資,N,0,486111,食品零售攤販
50566950,,攤販－許來圓,花蓮縣花蓮市民主里東大門夜市（原住民一條街Ｅ２３攤位）,花蓮縣,花蓮市,民主里,金三角與東大門核心交會商圈,是,是,3000.0,2016,合夥,N,0,486112,飲料零售攤販
50566179,,攤販－呂秀妹,花蓮縣花蓮市民主里東大門夜市（原住民一條街Ｅ２８攤位）,花蓮縣,花蓮市,民主里,金三角與東大門核心交會商圈,是,是,3000.0,2016,獨資,N,0,561200,餐食攤販
72797300,,沙格蕗雪花冰飲室,花蓮縣花蓮市民主里東大門夜市（原住民一條街Ｅ２９攤位）,花蓮縣,花蓮市,民主里,金三角與東大門核心交會商圈,是,是,3000.0,2017,合夥,N,0,561200,餐食攤販
95809518,,第一家烤肉串食品社,花蓮縣花蓮市民主里東大門夜市（原住民一條街Ｅ３攤位）,花蓮縣,花蓮市,民主里,金三角與東大門核心交會商圈,是,是,3000.0,1996,獨資,N,0,486111,食品零售攤販
50634015,,攤販－陳麗娟,花蓮縣花蓮市民主里東大門夜市（原住民一條街Ｅ３４攤位）,花蓮縣,花蓮市,民主里,金三角與東大門核心交會商圈,是,是,3000.0,2016,獨資,N,0,561200,餐食攤販
50726252,,阿讓原美味,花蓮縣花蓮市民主里東大門夜市（原住民一條街Ｅ３５攤位）,花蓮縣,花蓮市,民主里,金三角與東大門核心交會商圈,是,是,3000.0,2016,獨資,N,0,486111,食品零售攤販
50725394,,攤販－高金葉,花蓮縣花蓮市民主里東大門夜市（原住民一條街Ｅ３６攤位）,花蓮縣,花蓮市,民主里,金三角與東大門核心交會商圈,是,是,3000.0,2016,獨資,N,0,486111,食品零售攤販
18052704,,攤販－賴志青,花蓮縣花蓮市民主里東大門夜市（原住民一條街Ｅ４０攤位）,花蓮縣,花蓮市,民主里,金三角與東大門核心交會商圈,是,是,3000.0,2001,獨資,N,0,561200,餐食攤販
50567178,,攤販－蔡明鴻,花蓮縣花蓮市民主里東大門夜市（原住民一條街Ｅ５７攤位）,花蓮縣,花蓮市,民主里,金三角與東大門核心交會商圈,是,是,3000.0,2016,獨資,N,0,561200,餐食攤販
72619988,,攤販－韓樹倫,花蓮縣花蓮市民主里東大門夜市（各省一條街Ｆ１２攤位）,花蓮縣,花蓮市,民主里,金三角與東大門核心交會商圈,是,是,3000.0,2017,獨資,N,0,969019,算命卜卦、占星、堪輿
50569366,,攤販－戴先云,花蓮縣花蓮市民主里東大門夜市（各省一條街Ｆ１３攤位）,花蓮縣,花蓮市,民主里,金三角與東大門核心交會商圈,是,是,3000.0,2016,獨資,N,0,932499,其他遊戲場
50566255,,攤販－李艷,花蓮縣花蓮市民主里東大門夜市（各省一條街Ｆ１５攤位）,花蓮縣,花蓮市,民主里,金三角與東大門核心交會商圈,是,是,150000.0,2016,獨資,N,0,932499,其他遊戲場
50567796,,攤販－吳國英,花蓮縣花蓮市民主里東大門夜市（各省一條街Ｆ１６攤位）,花蓮縣,花蓮市,民主里,金三角與東大門核心交會商圈,是,是,3000.0,2016,獨資,N,0,486112,飲料零售攤販
50569035,,攤販－邱鑾英,花蓮縣花蓮市民主里東大門夜市（各省一條街Ｆ１７攤位）,花蓮縣,花蓮市,民主里,金三角與東大門核心交會商圈,是,是,3000.0,2016,獨資,N,0,561200,餐食攤販
50728358,,攤販－齊蕙霞,花蓮縣花蓮市民主里東大門夜市（各省一條街Ｆ１８攤位）,花蓮縣,花蓮市,民主里,金三角與東大門核心交會商圈,是,是,3000.0,2016,獨資,N,0,486212,服裝及服飾配件零售攤販
50725388,,攤販－張雅華,花蓮縣花蓮市民主里東大門夜市（各省一條街Ｆ１９攤位）,花蓮縣,花蓮市,民主里,金三角與東大門核心交會商圈,是,是,3000.0,2016,獨資,N,0,486213,紡織品零售攤販
50569582,,攤販－羅莉莉,花蓮縣花蓮市民主里東大門夜市（各省一條街Ｆ２０攤位）,花蓮縣,花蓮市,民主里,金三角與東大門核心交會商圈,是,是,3000.0,2016,獨資,N,0,486112,飲料零售攤販
50567016,,小蜻蜓射擊,花蓮縣花蓮市民主里東大門夜市（各省一條街Ｆ２２攤位）,花蓮縣,花蓮市,民主里,金三角與東大門核心交會商圈,是,是,3000.0,2016,獨資,N,0,932499,其他遊戲場
50727098,,攤販－施水蘭,花蓮縣花蓮市民主里東大門夜市（各省一條街Ｆ２６攤位）,花蓮縣,花蓮市,民主里,金三角與東大門核心交會商圈,是,是,3000.0,2016,獨資,N,0,486111,食品零售攤販
72623239,,攤販－李守榛,花蓮縣花蓮市民主里東大門夜市（各省一條街Ｆ２７攤位）,花蓮縣,花蓮市,民主里,金三角與東大門核心交會商圈,是,是,3000.0,2017,獨資,N,0,486212,服裝及服飾配件零售攤販
50568253,,攤販－潘旦雲,花蓮縣花蓮市民主里東大門夜市（各省一條街Ｆ３３攤位）,花蓮縣,花蓮市,民主里,金三角與東大門核心交會商圈,是,是,3000.0,2016,獨資,N,0,561200,餐食攤販
50569794,,攤販－陳珮筠,花蓮縣花蓮市民主里東大門夜市（各省一條街Ｆ３７攤位）,花蓮縣,花蓮市,民主里,金三角與東大門核心交會商圈,是,是,3000.0,2016,獨資,N,0,932499,其他遊戲場
50568042,,古早味,花蓮縣花蓮市民主里東大門夜市（各省一條街Ｆ３９攤位）,花蓮縣,花蓮市,民主里,金三角與東大門核心交會商圈,是,是,3000.0,2016,獨資,N,0,486112,飲料零售攤販
50568893,,戰斧牛排,花蓮縣花蓮市民主里東大門夜市（各省一條街Ｆ４０攤位）,花蓮縣,花蓮市,民主里,金三角與東大門核心交會商圈,是,是,50000.0,2016,獨資,N,0,561200,餐食攤販
50561293,,攤販－葉淑貞,花蓮縣花蓮市民主里東大門夜市（各省一條街Ｆ４３攤位）,花蓮縣,花蓮市,民主里,金三角與東大門核心交會商圈,是,是,3000.0,2016,獨資,N,0,561200,餐食攤販
50697502,,攤販－范榮宗,花蓮縣花蓮市民主里東大門夜市（各省一條街Ｆ４４攤位）,花蓮縣,花蓮市,民主里,金三角與東大門核心交會商圈,是,是,10000.0,2016,合夥,N,0,486111,食品零售攤販
72621247,,攤販－陳正慶,花蓮縣花蓮市民主里東大門夜市（各省一條街Ｆ４５攤位）,花蓮縣,花蓮市,民主里,金三角與東大門核心交會商圈,是,是,20000.0,2017,合夥,N,0,561200,餐食攤販
50566332,,大紅花香腸,花蓮縣花蓮市民主里東大門夜市（各省一條街Ｆ４８攤位）,花蓮縣,花蓮市,民主里,金三角與東大門核心交會商圈,是,是,3000.0,2016,獨資,N,0,561200,餐食攤販
50569128,,攤販－黃維德,花蓮縣花蓮市民主里東大門夜市（各省一條街Ｆ５２攤位）,花蓮縣,花蓮市,民主里,金三角與東大門核心交會商圈,是,是,3000.0,2016,獨資,N,0,561200,餐食攤販
30194019,,攤販－吳忠銘,花蓮縣花蓮市民主里東大門夜市（各省一條街Ｆ５４攤位）,花蓮縣,花蓮市,民主里,金三角與東大門核心交會商圈,是,是,5000.0,2009,獨資,N,0,561200,餐食攤販
50569696,,攤販－簡張馨予,花蓮縣花蓮市民主里東大門夜市（各省一條街Ｆ５６攤位）,花蓮縣,花蓮市,民主里,金三角與東大門核心交會商圈,是,是,3000.0,2016,合夥,N,0,561200,餐食攤販
50565636,,攤販－劉振榮,花蓮縣花蓮市民主里東大門夜市（各省一條街Ｆ５８攤位）,花蓮縣,花蓮市,民主里,金三角與東大門核心交會商圈,是,是,3000.0,2016,獨資,N,0,561200,餐食攤販
34938081,,山本屋壽司坊,花蓮縣花蓮市民主里東大門夜市（各省一條街Ｆ５９攤位）,花蓮縣,花蓮市,民主里,金三角與東大門核心交會商圈,是,是,3000.0,2010,獨資,N,0,561113,麵店、小吃店
50568417,,攤販－徐冠新,花蓮縣花蓮市民主里東大門夜市（各省一條街Ｇ１１攤位）,花蓮縣,花蓮市,民主里,金三角與東大門核心交會商圈,是,是,3000.0,2016,合夥,N,0,486999,未分類其他零售攤販
50568508,,曼波小舖,花蓮縣花蓮市民主里東大門夜市（各省一條街Ｇ１２攤位）,花蓮縣,花蓮市,民主里,金三角與東大門核心交會商圈,是,是,3000.0,2016,獨資,N,0,486999,未分類其他零售攤販
50727822,,攤販－吳廣榮,花蓮縣花蓮市民主里東大門夜市（各省一條街Ｇ１３攤位）,花蓮縣,花蓮市,民主里,金三角與東大門核心交會商圈,是,是,3000.0,2016,獨資,N,0,932499,其他遊戲場
50569020,,攤販－黃秀美,花蓮縣花蓮市民主里東大門夜市（各省一條街Ｇ１４攤位）,花蓮縣,花蓮市,民主里,金三角與東大門核心交會商圈,是,是,3000.0,2016,獨資,N,0,932499,其他遊戲場
50566425,,攤販－游順得,花蓮縣花蓮市民主里東大門夜市（各省一條街Ｇ１８攤位）,花蓮縣,花蓮市,民主里,金三角與東大門核心交會商圈,是,是,20000.0,2016,獨資,N,0,473211,服裝零售
50566380,,攤販－高禮瑋,花蓮縣花蓮市民主里東大門夜市（各省一條街Ｇ１９攤位）,花蓮縣,花蓮市,民主里,金三角與東大門核心交會商圈,是,是,20000.0,2016,獨資,N,0,474927,陶瓷器皿及餐具零售
72620330,,攤販－李義清,花蓮縣花蓮市民主里東大門夜市（各省一條街Ｇ２１攤位）,花蓮縣,花蓮市,民主里,金三角與東大門核心交會商圈,是,是,3000.0,2017,獨資,N,0,932499,其他遊戲場
50727554,,攤販－王文裕,花蓮縣花蓮市民主里東大門夜市（各省一條街Ｇ２３攤位）,花蓮縣,花蓮市,民主里,金三角與東大門核心交會商圈,是,是,3000.0,2016,獨資,N,0,486111,食品零售攤販
50569730,,攤販－朱雲潔,花蓮縣花蓮市民主里東大門夜市（各省一條街Ｇ２６攤位）,花蓮縣,花蓮市,民主里,金三角與東大門核心交會商圈,是,是,3000.0,2016,獨資,N,0,561200,餐食攤販
50566353,,江南小舖,花蓮縣花蓮市民主里東大門夜市（各省一條街Ｇ２８攤位）,花蓮縣,花蓮市,民主里,金三角與東大門核心交會商圈,是,是,3000.0,2016,獨資,N,0,486999,未分類其他零售攤販
50568063,,攤販－闕志安,花蓮縣花蓮市民主里東大門夜市（各省一條街Ｇ２９攤位）,花蓮縣,花蓮市,民主里,金三角與東大門核心交會商圈,是,是,3000.0,2016,獨資,N,0,932499,其他遊戲場
50567199,,餘慶堂,花蓮縣花蓮市民主里東大門夜市（各省一條街Ｇ３攤位）,花蓮縣,花蓮市,民主里,金三角與東大門核心交會商圈,是,是,3000.0,2016,合夥,N,0,932499,其他遊戲場
50726345,,攤販－彭秀蘭,花蓮縣花蓮市民主里東大門夜市（各省一條街Ｇ３０攤位）,花蓮縣,花蓮市,民主里,金三角與東大門核心交會商圈,是,是,3000.0,2016,獨資,N,0,932499,其他遊戲場
50594941,,八面玲瓏,花蓮縣花蓮市民主里東大門夜市（各省一條街Ｇ３１攤位）,花蓮縣,花蓮市,民主里,金三角與東大門核心交會商圈,是,是,3000.0,2016,獨資,N,0,932499,其他遊戲場
50568970,,攤販－陳姿諭,花蓮縣花蓮市民主里東大門夜市（各省一條街Ｇ３３攤位）,花蓮縣,花蓮市,民主里,金三角與東大門核心交會商圈,是,是,3000.0,2016,合夥,N,0,486112,飲料零售攤販
67935015,,法式官財板食品店,花蓮縣花蓮市民主里東大門夜市（各省一條街Ｇ３４攤位）,花蓮縣,花蓮市,民主里,金三角與東大門核心交會商圈,是,是,3000.0,1998,獨資,N,0,561113,麵店、小吃店
50725367,,攤販－吳依臻,花蓮縣花蓮市民主里東大門夜市（各省一條街Ｇ３５攤位）,花蓮縣,花蓮市,民主里,金三角與東大門核心交會商圈,是,是,3000.0,2016,獨資,N,0,932413,投幣式兒童騎乘機械玩具店
39960630,,田家花蓮米香傳奇,花蓮縣花蓮市民主里東大門夜市（各省一條街Ｇ３６攤位）,花蓮縣,花蓮市,民主里,金三角與東大門核心交會商圈,是,是,50000.0,2013,獨資,N,0,561200,餐食攤販
50566369,,飯面知交,花蓮縣花蓮市民主里東大門夜市（各省一條街Ｇ３７攤位）,花蓮縣,花蓮市,民主里,金三角與東大門核心交會商圈,是,是,3000.0,2016,獨資,N,0,561200,餐食攤販
50696145,,攤販－王天儀,花蓮縣花蓮市民主里東大門夜市（各省一條街Ｇ３９攤位）,花蓮縣,花蓮市,民主里,金三角與東大門核心交會商圈,是,是,3000.0,2016,獨資,N,0,464212,通訊傳播設備（電話、手機除外）批發
95031995,,阿梅の選貨屋,花蓮縣花蓮市民主里東大門夜市（各省一條街Ｇ４攤位）,花蓮縣,花蓮市,民主里,金三角與東大門核心交會商圈,是,是,100000.0,2024,獨資,N,0,486999,未分類其他零售攤販
50567058,,豬哥亮米血糕,花蓮縣花蓮市民主里東大門夜市（各省一條街Ｇ４０攤位）,花蓮縣,花蓮市,民主里,金三角與東大門核心交會商圈,是,是,3000.0,2016,獨資,N,0,561200,餐食攤販
50725351,,攤販－吳尹熙,花蓮縣花蓮市民主里東大門夜市（各省一條街Ｇ４２攤位）,花蓮縣,花蓮市,民主里,金三角與東大門核心交會商圈,是,是,3000.0,2016,獨資,N,0,486212,服裝及服飾配件零售攤販
50567677,,五色線工藝社,花蓮縣花蓮市民主里東大門夜市（各省一條街Ｇ４５攤位）,花蓮縣,花蓮市,民主里,金三角與東大門核心交會商圈,是,是,3000.0,2016,獨資,N,0,486999,未分類其他零售攤販
50570119,,亮點藝術玻璃,花蓮縣花蓮市民主里東大門夜市（各省一條街Ｇ４６攤位）,花蓮縣,花蓮市,民主里,金三角與東大門核心交會商圈,是,是,3000.0,2016,獨資,N,0,486999,未分類其他零售攤販
50567640,,知命館,花蓮縣花蓮市民主里東大門夜市（各省一條街Ｇ４７攤位）,花蓮縣,花蓮市,民主里,金三角與東大門核心交會商圈,是,是,3000.0,2016,獨資,N,0,969019,算命卜卦、占星、堪輿
50567769,,達富皮鞋,花蓮縣花蓮市民主里東大門夜市（各省一條街Ｇ４８攤位）,花蓮縣,花蓮市,民主里,金三角與東大門核心交會商圈,是,是,3000.0,2016,獨資,N,0,486211,鞋類零售攤販
50566446,,攤販－林宇濬,花蓮縣花蓮市民主里東大門夜市（各省一條街Ｇ５０攤位）,花蓮縣,花蓮市,民主里,金三角與東大門核心交會商圈,是,是,60000.0,2016,獨資,N,0,486999,未分類其他零售攤販
50570504,,攤販－黃燕妃,花蓮縣花蓮市民主里東大門夜市（各省一條街Ｇ５１攤位）,花蓮縣,花蓮市,民主里,金三角與東大門核心交會商圈,是,是,3000.0,2016,獨資,N,0,486212,服裝及服飾配件零售攤販
50569725,,攤販－邱晨惠,花蓮縣花蓮市民主里東大門夜市（各省一條街Ｇ５２攤位）,花蓮縣,花蓮市,民主里,金三角與東大門核心交會商圈,是,是,3000.0,2016,獨資,N,0,486212,服裝及服飾配件零售攤販
50567661,,攤販－張嘉耘,花蓮縣花蓮市民主里東大門夜市（各省一條街Ｇ５３攤位）,花蓮縣,花蓮市,民主里,金三角與東大門核心交會商圈,是,是,3000.0,2016,獨資,N,0,486212,服裝及服飾配件零售攤販
50567698,,攤販－潘子宏,花蓮縣花蓮市民主里東大門夜市（各省一條街Ｇ５６攤位）,花蓮縣,花蓮市,民主里,金三角與東大門核心交會商圈,是,是,3000.0,2016,獨資,N,0,561200,餐食攤販
50566403,,攤販－陳俞樺,花蓮縣花蓮市民主里東大門夜市（各省一條街Ｇ５９攤位）,花蓮縣,花蓮市,民主里,金三角與東大門核心交會商圈,是,是,50000.0,2016,獨資,N,0,969019,算命卜卦、占星、堪輿
50567509,,攤販－吳麗娟,花蓮縣花蓮市民主里東大門夜市（各省一條街Ｇ７攤位）,花蓮縣,花蓮市,民主里,金三角與東大門核心交會商圈,是,是,3000.0,2016,獨資,N,0,932499,其他遊戲場
50567965,,攤販－魏秀英,花蓮縣花蓮市民主里東大門夜市（各省一條街Ｇ８攤位）,花蓮縣,花蓮市,民主里,金三角與東大門核心交會商圈,是,是,3000.0,2016,獨資,N,0,932499,其他遊戲場
42150402,,攤販－江淑燕,花蓮縣花蓮市民主里東大門夜市（福町夜市Ａ１攤位）,花蓮縣,花蓮市,民主里,金三角與東大門核心交會商圈,是,是,3000.0,2015,獨資,N,0,932499,其他遊戲場
42087513,,攤販－莊紫昕,花蓮縣花蓮市民主里東大門夜市（福町夜市Ａ１０攤位）,花蓮縣,花蓮市,民主里,金三角與東大門核心交會商圈,是,是,3000.0,2015,獨資,N,0,486999,未分類其他零售攤販
42151134,,攤販－楊子倪,花蓮縣花蓮市民主里東大門夜市（福町夜市Ａ１１攤位）,花蓮縣,花蓮市,民主里,金三角與東大門核心交會商圈,是,是,3000.0,2015,獨資,N,0,932499,其他遊戲場
42150450,,攤販－張賴杏蘭,花蓮縣花蓮市民主里東大門夜市（福町夜市Ａ１２攤位）,花蓮縣,花蓮市,民主里,金三角與東大門核心交會商圈,是,是,3000.0,2015,獨資,N,0,932499,其他遊戲場
42100136,,攤販－陳東榮,花蓮縣花蓮市民主里東大門夜市（福町夜市Ａ１４攤位）,花蓮縣,花蓮市,民主里,金三角與東大門核心交會商圈,是,是,3000.0,2015,獨資,N,0,932499,其他遊戲場
42100157,,攤販－曾春梅,花蓮縣花蓮市民主里東大門夜市（福町夜市Ａ１５攤位）,花蓮縣,花蓮市,民主里,金三角與東大門核心交會商圈,是,是,3000.0,2015,獨資,N,0,932499,其他遊戲場
42151444,,福町夜市布洛灣美食風味,花蓮縣花蓮市民主里東大門夜市（福町夜市Ａ１８攤位）,花蓮縣,花蓮市,民主里,金三角與東大門核心交會商圈,是,是,3000.0,2015,獨資,N,0,486111,食品零售攤販
42095730,,山蠔驚奇,花蓮縣花蓮市民主里東大門夜市（福町夜市Ａ１９攤位）,花蓮縣,花蓮市,民主里,金三角與東大門核心交會商圈,是,是,3000.0,2015,獨資,N,0,561200,餐食攤販
42150424,,攤販－黃志仲,花蓮縣花蓮市民主里東大門夜市（福町夜市Ａ２攤位）,花蓮縣,花蓮市,民主里,金三角與東大門核心交會商圈,是,是,3000.0,2015,獨資,N,0,932499,其他遊戲場
42092950,,攤販－黃振益,花蓮縣花蓮市民主里東大門夜市（福町夜市Ａ２０攤位）,花蓮縣,花蓮市,民主里,金三角與東大門核心交會商圈,是,是,3000.0,2015,獨資,N,0,561200,餐食攤販
10032826,,攤販－黃元鴻,花蓮縣花蓮市民主里東大門夜市（福町夜市Ａ２１攤位）,花蓮縣,花蓮市,民主里,金三角與東大門核心交會商圈,是,是,3000.0,2007,獨資,N,0,561200,餐食攤販
42092558,,攤販－謝洪清姿,花蓮縣花蓮市民主里東大門夜市（福町夜市Ａ２３攤位）,花蓮縣,花蓮市,民主里,金三角與東大門核心交會商圈,是,是,3000.0,2015,獨資,N,0,561200,餐食攤販
10033304,,攤販－吳俊杰,花蓮縣花蓮市民主里東大門夜市（福町夜市Ａ２５攤位）,花蓮縣,花蓮市,民主里,金三角與東大門核心交會商圈,是,是,3000.0,2007,獨資,N,0,561200,餐食攤販
78033549,,攤販―黃月英,花蓮縣花蓮市民主里東大門夜市（福町夜市Ａ２６攤位）,花蓮縣,花蓮市,民主里,金三角與東大門核心交會商圈,是,是,3000.0,1993,獨資,N,0,561200,餐食攤販
42150466,,攤販－張佳欣,花蓮縣花蓮市民主里東大門夜市（福町夜市Ａ２８攤位）,花蓮縣,花蓮市,民主里,金三角與東大門核心交會商圈,是,是,3000.0,2015,獨資,N,0,486111,食品零售攤販
10032585,,攤販－陳麗玲,花蓮縣花蓮市民主里東大門夜市（福町夜市Ａ２９攤位）,花蓮縣,花蓮市,民主里,金三角與東大門核心交會商圈,是,是,3000.0,2007,獨資,N,0,561200,餐食攤販
30175358,,攤販－黃貴春,花蓮縣花蓮市民主里東大門夜市（福町夜市Ａ３攤位）,花蓮縣,花蓮市,民主里,金三角與東大門核心交會商圈,是,是,3000.0,2008,獨資,N,0,932499,其他遊戲場
15785140,,來一客牛排,花蓮縣花蓮市民主里東大門夜市（福町夜市Ａ３０攤位）,花蓮縣,花蓮市,民主里,金三角與東大門核心交會商圈,是,是,3000.0,2003,獨資,N,0,561200,餐食攤販
42150487,,曾記烤魷魚,花蓮縣花蓮市民主里東大門夜市（福町夜市Ａ３１攤位）,花蓮縣,花蓮市,民主里,金三角與東大門核心交會商圈,是,是,5000.0,2015,獨資,N,0,486111,食品零售攤販
42150493,,攤販－彭建盛,花蓮縣花蓮市民主里東大門夜市（福町夜市Ａ３２攤位）,花蓮縣,花蓮市,民主里,金三角與東大門核心交會商圈,是,是,3000.0,2015,獨資,N,0,486111,食品零售攤販
42150509,,全聚美食坊,花蓮縣花蓮市民主里東大門夜市（福町夜市Ａ３３攤位）,花蓮縣,花蓮市,民主里,金三角與東大門核心交會商圈,是,是,3000.0,2015,獨資,N,0,486111,食品零售攤販
50709084,,東麥食品行,花蓮縣花蓮市民主里東大門夜市（福町夜市Ａ３４攤位）,花蓮縣,花蓮市,民主里,金三角與東大門核心交會商圈,是,是,3000.0,2016,獨資,N,0,486111,食品零售攤販
42099356,,福町本舖檸檬汁,花蓮縣花蓮市民主里東大門夜市（福町夜市Ａ３５攤位）,花蓮縣,花蓮市,民主里,金三角與東大門核心交會商圈,是,是,238000.0,2015,獨資,N,0,486112,飲料零售攤販
50566868,,攤販－洪裕翔,花蓮縣花蓮市民主里東大門夜市（福町夜市Ａ３６攤位）,花蓮縣,花蓮市,民主里,金三角與東大門核心交會商圈,是,是,3000.0,2016,獨資,N,0,561200,餐食攤販
50566115,,攤販－洪瑞蓮,花蓮縣花蓮市民主里東大門夜市（福町夜市Ａ３７攤位）,花蓮縣,花蓮市,民主里,金三角與東大門核心交會商圈,是,是,3000.0,2016,獨資,N,0,486111,食品零售攤販
50566852,,攤販－江蕙杏,花蓮縣花蓮市民主里東大門夜市（福町夜市Ａ３８攤位）,花蓮縣,花蓮市,民主里,金三角與東大門核心交會商圈,是,是,3000.0,2016,獨資,N,0,561200,餐食攤販
42150439,,攤販－呂勝傑,花蓮縣花蓮市民主里東大門夜市（福町夜市Ａ４攤位）,花蓮縣,花蓮市,民主里,金三角與東大門核心交會商圈,是,是,3000.0,2015,獨資,N,0,932499,其他遊戲場
78033668,,攤販―張玉嬌,花蓮縣花蓮市民主里東大門夜市（福町夜市Ａ４０攤位）,花蓮縣,花蓮市,民主里,金三角與東大門核心交會商圈,是,是,3000.0,1993,獨資,N,0,561200,餐食攤販
42098498,,攤販－林美珠,花蓮縣花蓮市民主里東大門夜市（福町夜市Ａ４２攤位）,花蓮縣,花蓮市,民主里,金三角與東大門核心交會商圈,是,是,3000.0,2015,獨資,N,0,561200,餐食攤販
42097131,,水哥烤魷魚,花蓮縣花蓮市民主里東大門夜市（福町夜市Ａ４４攤位）,花蓮縣,花蓮市,民主里,金三角與東大門核心交會商圈,是,是,3000.0,2015,獨資,N,0,561200,餐食攤販
42150521,,嚇嚇叫雞霸,花蓮縣花蓮市民主里東大門夜市（福町夜市Ａ４５攤位）,花蓮縣,花蓮市,民主里,金三角與東大門核心交會商圈,是,是,3000.0,2015,獨資,N,0,486111,食品零售攤販
42152534,,攤販－黃振瑄,花蓮縣花蓮市民主里東大門夜市（福町夜市Ａ４６攤位）,花蓮縣,花蓮市,民主里,金三角與東大門核心交會商圈,是,是,3000.0,2015,獨資,N,0,486111,食品零售攤販
39951105,,銅玩居,花蓮縣花蓮市民主里東大門夜市（福町夜市Ａ４７攤位）,花蓮縣,花蓮市,民主里,金三角與東大門核心交會商圈,是,是,50000.0,2014,獨資,N,0,472914,飲料零售
50564778,,香榭城鮮果食品社,花蓮縣花蓮市民主里東大門夜市（福町夜市Ａ４９攤位）,花蓮縣,花蓮市,民主里,金三角與東大門核心交會商圈,是,是,3000.0,2016,獨資,N,0,486112,飲料零售攤販
42150445,,攤販－謝詩涵,花蓮縣花蓮市民主里東大門夜市（福町夜市Ａ５攤位）,花蓮縣,花蓮市,民主里,金三角與東大門核心交會商圈,是,是,3000.0,2015,獨資,N,0,561200,餐食攤販
42150331,,攤販－楊季穎,花蓮縣花蓮市民主里東大門夜市（福町夜市Ａ６攤位）,花蓮縣,花蓮市,民主里,金三角與東大門核心交會商圈,是,是,3000.0,2015,獨資,N,0,932499,其他遊戲場
42150347,,攤販－蘇郁惠,花蓮縣花蓮市民主里東大門夜市（福町夜市Ａ７攤位）,花蓮縣,花蓮市,民主里,金三角與東大門核心交會商圈,是,是,3000.0,2015,獨資,N,0,932499,其他遊戲場
78033203,,攤販―林文松,花蓮縣花蓮市民主里東大門夜市（福町夜市Ｂ１０攤位）,花蓮縣,花蓮市,民主里,金三角與東大門核心交會商圈,是,是,3000.0,1993,獨資,N,0,932499,其他遊戲場
42100240,,攤販－郭華南,花蓮縣花蓮市民主里東大門夜市（福町夜市Ｂ１１攤位）,花蓮縣,花蓮市,民主里,金三角與東大門核心交會商圈,是,是,3000.0,2015,獨資,N,0,932499,其他遊戲場
13965815,,攤販－林時建玉,花蓮縣花蓮市民主里東大門夜市（福町夜市Ｂ１２攤位）,花蓮縣,花蓮市,民主里,金三角與東大門核心交會商圈,是,是,30000.0,2002,獨資,N,0,932411,電動玩具店
42214383,,攤販－鍾宛珊,花蓮縣花蓮市民主里東大門夜市（福町夜市Ｂ１３攤位）,花蓮縣,花蓮市,民主里,金三角與東大門核心交會商圈,是,是,3000.0,2015,獨資,N,0,932499,其他遊戲場
42100261,,攤販－林清春,花蓮縣花蓮市民主里東大門夜市（福町夜市Ｂ１４攤位）,花蓮縣,花蓮市,民主里,金三角與東大門核心交會商圈,是,是,3000.0,2015,獨資,N,0,932499,其他遊戲場
42100282,,攤販－蔡阿妹,花蓮縣花蓮市民主里東大門夜市（福町夜市Ｂ１５攤位）,花蓮縣,花蓮市,民主里,金三角與東大門核心交會商圈,是,是,3000.0,2015,獨資,N,0,486111,食品零售攤販
42100305,,攤販－張秋雲,花蓮縣花蓮市民主里東大門夜市（福町夜市Ｂ１６攤位）,花蓮縣,花蓮市,民主里,金三角與東大門核心交會商圈,是,是,3000.0,2015,獨資,N,0,932499,其他遊戲場
50725726,,攤販－李志成,花蓮縣花蓮市民主里東大門夜市（福町夜市Ｂ１８攤位）,花蓮縣,花蓮市,民主里,金三角與東大門核心交會商圈,是,是,3000.0,2016,獨資,N,0,932499,其他遊戲場
42150141,,攤販－朱素蘭,花蓮縣花蓮市民主里東大門夜市（福町夜市Ｂ１９攤位）,花蓮縣,花蓮市,民主里,金三角與東大門核心交會商圈,是,是,3000.0,2015,獨資,N,0,486112,飲料零售攤販
42100115,,攤販－蘇明朱,花蓮縣花蓮市民主里東大門夜市（福町夜市Ｂ２攤位）,花蓮縣,花蓮市,民主里,金三角與東大門核心交會商圈,是,是,3000.0,2015,獨資,N,0,932499,其他遊戲場
10032776,,攤販－張建中,花蓮縣花蓮市民主里東大門夜市（福町夜市Ｂ２０攤位）,花蓮縣,花蓮市,民主里,金三角與東大門核心交會商圈,是,是,3000.0,2007,獨資,N,0,932999,未分類其他娛樂及休閒服務
26106387,,攤販－蔡明材,花蓮縣花蓮市民主里東大門夜市（福町夜市Ｂ２１攤位）,花蓮縣,花蓮市,民主里,金三角與東大門核心交會商圈,是,是,3000.0,2009,獨資,N,0,932413,投幣式兒童騎乘機械玩具店
42100332,,攤販－嚴琴,花蓮縣花蓮市民主里東大門夜市（福町夜市Ｂ２２攤位）,花蓮縣,花蓮市,民主里,金三角與東大門核心交會商圈,是,是,3000.0,2015,獨資,N,0,932499,其他遊戲場
50728815,,攤販－胡旻裕,花蓮縣花蓮市民主里東大門夜市（福町夜市Ｂ２３攤位）,花蓮縣,花蓮市,民主里,金三角與東大門核心交會商圈,是,是,3000.0,2016,獨資,N,0,932414,夾娃娃機店
50598952,,攤販－郭建民,花蓮縣花蓮市民主里東大門夜市（福町夜市Ｂ２４攤位）,花蓮縣,花蓮市,民主里,金三角與東大門核心交會商圈,是,是,3000.0,2016,獨資,N,0,932414,夾娃娃機店
50593387,,攤販－郭宗奇,花蓮縣花蓮市民主里東大門夜市（福町夜市Ｂ２５攤位）,花蓮縣,花蓮市,民主里,金三角與東大門核心交會商圈,是,是,3000.0,2016,獨資,N,0,932414,夾娃娃機店
42100375,,攤販－張美珠,花蓮縣花蓮市民主里東大門夜市（福町夜市Ｂ２６攤位）,花蓮縣,花蓮市,民主里,金三角與東大門核心交會商圈,是,是,3000.0,2015,獨資,N,0,932499,其他遊戲場
42205568,,攤販－林文松,花蓮縣花蓮市民主里東大門夜市（福町夜市Ｂ２７攤位）,花蓮縣,花蓮市,民主里,金三角與東大門核心交會商圈,是,是,3000.0,2015,獨資,N,0,561200,餐食攤販
18064645,,攤販－沈曉倩,花蓮縣花蓮市民主里東大門夜市（福町夜市Ｂ２８攤位）,花蓮縣,花蓮市,民主里,金三角與東大門核心交會商圈,是,是,50000.0,2001,獨資,N,0,932499,其他遊戲場
42151893,,攤販－沈曉琦,花蓮縣花蓮市民主里東大門夜市（福町夜市Ｂ２９攤位）,花蓮縣,花蓮市,民主里,金三角與東大門核心交會商圈,是,是,3000.0,2015,獨資,N,0,932499,其他遊戲場
50565220,,攤販－黃淑芬,花蓮縣花蓮市民主里東大門夜市（福町夜市Ｂ３攤位）,花蓮縣,花蓮市,民主里,金三角與東大門核心交會商圈,是,是,3000.0,2016,獨資,N,0,561200,餐食攤販
42100396,,攤販－徐振國,花蓮縣花蓮市民主里東大門夜市（福町夜市Ｂ３０攤位）,花蓮縣,花蓮市,民主里,金三角與東大門核心交會商圈,是,是,3000.0,2015,獨資,N,0,932499,其他遊戲場
78033294,,攤販―陳麗真,花蓮縣花蓮市民主里東大門夜市（福町夜市Ｂ３１攤位）,花蓮縣,花蓮市,民主里,金三角與東大門核心交會商圈,是,是,3000.0,1993,獨資,N,0,932499,其他遊戲場
42150986,,攤販一陳芳玉,花蓮縣花蓮市民主里東大門夜市（福町夜市Ｂ３３攤位）,花蓮縣,花蓮市,民主里,金三角與東大門核心交會商圈,是,是,3000.0,2015,獨資,N,0,932499,其他遊戲場
42100425,,攤販－陳芳銘,花蓮縣花蓮市民主里東大門夜市（福町夜市Ｂ３４攤位）,花蓮縣,花蓮市,民主里,金三角與東大門核心交會商圈,是,是,3000.0,2015,獨資,N,0,932499,其他遊戲場
78033647,,攤販―鄒寶梅,花蓮縣花蓮市民主里東大門夜市（福町夜市Ｂ３５攤位）,花蓮縣,花蓮市,民主里,金三角與東大門核心交會商圈,是,是,3000.0,1993,獨資,N,0,932499,其他遊戲場
42151009,,攤販一陳芳珠,花蓮縣花蓮市民主里東大門夜市（福町夜市Ｂ３６攤位）,花蓮縣,花蓮市,民主里,金三角與東大門核心交會商圈,是,是,3000.0,2015,獨資,N,0,932414,夾娃娃機店
42100430,,攤販－謝燕惠,花蓮縣花蓮市民主里東大門夜市（福町夜市Ｂ３７攤位）,花蓮縣,花蓮市,民主里,金三角與東大門核心交會商圈,是,是,3000.0,2015,獨資,N,0,932499,其他遊戲場
42100446,,攤販－張榮華,花蓮縣花蓮市民主里東大門夜市（福町夜市Ｂ３８攤位）,花蓮縣,花蓮市,民主里,金三角與東大門核心交會商圈,是,是,3000.0,2015,獨資,N,0,932499,其他遊戲場
10033254,,攤販－林鴻文,花蓮縣花蓮市民主里東大門夜市（福町夜市Ｂ３９攤位）,花蓮縣,花蓮市,民主里,金三角與東大門核心交會商圈,是,是,3000.0,2007,獨資,N,0,932499,其他遊戲場
42100500,,攤販－蕭秋萍,花蓮縣花蓮市民主里東大門夜市（福町夜市Ｂ４０攤位）,花蓮縣,花蓮市,民主里,金三角與東大門核心交會商圈,是,是,3000.0,2015,獨資,N,0,486212,服裝及服飾配件零售攤販
10032733,,攤販－戴雅婷,花蓮縣花蓮市民主里東大門夜市（福町夜市Ｂ４１攤位）,花蓮縣,花蓮市,民主里,金三角與東大門核心交會商圈,是,是,3000.0,2007,獨資,N,0,563199,其他飲料店
50725704,,攤販－杜佾璘,花蓮縣花蓮市民主里東大門夜市（福町夜市Ｂ４２攤位）,花蓮縣,花蓮市,民主里,金三角與東大門核心交會商圈,是,是,3000.0,2016,獨資,N,0,932499,其他遊戲場
42100516,,攤販－林久舜,花蓮縣花蓮市民主里東大門夜市（福町夜市Ｂ４３攤位）,花蓮縣,花蓮市,民主里,金三角與東大門核心交會商圈,是,是,3000.0,2015,獨資,N,0,932499,其他遊戲場
42150233,,攤販－鄭淑華,花蓮縣花蓮市民主里東大門夜市（福町夜市Ｂ４５攤位）,花蓮縣,花蓮市,民主里,金三角與東大門核心交會商圈,是,是,3000.0,2015,獨資,N,0,932499,其他遊戲場
72698081,,攤販－李孟龍,花蓮縣花蓮市民主里東大門夜市（福町夜市Ｂ４６攤位）,花蓮縣,花蓮市,民主里,金三角與東大門核心交會商圈,是,是,3000.0,2017,獨資,N,0,486111,食品零售攤販
42094922,,攤販－鄭茹萍,花蓮縣花蓮市民主里東大門夜市（福町夜市Ｂ４７攤位）,花蓮縣,花蓮市,民主里,金三角與東大門核心交會商圈,是,是,3000.0,2015,獨資,N,0,561200,餐食攤販
18062549,,攤販－黃順發,花蓮縣花蓮市民主里東大門夜市（福町夜市Ｂ４８攤位）,花蓮縣,花蓮市,民主里,金三角與東大門核心交會商圈,是,是,5000.0,2001,獨資,N,0,561200,餐食攤販
42094964,,隨客意牛排,花蓮縣花蓮市民主里東大門夜市（福町夜市Ｂ４９攤位）,花蓮縣,花蓮市,民主里,金三角與東大門核心交會商圈,是,是,3000.0,2015,獨資,N,0,561200,餐食攤販
72886464,,攤販－潘建曄,花蓮縣花蓮市民主里東大門夜市（福町夜市Ｂ５攤位）,花蓮縣,花蓮市,民主里,金三角與東大門核心交會商圈,是,是,3000.0,2018,獨資,N,0,561200,餐食攤販
42150965,,攤販一盧有城,花蓮縣花蓮市民主里東大門夜市（福町夜市Ｂ５０攤位）,花蓮縣,花蓮市,民主里,金三角與東大門核心交會商圈,是,是,3000.0,2015,獨資,N,0,486112,飲料零售攤販
42102015,,攤販－洪政義,花蓮縣花蓮市民主里東大門夜市（福町夜市Ｂ５２攤位）,花蓮縣,花蓮市,民主里,金三角與東大門核心交會商圈,是,是,3000.0,2015,獨資,N,0,486112,飲料零售攤販
42102057,,攤販－林新絜,花蓮縣花蓮市民主里東大門夜市（福町夜市Ｂ５３攤位）,花蓮縣,花蓮市,民主里,金三角與東大門核心交會商圈,是,是,3000.0,2015,獨資,N,0,486111,食品零售攤販
72750190,,攤販－黃仁勇,花蓮縣花蓮市民主里東大門夜市（福町夜市Ｂ６攤位）,花蓮縣,花蓮市,民主里,金三角與東大門核心交會商圈,是,是,3000.0,2017,獨資,N,0,561200,餐食攤販
99487898,,攤販－許玉玲,花蓮縣花蓮市民主里東大門夜市（福町夜市Ｂ７攤位）,花蓮縣,花蓮市,民主里,金三角與東大門核心交會商圈,是,是,50000.0,2004,獨資,N,0,932414,夾娃娃機店
42100163,,攤販－吳宗曄,花蓮縣花蓮市民主里東大門夜市（福町夜市Ｂ８攤位）,花蓮縣,花蓮市,民主里,金三角與東大門核心交會商圈,是,是,3000.0,2015,獨資,N,0,932414,夾娃娃機店
42150563,,攤販－陳界男,花蓮縣花蓮市民主里東大門夜市（福町夜市Ｂ９攤位）,花蓮縣,花蓮市,民主里,金三角與東大門核心交會商圈,是,是,3000.0,2015,獨資,N,0,932499,其他遊戲場
50563594,,攤販－邱志偉,花蓮縣花蓮市民主里東大門夜市（福町夜市Ｃ１攤位）,花蓮縣,花蓮市,民主里,金三角與東大門核心交會商圈,是,是,400000.0,2016,合夥,N,0,561200,餐食攤販
85221975,,攤販－葉惠枝,花蓮縣花蓮市民主里東大門夜市（福町夜市Ｃ１１攤位）,花蓮縣,花蓮市,民主里,金三角與東大門核心交會商圈,是,是,3000.0,2019,獨資,N,0,561200,餐食攤販
42100543,,攤販－鄭忠,花蓮縣花蓮市民主里東大門夜市（福町夜市Ｃ１２攤位）,花蓮縣,花蓮市,民主里,金三角與東大門核心交會商圈,是,是,3000.0,2015,獨資,N,0,486111,食品零售攤販
26796860,,來一杯果汁店,花蓮縣花蓮市民主里東大門夜市（福町夜市Ｃ１６攤位）,花蓮縣,花蓮市,民主里,金三角與東大門核心交會商圈,是,是,3000.0,2011,獨資,N,0,486112,飲料零售攤販
78033180,,攤販―黃春福,花蓮縣花蓮市民主里東大門夜市（福町夜市Ｃ１７攤位）,花蓮縣,花蓮市,民主里,金三角與東大門核心交會商圈,是,是,3000.0,1993,獨資,N,0,561200,餐食攤販
50577318,,攤販－陳宜文,花蓮縣花蓮市民主里東大門夜市（福町夜市Ｃ１９攤位）,花蓮縣,花蓮市,民主里,金三角與東大門核心交會商圈,是,是,3000.0,2016,獨資,N,0,561200,餐食攤販
42100620,,攤販－潘嘉翎,花蓮縣花蓮市民主里東大門夜市（福町夜市Ｃ２０攤位）,花蓮縣,花蓮市,民主里,金三角與東大門核心交會商圈,是,是,3000.0,2015,獨資,N,0,486111,食品零售攤販
50567439,,攤販－陳桂枝,花蓮縣花蓮市民主里東大門夜市（福町夜市Ｃ２２攤位）,花蓮縣,花蓮市,民主里,金三角與東大門核心交會商圈,是,是,3000.0,2016,獨資,N,0,561200,餐食攤販
72612275,,彩虹芋頭鴨,花蓮縣花蓮市民主里東大門夜市（福町夜市Ｃ２３攤位）,花蓮縣,花蓮市,民主里,金三角與東大門核心交會商圈,是,是,3000.0,2017,獨資,N,0,561200,餐食攤販
42100749,,攤販－王秉慧,花蓮縣花蓮市民主里東大門夜市（福町夜市Ｃ２４攤位）,花蓮縣,花蓮市,民主里,金三角與東大門核心交會商圈,是,是,3000.0,2015,獨資,N,0,486111,食品零售攤販
42150108,,攤販－林立國,花蓮縣花蓮市民主里東大門夜市（福町夜市Ｃ２５攤位）,花蓮縣,花蓮市,民主里,金三角與東大門核心交會商圈,是,是,3000.0,2015,獨資,N,0,486111,食品零售攤販
50571095,,炒麵麵包,花蓮縣花蓮市民主里東大門夜市（福町夜市Ｃ２６攤位）,花蓮縣,花蓮市,民主里,金三角與東大門核心交會商圈,是,是,3000.0,2016,獨資,N,0,561200,餐食攤販
42154152,,攤販－温錦俊,花蓮縣花蓮市民主里東大門夜市（福町夜市Ｃ３１攤位）,花蓮縣,花蓮市,民主里,金三角與東大門核心交會商圈,是,是,3000.0,2015,獨資,N,0,486111,食品零售攤販
72613366,,攤販－王梅貴,花蓮縣花蓮市民主里東大門夜市（福町夜市Ｃ３２攤位）,花蓮縣,花蓮市,民主里,金三角與東大門核心交會商圈,是,是,3000.0,2017,獨資,N,0,561200,餐食攤販
72634741,,攤販－彭上澤,花蓮縣花蓮市民主里東大門夜市（福町夜市Ｃ７攤位）,花蓮縣,花蓮市,民主里,金三角與東大門核心交會商圈,是,是,3000.0,2017,獨資,N,0,486999,未分類其他零售攤販
42150276,,攤販－王烏店,花蓮縣花蓮市民主里東大門夜市（福町夜市Ｃ９攤位）,花蓮縣,花蓮市,民主里,金三角與東大門核心交會商圈,是,是,3000.0,2015,獨資,N,0,486111,食品零售攤販
50567254,,攤販－李旻甄,花蓮縣花蓮市民主里東大門夜市（自強夜市Ｅ４６攤位）,花蓮縣,花蓮市,民主里,金三角與東大門核心交會商圈,是,是,3000.0,2016,獨資,N,0,932499,其他遊戲場
50565609,,攤販－林秀珠,花蓮縣花蓮市民主里東大門夜市（自強夜市Ｅ４７攤位）,花蓮縣,花蓮市,民主里,金三角與東大門核心交會商圈,是,是,3000.0,2016,獨資,N,0,563200,調理飲料攤販
50566500,,攤販－蔡宗恩,花蓮縣花蓮市民主里東大門夜市（自強夜市Ｅ５６攤位）,花蓮縣,花蓮市,民主里,金三角與東大門核心交會商圈,是,是,150000.0,2016,獨資,N,0,561200,餐食攤販
50567450,,擋未條大腸包小腸,花蓮縣花蓮市民主里東大門夜市（自強夜市Ｅ６１攤位）,花蓮縣,花蓮市,民主里,金三角與東大門核心交會商圈,是,是,3000.0,2016,獨資,N,0,561200,餐食攤販
50568423,,攤販－萬碧茹,花蓮縣花蓮市民主里東大門夜市（自強夜市Ｅ６２攤位）,花蓮縣,花蓮市,民主里,金三角與東大門核心交會商圈,是,是,3000.0,2016,獨資,N,0,561200,餐食攤販
50567851,,攤販－莊和穎,花蓮縣花蓮市民主里東大門夜市（自強夜市Ｅ６４攤位）,花蓮縣,花蓮市,民主里,金三角與東大門核心交會商圈,是,是,3000.0,2016,獨資,N,0,561200,餐食攤販
31660771,,攤販－楊子霆,花蓮縣花蓮市民主里東大門夜市（自強夜市Ｅ６５攤位）,花蓮縣,花蓮市,民主里,金三角與東大門核心交會商圈,是,是,3000.0,2012,獨資,N,0,561200,餐食攤販
18060845,,家傳食品社,花蓮縣花蓮市民主里東大門夜市（自強夜市Ｅ６６攤位）,花蓮縣,花蓮市,民主里,金三角與東大門核心交會商圈,是,是,3000.0,2001,獨資,N,0,561200,餐食攤販
50566895,,攤販－劉瑞玲,花蓮縣花蓮市民主里東大門夜市（自強夜市Ｅ６７攤位）,花蓮縣,花蓮市,民主里,金三角與東大門核心交會商圈,是,是,3000.0,2016,獨資,N,0,561200,餐食攤販
50566874,,江記櫻桃燻鴨,花蓮縣花蓮市民主里東大門夜市（自強夜市Ｅ６９攤位）,花蓮縣,花蓮市,民主里,金三角與東大門核心交會商圈,是,是,3000.0,2016,獨資,N,0,561200,餐食攤販
50594344,,攤販－官一龍,花蓮縣花蓮市民主里東大門夜市（自強夜市Ｅ７０攤位）,花蓮縣,花蓮市,民主里,金三角與東大門核心交會商圈,是,是,3000.0,2016,獨資,N,0,486112,飲料零售攤販
50567085,,攤販－柯欣妤,花蓮縣花蓮市民主里東大門夜市（自強夜市Ｅ７１攤位）,花蓮縣,花蓮市,民主里,金三角與東大門核心交會商圈,是,是,3000.0,2016,獨資,N,0,561200,餐食攤販
30101286,,攤販－黃達進,花蓮縣花蓮市民主里東大門夜市（自強夜市Ｅ７２攤位）,花蓮縣,花蓮市,民主里,金三角與東大門核心交會商圈,是,是,3000.0,2008,獨資,N,0,932414,夾娃娃機店
30111186,,攤販─呂良健,花蓮縣花蓮市民主里東大門夜市（自強夜市Ｅ７６攤位）,花蓮縣,花蓮市,民主里,金三角與東大門核心交會商圈,是,是,3000.0,2008,獨資,N,0,486112,飲料零售攤販
50567705,,攤販－曾昱秦,花蓮縣花蓮市民主里東大門夜市（自強夜市Ｅ７７攤位）,花蓮縣,花蓮市,民主里,金三角與東大門核心交會商圈,是,是,3000.0,2016,獨資,N,0,561200,餐食攤販
50567775,,香蕉煎餅泰式奶茶,花蓮縣花蓮市民主里東大門夜市（自強夜市Ｅ７８攤位）,花蓮縣,花蓮市,民主里,金三角與東大門核心交會商圈,是,是,3000.0,2016,獨資,N,0,561200,餐食攤販
50569041,,強蛋餅,花蓮縣花蓮市民主里東大門夜市（自強夜市Ｅ７９攤位）,花蓮縣,花蓮市,民主里,金三角與東大門核心交會商圈,是,是,3000.0,2016,獨資,N,0,561200,餐食攤販
30206486,,蔣家花蓮創意官財板,花蓮縣花蓮市民主里東大門夜市（自強夜市Ｅ８０攤位）,花蓮縣,花蓮市,民主里,金三角與東大門核心交會商圈,是,是,50000.0,2010,獨資,N,0,561200,餐食攤販
42150135,,攤販－黃俊雄,花蓮縣花蓮市民主里東大門夜市Ａ１３攤位,花蓮縣,花蓮市,民主里,金三角與東大門核心交會商圈,是,是,3000.0,2015,獨資,N,0,486111,食品零售攤販
42092543,,古早味復刻甘草拔辣攤,花蓮縣花蓮市民主里東大門夜市Ａ２２攤位,花蓮縣,花蓮市,民主里,金三角與東大門核心交會商圈,是,是,3000.0,2015,獨資,N,0,561200,餐食攤販
42100348,,糖葫蘆水果茶甘草芭樂,花蓮縣花蓮市民主里東大門夜市Ａ２７攤位,花蓮縣,花蓮市,民主里,金三角與東大門核心交會商圈,是,是,3000.0,2015,獨資,N,0,486111,食品零售攤販
50564159,,超級大熱狗,花蓮縣花蓮市民主里東大門夜市Ａ３９攤位,花蓮縣,花蓮市,民主里,金三角與東大門核心交會商圈,是,是,3000.0,2016,獨資,N,0,561200,餐食攤販
87374547,,攤販－林育鳯,花蓮縣花蓮市民主里東大門夜市Ａ４１攤位,花蓮縣,花蓮市,民主里,金三角與東大門核心交會商圈,是,是,6000.0,2020,獨資,N,0,561200,餐食攤販
42084993,,軌道運球,花蓮縣花蓮市民主里東大門夜市Ａ８攤位,花蓮縣,花蓮市,民主里,金三角與東大門核心交會商圈,是,是,3000.0,2015,獨資,N,0,932412,小鋼珠（柏青哥）店
42102113,,來呦博聖杯中大獎商號,花蓮縣花蓮市民主里東大門夜市Ｂ１７攤位,花蓮縣,花蓮市,民主里,金三角與東大門核心交會商圈,是,是,3000.0,2015,獨資,N,0,932499,其他遊戲場
91256542,,原似原繪,花蓮縣花蓮市民主里東大門夜市Ｂ４號攤位,花蓮縣,花蓮市,民主里,金三角與東大門核心交會商圈,是,是,3000.0,2021,獨資,N,0,903099,其他創作及藝術表演輔助服務
42100924,,首都炭烤,花蓮縣花蓮市民主里東大門夜市Ｂ５１攤位,花蓮縣,花蓮市,民主里,金三角與東大門核心交會商圈,是,是,3000.0,2015,合夥,N,0,486111,食品零售攤販
50570146,,堂薯薯臭薯條,花蓮縣花蓮市民主里東大門夜市Ｃ１４攤位,花蓮縣,花蓮市,民主里,金三角與東大門核心交會商圈,是,是,3000.0,2016,獨資,N,0,561200,餐食攤販
50567711,,驛鐵站手工牛軋糖,花蓮縣花蓮市民主里東大門夜市Ｃ１８攤位,花蓮縣,花蓮市,民主里,金三角與東大門核心交會商圈,是,是,3000.0,2016,獨資,N,0,561200,餐食攤販
42100712,,赤炸風雲,花蓮縣花蓮市民主里東大門夜市Ｃ２１攤位,花蓮縣,花蓮市,民主里,金三角與東大門核心交會商圈,是,是,3000.0,2015,獨資,N,0,486111,食品零售攤販
50728364,,攤販－毛琳葳,花蓮縣花蓮市民主里東大門夜市Ｃ２７攤位,花蓮縣,花蓮市,民主里,金三角與東大門核心交會商圈,是,是,3000.0,2016,獨資,N,0,486111,食品零售攤販
85202843,,攤販－魏金蘭,花蓮縣花蓮市民主里東大門夜市Ｃ２８攤位,花蓮縣,花蓮市,民主里,金三角與東大門核心交會商圈,是,是,3000.0,2019,獨資,N,0,561200,餐食攤販
72749949,,鬼匠拉麵,花蓮縣花蓮市民主里東大門夜市Ｃ３攤位,花蓮縣,花蓮市,民主里,金三角與東大門核心交會商圈,是,是,3000.0,2017,獨資,N,0,561200,餐食攤販
42103632,,小酒窩,花蓮縣花蓮市民主里東大門夜市Ｃ６攤位,花蓮縣,花蓮市,民主里,金三角與東大門核心交會商圈,是,是,3000.0,2015,獨資,N,0,561200,餐食攤販
72765594,,小８三色地瓜球,花蓮縣花蓮市民主里東大門夜市Ｃ８攤位,花蓮縣,花蓮市,民主里,金三角與東大門核心交會商圈,是,是,3000.0,2017,獨資,N,0,561200,餐食攤販
50576388,,一品餐館,花蓮縣花蓮市民主里東大門夜市Ｄ１６攤位,花蓮縣,花蓮市,民主里,金三角與東大門核心交會商圈,是,是,3000.0,2016,獨資,N,0,561200,餐食攤販
50565431,,馬告炒麵刈包,花蓮縣花蓮市民主里東大門夜市Ｄ１９攤位,花蓮縣,花蓮市,民主里,金三角與東大門核心交會商圈,是,是,3000.0,2016,獨資,N,0,561200,餐食攤販
50642182,,小曾椰子王,花蓮縣花蓮市民主里東大門夜市Ｄ２６攤位,花蓮縣,花蓮市,民主里,金三角與東大門核心交會商圈,是,是,3000.0,2016,獨資,N,0,486112,飲料零售攤販
50573761,,秀英的店,花蓮縣花蓮市民主里東大門夜市Ｄ２７攤位,花蓮縣,花蓮市,民主里,金三角與東大門核心交會商圈,是,是,3000.0,2016,獨資,N,0,486112,飲料零售攤販
50566430,,得魯固轟炸魷魚花枝燒,花蓮縣花蓮市民主里東大門夜市Ｄ２８攤位,花蓮縣,花蓮市,民主里,金三角與東大門核心交會商圈,是,是,3000.0,2016,獨資,N,0,561200,餐食攤販
30109246,,妙不可言果汁,花蓮縣花蓮市民主里東大門夜市Ｄ３２攤位,花蓮縣,花蓮市,民主里,金三角與東大門核心交會商圈,是,是,3000.0,2008,獨資,N,0,486112,飲料零售攤販
50568303,,飯飯雞翅,花蓮縣花蓮市民主里東大門夜市Ｄ３３攤位,花蓮縣,花蓮市,民主里,金三角與東大門核心交會商圈,是,是,3000.0,2016,獨資,N,0,561200,餐食攤販
18052752,,古早味潤餅捲,花蓮縣花蓮市民主里東大門夜市Ｄ３８攤位,花蓮縣,花蓮市,民主里,金三角與東大門核心交會商圈,是,是,3000.0,2001,獨資,N,0,561200,餐食攤販
50695238,,攤販－馬金蘭,花蓮縣花蓮市民主里東大門夜市Ｄ４０攤位,花蓮縣,花蓮市,民主里,金三角與東大門核心交會商圈,是,是,3000.0,2016,獨資,N,0,561200,餐食攤販
50566451,,羊肉明美食館,花蓮縣花蓮市民主里東大門夜市Ｄ４５攤位,花蓮縣,花蓮市,民主里,金三角與東大門核心交會商圈,是,是,3000.0,2016,獨資,N,0,561200,餐食攤販
50569680,,炸彈蔥油餅,花蓮縣花蓮市民主里東大門夜市Ｄ４８攤位,花蓮縣,花蓮市,民主里,金三角與東大門核心交會商圈,是,是,3000.0,2016,獨資,N,0,561200,餐食攤販
34904218,,螃蟹王,花蓮縣花蓮市民主里東大門夜市Ｄ５５攤位,花蓮縣,花蓮市,民主里,金三角與東大門核心交會商圈,是,是,3000.0,2010,獨資,N,0,561200,餐食攤販
50567803,,雪之戀雪花冰,花蓮縣花蓮市民主里東大門夜市Ｄ５６攤位,花蓮縣,花蓮市,民主里,金三角與東大門核心交會商圈,是,是,3000.0,2016,獨資,N,0,486112,飲料零售攤販
50726719,,零食趣,花蓮縣花蓮市民主里東大門夜市Ｄ６２攤位,花蓮縣,花蓮市,民主里,金三角與東大門核心交會商圈,是,是,3000.0,2016,獨資,N,0,486111,食品零售攤販
50564566,,林阿嬤的店,花蓮縣花蓮市民主里東大門夜市Ｄ９攤位,花蓮縣,花蓮市,民主里,金三角與東大門核心交會商圈,是,是,3000.0,2016,獨資,N,0,561200,餐食攤販
72621794,,一起來熱炒,花蓮縣花蓮市民主里東大門夜市Ｅ１０攤位,花蓮縣,花蓮市,民主里,金三角與東大門核心交會商圈,是,是,3000.0,2017,獨資,N,0,561200,餐食攤販
50736097,,寶泰喜沙嗲串燒,花蓮縣花蓮市民主里東大門夜市Ｅ２０攤位,花蓮縣,花蓮市,民主里,金三角與東大門核心交會商圈,是,是,3000.0,2017,獨資,N,0,561200,餐食攤販
31604188,,鍠佳冷飲部,花蓮縣花蓮市民主里東大門夜市Ｅ２４攤位,花蓮縣,花蓮市,民主里,金三角與東大門核心交會商圈,是,是,3000.0,2011,獨資,N,0,486112,飲料零售攤販
50569611,,阿胖菇素食小點舖,花蓮縣花蓮市民主里東大門夜市Ｅ２５號攤位,花蓮縣,花蓮市,民主里,金三角與東大門核心交會商圈,是,是,3000.0,2016,獨資,N,0,561200,餐食攤販
50568471,,珊媽石板燒炭烤舖,花蓮縣花蓮市民主里東大門夜市Ｅ２７攤位,花蓮縣,花蓮市,民主里,金三角與東大門核心交會商圈,是,是,3000.0,2016,獨資,N,0,561200,餐食攤販
87344333,,東大門原民醬烤魷魚,花蓮縣花蓮市民主里東大門夜市Ｅ３０攤位,花蓮縣,花蓮市,民主里,金三角與東大門核心交會商圈,是,是,3000.0,2020,獨資,N,0,561200,餐食攤販
50569788,,班扎鐵板海鮮,花蓮縣花蓮市民主里東大門夜市Ｅ３１攤位,花蓮縣,花蓮市,民主里,金三角與東大門核心交會商圈,是,是,3000.0,2016,獨資,N,0,561200,餐食攤販
50566516,,花蓮銅板燒干貝,花蓮縣花蓮市民主里東大門夜市Ｅ３８攤位,花蓮縣,花蓮市,民主里,金三角與東大門核心交會商圈,是,是,5000.0,2016,獨資,N,0,561200,餐食攤販
50641515,,吉香炸蛋葱油餅,花蓮縣花蓮市民主里東大門夜市Ｅ３９攤位,花蓮縣,花蓮市,民主里,金三角與東大門核心交會商圈,是,是,3000.0,2016,獨資,N,0,486111,食品零售攤販
50571047,,第一家鮮果汁,花蓮縣花蓮市民主里東大門夜市Ｅ４攤位,花蓮縣,花蓮市,民主里,金三角與東大門核心交會商圈,是,是,3000.0,2016,獨資,N,0,486112,飲料零售攤販
50567682,,攤販－程麗美,花蓮縣花蓮市民主里東大門夜市Ｅ４１攤位,花蓮縣,花蓮市,民主里,金三角與東大門核心交會商圈,是,是,3000.0,2016,獨資,N,0,932499,其他遊戲場
50568036,,阿蜜斯的小孩小吃,花蓮縣花蓮市民主里東大門夜市Ｅ４３攤位,花蓮縣,花蓮市,民主里,金三角與東大門核心交會商圈,是,是,3000.0,2016,獨資,N,0,561200,餐食攤販
72817951,,來記排骨酥,花蓮縣花蓮市民主里東大門夜市Ｅ５攤位,花蓮縣,花蓮市,民主里,金三角與東大門核心交會商圈,是,是,20000.0,2017,獨資,N,0,561200,餐食攤販
50569675,,文儀商行,花蓮縣花蓮市民主里東大門夜市Ｅ５９攤位,花蓮縣,花蓮市,民主里,金三角與東大門核心交會商圈,是,是,3000.0,2016,獨資,N,0,561200,餐食攤販
50594196,,攤販－鄭麗瓊,花蓮縣花蓮市民主里東大門夜市Ｅ６攤位,花蓮縣,花蓮市,民主里,金三角與東大門核心交會商圈,是,是,3000.0,2016,獨資,N,0,561200,餐食攤販
50569540,,明達正宗石板烤肉屋,花蓮縣花蓮市民主里東大門夜市Ｅ７攤位,花蓮縣,花蓮市,民主里,金三角與東大門核心交會商圈,是,是,3000.0,2016,獨資,N,0,561200,餐食攤販
50567206,,娃娃男孩商行,花蓮縣花蓮市民主里東大門夜市Ｅ７３攤位,花蓮縣,花蓮市,民主里,金三角與東大門核心交會商圈,是,是,3000.0,2016,合夥,N,0,932499,其他遊戲場
50571525,,來來燒烤炸物,花蓮縣花蓮市民主里東大門夜市Ｅ７４攤位,花蓮縣,花蓮市,民主里,金三角與東大門核心交會商圈,是,是,3000.0,2016,獨資,N,0,561200,餐食攤販
50568768,,大福雞排,花蓮縣花蓮市民主里東大門夜市Ｅ７５攤位,花蓮縣,花蓮市,民主里,金三角與東大門核心交會商圈,是,是,10000.0,2016,合夥,N,0,561200,餐食攤販
50568991,,果真好吃,花蓮縣花蓮市民主里東大門夜市Ｅ８攤位,花蓮縣,花蓮市,民主里,金三角與東大門核心交會商圈,是,是,3000.0,2016,獨資,N,0,486112,飲料零售攤販
50567183,,小賴好茶,花蓮縣花蓮市民主里東大門夜市Ｆ１攤位,花蓮縣,花蓮市,民主里,金三角與東大門核心交會商圈,是,是,3000.0,2016,獨資,N,0,563200,調理飲料攤販
72620562,,香焱炭火烤肉,花蓮縣花蓮市民主里東大門夜市Ｆ１０攤位,花蓮縣,花蓮市,民主里,金三角與東大門核心交會商圈,是,是,3000.0,2017,獨資,N,0,561200,餐食攤販
72620325,,攤販－洪玉蘭,花蓮縣花蓮市民主里東大門夜市Ｆ２３攤位,花蓮縣,花蓮市,民主里,金三角與東大門核心交會商圈,是,是,100000.0,2017,合夥,N,0,932499,其他遊戲場
50727061,,夢想童裝園,花蓮縣花蓮市民主里東大門夜市Ｆ２４攤位,花蓮縣,花蓮市,民主里,金三角與東大門核心交會商圈,是,是,3000.0,2016,獨資,N,0,486212,服裝及服飾配件零售攤販
50566585,,福杯滿溢,花蓮縣花蓮市民主里東大門夜市Ｆ２６攤位,花蓮縣,花蓮市,民主里,金三角與東大門核心交會商圈,是,是,3000.0,2016,獨資,N,0,486111,食品零售攤販
50569767,,Ｔｅｍｐ,花蓮縣花蓮市民主里東大門夜市Ｆ３２攤位,花蓮縣,花蓮市,民主里,金三角與東大門核心交會商圈,是,是,3000.0,2016,獨資,N,0,486999,未分類其他零售攤販
50567830,,ＳＭＡＬＬ　ＢＡＲ,花蓮縣花蓮市民主里東大門夜市Ｆ３４攤位,花蓮縣,花蓮市,民主里,金三角與東大門核心交會商圈,是,是,3000.0,2016,獨資,N,0,563200,調理飲料攤販
50569534,,強力彈弓,花蓮縣花蓮市民主里東大門夜市Ｆ３５攤位,花蓮縣,花蓮市,民主里,金三角與東大門核心交會商圈,是,是,3000.0,2016,獨資,N,0,932499,其他遊戲場
50569801,,開心玩遊戲屋,花蓮縣花蓮市民主里東大門夜市Ｆ３６攤位,花蓮縣,花蓮市,民主里,金三角與東大門核心交會商圈,是,是,3000.0,2016,獨資,N,0,932499,其他遊戲場
50567748,,廣東珠珠冷熱飲,花蓮縣花蓮市民主里東大門夜市Ｆ３８攤位,花蓮縣,花蓮市,民主里,金三角與東大門核心交會商圈,是,是,3000.0,2016,獨資,N,0,561200,餐食攤販
50568866,,東大門來成烤肉,花蓮縣花蓮市民主里東大門夜市Ｆ４１攤位,花蓮縣,花蓮市,民主里,金三角與東大門核心交會商圈,是,是,3000.0,2016,獨資,N,0,561200,餐食攤販
91266605,,攤販－江貞子,花蓮縣花蓮市民主里東大門夜市Ｆ４６攤位,花蓮縣,花蓮市,民主里,金三角與東大門核心交會商圈,是,是,3000.0,2021,獨資,N,0,561200,餐食攤販
50567022,,瘋狂射箭手,花蓮縣花蓮市民主里東大門夜市Ｆ４７攤位,花蓮縣,花蓮市,民主里,金三角與東大門核心交會商圈,是,是,3000.0,2016,合夥,N,0,932499,其他遊戲場
87563250,,Ｍｙ瘋味,花蓮縣花蓮市民主里東大門夜市Ｆ５號攤位,花蓮縣,花蓮市,民主里,金三角與東大門核心交會商圈,是,是,10000.0,2021,獨資,N,0,561200,餐食攤販
50729526,,爆漿雞蛋糕,花蓮縣花蓮市民主里東大門夜市Ｆ５０攤位,花蓮縣,花蓮市,民主里,金三角與東大門核心交會商圈,是,是,3000.0,2017,獨資,N,0,486111,食品零售攤販
50567846,,古早味百草茶紅茶,花蓮縣花蓮市民主里東大門夜市Ｆ５１攤位,花蓮縣,花蓮市,民主里,金三角與東大門核心交會商圈,是,是,3000.0,2016,獨資,N,0,563200,調理飲料攤販
50569577,,麥甜,花蓮縣花蓮市民主里東大門夜市Ｆ５３攤位,花蓮縣,花蓮市,民主里,金三角與東大門核心交會商圈,是,是,3000.0,2016,獨資,N,0,561200,餐食攤販
50567070,,啤酒吧,花蓮縣花蓮市民主里東大門夜市Ｆ６０攤位,花蓮縣,花蓮市,民主里,金三角與東大門核心交會商圈,是,是,3000.0,2016,獨資,N,0,561200,餐食攤販
50567135,,鱻海鮮,花蓮縣花蓮市民主里東大門夜市Ｆ６１攤位,花蓮縣,花蓮市,民主里,金三角與東大門核心交會商圈,是,是,3000.0,2016,獨資,N,0,561200,餐食攤販
50567780,,山海關,花蓮縣花蓮市民主里東大門夜市Ｇ１攤位,花蓮縣,花蓮市,民主里,金三角與東大門核心交會商圈,是,是,3000.0,2016,獨資,N,0,486112,飲料零售攤販
50567629,,ㄚㄢ木竹作,花蓮縣花蓮市民主里東大門夜市Ｇ１０攤位,花蓮縣,花蓮市,民主里,金三角與東大門核心交會商圈,是,是,3000.0,2016,獨資,N,0,486999,未分類其他零售攤販
91258041,,大吉祥狙擊館,花蓮縣花蓮市民主里東大門夜市Ｇ１５攤位,花蓮縣,花蓮市,民主里,金三角與東大門核心交會商圈,是,是,6000.0,2021,合夥,N,0,932499,其他遊戲場
72620893,,找蟹王,花蓮縣花蓮市民主里東大門夜市Ｇ２攤位,花蓮縣,花蓮市,民主里,金三角與東大門核心交會商圈,是,是,3000.0,2017,獨資,N,0,561200,餐食攤販
50569669,,東大門迷妳兔商行,花蓮縣花蓮市民主里東大門夜市Ｇ４４攤位,花蓮縣,花蓮市,民主里,金三角與東大門核心交會商圈,是,是,3000.0,2016,獨資,N,0,473211,服裝零售
50565729,,茶坑飲品,花蓮縣花蓮市民主里東大門夜市Ｇ４９攤位,花蓮縣,花蓮市,民主里,金三角與東大門核心交會商圈,是,是,200000.0,2016,獨資,N,0,486112,飲料零售攤販
72619468,,田澤燒商號,花蓮縣花蓮市民主里東大門夜市Ｇ５４攤位,花蓮縣,花蓮市,民主里,金三角與東大門核心交會商圈,是,是,3000.0,2017,獨資,N,0,561200,餐食攤販
72620845,,攤販－連李如意,花蓮縣花蓮市民主里東大門夜市Ｇ５５攤位,花蓮縣,花蓮市,民主里,金三角與東大門核心交會商圈,是,是,3000.0,2017,獨資,N,0,561200,餐食攤販
50567212,,糖果服飾,花蓮縣花蓮市民主里東大門夜市Ｇ５７攤位,花蓮縣,花蓮市,民主里,金三角與東大門核心交會商圈,是,是,3000.0,2016,獨資,N,0,486212,服裝及服飾配件零售攤販
50567233,,金鼎百貨,花蓮縣花蓮市民主里東大門夜市Ｇ５８攤位,花蓮縣,花蓮市,民主里,金三角與東大門核心交會商圈,是,是,3000.0,2016,獨資,N,0,486999,未分類其他零售攤販
50567156,,新概念現沖鮮萃茶,花蓮縣花蓮市民主里東大門夜市Ｇ６０攤位,花蓮縣,花蓮市,民主里,金三角與東大門核心交會商圈,是,是,35000.0,2016,獨資,N,0,561200,餐食攤販
50569627,,彩虹臭薯條,花蓮縣花蓮市民主里東大門攤販集中區Ａ４３號攤位,花蓮縣,花蓮市,民主里,金三角與東大門核心交會商圈,是,是,3000.0,2016,獨資,N,0,561200,餐食攤販
50564762,,甜一口精緻糖業,花蓮縣花蓮市民主里東大門攤販集中區Ａ４８號攤位,花蓮縣,花蓮市,民主里,金三角與東大門核心交會商圈,是,是,3000.0,2016,合夥,N,0,561200,餐食攤販
50568964,,洄鄉玉里麵,花蓮縣花蓮市民主里東大門攤販集中區Ａ５０號攤位,花蓮縣,花蓮市,民主里,金三角與東大門核心交會商圈,是,是,3000.0,2016,獨資,N,0,561200,餐食攤販
10017233,,老美冰激淋,花蓮縣花蓮市民主里東大門攤販集中區Ａ８號攤位,花蓮縣,花蓮市,民主里,金三角與東大門核心交會商圈,是,是,3000.0,2007,獨資,N,0,472926,冰品零售
42150472,,攤販－蘇林銘,花蓮縣花蓮市民主里東大門攤販集中區Ｂ１攤位,花蓮縣,花蓮市,民主里,金三角與東大門核心交會商圈,是,是,3000.0,2015,獨資,N,0,561200,餐食攤販
91255375,,糖巢,花蓮縣花蓮市民主里東大門攤販集中區Ｂ４４號攤位,花蓮縣,花蓮市,民主里,金三角與東大門核心交會商圈,是,是,3000.0,2021,獨資,N,0,561200,餐食攤販
61465785,,豬頭宴,花蓮縣花蓮市民主里東大門攤販集中區Ｃ１０號攤位,花蓮縣,花蓮市,民主里,金三角與東大門核心交會商圈,是,是,300000.0,2026,獨資,N,0,561200,餐食攤販
50567753,,反轉厚奶酥,花蓮縣花蓮市民主里東大門攤販集中區Ｃ１３號攤位,花蓮縣,花蓮市,民主里,金三角與東大門核心交會商圈,是,是,3000.0,2016,獨資,N,0,561200,餐食攤販
60231445,,山瀾手作捲餅,花蓮縣花蓮市民主里東大門攤販集中區Ｃ２９號攤位,花蓮縣,花蓮市,民主里,金三角與東大門核心交會商圈,是,是,6000.0,2025,獨資,N,0,561200,餐食攤販
61482594,,Ｃｈｉｌｌ山海,花蓮縣花蓮市民主里東大門攤販集中區Ｃ３０號攤位,花蓮縣,花蓮市,民主里,金三角與東大門核心交會商圈,是,是,10000.0,2026,獨資,N,0,561200,餐食攤販
50593788,,幸福町冰沙專賣,花蓮縣花蓮市民主里東大門攤販集中區Ｃ４號攤位,花蓮縣,花蓮市,民主里,金三角與東大門核心交會商圈,是,是,3000.0,2016,獨資,N,0,563200,調理飲料攤販
50593366,,滑手機配件館,花蓮縣花蓮市民主里東大門攤販集中區Ｃ５號攤位,花蓮縣,花蓮市,民主里,金三角與東大門核心交會商圈,是,是,3000.0,2016,獨資,N,0,483212,手機及手機週邊零配件零售
50569653,,諄可茶舖,花蓮縣花蓮市民主里東大門攤販集中區Ｄ１０號攤位,花蓮縣,花蓮市,民主里,金三角與東大門核心交會商圈,是,是,3000.0,2016,獨資,N,0,561200,餐食攤販
95001351,,一起泰原味商行,花蓮縣花蓮市民主里東大門攤販集中區Ｄ１１號攤位,花蓮縣,花蓮市,民主里,金三角與東大門核心交會商圈,是,是,100000.0,2024,獨資,N,0,561200,餐食攤販
85204595,,有間來記,花蓮縣花蓮市民主里東大門攤販集中區Ｄ１３號攤位,花蓮縣,花蓮市,民主里,金三角與東大門核心交會商圈,是,是,50000.0,2019,獨資,N,0,561200,餐食攤販
50575682,,阿暴手打檸檬茶,花蓮縣花蓮市民主里東大門攤販集中區Ｄ２４號攤位,花蓮縣,花蓮市,民主里,金三角與東大門核心交會商圈,是,是,3000.0,2016,獨資,N,0,561200,餐食攤販
60230115,,崖之味原民企業社,花蓮縣花蓮市民主里東大門攤販集中區Ｄ２５號攤位,花蓮縣,花蓮市,民主里,金三角與東大門核心交會商圈,是,是,150000.0,2025,獨資,N,0,561200,餐食攤販
60229763,,墨西哥起司捲餅,花蓮縣花蓮市民主里東大門攤販集中區Ｄ３４號攤位,花蓮縣,花蓮市,民主里,金三角與東大門核心交會商圈,是,是,100000.0,2025,獨資,N,0,561200,餐食攤販
95206143,,童美珠,花蓮縣花蓮市民主里東大門攤販集中區Ｄ３７號攤位,花蓮縣,花蓮市,民主里,金三角與東大門核心交會商圈,是,是,3000.0,2024,獨資,N,0,483212,手機及手機週邊零配件零售
50568937,,原住民烤魚那麼厲害,花蓮縣花蓮市民主里東大門攤販集中區Ｄ４號攤位,花蓮縣,花蓮市,民主里,金三角與東大門核心交會商圈,是,是,3000.0,2016,獨資,N,0,561200,餐食攤販
34938884,,古記牛肉麵,花蓮縣花蓮市民主里東大門攤販集中區Ｄ４１號攤位,花蓮縣,花蓮市,民主里,金三角與東大門核心交會商圈,是,是,3000.0,2010,獨資,N,0,561113,麵店、小吃店
61462350,,洄瀾千層派,花蓮縣花蓮市民主里東大門攤販集中區Ｄ４１號攤位,花蓮縣,花蓮市,民主里,金三角與東大門核心交會商圈,是,是,9000.0,2026,獨資,N,0,561200,餐食攤販
50568943,,東部烤魷魚之家,花蓮縣花蓮市民主里東大門攤販集中區Ｄ５０號攤位,花蓮縣,花蓮市,民主里,金三角與東大門核心交會商圈,是,是,3000.0,2016,獨資,N,0,561200,餐食攤販
50566902,,甜心果汁,花蓮縣花蓮市民主里東大門攤販集中區Ｄ５１號攤位,花蓮縣,花蓮市,民主里,金三角與東大門核心交會商圈,是,是,3000.0,2016,獨資,N,0,563199,其他飲料店
60228151,,探店Ｄｅｌｉｃａｃｙ　Ｅｘｐｌｏｒｅｒ,花蓮縣花蓮市民主里東大門攤販集中區Ｄ５２號攤位,花蓮縣,花蓮市,民主里,金三角與東大門核心交會商圈,是,是,3000.0,2025,獨資,N,0,486111,食品零售攤販
50567228,,淺草堂鮮奶粉圓,花蓮縣花蓮市民主里東大門攤販集中區Ｄ６３號攤位,花蓮縣,花蓮市,民主里,金三角與東大門核心交會商圈,是,是,200000.0,2016,獨資,N,0,561200,餐食攤販
95212736,,歐帝愛爆漿泡芙工作室,花蓮縣花蓮市民主里東大門攤販集中區Ｄ７號攤位,花蓮縣,花蓮市,民主里,金三角與東大門核心交會商圈,是,是,20000.0,2025,獨資,N,0,561200,餐食攤販
50595478,,隔壁小張,花蓮縣花蓮市民主里東大門攤販集中區Ｅ１４號攤位,花蓮縣,花蓮市,民主里,金三角與東大門核心交會商圈,是,是,3000.0,2016,獨資,N,0,561200,餐食攤販
95032002,,伊娜（Ｉ－ＮＡ）的原式鹹派,花蓮縣花蓮市民主里東大門攤販集中區Ｅ１８號攤位,花蓮縣,花蓮市,民主里,金三角與東大門核心交會商圈,是,是,500000.0,2024,獨資,N,0,486111,食品零售攤販
61464548,,那山姆創藝風味料理,花蓮縣花蓮市民主里東大門攤販集中區Ｅ１９號攤位,花蓮縣,花蓮市,民主里,金三角與東大門核心交會商圈,是,是,50000.0,2026,獨資,N,0,561200,餐食攤販
50572952,,阿美佰元煮熱炒,花蓮縣花蓮市民主里東大門攤販集中區Ｅ２１號攤位,花蓮縣,花蓮市,民主里,金三角與東大門核心交會商圈,是,是,3000.0,2016,獨資,N,0,561200,餐食攤販
50565381,,２６茶舖,花蓮縣花蓮市民主里東大門攤販集中區Ｅ２６號攤位,花蓮縣,花蓮市,民主里,金三角與東大門核心交會商圈,是,是,3000.0,2016,獨資,N,0,486112,飲料零售攤販
50569773,,嘎浪香酥一口蟹,花蓮縣花蓮市民主里東大門攤販集中區Ｅ３２號攤位,花蓮縣,花蓮市,民主里,金三角與東大門核心交會商圈,是,是,3000.0,2016,獨資,N,0,561200,餐食攤販
30148368,,李記花蓮扁食,花蓮縣花蓮市民主里東大門攤販集中區Ｅ３３號攤位,花蓮縣,花蓮市,民主里,金三角與東大門核心交會商圈,是,是,100000.0,2008,獨資,N,0,561113,麵店、小吃店
61463581,,洄味地瓜球,花蓮縣花蓮市民主里東大門攤販集中區Ｅ４２號攤位,花蓮縣,花蓮市,民主里,金三角與東大門核心交會商圈,是,是,3000.0,2026,合夥,N,0,561200,餐食攤販
31797740,,後山手工冰淇淋,花蓮縣花蓮市民主里東大門攤販集中區Ｅ４５號攤位,花蓮縣,花蓮市,民主里,金三角與東大門核心交會商圈,是,是,320000.0,2013,獨資,N,0,472926,冰品零售
61465770,,法式瀑布吐司,花蓮縣花蓮市民主里東大門攤販集中區Ｅ４８號攤位,花蓮縣,花蓮市,民主里,金三角與東大門核心交會商圈,是,是,200000.0,2026,獨資,N,0,561200,餐食攤販
60231466,,義式杯杯,花蓮縣花蓮市民主里東大門攤販集中區Ｅ４９號攤位,花蓮縣,花蓮市,民主里,金三角與東大門核心交會商圈,是,是,200000.0,2025,獨資,N,0,561200,餐食攤販
61476538,,泰色芭堤雅,花蓮縣花蓮市民主里東大門攤販集中區Ｅ５２號攤位,花蓮縣,花蓮市,民主里,金三角與東大門核心交會商圈,是,是,30000.0,2026,獨資,N,0,561200,餐食攤販
93048697,,堡貝龍店,花蓮縣花蓮市民主里東大門攤販集中區Ｅ５２號攤位,花蓮縣,花蓮市,民主里,金三角與東大門核心交會商圈,是,是,200000.0,2024,獨資,N,0,561200,餐食攤販
60228363,,小書越南美食,花蓮縣花蓮市民主里東大門攤販集中區Ｅ５４號攤位,花蓮縣,花蓮市,民主里,金三角與東大門核心交會商圈,是,是,3000.0,2025,獨資,N,0,561200,餐食攤販
61490546,,梅さん丼飯,花蓮縣花蓮市民主里東大門攤販集中區Ｅ５５號攤位,花蓮縣,花蓮市,民主里,金三角與東大門核心交會商圈,是,是,100000.0,2026,獨資,N,0,561200,餐食攤販
50569099,,攤販－湯筠馨,花蓮縣花蓮市民主里東大門攤販集中區Ｅ５８號攤位,花蓮縣,花蓮市,民主里,金三角與東大門核心交會商圈,是,是,3000.0,2016,獨資,N,0,486112,飲料零售攤販
50569605,,攤販－汪芷羚,花蓮縣花蓮市民主里東大門攤販集中區Ｅ６３號攤位,花蓮縣,花蓮市,民主里,金三角與東大門核心交會商圈,是,是,3000.0,2016,獨資,N,0,561200,餐食攤販
50594040,,攤販－胡志明,花蓮縣花蓮市民主里東大門攤販集中區Ｅ９攤位,花蓮縣,花蓮市,民主里,金三角與東大門核心交會商圈,是,是,3000.0,2016,獨資,N,0,561200,餐食攤販
50568774,,神手精油按摩,花蓮縣花蓮市民主里東大門攤販集中區Ｆ１４號攤位,花蓮縣,花蓮市,民主里,金三角與東大門核心交會商圈,是,是,3000.0,2016,獨資,N,0,969015,推拿按摩服務
93048964,,故飾工作室,花蓮縣花蓮市民主里東大門攤販集中區Ｆ１８號攤位,花蓮縣,花蓮市,民主里,金三角與東大門核心交會商圈,是,是,100000.0,2024,獨資,N,0,486999,未分類其他零售攤販
50570130,,Ｓｔａｙ　Ｓｗｅｅｔ,花蓮縣花蓮市民主里東大門攤販集中區Ｆ２攤位,花蓮縣,花蓮市,民主里,金三角與東大門核心交會商圈,是,是,3000.0,2016,獨資,N,0,561200,餐食攤販
61456343,,五月金心拾光小賣所,花蓮縣花蓮市民主里東大門攤販集中區Ｆ２５號攤位,花蓮縣,花蓮市,民主里,金三角與東大門核心交會商圈,是,是,3000.0,2026,獨資,N,0,486212,服裝及服飾配件零售攤販
50569056,,調茶局,花蓮縣花蓮市民主里東大門攤販集中區Ｆ２８號攤位,花蓮縣,花蓮市,民主里,金三角與東大門核心交會商圈,是,是,3000.0,2016,獨資,N,0,486112,飲料零售攤販
42219275,,鄰家,花蓮縣花蓮市民主里東大門攤販集中區Ｆ２９號攤位,花蓮縣,花蓮市,民主里,金三角與東大門核心交會商圈,是,是,3000.0,2015,獨資,N,0,561200,餐食攤販
61477023,,留點甜,花蓮縣花蓮市民主里東大門攤販集中區Ｆ３號攤位,花蓮縣,花蓮市,民主里,金三角與東大門核心交會商圈,是,是,3000.0,2026,獨資,N,0,561200,餐食攤販
91150040,,林家,花蓮縣花蓮市民主里東大門攤販集中區Ｆ３０號攤位,花蓮縣,花蓮市,民主里,金三角與東大門核心交會商圈,是,是,3000.0,2021,獨資,N,0,561200,餐食攤販
50569751,,溫度選物,花蓮縣花蓮市民主里東大門攤販集中區Ｆ３１號攤位,花蓮縣,花蓮市,民主里,金三角與東大門核心交會商圈,是,是,3000.0,2016,獨資,N,0,486212,服裝及服飾配件零售攤販
61482095,,雞皮薯酥,花蓮縣花蓮市民主里東大門攤販集中區Ｆ３４號攤位,花蓮縣,花蓮市,民主里,金三角與東大門核心交會商圈,是,是,10000.0,2026,獨資,N,0,561200,餐食攤販
61477017,,捌月冰品,花蓮縣花蓮市民主里東大門攤販集中區Ｆ４號攤位,花蓮縣,花蓮市,民主里,金三角與東大門核心交會商圈,是,是,3000.0,2026,獨資,N,0,561200,餐食攤販
82159484,,攤販－凌爾榮,花蓮縣花蓮市民主里東大門攤販集中區Ｆ４２號攤位,花蓮縣,花蓮市,民主里,金三角與東大門核心交會商圈,是,是,3000.0,2018,獨資,N,0,561200,餐食攤販
50566972,,王姐客家美食,花蓮縣花蓮市民主里東大門攤販集中區Ｆ４９號攤位,花蓮縣,花蓮市,民主里,金三角與東大門核心交會商圈,是,是,3000.0,2016,獨資,N,0,561200,餐食攤販
30111209,,攤販－陳羿瑛,花蓮縣花蓮市民主里東大門攤販集中區Ｆ５５號攤位,花蓮縣,花蓮市,民主里,金三角與東大門核心交會商圈,是,是,3000.0,2008,獨資,N,0,561200,餐食攤販
50568388,,攤販－范國昌,花蓮縣花蓮市民主里東大門攤販集中區Ｆ５７號攤位,花蓮縣,花蓮市,民主里,金三角與東大門核心交會商圈,是,是,3000.0,2016,獨資,N,0,561200,餐食攤販
87352115,,吉安三寶商行,花蓮縣花蓮市民主里東大門攤販集中區Ｆ６號攤位,花蓮縣,花蓮市,民主里,金三角與東大門核心交會商圈,是,是,100000.0,2021,獨資,N,0,561200,餐食攤販
60228011,,黎芯吉耀工作坊,花蓮縣花蓮市民主里東大門攤販集中區Ｆ７號攤位,花蓮縣,花蓮市,民主里,金三角與東大門核心交會商圈,是,是,3000.0,2025,獨資,N,0,471999,未分類其他綜合商品零售
60231439,,八分藝坊,花蓮縣花蓮市民主里東大門攤販集中區Ｆ８號攤位,花蓮縣,花蓮市,民主里,金三角與東大門核心交會商圈,是,是,150000.0,2025,獨資,N,0,486999,未分類其他零售攤販
61482285,,巧布巧,花蓮縣花蓮市民主里東大門攤販集中區Ｆ９號攤位,花蓮縣,花蓮市,民主里,金三角與東大門核心交會商圈,是,是,80000.0,2026,獨資,N,0,486212,服裝及服飾配件零售攤販
95190389,,謝宏德,花蓮縣花蓮市民主里東大門攤販集中區Ｇ１７號攤位,花蓮縣,花蓮市,民主里,金三角與東大門核心交會商圈,是,是,3000.0,2024,獨資,N,0,486111,食品零售攤販
61492214,,攤販－黃婉婷,花蓮縣花蓮市民主里東大門攤販集中區Ｇ２０號攤位,花蓮縣,花蓮市,民主里,金三角與東大門核心交會商圈,是,是,100000.0,2026,獨資,N,0,486213,紡織品零售攤販
95035346,,ＯＰＥＮ　ＴＨＥ　ＳＫＹ飾品藝廊,花蓮縣花蓮市民主里東大門攤販集中區Ｇ２２號攤位,花蓮縣,花蓮市,民主里,金三角與東大門核心交會商圈,是,是,200000.0,2024,獨資,N,0,486212,服裝及服飾配件零售攤販
61456097,,阿嬌的毛孩子小日子工作室,花蓮縣花蓮市民主里東大門攤販集中區Ｇ２４號攤位,花蓮縣,花蓮市,民主里,金三角與東大門核心交會商圈,是,是,50000.0,2026,獨資,N,0,485221,寵物用品零售
50567536,,練黍叔燒番麥,花蓮縣花蓮市民主里東大門攤販集中區Ｇ２５號攤位,花蓮縣,花蓮市,民主里,金三角與東大門核心交會商圈,是,是,3000.0,2016,合夥,N,0,561200,餐食攤販
60229779,,約旦瓶中沙畫,花蓮縣花蓮市民主里東大門攤販集中區Ｇ２７號攤位,花蓮縣,花蓮市,民主里,金三角與東大門核心交會商圈,是,是,3000.0,2025,獨資,N,0,471999,未分類其他綜合商品零售
50568900,,甜蜜蜜花園,花蓮縣花蓮市民主里東大門攤販集中區Ｇ３８號攤位,花蓮縣,花蓮市,民主里,金三角與東大門核心交會商圈,是,是,3000.0,2016,獨資,N,0,486111,食品零售攤販
60227842,,Ｌｏｖｅｌｙ　Ｎａｉｌ喜歡美甲,花蓮縣花蓮市民主里東大門攤販集中區Ｇ４１號攤位,花蓮縣,花蓮市,民主里,金三角與東大門核心交會商圈,是,是,5000.0,2025,合夥,N,0,962211,美甲美睫服務
50571026,,夏蕾,花蓮縣花蓮市民主里東大門攤販集中區Ｇ４３號攤位,花蓮縣,花蓮市,民主里,金三角與東大門核心交會商圈,是,是,100000.0,2016,合夥,N,0,486212,服裝及服飾配件零售攤販
60230950,,笛笛糕坊,花蓮縣花蓮市民主里東大門攤販集中區Ｇ５５號攤位,花蓮縣,花蓮市,民主里,金三角與東大門核心交會商圈,是,是,50000.0,2025,獨資,N,0,561200,餐食攤販
60229356,,ＡＷＯＯ阿ㄨ寵物攝影,花蓮縣花蓮市民主里東大門攤販集中區Ｇ６號攤位,花蓮縣,花蓮市,民主里,金三角與東大門核心交會商圈,是,是,3000.0,2025,獨資,N,0,760199,其他攝影
50728863,,炸薯蔬,花蓮縣花蓮市民主里東大門攤販集中區Ｇ６１號攤位,花蓮縣,花蓮市,民主里,金三角與東大門核心交會商圈,是,是,3000.0,2016,獨資,N,0,561200,餐食攤販
87376101,,洄瀾蕃薯球,花蓮縣花蓮市民主里東大門攤販集中區Ｇ９號攤位,花蓮縣,花蓮市,民主里,金三角與東大門核心交會商圈,是,是,10000.0,2020,獨資,N,0,561200,餐食攤販
50569957,,威瑪先生微笑薯條,花蓮縣花蓮市民主里東大門（自強夜市Ｅ６０攤位）,花蓮縣,花蓮市,民主里,金三角與東大門核心交會商圈,是,是,3000.0,2016,獨資,N,0,561200,餐食攤販
95211791,,廓仔制造企業社,花蓮縣花蓮市民主里海濱街１７號２樓,花蓮縣,花蓮市,民主里,金三角與東大門核心交會商圈,是,是,200000.0,2025,獨資,N,0,903019,藝文作品展覽活動籌辦
30131697,,阿莎力輪胎企業社,花蓮縣花蓮市民主里海濱街３號１樓,花蓮縣,花蓮市,民主里,金三角與東大門核心交會商圈,是,是,200000.0,2008,獨資,Y,1,484315,汽車輪胎零售
91348493,,小原汽車配件行,花蓮縣花蓮市民主里海濱街３號１樓,花蓮縣,花蓮市,民主里,金三角與東大門核心交會商圈,是,是,10000.0,2021,獨資,N,0,487199,其他電子購物及郵購
91363091,,禾楓川小館,花蓮縣花蓮市民主里海濱街３１號,花蓮縣,花蓮市,民主里,金三角與東大門核心交會商圈,是,是,150000.0,2021,獨資,N,0,561113,麵店、小吃店
49761815,,鈺鼎工程行,花蓮縣花蓮市民主里海濱街３３巷１１號２樓,花蓮縣,花蓮市,民主里,金三角與東大門核心交會商圈,是,是,200000.0,2017,獨資,Y,1,439099,未分類其他專門營造
94850428,,通進汽車企業社,花蓮縣花蓮市民主里海濱街５１號,花蓮縣,花蓮市,民主里,金三角與東大門核心交會商圈,是,是,5000.0,1985,獨資,N,0,485399,其他中古商品（汽機車及其零配件除外）零售
70960804,,蓮池,花蓮縣花蓮市民主里海濱街６６號１樓,花蓮縣,花蓮市,民主里,金三角與東大門核心交會商圈,是,是,3000.0,1999,獨資,N,0,561113,麵店、小吃店
40990041,,慢點民宿,花蓮縣花蓮市民主里海濱街６８號,花蓮縣,花蓮市,民主里,金三角與東大門核心交會商圈,是,是,10000.0,2014,獨資,N,0,551013,民宿
28170069,,麗霽大飯店股份有限公司,花蓮縣花蓮市民主里花崗街２，４，６，８，１０號,花蓮縣,花蓮市,民主里,金三角與東大門核心交會商圈,是,是,10000000.0,2006,股份有限公司,Y,1,551012,旅館
00112070,,瑞蓮投資有限公司,花蓮縣花蓮市民主里花崗街４２巷７號,花蓮縣,花蓮市,民主里,金三角與東大門核心交會商圈,是,是,500000.0,2024,有限公司,Y,1,649911,投資有價證券
00175314,,林承安投資有限公司,花蓮縣花蓮市民主里花崗街４２巷７號,花蓮縣,花蓮市,民主里,金三角與東大門核心交會商圈,是,是,500000.0,2024,有限公司,Y,1,649911,投資有價證券
92535972,,徐大大商行,花蓮縣花蓮市民主里花崗街４４巷２之２號１樓,花蓮縣,花蓮市,民主里,金三角與東大門核心交會商圈,是,是,100000.0,2023,獨資,N,0,472113,醃漬蔬果零售
60250147,,向陽企業社,花蓮縣花蓮市民主里花崗街４４巷２號１樓,花蓮縣,花蓮市,民主里,金三角與東大門核心交會商圈,是,是,200000.0,2026,獨資,Y,1,487212,多層次傳銷（商品銷貨收入）
93049957,,承大大商行,花蓮縣花蓮市民主里花崗街４４巷３之１號１樓,花蓮縣,花蓮市,民主里,金三角與東大門核心交會商圈,是,是,50000.0,2024,獨資,N,0,472999,未分類其他食品、飲料及菸草製品零售
90831316,84248322,統冠聯合超商股份有限公司重慶分公司,花蓮縣花蓮市民主里重慶路４１５號,花蓮縣,花蓮市,民主里,金三角與東大門核心交會商圈,是,是,0.0,2021,本國公司設立之分公司,Y,1,471916,超級市場
91592453,,立暉工程行,花蓮縣花蓮市民主里重慶路４８６號８樓之３,花蓮縣,花蓮市,民主里,金三角與東大門核心交會商圈,是,是,200000.0,2022,獨資,Y,1,410011,房屋修繕
92638668,,果凍魚時尚美學,花蓮縣花蓮市民主里重慶路４８６－１號,花蓮縣,花蓮市,民主里,金三角與東大門核心交會商圈,是,是,100000.0,2023,獨資,N,0,962211,美甲美睫服務
61456456,,日花餐飲,花蓮縣花蓮市民主里重慶路４８６－２號１樓,花蓮縣,花蓮市,民主里,金三角與東大門核心交會商圈,是,是,200000.0,2026,獨資,N,0,561111,早餐店
83272822,,立程開發股份有限公司,花蓮縣花蓮市民主里重慶路４８６－３號１樓、４８６－５號１樓,花蓮縣,花蓮市,民主里,金三角與東大門核心交會商圈,是,是,3000000.0,2021,股份有限公司,Y,1,681211,不動產仲介
00614025,,文達心源藝廊,花蓮縣花蓮市民主里重慶路４８６－６號,花蓮縣,花蓮市,民主里,金三角與東大門核心交會商圈,是,是,100000.0,2025,獨資,Y,1,903099,其他創作及藝術表演輔助服務
78033479,,北濱禮品店,花蓮縣花蓮市民主里００２鄰北濱街１７號,花蓮縣,花蓮市,民主里,金三角與東大門核心交會商圈,是,是,20000.0,1991,獨資,N,0,485299,未分類其他全新商品零售
82183132,,上高井戶菓子工房,花蓮縣花蓮市民主里００２鄰北濱街２７―１號,花蓮縣,花蓮市,民主里,金三角與東大門核心交會商圈,是,是,50000.0,2019,獨資,N,0,472922,西點麵包零售
96826748,,藍金水系有限公司,花蓮縣花蓮市民主里００３鄰五權街３６號３樓,花蓮縣,花蓮市,民主里,金三角與東大門核心交會商圈,是,是,3000000.0,2024,有限公司,Y,1,454399,其他水產品批發
91152217,,萬寶家食堂,花蓮縣花蓮市民主里００４鄰花崗街４２巷２號,花蓮縣,花蓮市,民主里,金三角與東大門核心交會商圈,是,是,150000.0,2021,獨資,N,0,561115,餐廳
29260898,,花崗山剝皮辣椒,花蓮縣花蓮市民主里００４鄰花崗街４４巷３號,花蓮縣,花蓮市,民主里,金三角與東大門核心交會商圈,是,是,3000.0,2004,獨資,N,0,472113,醃漬蔬果零售
91152429,,鑫花崗山商行,花蓮縣花蓮市民主里００４鄰花崗街４４巷３號,花蓮縣,花蓮市,民主里,金三角與東大門核心交會商圈,是,是,20000.0,2021,獨資,N,0,472999,未分類其他食品、飲料及菸草製品零售
91154989,,東岸工程行,花蓮縣花蓮市民主里００４鄰花蓮街８－２號,花蓮縣,花蓮市,民主里,金三角與東大門核心交會商圈,是,是,249900.0,2021,獨資,Y,1,410011,房屋修繕
50572600,,海芸民宿,花蓮縣花蓮市民主里００５鄰海濱街４３號,花蓮縣,花蓮市,民主里,金三角與東大門核心交會商圈,是,是,100000.0,2016,獨資,Y,1,551013,民宿
87531758,,海濱５５民宿,花蓮縣花蓮市民主里００５鄰海濱街５５號,花蓮縣,花蓮市,民主里,金三角與東大門核心交會商圈,是,是,200000.0,2020,獨資,N,0,551013,民宿
54988221,,千澄建設有限公司,花蓮縣花蓮市民主里００５鄰海濱街５５－１號,花蓮縣,花蓮市,民主里,金三角與東大門核心交會商圈,是,是,15000000.0,2019,有限公司,Y,1,670012,不動產投資開發
87531770,,海享民宿,花蓮縣花蓮市民主里００５鄰海濱街５５－１號,花蓮縣,花蓮市,民主里,金三角與東大門核心交會商圈,是,是,200000.0,2020,獨資,N,0,551013,民宿
72849406,,和信築夢工坊,花蓮縣花蓮市民主里００５鄰海濱街５５－１號１樓,花蓮縣,花蓮市,民主里,金三角與東大門核心交會商圈,是,是,200000.0,2018,獨資,Y,1,461513,貨櫃屋批發
91025986,,綠築環保有限公司,花蓮縣花蓮市民主里００５鄰海濱街５５－１號１樓,花蓮縣,花蓮市,民主里,金三角與東大門核心交會商圈,是,是,1000000.0,2021,有限公司,Y,1,381113,建築廢棄物清除
91157830,,東彥企業社,花蓮縣花蓮市民主里００５鄰海濱街５５－１號１樓,花蓮縣,花蓮市,民主里,金三角與東大門核心交會商圈,是,是,200000.0,2021,獨資,Y,1,433199,其他機電、電信及電路設備安裝
91267344,,微藍海岸民宿,花蓮縣花蓮市民主里００５鄰海濱街５５－２號,花蓮縣,花蓮市,民主里,金三角與東大門核心交會商圈,是,是,200000.0,2021,獨資,N,0,551013,民宿
61384876,,掬光民宿,花蓮縣花蓮市民主里００５鄰海濱街５８號,花蓮縣,花蓮市,民主里,金三角與東大門核心交會商圈,是,是,200000.0,2026,獨資,N,0,551013,民宿
61384881,,掬光．漫月民宿,花蓮縣花蓮市民主里００５鄰海濱街５８－１號,花蓮縣,花蓮市,民主里,金三角與東大門核心交會商圈,是,是,200000.0,2026,獨資,N,0,551013,民宿
61384860,,掬光．成星民宿,花蓮縣花蓮市民主里００５鄰海濱街５８－２號,花蓮縣,花蓮市,民主里,金三角與東大門核心交會商圈,是,是,200000.0,2026,獨資,N,0,551013,民宿
18054962,,秘密海茶酒館,花蓮縣花蓮市民主里００５鄰海濱街６６號１樓,花蓮縣,花蓮市,民主里,金三角與東大門核心交會商圈,是,是,30000.0,2001,獨資,N,0,563199,其他飲料店
72785607,,花蓮Ｓ﹒Ｅ﹒Ａ﹒民宿,花蓮縣花蓮市民主里００５鄰海濱街７２號,花蓮縣,花蓮市,民主里,金三角與東大門核心交會商圈,是,是,30000.0,2017,獨資,Y,1,551013,民宿
00238789,,旭日鑫建設有限公司,花蓮縣花蓮市民主里００５鄰海濱街７２號１樓,花蓮縣,花蓮市,民主里,金三角與東大門核心交會商圈,是,是,200000.0,2024,有限公司,Y,1,670012,不動產投資開發
60403235,,旭日興資產管理有限公司,花蓮縣花蓮市民主里００５鄰海濱街７２號１樓,花蓮縣,花蓮市,民主里,金三角與東大門核心交會商圈,是,是,100000.0,2026,有限公司,Y,1,410011,房屋修繕
83268138,,大澤事業有限公司,花蓮縣花蓮市民主里００５鄰海濱街７２號１樓,花蓮縣,花蓮市,民主里,金三角與東大門核心交會商圈,是,是,2000000.0,2021,有限公司,Y,1,711299,其他工程服務及相關技術顧問
42779184,,瓏曜金建設有限公司,花蓮縣花蓮市民主里００６鄰五權街１０號１樓,花蓮縣,花蓮市,民主里,金三角與東大門核心交會商圈,是,是,5000000.0,2016,有限公司,Y,1,670012,不動產投資開發
54234835,,瓏曜建設有限公司,花蓮縣花蓮市民主里００６鄰五權街１０號１樓,花蓮縣,花蓮市,民主里,金三角與東大門核心交會商圈,是,是,5000000.0,2013,有限公司,Y,1,670012,不動產投資開發
40989889,,月光海洋民宿,花蓮縣花蓮市民主里００６鄰五權街１８―１號,花蓮縣,花蓮市,民主里,金三角與東大門核心交會商圈,是,是,10000.0,2014,獨資,N,0,551013,民宿
26789312,,野生活企業社,花蓮縣花蓮市民主里００６鄰五權街１８―１號１樓,花蓮縣,花蓮市,民主里,金三角與東大門核心交會商圈,是,是,50000.0,2011,獨資,N,0,932999,未分類其他娛樂及休閒服務
87353796,,鮨煦小吃店,花蓮縣花蓮市民主里００６鄰北濱街４―１號,花蓮縣,花蓮市,民主里,金三角與東大門核心交會商圈,是,是,150000.0,2021,獨資,Y,1,561115,餐廳
87356180,,甜心海岸民宿,花蓮縣花蓮市民主里００７鄰北濱街１２巷１１號,花蓮縣,花蓮市,民主里,金三角與東大門核心交會商圈,是,是,50000.0,2020,獨資,N,0,551013,民宿
91341724,,像個家ｐｌｕｓ民宿,花蓮縣花蓮市民主里００７鄰北濱街１２巷１６號,花蓮縣,花蓮市,民主里,金三角與東大門核心交會商圈,是,是,200000.0,2021,獨資,N,0,551013,民宿
91338452,,亮君經典民宿２館民宿,花蓮縣花蓮市民主里００８鄰北濱街１０號,花蓮縣,花蓮市,民主里,金三角與東大門核心交會商圈,是,是,100000.0,2021,獨資,Y,1,551013,民宿
54812027,,傑朋集成有限公司,花蓮縣花蓮市民主里００９鄰中山路１６巷３號１樓,花蓮縣,花蓮市,民主里,金三角與東大門核心交會商圈,是,是,10000000.0,2014,有限公司,Y,1,340015,電力機械器材及設備維修及安裝
56650693,,歪甜室有限公司,花蓮縣花蓮市民主里０１０鄰中山路１６巷１８號,花蓮縣,花蓮市,民主里,金三角與東大門核心交會商圈,是,是,100000.0,2017,有限公司,Y,1,454915,西點麵包批發
41119208,,聽海說故事民宿,花蓮縣花蓮市民主里０１２鄰海濱街１６―１號,花蓮縣,花蓮市,民主里,金三角與東大門核心交會商圈,是,是,300000.0,2014,獨資,N,0,551013,民宿
54230731,,海傳文化空間有限公司,花蓮縣花蓮市民主里０１３鄰海濱街６號１樓,花蓮縣,花蓮市,民主里,金三角與東大門核心交會商圈,是,是,1000000.0,2013,有限公司,Y,1,561115,餐廳
60248213,,海濱街八號三隻小貓的家自助餐飲店,花蓮縣花蓮市民主里０１３鄰海濱街８號１樓,花蓮縣,花蓮市,民主里,金三角與東大門核心交會商圈,是,是,10000.0,2025,獨資,N,0,561112,便當、自助餐店
72848912,,立橙企業社,花蓮縣花蓮市民主里０１４鄰中山路１０號１樓,花蓮縣,花蓮市,民主里,金三角與東大門核心交會商圈,是,是,200000.0,2018,獨資,Y,1,434013,房屋設備安裝工程
49768922,,愛玉園工坊,花蓮縣花蓮市民主里０１４鄰中山路１４號１樓,花蓮縣,花蓮市,民主里,金三角與東大門核心交會商圈,是,是,50000.0,2017,獨資,N,0,485216,礦物（寶石、貴金屬除外）零售
37998961,,金盞莊園,花蓮縣花蓮市民主里１鄰花崗街１２－１號,花蓮縣,花蓮市,民主里,金三角與東大門核心交會商圈,是,是,50000.0,2009,獨資,N,0,474917,清潔用品零售
42945373,,儷庭旅行社有限公司,花蓮縣花蓮市民主里１鄰花崗街１６號,花蓮縣,花蓮市,民主里,金三角與東大門核心交會商圈,是,是,7000000.0,2018,有限公司,Y,1,790011,旅行業
08123666,,忠興號,花蓮縣花蓮市民主里１０鄰中山路１６巷３４號,花蓮縣,花蓮市,民主里,金三角與東大門核心交會商圈,是,是,3000.0,1985,獨資,N,0,472211,畜肉零售
26652553,,海市蜃樓海景日出頂級民宿,花蓮縣花蓮市民主里１１鄰海濱街３８－２號,花蓮縣,花蓮市,民主里,金三角與東大門核心交會商圈,是,是,3000.0,2011,獨資,N,0,551013,民宿
31443310,,被浪打到民宿,花蓮縣花蓮市民主里１２鄰海濱街１２號,花蓮縣,花蓮市,民主里,金三角與東大門核心交會商圈,是,是,20000.0,2007,獨資,Y,1,551013,民宿
39957038,,海邊邊民宿,花蓮縣花蓮市民主里１２鄰海濱街１５―１號,花蓮縣,花蓮市,民主里,金三角與東大門核心交會商圈,是,是,30000.0,2013,獨資,Y,1,551013,民宿
09707745,,日軸時光民宿,花蓮縣花蓮市民主里１２鄰海濱街１６號,花蓮縣,花蓮市,民主里,金三角與東大門核心交會商圈,是,是,80000.0,2006,獨資,Y,1,551013,民宿
09999243,,五餅二魚看海民宿,花蓮縣花蓮市民主里１２鄰海濱街１８號,花蓮縣,花蓮市,民主里,金三角與東大門核心交會商圈,是,是,3000.0,2006,獨資,N,0,551013,民宿
10080158,,浪淘沙民宿,花蓮縣花蓮市民主里１２鄰海濱街２０號,花蓮縣,花蓮市,民主里,金三角與東大門核心交會商圈,是,是,3000.0,2007,獨資,N,0,551013,民宿
10001653,,海傳民宿,花蓮縣花蓮市民主里１３鄰海濱街４號,花蓮縣,花蓮市,民主里,金三角與東大門核心交會商圈,是,是,3000.0,2007,獨資,Y,1,551013,民宿
18051228,,信錩企業社,花蓮縣花蓮市民主里１４鄰中山路１０號,花蓮縣,花蓮市,民主里,金三角與東大門核心交會商圈,是,是,10000.0,2000,獨資,N,0,484311,汽車零件、汽車百貨零售
91151104,,小小商行,花蓮縣花蓮市民主里４鄰花崗街４４巷２－２號１樓,花蓮縣,花蓮市,民主里,金三角與東大門核心交會商圈,是,是,30000.0,2021,獨資,N,0,472999,未分類其他食品、飲料及菸草製品零售
49994286,,双福菜館,花蓮縣花蓮市民主里６鄰五權街１０號１樓,花蓮縣,花蓮市,民主里,金三角與東大門核心交會商圈,是,是,50000.0,2005,獨資,Y,1,561115,餐廳
31630587,,微甜彩虹民宿,花蓮縣花蓮市民主里７鄰北濱街１２巷１２號,花蓮縣,花蓮市,民主里,金三角與東大門核心交會商圈,是,是,30000.0,2011,獨資,N,0,551013,民宿
50745700,,亮君經典民宿,花蓮縣花蓮市民主里８鄰北濱街１０－１號,花蓮縣,花蓮市,民主里,金三角與東大門核心交會商圈,是,是,100000.0,2017,獨資,Y,1,551013,民宿
87522701,,茉白民宿,花蓮縣花蓮市民主里８鄰北濱街８號,花蓮縣,花蓮市,民主里,金三角與東大門核心交會商圈,是,是,500000.0,2020,獨資,N,0,551013,民宿
70955561,,攤販－李金英,花蓮縣花蓮市民享里中美路２６５號旁空地,花蓮縣,花蓮市,民享里,花蓮市一般行政區,否,否,3000.0,1999,獨資,N,0,472936,檳榔零售
18050924,70788522,大同綜合訊電股份有限公司台北服務分公司花蓮服務站,花蓮縣花蓮市民享里化道路１３２號,花蓮縣,花蓮市,民享里,花蓮市一般行政區,否,否,0.0,2000,其他,Y,1,456199,其他家用電器批發
64818345,,光正鋼鋁社,花蓮縣花蓮市民享里化道路１９８號１樓,花蓮縣,花蓮市,民享里,花蓮市一般行政區,否,否,1200000.0,1991,獨資,Y,1,252211,金屬門窗（框）製造
60246637,,芯鮮商行,花蓮縣花蓮市民享里化道路２００之４號１樓,花蓮縣,花蓮市,民享里,花蓮市一般行政區,否,否,50000.0,2025,獨資,N,0,472311,水產品零售
91152321,,鑫勝國際實業,花蓮縣花蓮市民享里化道路２０２―１號１樓,花蓮縣,花蓮市,民享里,花蓮市一般行政區,否,否,10000.0,2021,獨資,N,0,932414,夾娃娃機店
99806083,,永吉利早餐店,花蓮縣花蓮市民享里化道路２０２號,花蓮縣,花蓮市,民享里,花蓮市一般行政區,否,否,3000.0,2004,獨資,N,0,561111,早餐店
09848077,,美味小吃,花蓮縣花蓮市民享里化道路２０８號１樓,花蓮縣,花蓮市,民享里,花蓮市一般行政區,否,否,3000.0,2007,獨資,N,0,561113,麵店、小吃店
08123217,,永昇藥局,花蓮縣花蓮市民享里化道路２１２之１號,花蓮縣,花蓮市,民享里,花蓮市一般行政區,否,否,30000.0,1985,獨資,N,0,475112,西藥零售
72762920,,韓馥韓國料理,花蓮縣花蓮市民享里化道路２１８號１樓,花蓮縣,花蓮市,民享里,花蓮市一般行政區,否,否,100000.0,2017,獨資,Y,1,561115,餐廳
92638479,,金寶庫投注站,花蓮縣花蓮市民享里化道路２２４號１樓,花蓮縣,花蓮市,民享里,花蓮市一般行政區,否,否,50000.0,2024,獨資,N,0,920011,彩券銷售
92638484,,盜壘王投注站,花蓮縣花蓮市民享里化道路２２４號１樓,花蓮縣,花蓮市,民享里,花蓮市一般行政區,否,否,50000.0,2024,獨資,N,0,920011,彩券銷售
91159648,,慶全車業行,花蓮縣花蓮市民享里化道路２２６―１號,花蓮縣,花蓮市,民享里,花蓮市一般行政區,否,否,50000.0,2022,獨資,N,0,959100,機車維修
08140026,,長順機車行,花蓮縣花蓮市民享里北興路２號１樓,花蓮縣,花蓮市,民享里,花蓮市一般行政區,否,否,5000.0,1987,獨資,N,0,484211,全新機車零售
85208121,,良安民俗傳統整復推拿館,花蓮縣花蓮市民享里北興路４０號１樓,花蓮縣,花蓮市,民享里,花蓮市一般行政區,否,否,30000.0,2019,獨資,N,0,969015,推拿按摩服務
91592897,,真幀香氛手作工作室,花蓮縣花蓮市民享里北興路４０號１樓,花蓮縣,花蓮市,民享里,花蓮市一般行政區,否,否,10000.0,2022,獨資,N,0,859216,手工藝教學
41103557,,鼎翔民宿,花蓮縣花蓮市民享里北興路４２號,花蓮縣,花蓮市,民享里,花蓮市一般行政區,否,否,5000.0,2014,獨資,N,0,551013,民宿
76967121,03707901,台灣中油股份有限公司油品行銷事業部東區營業處港口加油站,花蓮縣花蓮市民享里吉林路２號,花蓮縣,花蓮市,民享里,花蓮市一般行政區,否,否,0.0,1991,其他,Y,1,482111,汽油零售
94625289,,蓮花計程車行,花蓮縣花蓮市民享里府前路５５２號１樓,花蓮縣,花蓮市,民享里,花蓮市一般行政區,否,否,2300000.0,1976,獨資,N,0,493200,計程車客運
20062186,,中川蔘藥房,花蓮縣花蓮市民享里府前路５５８號,花蓮縣,花蓮市,民享里,花蓮市一般行政區,否,否,5000.0,1997,獨資,N,0,475111,中藥零售
83712194,,萬代福建設有限公司,花蓮縣花蓮市民享里府前路５６０號１樓,花蓮縣,花蓮市,民享里,花蓮市一般行政區,否,否,1000000.0,2020,有限公司,Y,1,702012,行銷管理顧問
10087217,,馬自達民宿,花蓮縣花蓮市民享里府前路５６２―１號,花蓮縣,花蓮市,民享里,花蓮市一般行政區,否,否,3000.0,2007,獨資,N,0,551013,民宿
60094884,,毛帽之家,花蓮縣花蓮市民享里府前路５６２號,花蓮縣,花蓮市,民享里,花蓮市一般行政區,否,否,13500.0,2024,獨資,N,0,932414,夾娃娃機店
41017265,,木子家咖啡烘焙坊,花蓮縣花蓮市民享里府前路５７０號１樓,花蓮縣,花蓮市,民享里,花蓮市一般行政區,否,否,100000.0,2015,獨資,N,0,472918,咖啡零售
76969090,,戰鬪營玩具模型,花蓮縣花蓮市民享里府前路５７２號１樓,花蓮縣,花蓮市,民享里,花蓮市一般行政區,否,否,50000.0,1992,獨資,N,0,476311,內建遊戲軟體之遊樂器零售
90060470,97151664,寶雅國際股份有限公司花蓮府前分公司,花蓮縣花蓮市民享里府前路５７８號、５８０號,花蓮縣,花蓮市,民享里,花蓮市一般行政區,否,否,0.0,2022,本國公司設立之分公司,Y,1,471999,未分類其他綜合商品零售
93054965,,潤青堂,花蓮縣花蓮市民享里府前路５９２號１樓,花蓮縣,花蓮市,民享里,花蓮市一般行政區,否,否,50000.0,2024,獨資,N,0,563115,手搖飲店
53505177,84248322,統冠聯合超商股份有限公司府前路分公司,花蓮縣花蓮市民享里府前路６０６號,花蓮縣,花蓮市,民享里,花蓮市一般行政區,否,否,0.0,2011,本國公司設立之分公司,Y,1,471916,超級市場
30188945,,６２８小吃部,花蓮縣花蓮市民享里府前路６２８號,花蓮縣,花蓮市,民享里,花蓮市一般行政區,否,否,3000.0,2009,獨資,N,0,561113,麵店、小吃店
92637274,,神來運轉投注站,花蓮縣花蓮市民享里府前路６３６號,花蓮縣,花蓮市,民享里,花蓮市一般行政區,否,否,50000.0,2024,獨資,N,0,920011,彩券銷售
09936796,,神機妙算投注站,花蓮縣花蓮市民享里府前路６３６號１樓,花蓮縣,花蓮市,民享里,花蓮市一般行政區,否,否,50000.0,2006,獨資,N,0,920011,彩券銷售
27933440,22555003,統一超商股份有限公司花蓮縣第六十五分公司,花蓮縣花蓮市民享里府前路６３８﹒６４０號１樓,花蓮縣,花蓮市,民享里,花蓮市一般行政區,否,否,0.0,2006,本國公司設立之分公司,Y,1,471112,直營連鎖式便利商店
64802218,,瓏麒自助早點中心,花蓮縣花蓮市民享里府前路６４４號,花蓮縣,花蓮市,民享里,花蓮市一般行政區,否,否,10000.0,1988,獨資,N,0,561200,餐食攤販
78038452,,標記小館,花蓮縣花蓮市民享里府前路６４８號,花蓮縣,花蓮市,民享里,花蓮市一般行政區,否,否,3000.0,1992,獨資,N,0,561113,麵店、小吃店
54100857,,東靚電機有限公司,花蓮縣花蓮市民享里府前路６５４巷１弄２―１號,花蓮縣,花蓮市,民享里,花蓮市一般行政區,否,否,100000.0,2012,有限公司,Y,1,433112,電路工程
76955477,,僑藝雜貨店,花蓮縣花蓮市民享里府前路６５６號,花蓮縣,花蓮市,民享里,花蓮市一般行政區,否,否,3000.0,1990,獨資,N,0,472913,菸酒零售
93049372,,隆葳工程行,花蓮縣花蓮市民享里府前路６６８號１樓,花蓮縣,花蓮市,民享里,花蓮市一般行政區,否,否,1200000.0,2024,獨資,Y,1,421000,道路工程
60252763,,植物印記香氛工作室,花蓮縣花蓮市民享里林園７－１３號,花蓮縣,花蓮市,民享里,花蓮市一般行政區,否,否,50000.0,2026,獨資,N,0,475299,其他化粧品零售
94517802,07524729,國營臺灣鐵路股份有限公司東區營運處花蓮運務段花蓮港站,花蓮縣花蓮市民享里港口路２號,花蓮縣,花蓮市,民享里,花蓮市一般行政區,否,否,0.0,2024,其他,Y,1,491000,鐵路運輸
39992751,,春天花園民宿,花蓮縣花蓮市民享里球崙一路２６９號,花蓮縣,花蓮市,民享里,花蓮市一般行政區,否,否,10000.0,2013,獨資,N,0,551013,民宿
26794883,,宇曜土木包工業,花蓮縣花蓮市民享里球崙一路２９９―１號１樓,花蓮縣,花蓮市,民享里,花蓮市一般行政區,否,否,1000000.0,2012,獨資,Y,1,429099,未分類其他土木工程
94837811,,極樂園禮俗葬儀社,花蓮縣花蓮市民享里球崙二路２５２巷２弄６號１樓,花蓮縣,花蓮市,民享里,花蓮市一般行政區,否,否,220000.0,1984,獨資,Y,1,963015,殯葬禮儀服務
28815239,,爵曜企業有限公司,花蓮縣花蓮市民享里球崙二路２５２巷２８號１樓,花蓮縣,花蓮市,民享里,花蓮市一般行政區,否,否,13000000.0,2007,有限公司,Y,1,060014,砂石採取
58078602,,耐茁休閒事業有限公司,花蓮縣花蓮市民享里球崙二路５２巷１５弄１號４樓,花蓮縣,花蓮市,民享里,花蓮市一般行政區,否,否,100000.0,2017,有限公司,Y,1,931912,水域運動服務
62240201,,台灣溪流走護股份有限公司,花蓮縣花蓮市民享里球崙二路５２巷１５弄１號４樓,花蓮縣,花蓮市,民享里,花蓮市一般行政區,否,否,1000000.0,2026,股份有限公司,Y,1,969099,未分類其他個人服務
92638392,,優多企業社,花蓮縣花蓮市民享里球崙二路５２巷１５弄１號４樓,花蓮縣,花蓮市,民享里,花蓮市一般行政區,否,否,50000.0,2023,獨資,N,0,487114,經營網路購物（食品、飲料類商品）
92636303,,詰奇工作室,花蓮縣花蓮市民享里球崙二路５２巷１５弄５號１樓,花蓮縣,花蓮市,民享里,花蓮市一般行政區,否,否,30000.0,2023,獨資,N,0,740914,視覺傳達與平面設計
83268616,,友維國際有限公司,花蓮縣花蓮市民享里球崙二路５２巷１６弄８號,花蓮縣,花蓮市,民享里,花蓮市一般行政區,否,否,100000.0,2021,有限公司,Y,1,551012,旅館
87348437,,銅板媽咪店,花蓮縣花蓮市民享里球崙二路５２巷２１號２樓,花蓮縣,花蓮市,民享里,花蓮市一般行政區,否,否,1000.0,2020,獨資,N,0,487114,經營網路購物（食品、飲料類商品）
34909348,,狗ｇｏ快樂寵物民宿,花蓮縣花蓮市民享里球崙二路５２巷２５號,花蓮縣,花蓮市,民享里,花蓮市一般行政區,否,否,300000.0,2010,獨資,N,0,551013,民宿
91159561,,豐盛好食商行,花蓮縣花蓮市民享里球崙二路５２巷３３－１號,花蓮縣,花蓮市,民享里,花蓮市一般行政區,否,否,200000.0,2022,獨資,N,0,487114,經營網路購物（食品、飲料類商品）
92640947,,光成土木包工業,花蓮縣花蓮市民享里球崙街１９號２樓,花蓮縣,花蓮市,民享里,花蓮市一般行政區,否,否,1000000.0,2023,獨資,Y,1,429099,未分類其他土木工程
59282390,,圓大科技股份有限公司,花蓮縣花蓮市民享里球崙街２３巷２弄６號１樓,花蓮縣,花蓮市,民享里,花蓮市一般行政區,否,否,1000000.0,2017,股份有限公司,Y,1,639099,未分類其他資訊服務
82184499,,三也先生咖啡行,花蓮縣花蓮市民享里球崙街７號５樓之２,花蓮縣,花蓮市,民享里,花蓮市一般行政區,否,否,100000.0,2019,獨資,N,0,472918,咖啡零售
91594023,,力匠企業社,花蓮縣花蓮市民享里華厦街１６號４樓之１,花蓮縣,花蓮市,民享里,花蓮市一般行政區,否,否,200000.0,2022,獨資,Y,1,433211,冷凍、通風、空調系統裝修工程
93058076,,踴盛企業社,花蓮縣花蓮市民享里華安街１１巷７號１樓,花蓮縣,花蓮市,民享里,花蓮市一般行政區,否,否,40000.0,2024,獨資,Y,1,433199,其他機電、電信及電路設備安裝
92535683,,益順發商行,花蓮縣花蓮市民享里華安街１９巷１號,花蓮縣,花蓮市,民享里,花蓮市一般行政區,否,否,100000.0,2023,獨資,N,0,487199,其他電子購物及郵購
85212841,,祥承工程行,花蓮縣花蓮市民享里華安街５２號１樓,花蓮縣,花蓮市,民享里,花蓮市一般行政區,否,否,100000.0,2020,獨資,Y,1,410013,住宅營建
93048768,,鼠尾草工作室,花蓮縣花蓮市民享里華廈街４０號２樓之５,花蓮縣,花蓮市,民享里,花蓮市一般行政區,否,否,50000.0,2024,獨資,N,0,485299,未分類其他全新商品零售
60251547,,沁楓企業社,花蓮縣花蓮市民享里華民街１巷１號１樓,花蓮縣,花蓮市,民享里,花蓮市一般行政區,否,否,200000.0,2026,獨資,Y,1,487114,經營網路購物（食品、飲料類商品）
93050216,,立楨工程行,花蓮縣花蓮市民享里華泰街３３號４樓之３,花蓮縣,花蓮市,民享里,花蓮市一般行政區,否,否,228000.0,2024,獨資,Y,1,429099,未分類其他土木工程
09947317,,五號小築民宿,花蓮縣花蓮市民享里華興街１１巷５號,花蓮縣,花蓮市,民享里,花蓮市一般行政區,否,否,20000.0,2006,獨資,N,0,551013,民宿
15781968,,雅鉅水電工程行,花蓮縣花蓮市民享里華興街１１０號,花蓮縣,花蓮市,民享里,花蓮市一般行政區,否,否,2000000.0,2002,獨資,Y,1,433111,水電工程
90870099,,新茂開發股份有限公司,花蓮縣花蓮市民享里華興街１１６號１樓,花蓮縣,花蓮市,民享里,花蓮市一般行政區,否,否,2000000.0,2021,股份有限公司,Y,1,681211,不動產仲介
93507524,,合發工程有限公司,花蓮縣花蓮市民享里華興街１２０巷１２弄１８號１樓,花蓮縣,花蓮市,民享里,花蓮市一般行政區,否,否,1000000.0,2024,有限公司,Y,1,760999,其他未分類專業、科學及技術服務
92639168,,柏斯馨室內裝修工程,花蓮縣花蓮市民享里華興街２５號１樓,花蓮縣,花蓮市,民享里,花蓮市一般行政區,否,否,1000000.0,2023,合夥,Y,1,410013,住宅營建
72898530,,樂狗創意工作室,花蓮縣花蓮市民享里華興街２９號１樓,花蓮縣,花蓮市,民享里,花蓮市一般行政區,否,否,500000.0,2018,獨資,Y,1,434013,房屋設備安裝工程
91018731,,鑫東峰建設有限公司,花蓮縣花蓮市民享里華興街５５號１樓,花蓮縣,花蓮市,民享里,花蓮市一般行政區,否,否,2000000.0,2021,有限公司,Y,1,670012,不動產投資開發
91590286,,等等企業社,花蓮縣花蓮市民享里華興街５５號１樓,花蓮縣,花蓮市,民享里,花蓮市一般行政區,否,否,5000.0,2022,獨資,N,0,773012,運動及娛樂用品租賃
53855981,,浩四有限公司,花蓮縣花蓮市民享里華興街９１號１樓,花蓮縣,花蓮市,民享里,花蓮市一般行政區,否,否,500000.0,2012,有限公司,Y,1,340099,其他產業用機械設備維修及安裝
41012846,,府前百元剪髮,花蓮縣花蓮市民享里００１鄰府前路５５０號１樓,花蓮縣,花蓮市,民享里,花蓮市一般行政區,否,否,150000.0,2015,獨資,N,0,962112,理髮店
50748657,,蓮花髮藝,花蓮縣花蓮市民享里００１鄰府前路５５２號１樓,花蓮縣,花蓮市,民享里,花蓮市一般行政區,否,否,8000.0,2018,獨資,N,0,962111,美髮院及髮廊
31727317,,喜樂多食堂,花蓮縣花蓮市民享里００１鄰府前路５７２－１號１、２樓,花蓮縣,花蓮市,民享里,花蓮市一般行政區,否,否,50000.0,2012,獨資,N,0,561113,麵店、小吃店
90368127,,登月酒業股份有限公司,花蓮縣花蓮市民享里００２鄰化道路１６２號１樓,花蓮縣,花蓮市,民享里,花蓮市一般行政區,否,否,1000000.0,2022,股份有限公司,Y,1,472913,菸酒零售
62193925,,梧杄有限公司,花蓮縣花蓮市民享里００２鄰化道路１７２號,花蓮縣,花蓮市,民享里,花蓮市一般行政區,否,否,50000.0,2026,有限公司,Y,1,859399,其他運動及休閒教育
60582194,,熙杉新能源有限公司,花蓮縣花蓮市民享里００２鄰化道路１８４號１樓,花蓮縣,花蓮市,民享里,花蓮市一般行政區,否,否,500000.0,2025,有限公司,Y,1,433199,其他機電、電信及電路設備安裝
61457011,,霏羽美容美髮,花蓮縣花蓮市民享里００２鄰化道路１８４號１樓,花蓮縣,花蓮市,民享里,花蓮市一般行政區,否,否,100000.0,2026,獨資,N,0,962111,美髮院及髮廊
91157212,,禾豐中古電器行,花蓮縣花蓮市民享里００２鄰化道路２００―２號,花蓮縣,花蓮市,民享里,花蓮市一般行政區,否,否,10000.0,2021,獨資,N,0,485399,其他中古商品（汽機車及其零配件除外）零售
95214713,,生活小舖,花蓮縣花蓮市民享里００２鄰化道路２００之３號１樓,花蓮縣,花蓮市,民享里,花蓮市一般行政區,否,否,60000.0,2025,獨資,N,0,471913,雜貨店
72846273,,上輝輪業,花蓮縣花蓮市民享里００２鄰化道路２０６號１樓,花蓮縣,花蓮市,民享里,花蓮市一般行政區,否,否,50000.0,2018,獨資,Y,1,959100,機車維修
85204589,,檳榔攤,花蓮縣花蓮市民享里００２鄰化道路２１４―１號１樓,花蓮縣,花蓮市,民享里,花蓮市一般行政區,否,否,3000.0,2019,獨資,N,0,472936,檳榔零售
85356641,,吾美商行,花蓮縣花蓮市民享里００２鄰化道路２１６號,花蓮縣,花蓮市,民享里,花蓮市一般行政區,否,否,50000.0,2019,獨資,N,0,561113,麵店、小吃店
60247072,,六乘九平方排球工作室,花蓮縣花蓮市民享里００２鄰華興街１５巷２號,花蓮縣,花蓮市,民享里,花蓮市一般行政區,否,否,200000.0,2025,獨資,N,0,487199,其他電子購物及郵購
28506873,,大鵬航太有限公司,花蓮縣花蓮市民享里００３鄰化道路１４６巷５弄１３號１樓,花蓮縣,花蓮市,民享里,花蓮市一般行政區,否,否,1000000.0,2006,有限公司,Y,1,311011,船舶製造
83013430,,閎祈有限公司,花蓮縣花蓮市民享里００３鄰化道路１５６―１號１樓,花蓮縣,花蓮市,民享里,花蓮市一般行政區,否,否,500000.0,2023,有限公司,Y,1,485212,宗教、喪葬用品零售
29364438,,勝發電器行,花蓮縣花蓮市民享里００３鄰化道路１５８―２號１樓,花蓮縣,花蓮市,民享里,花蓮市一般行政區,否,否,6000.0,2005,獨資,Y,1,952312,家用電器維修
83129299,,星果股份有限公司,花蓮縣花蓮市民享里００４鄰球崙一路２１５巷２號１樓,花蓮縣,花蓮市,民享里,花蓮市一般行政區,否,否,8500000.0,2020,股份有限公司,Y,1,454700,非酒精飲料批發
83286874,,萬士達建設股份有限公司,花蓮縣花蓮市民享里００４鄰球崙一路２２３號１樓,花蓮縣,花蓮市,民享里,花蓮市一般行政區,否,否,30000000.0,2020,股份有限公司,Y,1,670012,不動產投資開發
50748729,,木別子工坊,花蓮縣花蓮市民享里００４鄰球崙二路８０巷１１號１樓,花蓮縣,花蓮市,民享里,花蓮市一般行政區,否,否,20000.0,2018,獨資,Y,1,485217,手工藝品零售
80179490,,綠野探索國際有限公司,花蓮縣花蓮市民享里００４鄰球崙二路８０巷１５號,花蓮縣,花蓮市,民享里,花蓮市一般行政區,否,否,1000000.0,2003,有限公司,Y,1,458299,其他運動用品及器材批發
42877973,12702575,高市高爾夫股份有限公司花蓮分公司,花蓮縣花蓮市民享里００５鄰化道路１２０號,花蓮縣,花蓮市,民享里,花蓮市一般行政區,否,否,0.0,2016,本國公司設立之分公司,Y,1,931215,高爾夫球場及練習場
31791106,,松漢汽車企業社,花蓮縣花蓮市民享里００６鄰化道路５２號１樓,花蓮縣,花蓮市,民享里,花蓮市一般行政區,否,否,200000.0,2012,獨資,Y,1,951199,其他汽車維修
91155903,,天羽資訊,花蓮縣花蓮市民享里００６鄰化道路５２號１樓,花蓮縣,花蓮市,民享里,花蓮市一般行政區,否,否,200000.0,2021,獨資,N,0,952100,電腦及其週邊設備維修
83214252,,阿瑪菲股份有限公司,花蓮縣花蓮市民享里００６鄰球崙一路２０７號１樓,花蓮縣,花蓮市,民享里,花蓮市一般行政區,否,否,6600000.0,2021,股份有限公司,Y,1,551011,觀光旅館
29343336,,范氏企業,花蓮縣花蓮市民享里００６鄰球崙一路２１１號６樓,花蓮縣,花蓮市,民享里,花蓮市一般行政區,否,否,6600000.0,2005,獨資,Y,1,485220,寵物零售
41467590,,蔣氏企業,花蓮縣花蓮市民享里００６鄰球崙一路２１１號６樓,花蓮縣,花蓮市,民享里,花蓮市一般行政區,否,否,6600000.0,2016,獨資,Y,1,485220,寵物零售
60253382,,春雨生活企業,花蓮縣花蓮市民享里００６鄰球崙一路２１７號１２樓,花蓮縣,花蓮市,民享里,花蓮市一般行政區,否,否,200000.0,2026,獨資,N,0,581900,其他出版
49767331,,獵鷹安防科技企業社,花蓮縣花蓮市民享里００７鄰球崙一路２３７號１樓,花蓮縣,花蓮市,民享里,花蓮市一般行政區,否,否,100000.0,2017,獨資,Y,1,474199,其他家用電器零售
60247349,,立豐工程行,花蓮縣花蓮市民享里００８鄰華廈街５４巷１６號１樓,花蓮縣,花蓮市,民享里,花蓮市一般行政區,否,否,240000.0,2025,獨資,Y,1,410013,住宅營建
41007858,,崇心企業社,花蓮縣花蓮市民享里００９鄰球崙二路２５２巷１０號１樓,花蓮縣,花蓮市,民享里,花蓮市一般行政區,否,否,200000.0,2014,獨資,Y,1,859399,其他運動及休閒教育
50745791,,宏爵企業社,花蓮縣花蓮市民享里００９鄰球崙二路２５２巷１２號１樓,花蓮縣,花蓮市,民享里,花蓮市一般行政區,否,否,200000.0,2017,獨資,Y,1,060014,砂石採取
93514200,,暢憶通運股份有限公司,花蓮縣花蓮市民享里００９鄰球崙二路２５２巷１２號１樓,花蓮縣,花蓮市,民享里,花蓮市一般行政區,否,否,20000000.0,2023,股份有限公司,Y,1,649911,投資有價證券
54540530,,帝耀科技股份有限公司,花蓮縣花蓮市民享里００９鄰華廈街５３―２號,花蓮縣,花蓮市,民享里,花蓮市一般行政區,否,否,500000.0,2013,股份有限公司,Y,1,483111,電腦及電腦週邊設備零售
61363416,,劉姥姥麵店,花蓮縣花蓮市民享里００９鄰華廈街６１―１號,花蓮縣,花蓮市,民享里,花蓮市一般行政區,否,否,30000.0,2025,獨資,N,0,561113,麵店、小吃店
61385397,,花蓮縣心智障礙關懷協會,花蓮縣花蓮市民享里００９鄰華廈街６９號,花蓮縣,花蓮市,民享里,花蓮市一般行政區,否,否,100000.0,2026,其他,N,0,487199,其他電子購物及郵購
95209057,,邦德生活自媒體工作室,花蓮縣花蓮市民享里００９鄰華廈街７５號三樓之１,花蓮縣,花蓮市,民享里,花蓮市一般行政區,否,否,200000.0,2025,獨資,N,0,731099,其他廣告服務
27470855,,伊甸園有限公司,花蓮縣花蓮市民享里０１１鄰北興路３２－９號,花蓮縣,花蓮市,民享里,花蓮市一般行政區,否,否,25000000.0,2004,有限公司,Y,1,494099,其他汽車貨運
30186088,,宏普企業,花蓮縣花蓮市民享里０１１鄰華興街１２０巷９弄２２號１樓,花蓮縣,花蓮市,民享里,花蓮市一般行政區,否,否,200000.0,2009,獨資,Y,1,471114,加盟連鎖式便利商店（無商品進、銷貨行為）
49880565,,長勝企業社,花蓮縣花蓮市民享里０１１鄰華興街１２０巷９弄２２號１樓,花蓮縣,花蓮市,民享里,花蓮市一般行政區,否,否,200000.0,2005,獨資,Y,1,471114,加盟連鎖式便利商店（無商品進、銷貨行為）
85214566,,飛炫小鋪,花蓮縣花蓮市民享里０１１鄰華興街１２８號,花蓮縣,花蓮市,民享里,花蓮市一般行政區,否,否,50000.0,2020,獨資,N,0,473915,縫紉用品零售
41008879,,彥澔工程行,花蓮縣花蓮市民享里０１２鄰林園１１―３４號１樓,花蓮縣,花蓮市,民享里,花蓮市一般行政區,否,否,230000.0,2014,獨資,Y,1,434011,室內裝潢工程
50741958,,泓彥工程行,花蓮縣花蓮市民享里０１２鄰林園１１―３４號２樓,花蓮縣,花蓮市,民享里,花蓮市一般行政區,否,否,240000.0,2017,獨資,Y,1,434011,室內裝潢工程
83236798,,拾閱設計有限公司,花蓮縣花蓮市民享里０１３鄰府前路６５２號１樓,花蓮縣,花蓮市,民享里,花蓮市一般行政區,否,否,50000.0,2020,有限公司,Y,1,702099,其他管理顧問
95081571,,日船章魚小丸子花蓮美崙店,花蓮縣花蓮市民享里０１３鄰華厦街１號車庫前,花蓮縣,花蓮市,民享里,花蓮市一般行政區,否,否,30000.0,2024,獨資,N,0,561113,麵店、小吃店
25086102,,助達工程有限公司,花蓮縣花蓮市民享里０１４鄰華厦街２０號３樓之１,花蓮縣,花蓮市,民享里,花蓮市一般行政區,否,否,2000000.0,2009,有限公司,Y,1,422013,市區下水道土木工程
91598409,,駿豐企業社,花蓮縣花蓮市民享里０１４鄰華廈街２６―２號３樓,花蓮縣,花蓮市,民享里,花蓮市一般行政區,否,否,50000.0,2023,獨資,N,0,484311,汽車零件、汽車百貨零售
90540963,,花東戰狼國際有限公司,花蓮縣花蓮市民享里０１４鄰華興街９８―１號４樓之１,花蓮縣,花蓮市,民享里,花蓮市一般行政區,否,否,400000.0,2021,有限公司,Y,1,702099,其他管理顧問
55898628,,冠宇鑫環保科技有限公司,花蓮縣花蓮市民享里０１５鄰球崙二路２１７號４樓之６,花蓮縣,花蓮市,民享里,花蓮市一般行政區,否,否,5000000.0,2016,有限公司,Y,1,381111,一般事業廢棄物清除
60277194,,元家韓夫泡菜店,花蓮縣花蓮市民享里０１６鄰華民街１２號１樓,花蓮縣,花蓮市,民享里,花蓮市一般行政區,否,否,30000.0,2025,獨資,N,0,472113,醃漬蔬果零售
39950106,,益昇工程行,花蓮縣花蓮市民享里０１７鄰華安街１號１樓,花蓮縣,花蓮市,民享里,花蓮市一般行政區,否,否,249000.0,2014,獨資,Y,1,461517,金屬手工具批發
39950083,,勇勝企業社,花蓮縣花蓮市民享里０１７鄰華安街１１巷７號１樓,花蓮縣,花蓮市,民享里,花蓮市一般行政區,否,否,240000.0,2014,獨資,Y,1,439014,起重工程
60246313,,沃克工程行,花蓮縣花蓮市民享里０１７鄰華安街１１巷７號１樓,花蓮縣,花蓮市,民享里,花蓮市一般行政區,否,否,100000.0,2025,獨資,Y,1,429099,未分類其他土木工程
87353368,,蓁心菓子工堡烘焙坊,花蓮縣花蓮市民享里０１８鄰華興街７４號１樓,花蓮縣,花蓮市,民享里,花蓮市一般行政區,否,否,200000.0,2021,獨資,N,0,472922,西點麵包零售
22203818,,太陽礦業股份有限公司,花蓮縣花蓮市民享里０１９鄰華興街２３號,花蓮縣,花蓮市,民享里,花蓮市一般行政區,否,否,6000000.0,1986,股份有限公司,Y,1,060014,砂石採取
60251080,,峻川土木包工業,花蓮縣花蓮市民享里０２０鄰華安街８０號１樓,花蓮縣,花蓮市,民享里,花蓮市一般行政區,否,否,1500000.0,2026,獨資,Y,1,429099,未分類其他土木工程
50745693,,暖石心個人工作室,花蓮縣花蓮市民享里０２０鄰華興街３號１樓,花蓮縣,花蓮市,民享里,花蓮市一般行政區,否,否,200000.0,2017,獨資,Y,1,740999,未分類其他專門設計服務
93762496,,鼎賀國際有限公司,花蓮縣花蓮市民享里０２０鄰華興街３號１樓,花蓮縣,花蓮市,民享里,花蓮市一般行政區,否,否,2000000.0,2023,有限公司,Y,1,454211,畜肉批發
19530155,,開富企業社,花蓮縣花蓮市民享里０２１鄰林園５―３號,花蓮縣,花蓮市,民享里,花蓮市一般行政區,否,否,200000.0,1996,獨資,Y,1,481014,居家修繕用品零售
41463222,,川人川味坊,花蓮縣花蓮市民享里０２１鄰林園７―１２號,花蓮縣,花蓮市,民享里,花蓮市一般行政區,否,否,230000.0,2015,獨資,N,0,561115,餐廳
94813557,,國雷水電工程有限公司,花蓮縣花蓮市民享里０２３鄰林園２２―４號１樓,花蓮縣,花蓮市,民享里,花蓮市一般行政區,否,否,10000000.0,1983,有限公司,Y,1,422015,自來水總管及市區管線營建
61484262,23060248,全家便利商店股份有限公司花蓮縣第十二門市部,花蓮縣花蓮市民享里０２４鄰林園１―１號,花蓮縣,花蓮市,民享里,花蓮市一般行政區,否,否,0.0,2026,其他,Y,1,471114,加盟連鎖式便利商店（無商品進、銷貨行為）
41232525,,萬佳鄉寬陽店,花蓮縣花蓮市民享里０２６鄰球崙二路２０９號,花蓮縣,花蓮市,民享里,花蓮市一般行政區,否,否,728000.0,2014,獨資,N,0,561111,早餐店
72622506,,馬亞商行,花蓮縣花蓮市民享里０２６鄰球崙二路２１９號３樓之１,花蓮縣,花蓮市,民享里,花蓮市一般行政區,否,否,50000.0,2017,獨資,N,0,472924,米零售
49769540,,昇詠企業社,花蓮縣花蓮市民享里０２６鄰球崙二路２１９號３樓之３,花蓮縣,花蓮市,民享里,花蓮市一般行政區,否,否,200000.0,2017,獨資,Y,1,433114,公路號誌裝修工程
62160754,,沛榮電力工程有限公司,花蓮縣花蓮市民享里０２６鄰球崙二路２１９號３樓之３,花蓮縣,花蓮市,民享里,花蓮市一般行政區,否,否,2000000.0,2026,有限公司,Y,1,433112,電路工程
87365688,,太巴塱多恩莊園,花蓮縣花蓮市民享里０２６鄰球崙二路２１９號５樓之３,花蓮縣,花蓮市,民享里,花蓮市一般行政區,否,否,3000.0,2020,獨資,N,0,472918,咖啡零售
37999552,,東松企業,花蓮縣花蓮市民享里０２６鄰華厦街４０號４樓之３,花蓮縣,花蓮市,民享里,花蓮市一般行政區,否,否,200000.0,2014,獨資,Y,1,454999,未分類其他食品批發
12913184,,花蓮真情食品股份有限公司,花蓮縣花蓮市民享里０２６鄰華厦街４０號４樓之５,花蓮縣,花蓮市,民享里,花蓮市一般行政區,否,否,2200000.0,2001,股份有限公司,Y,1,454700,非酒精飲料批發
85208179,,日向夏食賦餐飲館,花蓮縣花蓮市民享里０２６鄰華廈街４０號,花蓮縣,花蓮市,民享里,花蓮市一般行政區,否,否,200000.0,2019,獨資,N,0,561113,麵店、小吃店
82181599,,大德水電工程行,花蓮縣花蓮市民享里０２６鄰華興街１３４號,花蓮縣,花蓮市,民享里,花蓮市一般行政區,否,否,2000000.0,2019,合夥,Y,1,433212,管道工程
91390885,,朱德剛相聲社,花蓮縣花蓮市民享里０２７鄰華興街２３―１號５樓之１,花蓮縣,花蓮市,民享里,花蓮市一般行政區,否,否,1000.0,2021,其他,N,0,902011,劇團
56258403,,井昇旅行社有限公司,花蓮縣花蓮市民享里０３０鄰球崙二路２２０號１樓,花蓮縣,花蓮市,民享里,花蓮市一般行政區,否,否,3000000.0,2017,有限公司,Y,1,790011,旅行業
12937138,,龍亨國際通運有限公司,花蓮縣花蓮市民享里０３０鄰球崙二路２２０號２樓,花蓮縣,花蓮市,民享里,花蓮市一般行政區,否,否,50000000.0,2001,有限公司,Y,1,465311,汽車零件、汽車百貨批發
60250511,,榴槤刺蝟水果行,花蓮縣花蓮市民享里０３０鄰華廈街５１號１樓,花蓮縣,花蓮市,民享里,花蓮市一般行政區,否,否,100000.0,2026,獨資,N,0,472112,水果零售
09810972,,原民土木包工業,花蓮縣花蓮市民享里０３０鄰華廈街６７巷３號１樓,花蓮縣,花蓮市,民享里,花蓮市一般行政區,否,否,2000000.0,2007,獨資,Y,1,429099,未分類其他土木工程
86760697,,花東精密油壓機械有限公司,花蓮縣花蓮市民享里０３２鄰華安街３０號１樓,花蓮縣,花蓮市,民享里,花蓮市一般行政區,否,否,2000000.0,1992,有限公司,Y,1,464999,未分類其他機械器具批發
23539137,,紅螞蟻小客車租賃有限公司,花蓮縣花蓮市民享里０４８鄰球崙二路１００巷１號１樓,花蓮縣,花蓮市,民享里,花蓮市一般行政區,否,否,15000000.0,1989,有限公司,Y,1,772100,汽車租賃
82342878,,北國泰藥局,花蓮縣花蓮市民享里１鄰府前路５８２號１樓,花蓮縣,花蓮市,民享里,花蓮市一般行政區,否,否,60000.0,2019,合夥,N,0,475112,西藥零售
61455581,,宇雲裝潢工程行,花蓮縣花蓮市民享里１０鄰球崙一路３０３號１樓,花蓮縣,花蓮市,民享里,花蓮市一般行政區,否,否,10000.0,2026,獨資,Y,1,434011,室內裝潢工程
10632716,,東遠企業社,花蓮縣花蓮市民享里１１鄰北興路２０號１樓,花蓮縣,花蓮市,民享里,花蓮市一般行政區,否,否,500000.0,2008,獨資,Y,1,433212,管道工程
31479301,,花蓮小鯨魚民宿,花蓮縣花蓮市民享里１２鄰球崙二路２３７號,花蓮縣,花蓮市,民享里,花蓮市一般行政區,否,否,200000.0,2007,獨資,N,0,551013,民宿
31460915,,阿仙早餐店,花蓮縣花蓮市民享里１３鄰府前路６５８號１樓,花蓮縣,花蓮市,民享里,花蓮市一般行政區,否,否,3000.0,2007,獨資,N,0,561111,早餐店
09824130,,佳好早餐店,花蓮縣花蓮市民享里１３鄰府前路６６６號１樓,花蓮縣,花蓮市,民享里,花蓮市一般行政區,否,否,3000.0,2007,獨資,N,0,561111,早餐店
54509968,,成崧實業股份有限公司,花蓮縣花蓮市民享里１５鄰球崙二路２１１號４樓之５,花蓮縣,花蓮市,民享里,花蓮市一般行政區,否,否,6000000.0,2013,股份有限公司,Y,1,234011,石材家具及其製品製造
08141897,,秋帆書軒,花蓮縣花蓮市民享里１５鄰華厦街３２號,花蓮縣,花蓮市,民享里,花蓮市一般行政區,否,否,3000.0,1987,獨資,N,0,773016,小說、漫畫及雜誌出租
30365667,,明康食品行,花蓮縣花蓮市民享里１９鄰華興街２１號１樓,花蓮縣,花蓮市,民享里,花蓮市一般行政區,否,否,50000.0,2009,獨資,N,0,472999,未分類其他食品、飲料及菸草製品零售
94753896,,順利交通有限公司,花蓮縣花蓮市民享里２鄰化道路１８２號１樓,花蓮縣,花蓮市,民享里,花蓮市一般行政區,否,否,2000000.0,1979,有限公司,N,0,493200,計程車客運
42968208,,智閎設計顧問有限公司,花蓮縣花蓮市民享里２０鄰華安街６６號４樓,花蓮縣,花蓮市,民享里,花蓮市一般行政區,否,否,300000.0,2018,有限公司,Y,1,711299,其他工程服務及相關技術顧問
31794194,,丞欣工程行,花蓮縣花蓮市民享里２０鄰華興街１５巷７號１樓,花蓮縣,花蓮市,民享里,花蓮市一般行政區,否,否,240000.0,2013,獨資,Y,1,434099,其他建物完工裝修工程
37922294,,東海食品行,花蓮縣花蓮市民享里２１鄰林園７―９號,花蓮縣,花蓮市,民享里,花蓮市一般行政區,否,否,100000.0,2012,獨資,N,0,472921,糖果餅乾零售
84307905,07724260,宜津企業股份有限公司花蓮分公司,花蓮縣花蓮市民享里２４鄰林園１之１號,花蓮縣,花蓮市,民享里,花蓮市一般行政區,否,否,0.0,1993,本國公司設立之分公司,Y,1,551011,觀光旅館
79968877,,山田資源開發股份有限公司,花蓮縣花蓮市民享里２７鄰華興街２３號１樓,花蓮縣,花蓮市,民享里,花蓮市一般行政區,否,否,5000000.0,2002,股份有限公司,Y,1,060099,未分類砂、石採取及其他礦業
26790330,,東裕企業社,花蓮縣花蓮市民享里３鄰化道路１５８―２號１樓,花蓮縣,花蓮市,民享里,花蓮市一般行政區,否,否,200000.0,2011,獨資,Y,1,811000,複合支援服務
25067956,,立邦不動產有限公司,花蓮縣花蓮市民享里３鄰化道路１５８號１樓,花蓮縣,花蓮市,民享里,花蓮市一般行政區,否,否,500000.0,2009,有限公司,Y,1,681211,不動產仲介
70972463,,髮之屋,花蓮縣花蓮市民享里３鄰化道路１５８－１號,花蓮縣,花蓮市,民享里,花蓮市一般行政區,否,否,3000.0,2000,獨資,N,0,962111,美髮院及髮廊
10079357,,惠勝土木包工業,花蓮縣花蓮市民享里３鄰球崙二路１號１樓,花蓮縣,花蓮市,民享里,花蓮市一般行政區,否,否,1200000.0,2007,獨資,Y,1,429099,未分類其他土木工程
30109843,,上頡工程行,花蓮縣花蓮市民享里３０鄰華廈街６７巷３號１樓,花蓮縣,花蓮市,民享里,花蓮市一般行政區,否,否,100000.0,2008,獨資,Y,1,429099,未分類其他土木工程
67945111,84176896,百事達建設股份有限公司花蓮辨事處,花蓮縣花蓮市民享里４鄰球崙一路２２３號１樓,花蓮縣,花蓮市,民享里,花蓮市一般行政區,否,否,0.0,1999,其他,Y,1,670012,不動產投資開發
30206802,,捷鑫工程土木包工業,花蓮縣花蓮市民享里４鄰球崙二路６６號１樓,花蓮縣,花蓮市,民享里,花蓮市一般行政區,否,否,6000000.0,2010,獨資,Y,1,429099,未分類其他土木工程
94797260,,中崙汽車貨運有限公司,花蓮縣花蓮市民享里４鄰球崙二路７６號,花蓮縣,花蓮市,民享里,花蓮市一般行政區,否,否,20000000.0,1981,有限公司,Y,1,494099,其他汽車貨運
95211413,,豆磨坊,花蓮縣花蓮市民享里５鄰化道路１２２號,花蓮縣,花蓮市,民享里,花蓮市一般行政區,否,否,50000.0,2025,獨資,N,0,563199,其他飲料店
62129966,,璟岳建設有限公司,花蓮縣花蓮市民享里６鄰球崙一路２１５巷１８號１樓,花蓮縣,花蓮市,民享里,花蓮市一般行政區,否,否,4300000.0,2026,有限公司,Y,1,681111,自有不動產買賣
84434590,,振崇企業有限公司,花蓮縣花蓮市民享里９鄰球崙二路２５２巷１２號１樓,花蓮縣,花蓮市,民享里,花蓮市一般行政區,否,否,10000000.0,1993,有限公司,Y,1,060014,砂石採取
21568064,,灰面鷲影音工作室,花蓮縣花蓮市民勤里中美三街２３巷１１號４樓,花蓮縣,花蓮市,民勤里,花蓮市一般行政區,否,否,100000.0,2005,獨資,N,0,760199,其他攝影
91593312,,金億隆工程行,花蓮縣花蓮市民勤里中美三街２３巷２２號２樓,花蓮縣,花蓮市,民勤里,花蓮市一般行政區,否,否,200000.0,2022,獨資,Y,1,433900,其他建築設備安裝
92535868,,白氏創意工作室,花蓮縣花蓮市民勤里中美三街４６巷１２號１、２樓,花蓮縣,花蓮市,民勤里,花蓮市一般行政區,否,否,240000.0,2023,獨資,N,0,740914,視覺傳達與平面設計
16751843,,一畝田創意傳播事業有限公司,花蓮縣花蓮市民勤里中美三街８巷１８號,花蓮縣,花蓮市,民勤里,花蓮市一般行政區,否,否,2000000.0,1998,有限公司,Y,1,591113,電視節目製作
18059621,,美萱美髮,花蓮縣花蓮市民勤里中美三街８８－５號１樓,花蓮縣,花蓮市,民勤里,花蓮市一般行政區,否,否,5000.0,2001,獨資,N,0,962112,理髮店
15792634,,中信洗車坊,花蓮縣花蓮市民勤里中美路１０９號,花蓮縣,花蓮市,民勤里,花蓮市一般行政區,否,否,50000.0,2003,獨資,N,0,951200,汽車美容
95170829,96753338,科雷有限公司中美店,花蓮縣花蓮市民勤里中美路１１號旁,花蓮縣,花蓮市,民勤里,花蓮市一般行政區,否,否,0.0,2024,其他,Y,1,472918,咖啡零售
37965407,,騎士本舖,花蓮縣花蓮市民勤里中美路３―１７號,花蓮縣,花蓮市,民勤里,花蓮市一般行政區,否,否,200000.0,2013,獨資,N,0,563112,咖啡館
70802714,22555003,統一超商股份有限公司花蓮縣第三十七分公司,花蓮縣花蓮市民勤里中美路３７號１樓,花蓮縣,花蓮市,民勤里,花蓮市一般行政區,否,否,0.0,2001,本國公司設立之分公司,Y,1,471112,直營連鎖式便利商店
94389905,,魯豫小喫,花蓮縣花蓮市民勤里中美路３９號,花蓮縣,花蓮市,民勤里,花蓮市一般行政區,否,否,3000.0,1977,獨資,N,0,561113,麵店、小吃店
92638772,,喜多錢投注站,花蓮縣花蓮市民勤里中美路４９號１號,花蓮縣,花蓮市,民勤里,花蓮市一般行政區,否,否,100000.0,2023,獨資,N,0,920011,彩券銷售
42091170,,老樟小吃店,花蓮縣花蓮市民勤里中美路５―８號１樓,花蓮縣,花蓮市,民勤里,花蓮市一般行政區,否,否,20000.0,2015,獨資,N,0,561113,麵店、小吃店
53306830,,新極光電股份有限公司,花蓮縣花蓮市民勤里中美路５３號１樓,花蓮縣,花蓮市,民勤里,花蓮市一般行政區,否,否,15000000.0,2011,股份有限公司,Y,1,284299,其他照明器具製造
87346120,,梁庭滇緬饗食,花蓮縣花蓮市民勤里中美路５３號１樓,花蓮縣,花蓮市,民勤里,花蓮市一般行政區,否,否,5000.0,2020,獨資,N,0,561115,餐廳
95214220,,瑪菈早午餐,花蓮縣花蓮市民勤里中美路５３－１號１樓,花蓮縣,花蓮市,民勤里,花蓮市一般行政區,否,否,10000.0,2025,獨資,N,0,561111,早餐店
08138675,,真善美企業社,花蓮縣花蓮市民勤里中美路５７號１樓,花蓮縣,花蓮市,民勤里,花蓮市一般行政區,否,否,220000.0,1987,獨資,Y,1,951199,其他汽車維修
93052501,,彤話故事親子主題民宿,花蓮縣花蓮市民勤里中美路６３－６號,花蓮縣,花蓮市,民勤里,花蓮市一般行政區,否,否,200000.0,2024,獨資,N,0,551013,民宿
16707179,,達興礦業開發有限公司,花蓮縣花蓮市民勤里中美路６７之１１號１樓,花蓮縣,花蓮市,民勤里,花蓮市一般行政區,否,否,5000000.0,1998,有限公司,Y,1,060011,大理石採取
20061362,,攤販－林美霞,花蓮縣花蓮市民勤里中美路６７－１１號正門前,花蓮縣,花蓮市,民勤里,花蓮市一般行政區,否,否,3000.0,1997,獨資,N,0,472936,檳榔零售
92635796,,文禾農產行,花蓮縣花蓮市民勤里中美路６７－９號,花蓮縣,花蓮市,民勤里,花蓮市一般行政區,否,否,200000.0,2023,獨資,N,0,011500,果樹栽培
93057668,,御三家火鍋店,花蓮縣花蓮市民勤里中美路７－２號,花蓮縣,花蓮市,民勤里,花蓮市一般行政區,否,否,200000.0,2024,合夥,Y,1,561115,餐廳
19533012,,崇恩行,花蓮縣花蓮市民勤里中美路７１之１０號,花蓮縣,花蓮市,民勤里,花蓮市一般行政區,否,否,6000.0,1996,獨資,Y,1,969099,未分類其他個人服務
08144992,,宏昇車業行,花蓮縣花蓮市民勤里中美路７１之２０號,花蓮縣,花蓮市,民勤里,花蓮市一般行政區,否,否,5000.0,1987,獨資,N,0,484314,機車零件、機車百貨零售
23524958,,全興小客車租賃有限公司,花蓮縣花蓮市民勤里中美路７１之２０號,花蓮縣,花蓮市,民勤里,花蓮市一般行政區,否,否,5000000.0,1989,有限公司,Y,1,772100,汽車租賃
93052734,,杰鋭車業行,花蓮縣花蓮市民勤里中美路７１之２３號１樓,花蓮縣,花蓮市,民勤里,花蓮市一般行政區,否,否,50000.0,2024,獨資,N,0,959100,機車維修
84556072,,順民研磨廠股份有限公司,花蓮縣花蓮市民勤里中美路７１之２４號１樓,花蓮縣,花蓮市,民勤里,花蓮市一般行政區,否,否,16500000.0,1994,股份有限公司,Y,1,239199,其他研磨材料製造
93050270,,品記池上飯包,花蓮縣花蓮市民勤里中美路７１之２５號１樓,花蓮縣,花蓮市,民勤里,花蓮市一般行政區,否,否,100000.0,2024,獨資,N,0,561112,便當、自助餐店
95213622,,泓海冷飲店,花蓮縣花蓮市民勤里中美路７１之２６號１樓,花蓮縣,花蓮市,民勤里,花蓮市一般行政區,否,否,100000.0,2025,獨資,N,0,563115,手搖飲店
92638864,,大吉利投注站,花蓮縣花蓮市民勤里中美路７１之３號１樓,花蓮縣,花蓮市,民勤里,花蓮市一般行政區,否,否,100000.0,2023,獨資,N,0,920011,彩券銷售
91591807,,形󹇡室內裝修設計,花蓮縣花蓮市民勤里中美路７３號１樓,花蓮縣,花蓮市,民勤里,花蓮市一般行政區,否,否,230000.0,2022,獨資,Y,1,434015,室內裝修工程
92523758,,心晴自在坊,花蓮縣花蓮市民勤里中美路７７―２號２樓,花蓮縣,花蓮市,民勤里,花蓮市一般行政區,否,否,5000.0,2022,獨資,N,0,702099,其他管理顧問
28662753,,長緯國際有限公司,花蓮縣花蓮市民勤里中美路７７―３號１樓,花蓮縣,花蓮市,民勤里,花蓮市一般行政區,否,否,5000000.0,2007,有限公司,Y,1,462099,其他化學原材料及其製品批發
28729889,,亞普科技有限公司,花蓮縣花蓮市民勤里中美路７７―３號１樓,花蓮縣,花蓮市,民勤里,花蓮市一般行政區,否,否,5000000.0,2007,有限公司,Y,1,462099,其他化學原材料及其製品批發
10559932,,錦美眼鏡,花蓮縣花蓮市民勤里中美路７９號１樓,花蓮縣,花蓮市,民勤里,花蓮市一般行政區,否,否,100000.0,2008,獨資,N,0,474412,眼鏡及其零配件零售
91158325,,郁郁洋洋冷飲店,花蓮縣花蓮市民勤里中美路８１―１號１樓,花蓮縣,花蓮市,民勤里,花蓮市一般行政區,否,否,200000.0,2021,獨資,Y,1,563115,手搖飲店
30192856,,翔美食品行,花蓮縣花蓮市民勤里中美路８３號１樓,花蓮縣,花蓮市,民勤里,花蓮市一般行政區,否,否,200000.0,2009,獨資,Y,1,472922,西點麵包零售
49935169,,超美烘焙廚房,花蓮縣花蓮市民勤里中美路８３號１樓,花蓮縣,花蓮市,民勤里,花蓮市一般行政區,否,否,10000.0,2005,獨資,N,0,561111,早餐店
27924152,22555003,統一超商股份有限公司花蓮縣第六十三分公司,花蓮縣花蓮市民勤里中美路８３－１號、８３－２號１樓,花蓮縣,花蓮市,民勤里,花蓮市一般行政區,否,否,0.0,2005,本國公司設立之分公司,Y,1,471113,加盟連鎖式便利商店（有商品進、銷貨行為）
26789410,,柔雅寢飾生活館,花蓮縣花蓮市民勤里中美路８５―１號１樓,花蓮縣,花蓮市,民勤里,花蓮市一般行政區,否,否,50000.0,2011,獨資,N,0,474311,寢具零售
91156699,,讚美食便當店,花蓮縣花蓮市民勤里中美路８５號１樓,花蓮縣,花蓮市,民勤里,花蓮市一般行政區,否,否,120000.0,2021,獨資,N,0,561112,便當、自助餐店
49776227,,中信西點麵包坊,花蓮縣花蓮市民勤里中美路８７―１號１樓,花蓮縣,花蓮市,民勤里,花蓮市一般行政區,否,否,249000.0,2016,獨資,Y,1,472922,西點麵包零售
13962839,,祥康藥局,花蓮縣花蓮市民勤里中美路８７―２號１樓,花蓮縣,花蓮市,民勤里,花蓮市一般行政區,否,否,5000.0,2001,獨資,Y,1,475112,西藥零售
92537970,,大恩小安商鋪,花蓮縣花蓮市民勤里中美路９１之２號,花蓮縣,花蓮市,民勤里,花蓮市一般行政區,否,否,30000.0,2023,獨資,Y,1,487199,其他電子購物及郵購
60247452,,娜欣企業社,花蓮縣花蓮市民勤里中美路９３巷２號６樓之２,花蓮縣,花蓮市,民勤里,花蓮市一般行政區,否,否,220000.0,2025,獨資,Y,1,782000,人力供應
95214360,,靖海工程行,花蓮縣花蓮市民勤里中美路９３巷２號６樓之２,花蓮縣,花蓮市,民勤里,花蓮市一般行政區,否,否,200000.0,2025,獨資,Y,1,433111,水電工程
94839536,,郭藥局,花蓮縣花蓮市民勤里中美路９５之３號１樓,花蓮縣,花蓮市,民勤里,花蓮市一般行政區,否,否,5000.0,1984,獨資,N,0,475112,西藥零售
92093173,,托斯卡咖啡,花蓮縣花蓮市民勤里中美路９５之７號１樓,花蓮縣,花蓮市,民勤里,花蓮市一般行政區,否,否,10000.0,1994,獨資,N,0,563112,咖啡館
92536584,,廣云鮮企業社,花蓮縣花蓮市民勤里介壽一街１號１樓,花蓮縣,花蓮市,民勤里,花蓮市一般行政區,否,否,200000.0,2023,獨資,Y,1,487114,經營網路購物（食品、飲料類商品）
95212877,,立方室內裝修設計工程行,花蓮縣花蓮市民勤里介壽二街１５巷１號１樓,花蓮縣,花蓮市,民勤里,花蓮市一般行政區,否,否,200000.0,2025,獨資,Y,1,434015,室內裝修工程
26500487,,花蓮縣建築師公會,花蓮縣花蓮市民勤里府前路１０２―２號,花蓮縣,花蓮市,民勤里,花蓮市一般行政區,否,否,3000.0,2010,其他,Y,1,942200,專門職業團體
97400426,,德聯興業股份有限公司,花蓮縣花蓮市民勤里府前路１０４號４樓之５,花蓮縣,花蓮市,民勤里,花蓮市一般行政區,否,否,6000000.0,1997,股份有限公司,Y,1,234099,其他石材製品製造
93054162,,客至酒窖商行,花蓮縣花蓮市民勤里府前路１２２之１號１樓,花蓮縣,花蓮市,民勤里,花蓮市一般行政區,否,否,200000.0,2024,獨資,Y,1,472913,菸酒零售
76956362,,瑞客速食,花蓮縣花蓮市民勤里府前路１２８號１樓,花蓮縣,花蓮市,民勤里,花蓮市一般行政區,否,否,5000.0,1990,獨資,N,0,561112,便當、自助餐店
87351137,,有吐司坊,花蓮縣花蓮市民勤里府前路１５２號１樓,花蓮縣,花蓮市,民勤里,花蓮市一般行政區,否,否,30000.0,2020,獨資,N,0,476112,書籍、雜誌零售
22911798,,鴻理有限公司,花蓮縣花蓮市民勤里府前路１８８號３樓之３,花蓮縣,花蓮市,民勤里,花蓮市一般行政區,否,否,1000000.0,1988,有限公司,Y,1,681112,自有不動產租賃
91158562,,德譽企業社,花蓮縣花蓮市民勤里府前路１９８號１樓,花蓮縣,花蓮市,民勤里,花蓮市一般行政區,否,否,200000.0,2021,獨資,N,0,561113,麵店、小吃店
84974548,,永全營造工程有限公司,花蓮縣花蓮市民勤里府前路２０６號,花蓮縣,花蓮市,民勤里,花蓮市一般行政區,否,否,22500000.0,1994,有限公司,Y,1,410013,住宅營建
95800663,,家庭滷味專賣店,花蓮縣花蓮市民勤里府前路２１８號１樓,花蓮縣,花蓮市,民勤里,花蓮市一般行政區,否,否,3000.0,1995,獨資,N,0,561113,麵店、小吃店
60252953,,時間碼咖啡工作室,花蓮縣花蓮市民勤里府前路２２４巷１號１樓,花蓮縣,花蓮市,民勤里,花蓮市一般行政區,否,否,100000.0,2026,獨資,N,0,487114,經營網路購物（食品、飲料類商品）
92535902,,有幸芽田企業社,花蓮縣花蓮市民勤里府前路４０號,花蓮縣,花蓮市,民勤里,花蓮市一般行政區,否,否,200000.0,2023,獨資,N,0,471999,未分類其他綜合商品零售
92659620,09662986,有限責任臺灣第二照顧服務勞動合作社附設花蓮縣私立居家式服務類長期照顧服務機構,花蓮縣花蓮市民勤里府前路５―１０號,花蓮縣,花蓮市,民勤里,花蓮市一般行政區,否,否,0.0,2023,其他,Y,1,871199,其他居住型長期照顧服務
09662986,,有限責任臺灣第二照顧服務勞動合作社,花蓮縣花蓮市民勤里府前路５―９號,花蓮縣,花蓮市,民勤里,花蓮市一般行政區,否,否,5087600.0,2006,合作社,Y,1,871199,其他居住型長期照顧服務
42216903,,客至軒一館民宿,花蓮縣花蓮市民勤里府前路７６號,花蓮縣,花蓮市,民勤里,花蓮市一般行政區,否,否,100000.0,2015,獨資,N,0,551013,民宿
30205310,,天鵝先生的私房小館,花蓮縣花蓮市民勤里府前路９４號１樓,花蓮縣,花蓮市,民勤里,花蓮市一般行政區,否,否,230000.0,2009,獨資,N,0,561115,餐廳
92792710,,坡上商號,花蓮縣花蓮市民勤里新興街３５―３號１樓,花蓮縣,花蓮市,民勤里,花蓮市一般行政區,否,否,5000.0,2023,獨資,N,0,563199,其他飲料店
60252264,,星彩傳媒工作室,花蓮縣花蓮市民勤里新興路２１號,花蓮縣,花蓮市,民勤里,花蓮市一般行政區,否,否,200000.0,2026,獨資,Y,1,903015,藝術表演活動籌辦、監製與經紀
93050779,,沐日青拾複合式餐飲,花蓮縣花蓮市民勤里新興路２１－１號,花蓮縣,花蓮市,民勤里,花蓮市一般行政區,否,否,168000.0,2024,獨資,N,0,561113,麵店、小吃店
93052869,,丁丁企業社,花蓮縣花蓮市民勤里新興路４６之５號,花蓮縣,花蓮市,民勤里,花蓮市一般行政區,否,否,240000.0,2024,獨資,Y,1,434012,油漆粉刷、壁飾（紙）黏貼工程
19616723,,有限責任法務部矯正署花蓮看守所暨少年觀護所消費合作社,花蓮縣花蓮市民勤里日新崗１號,花蓮縣,花蓮市,民勤里,花蓮市一般行政區,否,否,16400.0,1996,合作社,Y,1,474999,未分類其他家用器具及用品零售
08128590,52242444,台灣自來水股份有限公司第九區管理處花蓮服務所,花蓮縣花蓮市民勤里松園街３６號,花蓮縣,花蓮市,民勤里,花蓮市一般行政區,否,否,0.0,1986,其他,N,0,360000,用水供應
93759892,,首映數位股份有限公司,花蓮縣花蓮市民勤里松園街５０號,花蓮縣,花蓮市,民勤里,花蓮市一般行政區,否,否,1000000.0,2023,股份有限公司,Y,1,471999,未分類其他綜合商品零售
92634699,,毅鍔衫企業社,花蓮縣花蓮市民勤里松園街５２、５６號,花蓮縣,花蓮市,民勤里,花蓮市一般行政區,否,否,228000.0,2023,獨資,Y,1,471913,雜貨店
60421661,,賴仕企業有限公司,花蓮縣花蓮市民勤里松園街５２號,花蓮縣,花蓮市,民勤里,花蓮市一般行政區,否,否,100000.0,2025,有限公司,Y,1,471999,未分類其他綜合商品零售
60094168,94029825,川沐文化有限公司花蓮門市,花蓮縣花蓮市民勤里松園街６５號,花蓮縣,花蓮市,民勤里,花蓮市一般行政區,否,否,0.0,2024,其他,Y,1,561115,餐廳
50553370,,台灣松鶴企經協會海灣６８莊園會館,花蓮縣花蓮市民勤里松園街６８號,花蓮縣,花蓮市,民勤里,花蓮市一般行政區,否,否,1.0,2016,其他,Y,1,559099,未分類其他住宿
41461651,,恩惠食品,花蓮縣花蓮市民勤里民權七街１５號,花蓮縣,花蓮市,民勤里,花蓮市一般行政區,否,否,200000.0,2015,獨資,N,0,472999,未分類其他食品、飲料及菸草製品零售
16819978,,築峰營造有限公司,花蓮縣花蓮市民勤里民權七街１７號１樓,花蓮縣,花蓮市,民勤里,花蓮市一般行政區,否,否,28000000.0,2001,有限公司,Y,1,439099,未分類其他專門營造
80123638,,東群營造有限公司,花蓮縣花蓮市民勤里民權七街１７號２樓,花蓮縣,花蓮市,民勤里,花蓮市一般行政區,否,否,23000000.0,2003,有限公司,Y,1,439099,未分類其他專門營造
92638745,,宇碩工程行,花蓮縣花蓮市民勤里民權九街２６巷６號５樓,花蓮縣,花蓮市,民勤里,花蓮市一般行政區,否,否,240000.0,2023,獨資,Y,1,410011,房屋修繕
69324383,,榮耀體育用品有限公司,花蓮縣花蓮市民勤里民權九街８―１號１樓,花蓮縣,花蓮市,民勤里,花蓮市一般行政區,否,否,6800000.0,2018,有限公司,Y,1,473999,未分類其他服飾品零售
87343926,,波阿斯髮型,花蓮縣花蓮市民勤里民權九街８―３號１樓,花蓮縣,花蓮市,民勤里,花蓮市一般行政區,否,否,120000.0,2020,獨資,N,0,962112,理髮店
94218071,,亞設顧問諮詢股份有限公司,花蓮縣花蓮市民勤里水源街５５巷１６號,花蓮縣,花蓮市,民勤里,花蓮市一般行政區,否,否,600000.0,2023,股份有限公司,Y,1,731011,廣告代理商
91160027,,太空鱷魚企業社,花蓮縣花蓮市民勤里水源街５５巷１６號１樓,花蓮縣,花蓮市,民勤里,花蓮市一般行政區,否,否,200000.0,2022,獨資,Y,1,476399,其他玩具及娛樂用品零售
26649164,,日安墅民宿,花蓮縣花蓮市民勤里水源街５７號,花蓮縣,花蓮市,民勤里,花蓮市一般行政區,否,否,8000.0,2011,獨資,N,0,551013,民宿
30202405,,力電企業社,花蓮縣花蓮市民勤里水源街５９號１樓,花蓮縣,花蓮市,民勤里,花蓮市一般行政區,否,否,240000.0,2009,獨資,Y,1,433112,電路工程
91594163,,可飛商號,花蓮縣花蓮市民勤里水源街６９號１樓,花蓮縣,花蓮市,民勤里,花蓮市一般行政區,否,否,200000.0,2022,獨資,Y,1,487212,多層次傳銷（商品銷貨收入）
87353536,,如春小吃,花蓮縣花蓮市民勤里永安街１０２巷１號１樓,花蓮縣,花蓮市,民勤里,花蓮市一般行政區,否,否,30000.0,2021,獨資,N,0,561113,麵店、小吃店
85064721,,茁苗教育科技股份有限公司,花蓮縣花蓮市民勤里永安街１０５號１樓,花蓮縣,花蓮市,民勤里,花蓮市一般行政區,否,否,300000.0,2019,股份有限公司,Y,1,458112,書籍、雜誌批發
60247679,,光與晴空間設計室內裝修,花蓮縣花蓮市民勤里永安街１１０號４樓,花蓮縣,花蓮市,民勤里,花蓮市一般行政區,否,否,200000.0,2025,獨資,Y,1,434015,室內裝修工程
56650130,,樂洋有限公司,花蓮縣花蓮市民勤里永興路２７號１樓,花蓮縣,花蓮市,民勤里,花蓮市一般行政區,否,否,5000000.0,2017,有限公司,N,0,649911,投資有價證券
91020429,,回轉文化有限公司,花蓮縣花蓮市民勤里永興路５１巷１９弄２號１樓,花蓮縣,花蓮市,民勤里,花蓮市一般行政區,否,否,1100000.0,2021,有限公司,Y,1,903016,流行音樂表演活動籌辦、監製與經紀
18062344,,豐濱定置漁場,花蓮縣花蓮市民勤里永興路５１巷５號１樓,花蓮縣,花蓮市,民勤里,花蓮市一般行政區,否,否,450000.0,2001,獨資,N,0,472311,水產品零售
67940811,,東昌定置漁場,花蓮縣花蓮市民勤里永興路５１巷５號１樓,花蓮縣,花蓮市,民勤里,花蓮市一般行政區,否,否,100000.0,1998,獨資,N,0,472311,水產品零售
41017259,,夏太熱食堂,花蓮縣花蓮市民勤里００１鄰中美路１號,花蓮縣,花蓮市,民勤里,花蓮市一般行政區,否,否,30000.0,2015,獨資,N,0,561113,麵店、小吃店
30973418,,貝侖有限公司,花蓮縣花蓮市民勤里００２鄰中美路３―１號１樓,花蓮縣,花蓮市,民勤里,花蓮市一般行政區,否,否,5000000.0,1985,有限公司,Y,1,464913,消防設備批發
91588893,,超藝工程行,花蓮縣花蓮市民勤里００２鄰中美路３―２５號４樓之１,花蓮縣,花蓮市,民勤里,花蓮市一般行政區,否,否,200000.0,2022,獨資,Y,1,434011,室內裝潢工程
91590096,,霞飛谷企業社,花蓮縣花蓮市民勤里００２鄰介壽一街１號,花蓮縣,花蓮市,民勤里,花蓮市一般行政區,否,否,100000.0,2022,獨資,N,0,561113,麵店、小吃店
92536590,,淺紫灣企業社,花蓮縣花蓮市民勤里００２鄰介壽一街１號２樓,花蓮縣,花蓮市,民勤里,花蓮市一般行政區,否,否,200000.0,2023,獨資,Y,1,487114,經營網路購物（食品、飲料類商品）
89526540,,柏喬工程顧問有限公司,花蓮縣花蓮市民勤里００２鄰介壽一街３號,花蓮縣,花蓮市,民勤里,花蓮市一般行政區,否,否,3000000.0,1995,有限公司,Y,1,711211,土木工程顧問
50745997,,活力美崙美芝城早餐店,花蓮縣花蓮市民勤里００４鄰中美路５７號１樓,花蓮縣,花蓮市,民勤里,花蓮市一般行政區,否,否,200000.0,2017,獨資,N,0,561111,早餐店
31794568,,天璽寶石精品館,花蓮縣花蓮市民勤里００４鄰中美路６３―６號１樓,花蓮縣,花蓮市,民勤里,花蓮市一般行政區,否,否,100000.0,2013,獨資,N,0,474512,珠寶零售
82176420,,艾摩斯漢堡店,花蓮縣花蓮市民勤里００４鄰中美路６５號１樓,花蓮縣,花蓮市,民勤里,花蓮市一般行政區,否,否,100000.0,2018,獨資,N,0,561111,早餐店
85362524,85064721,茁苗教育科技股份有限公司附設私立茁苗文理技藝短期補習班,花蓮縣花蓮市民勤里０１０鄰中美三街８６號１樓及８６－１號１－３樓,花蓮縣,花蓮市,民勤里,花蓮市一般行政區,否,否,0.0,2020,其他,Y,1,859511,課業輔導及補習教學
95211883,,鵝小妹小吃店,花蓮縣花蓮市民勤里０１０鄰中美路１０３號１樓,花蓮縣,花蓮市,民勤里,花蓮市一般行政區,否,否,200000.0,2025,獨資,N,0,561113,麵店、小吃店
82183409,,華睿企業社,花蓮縣花蓮市民勤里０１０鄰中美路８９巷２―１號,花蓮縣,花蓮市,民勤里,花蓮市一般行政區,否,否,200000.0,2019,獨資,Y,1,472933,保健營養食品零售
82181991,,為楓企業社,花蓮縣花蓮市民勤里０１０鄰中美路９１―７號１樓,花蓮縣,花蓮市,民勤里,花蓮市一般行政區,否,否,8000.0,2019,獨資,Y,1,820300,影印服務
91591898,,中美享髮佰元快剪,花蓮縣花蓮市民勤里０１０鄰中美路９１－６號１樓、９１－７號１樓,花蓮縣,花蓮市,民勤里,花蓮市一般行政區,否,否,200000.0,2022,獨資,N,0,962111,美髮院及髮廊
54967422,,立揚工程顧問有限公司,花蓮縣花蓮市民勤里０１０鄰中美路９３巷１１號６樓之２,花蓮縣,花蓮市,民勤里,花蓮市一般行政區,否,否,1000000.0,2019,有限公司,Y,1,711211,土木工程顧問
95214312,,映彤美肌工作室,花蓮縣花蓮市民勤里０１０鄰中美路９３巷１１號７樓之２,花蓮縣,花蓮市,民勤里,花蓮市一般行政區,否,否,50000.0,2025,獨資,N,0,962299,其他美容美體服務
95214592,,奶香時光記,花蓮縣花蓮市民勤里０１０鄰中美路９３巷１４號１樓,花蓮縣,花蓮市,民勤里,花蓮市一般行政區,否,否,100000.0,2025,獨資,N,0,561111,早餐店
54995118,,環智工程股份有限公司,花蓮縣花蓮市民勤里０１０鄰中美路９３巷１７號４樓之１,花蓮縣,花蓮市,民勤里,花蓮市一般行政區,否,否,7000000.0,2019,股份有限公司,Y,1,390011,受污染土地整治
60250619,,京誠木作企業社,花蓮縣花蓮市民勤里０１０鄰中美路９３巷２號６樓之２,花蓮縣,花蓮市,民勤里,花蓮市一般行政區,否,否,200000.0,2026,獨資,Y,1,434011,室內裝潢工程
60456632,,東海興有限公司,花蓮縣花蓮市民勤里０１０鄰中美路９３巷２號６樓之２,花蓮縣,花蓮市,民勤里,花蓮市一般行政區,否,否,200000.0,2025,有限公司,Y,1,669999,其他未分類金融輔助
60517032,,深水臺灣諮詢股份有限公司,花蓮縣花蓮市民勤里０１０鄰中美路９３巷２號６樓之２,花蓮縣,花蓮市,民勤里,花蓮市一般行政區,否,否,110000.0,2025,股份有限公司,Y,1,669199,其他投資顧問
60549506,53700018,木陽投資有限公司花蓮分公司,花蓮縣花蓮市民勤里０１０鄰中美路９３巷２號６樓之２,花蓮縣,花蓮市,民勤里,花蓮市一般行政區,否,否,0.0,2025,本國公司設立之分公司,Y,1,702099,其他管理顧問
60594987,,雲建有限公司,花蓮縣花蓮市民勤里０１０鄰中美路９３巷２號６樓之２,花蓮縣,花蓮市,民勤里,花蓮市一般行政區,否,否,100000.0,2025,有限公司,Y,1,433111,水電工程
60625308,,德億鑫工程有限公司,花蓮縣花蓮市民勤里０１０鄰中美路９３巷２號６樓之２,花蓮縣,花蓮市,民勤里,花蓮市一般行政區,否,否,100000.0,2025,有限公司,Y,1,422014,市區電力及電信線路工程
60743810,,珊業有限公司,花蓮縣花蓮市民勤里０１０鄰中美路９３巷２號６樓之２,花蓮縣,花蓮市,民勤里,花蓮市一般行政區,否,否,300000.0,2025,有限公司,Y,1,439099,未分類其他專門營造
61455294,,尚耀工程行,花蓮縣花蓮市民勤里０１０鄰中美路９３巷２號６樓之２,花蓮縣,花蓮市,民勤里,花蓮市一般行政區,否,否,230000.0,2026,獨資,Y,1,782000,人力供應
61456287,,祐謙工程行,花蓮縣花蓮市民勤里０１０鄰中美路９３巷２號６樓之２,花蓮縣,花蓮市,民勤里,花蓮市一般行政區,否,否,100000.0,2026,獨資,Y,1,431015,基礎工程
61456569,,鴻欣實業,花蓮縣花蓮市民勤里０１０鄰中美路９３巷２號６樓之２,花蓮縣,花蓮市,民勤里,花蓮市一般行政區,否,否,200000.0,2026,獨資,Y,1,434011,室內裝潢工程
61456667,,禾睿商行,花蓮縣花蓮市民勤里０１０鄰中美路９３巷２號６樓之２,花蓮縣,花蓮市,民勤里,花蓮市一般行政區,否,否,200000.0,2026,獨資,Y,1,471114,加盟連鎖式便利商店（無商品進、銷貨行為）
61456884,,軒軒企業社,花蓮縣花蓮市民勤里０１０鄰中美路９３巷２號６樓之２,花蓮縣,花蓮市,民勤里,花蓮市一般行政區,否,否,200000.0,2026,獨資,Y,1,471999,未分類其他綜合商品零售
61456890,,東東企業社,花蓮縣花蓮市民勤里０１０鄰中美路９３巷２號６樓之２,花蓮縣,花蓮市,民勤里,花蓮市一般行政區,否,否,200000.0,2026,獨資,Y,1,471999,未分類其他綜合商品零售
61457048,,良藝企業社,花蓮縣花蓮市民勤里０１０鄰中美路９３巷２號６樓之２,花蓮縣,花蓮市,民勤里,花蓮市一般行政區,否,否,200000.0,2026,獨資,Y,1,471999,未分類其他綜合商品零售
62139248,,茂昌實業有限公司,花蓮縣花蓮市民勤里０１０鄰中美路９３巷２號６樓之２,花蓮縣,花蓮市,民勤里,花蓮市一般行政區,否,否,100000.0,2026,有限公司,Y,1,461599,其他金屬建材批發
82293834,,銘品生活家企業社,花蓮縣花蓮市民勤里０１０鄰中美路９３巷２號６樓之２,花蓮縣,花蓮市,民勤里,花蓮市一般行政區,否,否,200000.0,2018,獨資,Y,1,487114,經營網路購物（食品、飲料類商品）
92636612,,承鴻工程行,花蓮縣花蓮市民勤里０１０鄰中美路９３巷２號６樓之２,花蓮縣,花蓮市,民勤里,花蓮市一般行政區,否,否,200000.0,2023,獨資,Y,1,431019,預拌混凝土工程
95099495,,誠躍企業社,花蓮縣花蓮市民勤里０１０鄰中美路９３巷２號６樓之２,花蓮縣,花蓮市,民勤里,花蓮市一般行政區,否,否,200000.0,2024,獨資,Y,1,711212,測量及非建築工程製圖服務
95209660,,鼎鴻鼎陞工程行,花蓮縣花蓮市民勤里０１０鄰中美路９３巷２號６樓之２,花蓮縣,花蓮市,民勤里,花蓮市一般行政區,否,否,240000.0,2025,獨資,Y,1,431011,建築鋼架組立
95212623,,華鑫企業,花蓮縣花蓮市民勤里０１０鄰中美路９３巷２號６樓之２,花蓮縣,花蓮市,民勤里,花蓮市一般行政區,否,否,100000.0,2025,獨資,Y,1,439099,未分類其他專門營造
95213833,,樹盒工作室,花蓮縣花蓮市民勤里０１０鄰中美路９３巷２號６樓之２,花蓮縣,花蓮市,民勤里,花蓮市一般行政區,否,否,150000.0,2025,獨資,Y,1,472914,飲料零售
95213931,,翰軒工程行,花蓮縣花蓮市民勤里０１０鄰中美路９３巷２號６樓之２,花蓮縣,花蓮市,民勤里,花蓮市一般行政區,否,否,200000.0,2025,獨資,Y,1,429099,未分類其他土木工程
82184548,,韋達企業社,花蓮縣花蓮市民勤里０１０鄰中美路９３巷３號１樓,花蓮縣,花蓮市,民勤里,花蓮市一般行政區,否,否,200000.0,2019,獨資,Y,1,434011,室內裝潢工程
13971491,,古早味茶莊,花蓮縣花蓮市民勤里０１０鄰中美路９５―２號１樓,花蓮縣,花蓮市,民勤里,花蓮市一般行政區,否,否,3000.0,2002,獨資,N,0,472914,飲料零售
50747539,,甜蜜蜜飲料店,花蓮縣花蓮市民勤里０１０鄰中美路９５、９５―１號１樓,花蓮縣,花蓮市,民勤里,花蓮市一般行政區,否,否,200000.0,2017,獨資,Y,1,471114,加盟連鎖式便利商店（無商品進、銷貨行為）
54987790,42756470,羅伯咖啡有限公司中美分公司,花蓮縣花蓮市民勤里０１０鄰中美路９５號、９５－１號１樓,花蓮縣,花蓮市,民勤里,花蓮市一般行政區,否,否,0.0,2019,本國公司設立之分公司,Y,1,563115,手搖飲店
85209819,,巴奇山旅企業社,花蓮縣花蓮市民勤里０１０鄰民權九街３１號７樓之２,花蓮縣,花蓮市,民勤里,花蓮市一般行政區,否,否,1200000.0,2019,獨資,Y,1,931999,未分類其他運動服務
93055970,,迴弦音樂珈琲,花蓮縣花蓮市民勤里０１０鄰民權九街３３號一樓,花蓮縣,花蓮市,民勤里,花蓮市一般行政區,否,否,240000.0,2024,獨資,N,0,472918,咖啡零售
49881585,,巨林美而美,花蓮縣花蓮市民勤里０１０鄰民權九街３７號１樓,花蓮縣,花蓮市,民勤里,花蓮市一般行政區,否,否,5000.0,2005,獨資,N,0,561111,早餐店
20055565,,正信魚行,花蓮縣花蓮市民勤里０１０鄰民權九街３９號１樓,花蓮縣,花蓮市,民勤里,花蓮市一般行政區,否,否,100000.0,1997,獨資,N,0,472311,水產品零售
40959409,,有愛早餐,花蓮縣花蓮市民勤里０１０鄰民權九街４７號１樓,花蓮縣,花蓮市,民勤里,花蓮市一般行政區,否,否,3000.0,2014,獨資,N,0,561111,早餐店
91596459,,陸佳社,花蓮縣花蓮市民勤里０１１鄰府前路１３８號,花蓮縣,花蓮市,民勤里,花蓮市一般行政區,否,否,200000.0,2022,獨資,N,0,561112,便當、自助餐店
91265520,,強強滾熱炒,花蓮縣花蓮市民勤里０１１鄰府前路１９２號,花蓮縣,花蓮市,民勤里,花蓮市一般行政區,否,否,90000.0,2021,獨資,N,0,561113,麵店、小吃店
34896771,,鄉村媽媽美食館,花蓮縣花蓮市民勤里０１１鄰府前路３４號,花蓮縣,花蓮市,民勤里,花蓮市一般行政區,否,否,3000.0,2010,獨資,Y,1,561115,餐廳
41008884,,昇輝資訊社,花蓮縣花蓮市民勤里０１１鄰府前路８８號１樓,花蓮縣,花蓮市,民勤里,花蓮市一般行政區,否,否,200000.0,2014,獨資,Y,1,483111,電腦及電腦週邊設備零售
50748262,,流奶與蜜餐飲企業,花蓮縣花蓮市民勤里０１５鄰民權八街６０號１樓,花蓮縣,花蓮市,民勤里,花蓮市一般行政區,否,否,100000.0,2018,獨資,N,0,561115,餐廳
50748002,,迦南便當商行,花蓮縣花蓮市民勤里０１５鄰民權八街６０號２樓,花蓮縣,花蓮市,民勤里,花蓮市一般行政區,否,否,100000.0,2018,獨資,N,0,561112,便當、自助餐店
60248993,,永述恩企業社,花蓮縣花蓮市民勤里０２１鄰中美三街６０號３樓之３,花蓮縣,花蓮市,民勤里,花蓮市一般行政區,否,否,200000.0,2025,獨資,Y,1,487114,經營網路購物（食品、飲料類商品）
91595206,,寶山農產行,花蓮縣花蓮市民勤里０２１鄰中美三街６２號６樓之３,花蓮縣,花蓮市,民勤里,花蓮市一般行政區,否,否,245000.0,2022,獨資,Y,1,011400,蔬菜栽培
90305995,24702950,浩銅國際租賃股份有限公司花蓮分公司,花蓮縣花蓮市民勤里０２１鄰中美三街７０―２號,花蓮縣,花蓮市,民勤里,花蓮市一般行政區,否,否,0.0,2022,本國公司設立之分公司,Y,1,772100,汽車租賃
91919991,,畔居民宿,花蓮縣花蓮市民勤里０２１鄰中美路７１―１７號,花蓮縣,花蓮市,民勤里,花蓮市一般行政區,否,否,3000.0,2022,獨資,N,0,551013,民宿
83121992,,光祐有限公司,花蓮縣花蓮市民勤里０２１鄰中美路７１―３１號,花蓮縣,花蓮市,民勤里,花蓮市一般行政區,否,否,1000000.0,2020,有限公司,Y,1,881100,居家式長期照顧服務
55951833,,圓緣國際開發有限公司,花蓮縣花蓮市民勤里０２１鄰中美路７１―３１號１樓,花蓮縣,花蓮市,民勤里,花蓮市一般行政區,否,否,5000000.0,2016,有限公司,Y,1,781011,移工仲介
93057549,,海洋氣球工作室,花蓮縣花蓮市民勤里０２１鄰中美路７１―３１號１樓,花蓮縣,花蓮市,民勤里,花蓮市一般行政區,否,否,100000.0,2024,獨資,N,0,487199,其他電子購物及郵購
95214925,,豪冰友餐飲商號,花蓮縣花蓮市民勤里０２１鄰中美路７１―３１號１樓,花蓮縣,花蓮市,民勤里,花蓮市一般行政區,否,否,100000.0,2025,獨資,N,0,563115,手搖飲店
91151287,,柯技拉手機雜貨,花蓮縣花蓮市民勤里０２１鄰中美路７１－３１號,花蓮縣,花蓮市,民勤里,花蓮市一般行政區,否,否,100000.0,2021,獨資,N,0,487199,其他電子購物及郵購
95212721,,日昇牛肉麵,花蓮縣花蓮市民勤里０２１鄰府前路８６號,花蓮縣,花蓮市,民勤里,花蓮市一般行政區,否,否,200000.0,2025,獨資,N,0,561113,麵店、小吃店
82175914,,郊區咖啡店,花蓮縣花蓮市民勤里０２１鄰民權七街２２號,花蓮縣,花蓮市,民勤里,花蓮市一般行政區,否,否,200000.0,2018,獨資,N,0,563112,咖啡館
72778649,,慶興鋁業,花蓮縣花蓮市民勤里０２２鄰新興路５４號１樓,花蓮縣,花蓮市,民勤里,花蓮市一般行政區,否,否,30000.0,2017,獨資,N,0,959999,其他未分類個人及家庭用品維修
50741319,,崑銘企業社,花蓮縣花蓮市民勤里０２２鄰新興路６４號,花蓮縣,花蓮市,民勤里,花蓮市一般行政區,否,否,160000.0,2017,獨資,Y,1,474199,其他家用電器零售
41007647,,福元定置漁場,花蓮縣花蓮市民勤里０２６鄰永興路５１巷５號１樓,花蓮縣,花蓮市,民勤里,花蓮市一般行政區,否,否,248000.0,2014,獨資,N,0,031011,遠洋漁撈
50743914,,紅品實業,花蓮縣花蓮市民勤里０２６鄰永興路５１巷５號１樓,花蓮縣,花蓮市,民勤里,花蓮市一般行政區,否,否,50000.0,2017,獨資,N,0,472311,水產品零售
91622203,,褡嚕固手作屋,花蓮縣花蓮市民勤里０２６鄰永興路５１巷７號１樓,花蓮縣,花蓮市,民勤里,花蓮市一般行政區,否,否,5000.0,2022,獨資,N,0,485217,手工藝品零售
18064820,,桑樂行,花蓮縣花蓮市民勤里０３２鄰水源街６３號１樓,花蓮縣,花蓮市,民勤里,花蓮市一般行政區,否,否,8000.0,2001,獨資,N,0,472914,飲料零售
83437227,,山禾企業有限公司,花蓮縣花蓮市民勤里０３２鄰水源街６３號１樓,花蓮縣,花蓮市,民勤里,花蓮市一般行政區,否,否,9000000.0,2020,有限公司,Y,1,340099,其他產業用機械設備維修及安裝
90529453,,唯元投資有限公司,花蓮縣花蓮市民勤里０３２鄰水源街６３號１樓,花蓮縣,花蓮市,民勤里,花蓮市一般行政區,否,否,6500000.0,2021,有限公司,Y,1,649911,投資有價證券
41466966,,禾欣設計工作室,花蓮縣花蓮市民勤里０３３鄰水源街９１巷７號１樓,花蓮縣,花蓮市,民勤里,花蓮市一般行政區,否,否,200000.0,2016,獨資,Y,1,740100,室內設計
72796127,,單一純賣雞湯米粉,花蓮縣花蓮市民勤里０３７鄰中美路６７―２號１樓,花蓮縣,花蓮市,民勤里,花蓮市一般行政區,否,否,4000.0,2017,獨資,Y,1,561113,麵店、小吃店
61493059,,梁山甜品鋪,花蓮縣花蓮市民勤里０４２鄰中美路６７―３號,花蓮縣,花蓮市,民勤里,花蓮市一般行政區,否,否,9000.0,2026,獨資,N,0,472999,未分類其他食品、飲料及菸草製品零售
62252389,,謙紘室內裝修有限公司,花蓮縣花蓮市民勤里０４２鄰中美路６７―３號１樓,花蓮縣,花蓮市,民勤里,花蓮市一般行政區,否,否,1000000.0,2026,有限公司,Y,1,434015,室內裝修工程
82184224,,無人咖啡,花蓮縣花蓮市民勤里０４２鄰中美路６７―３號１樓,花蓮縣,花蓮市,民勤里,花蓮市一般行政區,否,否,100000.0,2019,獨資,N,0,932414,夾娃娃機店
91254740,,桑田飲食店,花蓮縣花蓮市民勤里０４２鄰中美路６７―４號１樓,花蓮縣,花蓮市,民勤里,花蓮市一般行政區,否,否,3000.0,2021,獨資,N,0,561113,麵店、小吃店
87349421,,壹樓貓咖啡,花蓮縣花蓮市民勤里０４２鄰中美路６７―７號１樓,花蓮縣,花蓮市,民勤里,花蓮市一般行政區,否,否,3000.0,2020,獨資,N,0,563112,咖啡館
91153200,,皇冠商行,花蓮縣花蓮市民勤里０４２鄰中美路６７號１樓,花蓮縣,花蓮市,民勤里,花蓮市一般行政區,否,否,200000.0,2021,獨資,N,0,563199,其他飲料店
60251976,,青禾旬味商行,花蓮縣花蓮市民勤里０４２鄰中美路６７－１３號１樓,花蓮縣,花蓮市,民勤里,花蓮市一般行政區,否,否,200000.0,2026,獨資,N,0,561112,便當、自助餐店
90069937,,沛恩健康事業有限公司,花蓮縣花蓮市民勤里０４２鄰中美路７１―１０號１樓,花蓮縣,花蓮市,民勤里,花蓮市一般行政區,否,否,300000.0,2022,有限公司,Y,1,474916,紙尿褲零售
90120505,,夏芮蒂生物科技有限公司,花蓮縣花蓮市民勤里０４２鄰中美路７１―１２號１樓,花蓮縣,花蓮市,民勤里,花蓮市一般行政區,否,否,200000.0,2022,有限公司,Y,1,454920,保健營養食品批發
91152011,,金格早午餐,花蓮縣花蓮市民勤里０４２鄰中美路７１―１６號１樓,花蓮縣,花蓮市,民勤里,花蓮市一般行政區,否,否,25000.0,2021,獨資,N,0,561111,早餐店
93050118,,駿超企業,花蓮縣花蓮市民勤里０４２鄰中美路７１―７號,花蓮縣,花蓮市,民勤里,花蓮市一般行政區,否,否,200000.0,2024,獨資,N,0,563115,手搖飲店
95208162,,紫芃企業,花蓮縣花蓮市民勤里０４２鄰中美路７１―７號,花蓮縣,花蓮市,民勤里,花蓮市一般行政區,否,否,230000.0,2024,獨資,N,0,487114,經營網路購物（食品、飲料類商品）
29300272,,八方圓小館,花蓮縣花蓮市民勤里０４２鄰中美路７１―８號１樓,花蓮縣,花蓮市,民勤里,花蓮市一般行政區,否,否,10000.0,2004,獨資,N,0,561115,餐廳
82180640,,儂好儂好上海私房小菜,花蓮縣花蓮市民勤里０４２鄰中美路７１號１樓,花蓮縣,花蓮市,民勤里,花蓮市一般行政區,否,否,200000.0,2019,獨資,N,0,561115,餐廳
99796178,,大井烤茶,花蓮縣花蓮市民勤里１鄰中美路１－２號,花蓮縣,花蓮市,民勤里,花蓮市一般行政區,否,否,3000.0,2004,獨資,N,0,563115,手搖飲店
94758359,52242444,台灣自來水股份有限公司第九區管理處,花蓮縣花蓮市民勤里１鄰水源街８０號,花蓮縣,花蓮市,民勤里,花蓮市一般行政區,否,否,0.0,1985,其他,Y,1,360000,用水供應
49880967,,中美小吃店,花蓮縣花蓮市民勤里１０鄰中美三街８８－６號１樓,花蓮縣,花蓮市,民勤里,花蓮市一般行政區,否,否,3000.0,2005,獨資,N,0,561113,麵店、小吃店
31791302,,宜家自助洗衣店,花蓮縣花蓮市民勤里１０鄰中美路９１―５號１樓,花蓮縣,花蓮市,民勤里,花蓮市一般行政區,否,否,5000.0,2012,獨資,N,0,961012,自助洗衣店
09817454,,果菓茶喳冷飲店,花蓮縣花蓮市民勤里１０鄰中美路９１號１樓,花蓮縣,花蓮市,民勤里,花蓮市一般行政區,否,否,3000.0,2007,獨資,N,0,563115,手搖飲店
80061035,,冠成實業有限公司,花蓮縣花蓮市民勤里１０鄰中美路９３巷５號,花蓮縣,花蓮市,民勤里,花蓮市一般行政區,否,否,9000000.0,2003,有限公司,Y,1,522000,船務代理
27819519,,永傑科技有限公司,花蓮縣花蓮市民勤里１０鄰民權九街３７號１樓,花蓮縣,花蓮市,民勤里,花蓮市一般行政區,否,否,1000000.0,2005,有限公司,Y,1,474199,其他家用電器零售
15791494,,花中榕樹下臭豆腐,花蓮縣花蓮市民勤里１１鄰中美路１―１號,花蓮縣,花蓮市,民勤里,花蓮市一般行政區,否,否,3000.0,2003,獨資,N,0,561113,麵店、小吃店
99834829,,風雅雲集,花蓮縣花蓮市民勤里１１鄰府前路１３０號１樓,花蓮縣,花蓮市,民勤里,花蓮市一般行政區,否,否,60000.0,2004,獨資,N,0,561115,餐廳
08121604,03741302,中華郵政股份有限公司花蓮府前路郵局,花蓮縣花蓮市民勤里１１鄰府前路１４６號,花蓮縣,花蓮市,民勤里,花蓮市一般行政區,否,否,0.0,2002,其他,Y,1,641500,郵政儲金匯兌
53531652,53523148,麗軒國際飯店有限公司花蓮分公司,花蓮縣花蓮市民勤里１５鄰中美路９９－１號,花蓮縣,花蓮市,民勤里,花蓮市一般行政區,否,否,0.0,2011,本國公司設立之分公司,Y,1,551012,旅館
09818762,,富康藥妝,花蓮縣花蓮市民勤里１７鄰中美路７３―２號１樓,花蓮縣,花蓮市,民勤里,花蓮市一般行政區,否,否,200000.0,2007,獨資,Y,1,475112,西藥零售
31405532,,大橘早餐店,花蓮縣花蓮市民勤里２１鄰中美三街５６―３號１樓,花蓮縣,花蓮市,民勤里,花蓮市一般行政區,否,否,3000.0,2006,獨資,N,0,561111,早餐店
16540524,,金灃股份有限公司,花蓮縣花蓮市民勤里２１鄰中美路７１―２１號１樓,花蓮縣,花蓮市,民勤里,花蓮市一般行政區,否,否,9000000.0,1998,股份有限公司,Y,1,522000,船務代理
99796965,,飄逸造型工作室,花蓮縣花蓮市民勤里２１鄰中美路７１－２２號１樓,花蓮縣,花蓮市,民勤里,花蓮市一般行政區,否,否,3000.0,2004,獨資,N,0,962111,美髮院及髮廊
30201686,,府前食坊,花蓮縣花蓮市民勤里２１鄰府前路８４號,花蓮縣,花蓮市,民勤里,花蓮市一般行政區,否,否,200000.0,2009,獨資,N,0,561113,麵店、小吃店
53306389,,天彩有限公司,花蓮縣花蓮市民勤里３２鄰水源街６１號１樓,花蓮縣,花蓮市,民勤里,花蓮市一般行政區,否,否,10000000.0,2011,有限公司,Y,1,681111,自有不動產買賣
53306472,,天彩投資有限公司,花蓮縣花蓮市民勤里３２鄰水源街６１號１樓,花蓮縣,花蓮市,民勤里,花蓮市一般行政區,否,否,10000000.0,2011,有限公司,N,0,649911,投資有價證券
53638839,,力有倉儲有限公司,花蓮縣花蓮市民勤里３２鄰水源街６３號１樓,花蓮縣,花蓮市,民勤里,花蓮市一般行政區,否,否,4000000.0,2011,有限公司,Y,1,464322,輸送機械批發
80470860,,東晟機電工程有限公司,花蓮縣花蓮市民勤里３３鄰水源街７９巷２０號１樓,花蓮縣,花蓮市,民勤里,花蓮市一般行政區,否,否,5000000.0,2004,有限公司,Y,1,433112,電路工程
24328547,,好野人休閒事業有限公司,花蓮縣花蓮市民勤里３３鄰水源街７９巷８號１樓,花蓮縣,花蓮市,民勤里,花蓮市一般行政區,否,否,1000000.0,2009,有限公司,Y,1,931999,未分類其他運動服務
02853784,,青松居民宿,花蓮縣花蓮市民勤里３３鄰水源街８１號,花蓮縣,花蓮市,民勤里,花蓮市一般行政區,否,否,10000.0,2013,獨資,N,0,551013,民宿
15797011,,文采服飾精品,花蓮縣花蓮市民勤里４鄰中美路５１之１號,花蓮縣,花蓮市,民勤里,花蓮市一般行政區,否,否,3000.0,2003,獨資,N,0,473211,服裝零售
30117647,,佳成藥局,花蓮縣花蓮市民勤里４鄰中美路６３―２號１樓,花蓮縣,花蓮市,民勤里,花蓮市一般行政區,否,否,10000.0,2008,獨資,N,0,475112,西藥零售
34893850,,紫金城玉坊,花蓮縣花蓮市民勤里４２鄰中美路６７―１號１樓,花蓮縣,花蓮市,民勤里,花蓮市一般行政區,否,否,3000.0,2011,獨資,N,0,485216,礦物（寶石、貴金屬除外）零售
09996528,,翊興實業社,花蓮縣花蓮市民勤里４２鄰中美路６７―１２號１樓,花蓮縣,花蓮市,民勤里,花蓮市一般行政區,否,否,498000.0,2006,獨資,Y,1,060011,大理石採取
28100418,,虹春工程有限公司,花蓮縣花蓮市民勤里４２鄰中美路６７―３號,花蓮縣,花蓮市,民勤里,花蓮市一般行政區,否,否,1000000.0,2006,有限公司,Y,1,234011,石材家具及其製品製造
78849662,,冠倫旅社,花蓮縣花蓮市民勤里４２鄰中美路６７號１至５樓,花蓮縣,花蓮市,民勤里,花蓮市一般行政區,否,否,100000.0,1994,合夥,Y,1,551012,旅館
16233835,,博威企業有限公司,花蓮縣花蓮市民勤里４２鄰中美路６７－１０號１樓,花蓮縣,花蓮市,民勤里,花蓮市一般行政區,否,否,5000000.0,1997,有限公司,Y,1,521000,報關服務
09984564,,恩的小舖,花蓮縣花蓮市民勤里４２鄰中美路７１―１１號１樓,花蓮縣,花蓮市,民勤里,花蓮市一般行政區,否,否,3000.0,2006,獨資,N,0,563199,其他飲料店
34928372,,茶專茶飲,花蓮縣花蓮市民勤里４２鄰中美路７１―１３號１樓,花蓮縣,花蓮市,民勤里,花蓮市一般行政區,否,否,240000.0,2010,獨資,Y,1,563115,手搖飲店
37830788,,聖達雞排,花蓮縣花蓮市民勤里４２鄰中美路７１―５號１樓,花蓮縣,花蓮市,民勤里,花蓮市一般行政區,否,否,3000.0,2012,獨資,N,0,561113,麵店、小吃店
15784254,,古鎮洋行,花蓮縣花蓮市民勤里４２鄰中美路７１－１及７１－２號１樓,花蓮縣,花蓮市,民勤里,花蓮市一般行政區,否,否,200000.0,2003,獨資,Y,1,472933,保健營養食品零售
41012901,,羅比夏普商行,花蓮縣花蓮市民孝里中美路２７５－１２號１樓,花蓮縣,花蓮市,民孝里,花蓮市一般行政區,否,否,240000.0,2015,獨資,Y,1,474211,國產家用家具零售
21541360,,東驊沙發行,花蓮縣花蓮市民孝里中美路２７９號,花蓮縣,花蓮市,民孝里,花蓮市一般行政區,否,否,3000.0,2005,獨資,N,0,959999,其他未分類個人及家庭用品維修
87322942,,千易匯車行,花蓮縣花蓮市民孝里中美路２９３－４號,花蓮縣,花蓮市,民孝里,花蓮市一般行政區,否,否,3000.0,2020,獨資,N,0,484314,機車零件、機車百貨零售
60635404,23060248,全家便利商店股份有限公司花蓮縣第一一五分公司,花蓮縣花蓮市民孝里中美路２９３－７號、２９３之８號,花蓮縣,花蓮市,民孝里,花蓮市一般行政區,否,否,0.0,2025,本國公司設立之分公司,Y,1,471113,加盟連鎖式便利商店（有商品進、銷貨行為）
95212264,,佳誠不動產,花蓮縣花蓮市民孝里化道路３４號,花蓮縣,花蓮市,民孝里,花蓮市一般行政區,否,否,200000.0,2025,獨資,Y,1,681211,不動產仲介
60250358,,金多多企業社,花蓮縣花蓮市民孝里東興一街１０９號,花蓮縣,花蓮市,民孝里,花蓮市一般行政區,否,否,200000.0,2026,獨資,Y,1,471114,加盟連鎖式便利商店（無商品進、銷貨行為）
31468043,,連順土木包工業,花蓮縣花蓮市民孝里東興一街１１５號１樓,花蓮縣,花蓮市,民孝里,花蓮市一般行政區,否,否,1000000.0,2007,獨資,Y,1,429099,未分類其他土木工程
60520986,,連順營造有限公司,花蓮縣花蓮市民孝里東興一街１１５號１樓,花蓮縣,花蓮市,民孝里,花蓮市一般行政區,否,否,3600000.0,2025,有限公司,Y,1,429099,未分類其他土木工程
95211758,,豐盛企業社,花蓮縣花蓮市民孝里東興一街１２８號１樓,花蓮縣,花蓮市,民孝里,花蓮市一般行政區,否,否,200000.0,2025,獨資,Y,1,487199,其他電子購物及郵購
95211764,,旭盛企業社,花蓮縣花蓮市民孝里東興一街１２８號２樓,花蓮縣,花蓮市,民孝里,花蓮市一般行政區,否,否,200000.0,2025,獨資,Y,1,487115,經營網路購物（服飾類商品）
30203761,,韻綺商行,花蓮縣花蓮市民孝里東興一街１３３巷５―３號１樓,花蓮縣,花蓮市,民孝里,花蓮市一般行政區,否,否,200000.0,2009,獨資,Y,1,471114,加盟連鎖式便利商店（無商品進、銷貨行為）
91590666,,祥弘工程行,花蓮縣花蓮市民孝里東興一街７２號５樓之２,花蓮縣,花蓮市,民孝里,花蓮市一般行政區,否,否,240000.0,2022,獨資,Y,1,433111,水電工程
86841848,,達盈興營造有限公司,花蓮縣花蓮市民孝里東興一街８５號,花蓮縣,花蓮市,民孝里,花蓮市一般行政區,否,否,100000000.0,1993,有限公司,Y,1,410013,住宅營建
31586772,,璞舍民宿,花蓮縣花蓮市民孝里東興三街１０號,花蓮縣,花蓮市,民孝里,花蓮市一般行政區,否,否,3000.0,2011,獨資,N,0,551013,民宿
60275718,12364770,翔耀實業股份有限公司花蓮美崙門市,花蓮縣花蓮市民孝里東興三街１００號,花蓮縣,花蓮市,民孝里,花蓮市一般行政區,否,否,0.0,2025,其他,Y,1,471999,未分類其他綜合商品零售
26707945,,旅憩民宿,花蓮縣花蓮市民孝里東興三街１８號,花蓮縣,花蓮市,民孝里,花蓮市一般行政區,否,否,3000.0,2011,獨資,N,0,551013,民宿
24636946,,海鈺石材有限公司,花蓮縣花蓮市民孝里東興三街２２號１樓,花蓮縣,花蓮市,民孝里,花蓮市一般行政區,否,否,600000.0,2014,有限公司,Y,1,461311,貼面石材批發
60235759,,喜約民宿,花蓮縣花蓮市民孝里東興三街２８號,花蓮縣,花蓮市,民孝里,花蓮市一般行政區,否,否,200000.0,2025,獨資,N,0,551013,民宿
91594918,,豐霖工程行,花蓮縣花蓮市民孝里東興二街１２巷１１號１樓,花蓮縣,花蓮市,民孝里,花蓮市一般行政區,否,否,240000.0,2022,獨資,Y,1,439012,模板工程
95215620,,如衣商行,花蓮縣花蓮市民孝里東興二街１２巷１９號１樓,花蓮縣,花蓮市,民孝里,花蓮市一般行政區,否,否,50000.0,2025,獨資,N,0,487115,經營網路購物（服飾類商品）
53973848,,定穎企業有限公司,花蓮縣花蓮市民孝里東興二街１２巷２５號,花蓮縣,花蓮市,民孝里,花蓮市一般行政區,否,否,8000000.0,2012,有限公司,Y,1,233200,預拌混凝土製造
27816528,,宥杰有限公司,花蓮縣花蓮市民孝里東興二街１２巷２５號１樓,花蓮縣,花蓮市,民孝里,花蓮市一般行政區,否,否,5000000.0,2005,有限公司,Y,1,060099,未分類砂、石採取及其他礦業
39951169,,丞鈞行銷公關工作室,花蓮縣花蓮市民孝里東興二街１２巷２５號１樓,花蓮縣,花蓮市,民孝里,花蓮市一般行政區,否,否,500000.0,2014,獨資,Y,1,731011,廣告代理商
37994352,,安普利企業社,花蓮縣花蓮市民孝里東興二街１２巷３６號１樓,花蓮縣,花蓮市,民孝里,花蓮市一般行政區,否,否,100000.0,2013,獨資,Y,1,483300,視聽設備零售
92619304,,曾于庭,花蓮縣花蓮市民孝里東興二街１４９號１３樓之３,花蓮縣,花蓮市,民孝里,花蓮市一般行政區,否,否,100000.0,2023,獨資,N,0,487199,其他電子購物及郵購
42984657,,優梗娛樂有限公司,花蓮縣花蓮市民孝里東興二街１８巷１號１樓,花蓮縣,花蓮市,民孝里,花蓮市一般行政區,否,否,300000.0,2018,有限公司,Y,1,731099,其他廣告服務
10036203,,潁軒民宿,花蓮縣花蓮市民孝里東興二街２０號,花蓮縣,花蓮市,民孝里,花蓮市一般行政區,否,否,100000.0,2007,獨資,N,0,551013,民宿
26700210,,海洋風情民宿,花蓮縣花蓮市民孝里東興二街２８巷８６號,花蓮縣,花蓮市,民孝里,花蓮市一般行政區,否,否,3000.0,2011,獨資,N,0,551013,民宿
28014770,,晴鼎實業有限公司,花蓮縣花蓮市民孝里東興二街２８巷９６號１樓,花蓮縣,花蓮市,民孝里,花蓮市一般行政區,否,否,5000000.0,2005,有限公司,Y,1,464999,未分類其他機械器具批發
42204414,,里昂民宿,花蓮縣花蓮市民孝里東興二街８號,花蓮縣,花蓮市,民孝里,花蓮市一般行政區,否,否,10000.0,2015,獨資,N,0,551013,民宿
94500204,03707901,台灣中油股份有限公司油品行銷事業部東區營業處,花蓮縣花蓮市民孝里東興路２８５號,花蓮縣,花蓮市,民孝里,花蓮市一般行政區,否,否,0.0,1959,其他,Y,1,482111,汽油零售
24885629,,登泰建設有限公司,花蓮縣花蓮市民孝里東興路２８９－１號１樓,花蓮縣,花蓮市,民孝里,花蓮市一般行政區,否,否,1000000.0,2015,有限公司,Y,1,681112,自有不動產租賃
55895381,,譽祥工程有限公司,花蓮縣花蓮市民孝里東興路２８９－１號１樓,花蓮縣,花蓮市,民孝里,花蓮市一般行政區,否,否,1000000.0,2016,有限公司,Y,1,813000,綠化服務
90322761,,富昱生活科技有限公司,花蓮縣花蓮市民孝里東興路２９１號１樓,花蓮縣,花蓮市,民孝里,花蓮市一般行政區,否,否,200000.0,2022,有限公司,Y,1,487199,其他電子購物及郵購
54977456,,浬汶遊艇企業有限公司,花蓮縣花蓮市民孝里東興路２９３號２樓之１,花蓮縣,花蓮市,民孝里,花蓮市一般行政區,否,否,1100000.0,2019,有限公司,Y,1,340012,船舶維修
50748306,,我的創意設計工作室,花蓮縣花蓮市民孝里東興路２９５號１樓,花蓮縣,花蓮市,民孝里,花蓮市一般行政區,否,否,1000000.0,2018,獨資,Y,1,464111,電腦及電腦週邊設備批發
90342942,,全晴設計室內裝修有限公司,花蓮縣花蓮市民孝里東興路２９５號１樓,花蓮縣,花蓮市,民孝里,花蓮市一般行政區,否,否,10000000.0,2022,有限公司,Y,1,434015,室內裝修工程
67945301,,力祥機械企業社,花蓮縣花蓮市民孝里東興路３２１號１樓,花蓮縣,花蓮市,民孝里,花蓮市一般行政區,否,否,200000.0,1999,獨資,Y,1,291299,其他金屬切削工具機製造
67933311,,吉順輪胎,花蓮縣花蓮市民孝里東興路３３７號,花蓮縣,花蓮市,民孝里,花蓮市一般行政區,否,否,200000.0,1998,獨資,Y,1,484315,汽車輪胎零售
13973110,,祐興實業社,花蓮縣花蓮市民孝里東興路３５３巷５號１樓,花蓮縣,花蓮市,民孝里,花蓮市一般行政區,否,否,200000.0,2002,獨資,Y,1,060099,未分類砂、石採取及其他礦業
21524658,,鑫鑫電機行,花蓮縣花蓮市民孝里東興路３６７號１樓,花蓮縣,花蓮市,民孝里,花蓮市一般行政區,否,否,450000.0,2005,獨資,Y,1,340017,通用機械設備維修及安裝
84181716,,廣熹機械股份有限公司,花蓮縣花蓮市民孝里東興路３９３號１樓,花蓮縣,花蓮市,民孝里,花蓮市一般行政區,否,否,5000000.0,1993,股份有限公司,Y,1,464999,未分類其他機械器具批發
54524840,,琉球資源開發有限公司,花蓮縣花蓮市民孝里東興路３９９號,花蓮縣,花蓮市,民孝里,花蓮市一般行政區,否,否,500000.0,2013,有限公司,Y,1,461311,貼面石材批發
24627046,,木樂企業有限公司,花蓮縣花蓮市民孝里東興路４３３－１號,花蓮縣,花蓮市,民孝里,花蓮市一般行政區,否,否,200000.0,2014,有限公司,Y,1,140911,軟木製品製造
90785973,,竑升有限公司,花蓮縣花蓮市民孝里林園一街１７號,花蓮縣,花蓮市,民孝里,花蓮市一般行政區,否,否,3200000.0,2021,有限公司,Y,1,464999,未分類其他機械器具批發
91598512,,有志電器行,花蓮縣花蓮市民孝里林園一街１７號,花蓮縣,花蓮市,民孝里,花蓮市一般行政區,否,否,200000.0,2023,獨資,Y,1,474113,家用空調設備及其零件零售
93052072,,鑽程綜合企業社,花蓮縣花蓮市民孝里林園一街１７號１樓,花蓮縣,花蓮市,民孝里,花蓮市一般行政區,否,否,200000.0,2024,獨資,Y,1,474199,其他家用電器零售
02905777,,雅緻小築民宿,花蓮縣花蓮市民孝里林園一街７號,花蓮縣,花蓮市,民孝里,花蓮市一般行政區,否,否,10000.0,2013,獨資,N,0,551013,民宿
93052853,,林霖工程行,花蓮縣花蓮市民孝里林園二街２６號６樓之１,花蓮縣,花蓮市,民孝里,花蓮市一般行政區,否,否,240000.0,2024,獨資,Y,1,439012,模板工程
41466375,,頂馳汽車商行,花蓮縣花蓮市民孝里林園二街２８號四樓之５,花蓮縣,花蓮市,民孝里,花蓮市一般行政區,否,否,100000.0,2016,獨資,N,0,484112,中古汽車零售
93058033,,小赫烘焙坊,花蓮縣花蓮市民孝里林園二街３５號,花蓮縣,花蓮市,民孝里,花蓮市一般行政區,否,否,50000.0,2024,獨資,N,0,472999,未分類其他食品、飲料及菸草製品零售
25176856,,合成機械有限公司,花蓮縣花蓮市民孝里林園二街５號１樓,花蓮縣,花蓮市,民孝里,花蓮市一般行政區,否,否,2000000.0,2010,有限公司,Y,1,292999,其他未分類專用機械設備製造
57222903,,哈吉設計有限公司,花蓮縣花蓮市民孝里林園二街５０號,花蓮縣,花蓮市,民孝里,花蓮市一般行政區,否,否,1000000.0,2017,有限公司,Y,1,620112,網頁設計
82346868,82050180,中信造船股份有限公司花蓮營業處,花蓮縣花蓮市民孝里港濱３３號,花蓮縣,花蓮市,民孝里,花蓮市一般行政區,否,否,0.0,2019,其他,Y,1,311014,海上浮動設施製造
13965408,,源勝魚行,花蓮縣花蓮市民孝里港濱３５－１號,花蓮縣,花蓮市,民孝里,花蓮市一般行政區,否,否,100000.0,2002,獨資,N,0,561113,麵店、小吃店
95199804,,魚事愛玩,花蓮縣花蓮市民孝里港濱３５－１號,花蓮縣,花蓮市,民孝里,花蓮市一般行政區,否,否,50000.0,2024,獨資,N,0,859999,其他未分類教育
95214333,,亞博活動企業,花蓮縣花蓮市民孝里港濱３５－１號１樓,花蓮縣,花蓮市,民孝里,花蓮市一般行政區,否,否,200000.0,2025,獨資,Y,1,903015,藝術表演活動籌辦、監製與經紀
60002689,,花蓮縣水中運動協會,花蓮縣花蓮市民孝里港濱３５－１號２樓,花蓮縣,花蓮市,民孝里,花蓮市一般行政區,否,否,150000.0,2024,其他,N,0,859999,其他未分類教育
93054276,,美德漁行,花蓮縣花蓮市民孝里港濱３５－２號１樓之１３,花蓮縣,花蓮市,民孝里,花蓮市一般行政區,否,否,30000.0,2024,獨資,N,0,472311,水產品零售
01864572,94171907,花蓮區漁會供銷課,花蓮縣花蓮市民孝里港濱３７號,花蓮縣,花蓮市,民孝里,花蓮市一般行政區,否,否,0.0,2013,其他,Y,1,454311,魚類批發
08136276,,富琴魚行,花蓮縣花蓮市民孝里港濱３７號,花蓮縣,花蓮市,民孝里,花蓮市一般行政區,否,否,10000.0,1986,獨資,N,0,472311,水產品零售
08145079,,角龍魚行,花蓮縣花蓮市民孝里港濱３７號,花蓮縣,花蓮市,民孝里,花蓮市一般行政區,否,否,10000.0,1987,獨資,N,0,472311,水產品零售
08728481,,長坤漁行,花蓮縣花蓮市民孝里港濱３７號,花蓮縣,花蓮市,民孝里,花蓮市一般行政區,否,否,100000.0,2005,獨資,N,0,454314,農產品（魚）批發市場承銷
09614818,,富裕魚行,花蓮縣花蓮市民孝里港濱３７號,花蓮縣,花蓮市,民孝里,花蓮市一般行政區,否,否,10000.0,2006,獨資,N,0,472311,水產品零售
10069724,,源勝魚行,花蓮縣花蓮市民孝里港濱３７號,花蓮縣,花蓮市,民孝里,花蓮市一般行政區,否,否,100000.0,2007,獨資,N,0,472311,水產品零售
10610950,,七星魚行,花蓮縣花蓮市民孝里港濱３７號,花蓮縣,花蓮市,民孝里,花蓮市一般行政區,否,否,100000.0,2008,獨資,N,0,472311,水產品零售
13960142,,銘記魚行,花蓮縣花蓮市民孝里港濱３７號,花蓮縣,花蓮市,民孝里,花蓮市一般行政區,否,否,100000.0,2001,獨資,N,0,472311,水產品零售
13971149,,連利魚行,花蓮縣花蓮市民孝里港濱３７號,花蓮縣,花蓮市,民孝里,花蓮市一般行政區,否,否,100000.0,2002,獨資,N,0,454314,農產品（魚）批發市場承銷
13972695,,元味漁行,花蓮縣花蓮市民孝里港濱３７號,花蓮縣,花蓮市,民孝里,花蓮市一般行政區,否,否,100000.0,2002,獨資,N,0,454399,其他水產品批發
13972702,,宏元漁行,花蓮縣花蓮市民孝里港濱３７號,花蓮縣,花蓮市,民孝里,花蓮市一般行政區,否,否,100000.0,2002,獨資,N,0,454399,其他水產品批發
13975721,,新興魚行,花蓮縣花蓮市民孝里港濱３７號,花蓮縣,花蓮市,民孝里,花蓮市一般行政區,否,否,100000.0,2002,獨資,N,0,454399,其他水產品批發
13977404,,港濱魚行,花蓮縣花蓮市民孝里港濱３７號,花蓮縣,花蓮市,民孝里,花蓮市一般行政區,否,否,100000.0,2002,獨資,N,0,472311,水產品零售
15791558,,進興魚行,花蓮縣花蓮市民孝里港濱３７號,花蓮縣,花蓮市,民孝里,花蓮市一般行政區,否,否,100000.0,2003,獨資,N,0,454311,魚類批發
15798026,,宗慶漁行,花蓮縣花蓮市民孝里港濱３７號,花蓮縣,花蓮市,民孝里,花蓮市一般行政區,否,否,100000.0,2003,獨資,N,0,472311,水產品零售
18048316,,霖圓漁行,花蓮縣花蓮市民孝里港濱３７號,花蓮縣,花蓮市,民孝里,花蓮市一般行政區,否,否,100000.0,2000,獨資,N,0,472311,水產品零售
19532816,,泰億魚行,花蓮縣花蓮市民孝里港濱３７號,花蓮縣,花蓮市,民孝里,花蓮市一般行政區,否,否,50000.0,1996,獨資,N,0,472311,水產品零售
21521955,,東元海產行,花蓮縣花蓮市民孝里港濱３７號,花蓮縣,花蓮市,民孝里,花蓮市一般行政區,否,否,100000.0,2005,獨資,N,0,472311,水產品零售
21590782,,角同魚行,花蓮縣花蓮市民孝里港濱３７號,花蓮縣,花蓮市,民孝里,花蓮市一般行政區,否,否,100000.0,2005,獨資,N,0,472311,水產品零售
21590798,,丸洲魚行,花蓮縣花蓮市民孝里港濱３７號,花蓮縣,花蓮市,民孝里,花蓮市一般行政區,否,否,100000.0,2005,獨資,N,0,472311,水產品零售
26601416,,泉泰商行,花蓮縣花蓮市民孝里港濱３７號,花蓮縣,花蓮市,民孝里,花蓮市一般行政區,否,否,3000.0,2010,獨資,N,0,481011,漆料及塗料零售
26789452,,芊海水產行,花蓮縣花蓮市民孝里港濱３７號,花蓮縣,花蓮市,民孝里,花蓮市一般行政區,否,否,100000.0,2011,獨資,N,0,472311,水產品零售
26791979,,街角漁行,花蓮縣花蓮市民孝里港濱３７號,花蓮縣,花蓮市,民孝里,花蓮市一般行政區,否,否,3000.0,2012,獨資,N,0,454311,魚類批發
26792246,,鴻吉魚行,花蓮縣花蓮市民孝里港濱３７號,花蓮縣,花蓮市,民孝里,花蓮市一般行政區,否,否,100000.0,2012,獨資,N,0,454311,魚類批發
26792442,,角昆魚行,花蓮縣花蓮市民孝里港濱３７號,花蓮縣,花蓮市,民孝里,花蓮市一般行政區,否,否,100000.0,2012,獨資,N,0,454311,魚類批發
29314867,,新安魚行,花蓮縣花蓮市民孝里港濱３７號,花蓮縣,花蓮市,民孝里,花蓮市一般行政區,否,否,100000.0,2004,獨資,N,0,454314,農產品（魚）批發市場承銷
29314873,,魚鱻魚行,花蓮縣花蓮市民孝里港濱３７號,花蓮縣,花蓮市,民孝里,花蓮市一般行政區,否,否,100000.0,2004,獨資,N,0,454311,魚類批發
29317338,,新祥裕漁行,花蓮縣花蓮市民孝里港濱３７號,花蓮縣,花蓮市,民孝里,花蓮市一般行政區,否,否,100000.0,2004,獨資,N,0,454311,魚類批發
29339327,,榮成漁行,花蓮縣花蓮市民孝里港濱３７號,花蓮縣,花蓮市,民孝里,花蓮市一般行政區,否,否,100000.0,2005,獨資,N,0,454311,魚類批發
49906489,,億盛漁行,花蓮縣花蓮市民孝里港濱３７號,花蓮縣,花蓮市,民孝里,花蓮市一般行政區,否,否,100000.0,2005,獨資,N,0,472311,水產品零售
49975350,,佶欣漁行,花蓮縣花蓮市民孝里港濱３７號,花蓮縣,花蓮市,民孝里,花蓮市一般行政區,否,否,100000.0,2005,獨資,N,0,472311,水產品零售
64803080,,丸福魚行（花蓮區漁會市場）,花蓮縣花蓮市民孝里港濱３７號,花蓮縣,花蓮市,民孝里,花蓮市一般行政區,否,否,100000.0,1988,獨資,N,0,472311,水產品零售
67936083,,協鵬魚行,花蓮縣花蓮市民孝里港濱３７號,花蓮縣,花蓮市,民孝里,花蓮市一般行政區,否,否,100000.0,1998,獨資,N,0,453999,未分類其他農產原料批發
67936099,,力行魚行,花蓮縣花蓮市民孝里港濱３７號,花蓮縣,花蓮市,民孝里,花蓮市一般行政區,否,否,100000.0,1998,獨資,N,0,454399,其他水產品批發
67938370,,寶英魚行,花蓮縣花蓮市民孝里港濱３７號,花蓮縣,花蓮市,民孝里,花蓮市一般行政區,否,否,100000.0,1998,獨資,N,0,454314,農產品（魚）批發市場承銷
67938596,,康州魚行,花蓮縣花蓮市民孝里港濱３７號,花蓮縣,花蓮市,民孝里,花蓮市一般行政區,否,否,100000.0,1998,獨資,N,0,454314,農產品（魚）批發市場承銷
67940447,,富米魚行,花蓮縣花蓮市民孝里港濱３７號,花蓮縣,花蓮市,民孝里,花蓮市一般行政區,否,否,100000.0,1998,獨資,N,0,472311,水產品零售
67940452,,萬聖魚行,花蓮縣花蓮市民孝里港濱３７號,花蓮縣,花蓮市,民孝里,花蓮市一般行政區,否,否,100000.0,1998,獨資,N,0,472311,水產品零售
67944801,,祥清魚行,花蓮縣花蓮市民孝里港濱３７號,花蓮縣,花蓮市,民孝里,花蓮市一般行政區,否,否,100000.0,1999,獨資,N,0,561113,麵店、小吃店
70960966,,紅衣魚行,花蓮縣花蓮市民孝里港濱３７號,花蓮縣,花蓮市,民孝里,花蓮市一般行政區,否,否,100000.0,1999,獨資,N,0,472311,水產品零售
70967481,,圓玉魚行,花蓮縣花蓮市民孝里港濱３７號,花蓮縣,花蓮市,民孝里,花蓮市一般行政區,否,否,100000.0,2000,獨資,N,0,472311,水產品零售
70972689,,綠山魚行,花蓮縣花蓮市民孝里港濱３７號,花蓮縣,花蓮市,民孝里,花蓮市一般行政區,否,否,100000.0,2000,獨資,N,0,454314,農產品（魚）批發市場承銷
78838291,,角灶魚行,花蓮縣花蓮市民孝里港濱３７號,花蓮縣,花蓮市,民孝里,花蓮市一般行政區,否,否,10000.0,1993,獨資,N,0,454314,農產品（魚）批發市場承銷
85211694,,桂菁魚行,花蓮縣花蓮市民孝里港濱３７號,花蓮縣,花蓮市,民孝里,花蓮市一般行政區,否,否,50000.0,2020,獨資,N,0,454311,魚類批發
94171907,,花蓮區漁會,花蓮縣花蓮市民孝里港濱３７號,花蓮縣,花蓮市,民孝里,花蓮市一般行政區,否,否,49000.0,1955,其他,Y,1,454311,魚類批發
95806717,,王家莊魚行,花蓮縣花蓮市民孝里港濱３７號,花蓮縣,花蓮市,民孝里,花蓮市一般行政區,否,否,10000.0,1995,獨資,N,0,472311,水產品零售
99774532,,東鑫漁行,花蓮縣花蓮市民孝里港濱３７號,花蓮縣,花蓮市,民孝里,花蓮市一般行政區,否,否,100000.0,2004,獨資,N,0,472311,水產品零售
99797198,,浚洋漁行,花蓮縣花蓮市民孝里港濱３７號,花蓮縣,花蓮市,民孝里,花蓮市一般行政區,否,否,100000.0,2004,獨資,N,0,454311,魚類批發
99842905,,漁豐漁行,花蓮縣花蓮市民孝里港濱３７號,花蓮縣,花蓮市,民孝里,花蓮市一般行政區,否,否,100000.0,2004,獨資,N,0,454399,其他水產品批發
76967142,03707901,台灣中油股份有限公司油品行銷事業部東區營業處花蓮港漁船加油站,花蓮縣花蓮市民孝里港濱３９號,花蓮縣,花蓮市,民孝里,花蓮市一般行政區,否,否,0.0,1991,其他,Y,1,482111,汽油零售
34887843,,潘朵拉的盒子手作工坊,花蓮縣花蓮市民孝里球崙一路２６７號１樓,花蓮縣,花蓮市,民孝里,花蓮市一般行政區,否,否,200000.0,2010,獨資,N,0,487114,經營網路購物（食品、飲料類商品）
94374207,11913502,台灣水泥股份有限公司花蓮廠,花蓮縣花蓮市民孝里華東１０３號,花蓮縣,花蓮市,民孝里,花蓮市一般行政區,否,否,0.0,1962,其他,Y,1,233100,水泥製造
28223066,,台灣海洋深層水股份有限公司,花蓮縣花蓮市民孝里華東１５號,花蓮縣,花蓮市,民孝里,花蓮市一般行政區,否,否,284794500.0,2006,股份有限公司,Y,1,454700,非酒精飲料批發
94373903,03795101,台灣肥料股份有限公司花蓮廠,花蓮縣花蓮市民孝里華東１５號,花蓮縣,花蓮市,民孝里,花蓮市一般行政區,否,否,0.0,1960,其他,Y,1,681112,自有不動產租賃
31794574,,無根水堂,花蓮縣花蓮市民孝里華東５７號,花蓮縣,花蓮市,民孝里,花蓮市一般行政區,否,否,50000.0,2013,獨資,N,0,472999,未分類其他食品、飲料及菸草製品零售
94773176,,家慈企業股份有限公司,花蓮縣花蓮市民孝里華東６８－６號１樓,花蓮縣,花蓮市,民孝里,花蓮市一般行政區,否,否,28500000.0,1980,股份有限公司,Y,1,241311,鋼板（捲）、鋼帶、鋼片製造
95805800,04369273,東台開發股份有限公司花蓮營業所,花蓮縣花蓮市民孝里華東６９－１號,花蓮縣,花蓮市,民孝里,花蓮市一般行政區,否,否,0.0,1995,其他,Y,1,170011,瀝青製造
09734980,,臻福星企業社,花蓮縣花蓮市民孝里華東６９－５號１樓,花蓮縣,花蓮市,民孝里,花蓮市一般行政區,否,否,200000.0,2006,獨資,Y,1,464999,未分類其他機械器具批發
83435804,,芙思艾有限公司,花蓮縣花蓮市民孝里華東８１－５號,花蓮縣,花蓮市,民孝里,花蓮市一般行政區,否,否,200000.0,2020,有限公司,Y,1,472933,保健營養食品零售
93050525,,米哆荳木藝工坊,花蓮縣花蓮市民孝里華東８２之１號,花蓮縣,花蓮市,民孝里,花蓮市一般行政區,否,否,30000.0,2024,獨資,N,0,485217,手工藝品零售
82183175,,世達企業社,花蓮縣花蓮市民孝里華東８７號１樓,花蓮縣,花蓮市,民孝里,花蓮市一般行政區,否,否,200000.0,2019,獨資,Y,1,433900,其他建築設備安裝
94247913,,嗎哪康元有限公司,花蓮縣花蓮市民孝里華東８９－５號,花蓮縣,花蓮市,民孝里,花蓮市一般行政區,否,否,100000.0,2023,有限公司,Y,1,454920,保健營養食品批發
94630950,,華東工業股份有限公司,花蓮縣花蓮市民孝里華東９８－２號,花蓮縣,花蓮市,民孝里,花蓮市一般行政區,否,否,40000000.0,1955,股份有限公司,Y,1,530100,普通倉儲經營
95215797,,蛋蛋自助餐,花蓮縣花蓮市民孝里００１鄰化道路１０２―１號,花蓮縣,花蓮市,民孝里,花蓮市一般行政區,否,否,200000.0,2025,獨資,N,0,561112,便當、自助餐店
91589513,,金盃早餐店,花蓮縣花蓮市民孝里００１鄰化道路３０巷１號,花蓮縣,花蓮市,民孝里,花蓮市一般行政區,否,否,100000.0,2022,獨資,N,0,561111,早餐店
22979760,,証大機械工程有限公司,花蓮縣花蓮市民孝里００１鄰東興二街１３巷１１號１樓,花蓮縣,花蓮市,民孝里,花蓮市一般行政區,否,否,25000000.0,1988,有限公司,Y,1,060014,砂石採取
50720074,,獵人廚房,花蓮縣花蓮市民孝里００１鄰東興二街１３巷３號１樓,花蓮縣,花蓮市,民孝里,花蓮市一般行政區,否,否,5000.0,2016,獨資,N,0,561113,麵店、小吃店
82292743,,美崙檳榔,花蓮縣花蓮市民孝里００２鄰中美路２１９號１樓,花蓮縣,花蓮市,民孝里,花蓮市一般行政區,否,否,100000.0,2018,獨資,N,0,472936,檳榔零售
18056666,,信基車行,花蓮縣花蓮市民孝里００４鄰中美路２４７―１號,花蓮縣,花蓮市,民孝里,花蓮市一般行政區,否,否,5000.0,2001,獨資,N,0,484314,機車零件、機車百貨零售
85208017,,永豐蔘藥行,花蓮縣花蓮市民孝里００４鄰中美路２６１號,花蓮縣,花蓮市,民孝里,花蓮市一般行政區,否,否,50000.0,2019,獨資,N,0,475111,中藥零售
41010235,,卉盈企業社,花蓮縣花蓮市民孝里００５鄰中美路２９３―１６號１樓,花蓮縣,花蓮市,民孝里,花蓮市一般行政區,否,否,240000.0,2014,獨資,Y,1,434012,油漆粉刷、壁飾（紙）黏貼工程
87522266,,幸福小煮日式居家料理,花蓮縣花蓮市民孝里００５鄰中美路２９３―２號,花蓮縣,花蓮市,民孝里,花蓮市一般行政區,否,否,70000.0,2020,獨資,N,0,561113,麵店、小吃店
37959427,,時新機車行,花蓮縣花蓮市民孝里００５鄰中美路２９３―５、２９３―６號１樓,花蓮縣,花蓮市,民孝里,花蓮市一般行政區,否,否,200000.0,2013,獨資,Y,1,484211,全新機車零售
37999434,,俊元堆高機行,花蓮縣花蓮市民孝里００６鄰中美路２９５―３號１樓,花蓮縣,花蓮市,民孝里,花蓮市一般行政區,否,否,200000.0,2014,獨資,Y,1,524999,未分類其他陸上運輸輔助
93051539,,速達國際車業,花蓮縣花蓮市民孝里００６鄰中美路２９７號１樓,花蓮縣,花蓮市,民孝里,花蓮市一般行政區,否,否,200000.0,2024,獨資,Y,1,484112,中古汽車零售
91593925,,優適家企業社,花蓮縣花蓮市民孝里００６鄰中美路２９９―１３號５樓,花蓮縣,花蓮市,民孝里,花蓮市一般行政區,否,否,200000.0,2022,獨資,Y,1,474213,廚櫃零售
29296306,,奈亞企業社,花蓮縣花蓮市民孝里００６鄰中美路２９９―１５號７樓,花蓮縣,花蓮市,民孝里,花蓮市一般行政區,否,否,50000.0,2004,獨資,Y,1,483111,電腦及電腦週邊設備零售
82183105,,合鈞企業社,花蓮縣花蓮市民孝里００６鄰中美路２９９號１樓,花蓮縣,花蓮市,民孝里,花蓮市一般行政區,否,否,200000.0,2019,獨資,Y,1,483111,電腦及電腦週邊設備零售
85212650,,恩利企業社,花蓮縣花蓮市民孝里００６鄰化道路３０巷１－３號２樓,花蓮縣,花蓮市,民孝里,花蓮市一般行政區,否,否,3000.0,2019,獨資,N,0,487199,其他電子購物及郵購
94084191,,合力煤氣行,花蓮縣花蓮市民孝里００７鄰中美路２１５號,花蓮縣,花蓮市,民孝里,花蓮市一般行政區,否,否,1300000.0,1972,合夥,Y,1,482912,桶裝瓦斯零售
91150528,,林氏海產,花蓮縣花蓮市民孝里００８鄰林園１１―５８號１樓,花蓮縣,花蓮市,民孝里,花蓮市一般行政區,否,否,100000.0,2021,獨資,Y,1,472311,水產品零售
90079766,,順泳工程有限公司,花蓮縣花蓮市民孝里００８鄰民孝街３６號１樓,花蓮縣,花蓮市,民孝里,花蓮市一般行政區,否,否,2000000.0,2022,有限公司,Y,1,433115,消防警報設備裝修工程
90134016,,冠陸工程有限公司,花蓮縣花蓮市民孝里００８鄰民孝街３６號１樓,花蓮縣,花蓮市,民孝里,花蓮市一般行政區,否,否,2000000.0,2022,有限公司,Y,1,439099,未分類其他專門營造
94087330,,三溙建設開發有限公司,花蓮縣花蓮市民孝里００８鄰民孝街３６號１樓,花蓮縣,花蓮市,民孝里,花蓮市一般行政區,否,否,2000000.0,2023,有限公司,Y,1,439099,未分類其他專門營造
41012347,,普立堤民宿,花蓮縣花蓮市民孝里００８鄰民孝街５０號,花蓮縣,花蓮市,民孝里,花蓮市一般行政區,否,否,180000.0,2014,獨資,N,0,551013,民宿
41009407,,美崙興興小吃,花蓮縣花蓮市民孝里００９鄰中美路２６３－２號,花蓮縣,花蓮市,民孝里,花蓮市一般行政區,否,否,5000.0,2014,獨資,N,0,561113,麵店、小吃店
91158388,,天滙企業社,花蓮縣花蓮市民孝里００９鄰東興二街２７－１號１樓,花蓮縣,花蓮市,民孝里,花蓮市一般行政區,否,否,200000.0,2021,獨資,N,0,951199,其他汽車維修
91151272,,沅展木作坊,花蓮縣花蓮市民孝里００９鄰東興二街３３號７樓之１,花蓮縣,花蓮市,民孝里,花蓮市一般行政區,否,否,50000.0,2021,獨資,N,0,474211,國產家用家具零售
91154799,,籽秝工坊,花蓮縣花蓮市民孝里００９鄰東興二街３５號１１樓之５,花蓮縣,花蓮市,民孝里,花蓮市一般行政區,否,否,3000.0,2021,獨資,N,0,473211,服裝零售
50746969,,陸里餐飲,花蓮縣花蓮市民孝里０１０鄰中美路３０３巷２號１樓,花蓮縣,花蓮市,民孝里,花蓮市一般行政區,否,否,168000.0,2017,獨資,N,0,561113,麵店、小吃店
08737215,,德億行,花蓮縣花蓮市民孝里０１５鄰東興一街７９巷２２號１１樓之２,花蓮縣,花蓮市,民孝里,花蓮市一般行政區,否,否,1000000.0,2005,獨資,Y,1,382111,一般事業廢棄物處理
91156348,,靚日手作坊,花蓮縣花蓮市民孝里０１５鄰東興一街７９巷２２號３樓之５,花蓮縣,花蓮市,民孝里,花蓮市一般行政區,否,否,10000.0,2021,獨資,N,0,487199,其他電子購物及郵購
91594804,,榮榮美學企業社,花蓮縣花蓮市民孝里０１５鄰東興二街６２號,花蓮縣,花蓮市,民孝里,花蓮市一般行政區,否,否,240000.0,2022,獨資,Y,1,457299,其他化粧品批發
72847786,,泓福空調工程行,花蓮縣花蓮市民孝里０１６鄰東興一街７９巷１８號６樓之２,花蓮縣,花蓮市,民孝里,花蓮市一般行政區,否,否,249999.0,2018,獨資,Y,1,456114,家用空調設備及其零件批發
60248516,,研昱工程行,花蓮縣花蓮市民孝里０１６鄰林園二街３３號１樓,花蓮縣,花蓮市,民孝里,花蓮市一般行政區,否,否,200000.0,2025,獨資,Y,1,439099,未分類其他專門營造
70630001,,新力達汽車貨運有限公司,花蓮縣花蓮市民孝里０１６鄰林園二街３３號１樓,花蓮縣,花蓮市,民孝里,花蓮市一般行政區,否,否,25000000.0,1999,有限公司,Y,1,494099,其他汽車貨運
87347140,,鷹谷露營裝備出租店,花蓮縣花蓮市民孝里０１６鄰林園二街３５號,花蓮縣,花蓮市,民孝里,花蓮市一般行政區,否,否,50000.0,2020,獨資,N,0,773012,運動及娛樂用品租賃
41460718,,愛花時間花坊,花蓮縣花蓮市民孝里０１７鄰東興一街１０３號１樓,花蓮縣,花蓮市,民孝里,花蓮市一般行政區,否,否,50000.0,2015,獨資,N,0,485111,切花、盆栽零售
92535678,,正吉工程行,花蓮縣花蓮市民孝里０１８鄰東興一街１１０巷３號１樓,花蓮縣,花蓮市,民孝里,花蓮市一般行政區,否,否,200000.0,2023,獨資,Y,1,434012,油漆粉刷、壁飾（紙）黏貼工程
93768479,,品右營造股份有限公司,花蓮縣花蓮市民孝里０１８鄰東興一街１１０巷５號,花蓮縣,花蓮市,民孝里,花蓮市一般行政區,否,否,3600000.0,2023,股份有限公司,Y,1,439099,未分類其他專門營造
91598576,,晨風企業社,花蓮縣花蓮市民孝里０１８鄰東興一街１１０巷５號１樓,花蓮縣,花蓮市,民孝里,花蓮市一般行政區,否,否,200000.0,2023,獨資,Y,1,434015,室內裝修工程
31791339,,多加巧藝工坊,花蓮縣花蓮市民孝里０１８鄰東興路３４５號１樓,花蓮縣,花蓮市,民孝里,花蓮市一般行政區,否,否,100000.0,2012,獨資,N,0,485217,手工藝品零售
61459860,,花蓮縣黑潮體育競技推廣協會,花蓮縣花蓮市民孝里０１８鄰東興路３４７號,花蓮縣,花蓮市,民孝里,花蓮市一般行政區,否,否,200000.0,2026,其他,N,0,859399,其他運動及休閒教育
90424612,22555003,統一超商股份有限公司花蓮縣第一四二分公司,花蓮縣花蓮市民孝里０１８鄰東興路３６９、３７１號１樓,花蓮縣,花蓮市,民孝里,花蓮市一般行政區,否,否,0.0,2021,本國公司設立之分公司,Y,1,471112,直營連鎖式便利商店
41461792,,志城企業社,花蓮縣花蓮市民孝里０１８鄰林園一街８號１樓,花蓮縣,花蓮市,民孝里,花蓮市一般行政區,否,否,200000.0,2015,獨資,Y,1,433900,其他建築設備安裝
93050969,,早啊餐食坊,花蓮縣花蓮市民孝里０１８鄰林園二街１７號,花蓮縣,花蓮市,民孝里,花蓮市一般行政區,否,否,200000.0,2024,獨資,N,0,561111,早餐店
84668034,,竑誠營造有限公司,花蓮縣花蓮市民孝里０１９鄰東興一街１３２號,花蓮縣,花蓮市,民孝里,花蓮市一般行政區,否,否,6000000.0,1994,有限公司,Y,1,439099,未分類其他專門營造
40966083,,花蓮富雅民宿,花蓮縣花蓮市民孝里０１９鄰東興路３９５號,花蓮縣,花蓮市,民孝里,花蓮市一般行政區,否,否,10000.0,2014,獨資,N,0,551013,民宿
93056078,,梅子工作坊,花蓮縣花蓮市民孝里０１９鄰林園二街１６號１樓,花蓮縣,花蓮市,民孝里,花蓮市一般行政區,否,否,10000.0,2024,獨資,N,0,473211,服裝零售
60612155,,豐霖工程有限公司,花蓮縣花蓮市民孝里０２０鄰林園二街２６號６樓之１,花蓮縣,花蓮市,民孝里,花蓮市一般行政區,否,否,200000.0,2025,有限公司,Y,1,439012,模板工程
91165851,,陳彥甫室內裝修工程行,花蓮縣花蓮市民孝里０２０鄰林園二街２６號６樓之２,花蓮縣,花蓮市,民孝里,花蓮市一般行政區,否,否,200000.0,2021,獨資,Y,1,434015,室內裝修工程
89190881,,沐海文創有限公司,花蓮縣花蓮市民孝里０２０鄰林園二街２８號５樓之５,花蓮縣,花蓮市,民孝里,花蓮市一般行政區,否,否,200000.0,2023,有限公司,Y,1,487199,其他電子購物及郵購
91150668,,文華早餐專賣店,花蓮縣花蓮市民孝里０２１鄰東興三街１３２號１樓,花蓮縣,花蓮市,民孝里,花蓮市一般行政區,否,否,50000.0,2021,獨資,N,0,561111,早餐店
60689029,,源康事業有限公司,花蓮縣花蓮市民孝里０２１鄰東興二街１４７號９樓之５,花蓮縣,花蓮市,民孝里,花蓮市一般行政區,否,否,2000000.0,2025,有限公司,Y,1,431011,建築鋼架組立
87352261,,衣能淨自助洗衣店,花蓮縣花蓮市民孝里０２２鄰東興三街１５６號,花蓮縣,花蓮市,民孝里,花蓮市一般行政區,否,否,200000.0,2021,獨資,N,0,961012,自助洗衣店
16388366,,旭生人力仲介有限公司,花蓮縣花蓮市民孝里０２２鄰東興二街１５１號１３樓之５,花蓮縣,花蓮市,民孝里,花蓮市一般行政區,否,否,7000000.0,1998,有限公司,Y,1,781099,其他人力仲介
92634706,,耘朗藝術塗裝工程行,花蓮縣花蓮市民孝里０２２鄰東興二街１５３號８樓之２,花蓮縣,花蓮市,民孝里,花蓮市一般行政區,否,否,1000000.0,2023,獨資,Y,1,434012,油漆粉刷、壁飾（紙）黏貼工程
91590119,,雅妮荷蘭食品屋,花蓮縣花蓮市民孝里０２３鄰東興二街１２０巷２號１樓,花蓮縣,花蓮市,民孝里,花蓮市一般行政區,否,否,25000.0,2022,獨資,N,0,561115,餐廳
91158063,,韋豪電機工程行,花蓮縣花蓮市民孝里０２３鄰東興二街１２０巷８號１樓,花蓮縣,花蓮市,民孝里,花蓮市一般行政區,否,否,200000.0,2021,獨資,Y,1,433211,冷凍、通風、空調系統裝修工程
85213264,,佳駒工程行,花蓮縣花蓮市民孝里０２３鄰東興二街１２０巷８號２樓,花蓮縣,花蓮市,民孝里,花蓮市一般行政區,否,否,248000.0,2020,獨資,Y,1,431021,石作工程
12748798,,宜和營造有限公司,花蓮縣花蓮市民孝里０２３鄰東興路４３５號１樓,花蓮縣,花蓮市,民孝里,花蓮市一般行政區,否,否,12000000.0,2001,有限公司,Y,1,429099,未分類其他土木工程
24894599,,吉祥實業有限公司,花蓮縣花蓮市民孝里０２３鄰林園三街４２號１樓,花蓮縣,花蓮市,民孝里,花蓮市一般行政區,否,否,1000000.0,2015,有限公司,Y,1,461311,貼面石材批發
90872884,,相信愛生技有限公司,花蓮縣花蓮市民孝里０２４鄰東興三街１８２號,花蓮縣,花蓮市,民孝里,花蓮市一般行政區,否,否,4000000.0,2021,有限公司,Y,1,475299,其他化粧品零售
60251933,,潔日嚴選生活工作室,花蓮縣花蓮市民孝里０２４鄰東興二街１７１號,花蓮縣,花蓮市,民孝里,花蓮市一般行政區,否,否,100000.0,2026,獨資,N,0,487199,其他電子購物及郵購
00072838,,就是光有限公司,花蓮縣花蓮市民孝里０２６鄰華東８２―２號１樓,花蓮縣,花蓮市,民孝里,花蓮市一般行政區,否,否,800000.0,2024,有限公司,Y,1,591200,影片及電視節目後製服務
83034322,,信望僾科技有限公司,花蓮縣花蓮市民孝里０２６鄰華東８９―４號,花蓮縣,花蓮市,民孝里,花蓮市一般行政區,否,否,100000.0,2023,有限公司,Y,1,454920,保健營養食品批發
90608652,,培力科技有限公司,花蓮縣花蓮市民孝里０２６鄰華東８９―４號,花蓮縣,花蓮市,民孝里,花蓮市一般行政區,否,否,500000.0,2021,有限公司,Y,1,454920,保健營養食品批發
76950297,,嘉豐定置漁場,花蓮縣花蓮市民孝里０２７鄰華東６９號１樓,花蓮縣,花蓮市,民孝里,花蓮市一般行政區,否,否,220000.0,1989,獨資,N,0,472311,水產品零售
85208902,,柏蒼企業社,花蓮縣花蓮市民孝里０３３鄰東興一街７２號３樓之２,花蓮縣,花蓮市,民孝里,花蓮市一般行政區,否,否,180000.0,2019,獨資,Y,1,434012,油漆粉刷、壁飾（紙）黏貼工程
10065282,,輪井工程行,花蓮縣花蓮市民孝里０３３鄰東興一街８２號２樓之２,花蓮縣,花蓮市,民孝里,花蓮市一般行政區,否,否,480000.0,2007,獨資,Y,1,433212,管道工程
85213588,,辰品商行,花蓮縣花蓮市民孝里０３３鄰東興一街８２號４樓之１,花蓮縣,花蓮市,民孝里,花蓮市一般行政區,否,否,200000.0,2019,獨資,Y,1,487199,其他電子購物及郵購
60250293,,光與鹽企業社,花蓮縣花蓮市民孝里０３３鄰東興一街８２－１號１樓,花蓮縣,花蓮市,民孝里,花蓮市一般行政區,否,否,200000.0,2026,獨資,Y,1,487114,經營網路購物（食品、飲料類商品）
76962575,,雙冬商店,花蓮縣花蓮市民孝里１２鄰東興路３１７號,花蓮縣,花蓮市,民孝里,花蓮市一般行政區,否,否,3000.0,1991,獨資,N,0,472913,菸酒零售
21574256,,麥味登東興商行,花蓮縣花蓮市民孝里１５鄰東興二街６０號１樓,花蓮縣,花蓮市,民孝里,花蓮市一般行政區,否,否,30000.0,2005,獨資,N,0,561113,麵店、小吃店
09973763,,炫樺企業社,花蓮縣花蓮市民孝里１８鄰東興路３２９號１樓,花蓮縣,花蓮市,民孝里,花蓮市一般行政區,否,否,300000.0,2006,獨資,Y,1,340015,電力機械器材及設備維修及安裝
15797933,,集發廢棄物資源回收,花蓮縣花蓮市民孝里１８鄰東興路３４１號,花蓮縣,花蓮市,民孝里,花蓮市一般行政區,否,否,2500000.0,2003,獨資,Y,1,469199,其他回收物料批發
70963083,,滿順超商,花蓮縣花蓮市民孝里１８鄰東興路３５１號１樓,花蓮縣,花蓮市,民孝里,花蓮市一般行政區,否,否,3000.0,1999,獨資,N,0,472913,菸酒零售
16634091,22555003,統一超商股份有限公司花蓮縣第１６分公司,花蓮縣花蓮市民孝里２鄰中美路２０９號,花蓮縣,花蓮市,民孝里,花蓮市一般行政區,否,否,0.0,1998,本國公司設立之分公司,Y,1,471112,直營連鎖式便利商店
25065747,,升勤有限公司,花蓮縣花蓮市民孝里２鄰中美路２２３―１號１樓,花蓮縣,花蓮市,民孝里,花蓮市一般行政區,否,否,200000.0,2009,有限公司,Y,1,340099,其他產業用機械設備維修及安裝
34893937,,欣格高爾夫用品店,花蓮縣花蓮市民孝里２鄰中美路２２３號１樓,花蓮縣,花蓮市,民孝里,花蓮市一般行政區,否,否,240000.0,2011,獨資,Y,1,476299,其他運動用品及器材零售
20058063,,彩虹快速沖印專門店,花蓮縣花蓮市民孝里２鄰中美路２２５號,花蓮縣,花蓮市,民孝里,花蓮市一般行政區,否,否,3000.0,1997,獨資,N,0,760111,照相館
13967243,,冠萱報關行,花蓮縣花蓮市民孝里２０鄰林園二街２６號６樓之３,花蓮縣,花蓮市,民孝里,花蓮市一般行政區,否,否,5001000.0,2002,獨資,Y,1,521000,報關服務
27605734,,佳山興業有限公司,花蓮縣花蓮市民孝里２３鄰林園三街４２號１樓,花蓮縣,花蓮市,民孝里,花蓮市一般行政區,否,否,1500000.0,2005,有限公司,Y,1,461311,貼面石材批發
20057418,,志浩企業社,花蓮縣花蓮市民孝里２４鄰東興二街１８７號１樓,花蓮縣,花蓮市,民孝里,花蓮市一般行政區,否,否,600000.0,1997,獨資,Y,1,469112,廢五金批發
24297208,,景裕石業有限公司,花蓮縣花蓮市民孝里２５鄰華東３２－２９號１樓,花蓮縣,花蓮市,民孝里,花蓮市一般行政區,否,否,10000000.0,2009,有限公司,Y,1,060014,砂石採取
45115870,,新裕新石業有限公司,花蓮縣花蓮市民孝里２５鄰華東３２－２９號１樓,花蓮縣,花蓮市,民孝里,花蓮市一般行政區,否,否,5000000.0,2016,有限公司,Y,1,461214,砂石批發
78038707,,新福進號,花蓮縣花蓮市民孝里２９鄰華東５１之５號,花蓮縣,花蓮市,民孝里,花蓮市一般行政區,否,否,30000.0,1992,獨資,N,0,031012,近海及沿岸漁撈
10592340,,花東大安消毒除蟲企業社,花蓮縣花蓮市民孝里３鄰東興二街１８巷９號１樓,花蓮縣,花蓮市,民孝里,花蓮市一般行政區,否,否,200000.0,2008,獨資,Y,1,812911,病媒防治服務
60086420,,深海大花枝小吃店,花蓮縣花蓮市民孝里３２鄰港濱３５－２號１Ｆ－０８,花蓮縣,花蓮市,民孝里,花蓮市一般行政區,否,否,200000.0,2024,獨資,N,0,561113,麵店、小吃店
60251011,,海聽魚說水產行,花蓮縣花蓮市民孝里３２鄰港濱３７－３號,花蓮縣,花蓮市,民孝里,花蓮市一般行政區,否,否,200000.0,2026,獨資,N,0,472311,水產品零售
13024342,,連譽企業有限公司,花蓮縣花蓮市民孝里３３鄰東興一街７０－１號１樓,花蓮縣,花蓮市,民孝里,花蓮市一般行政區,否,否,10000000.0,2002,有限公司,Y,1,469916,礦物（寶石除外）批發
94779066,,譽達通運股份有限公司,花蓮縣花蓮市民孝里３３鄰東興一街７０－１號１樓,花蓮縣,花蓮市,民孝里,花蓮市一般行政區,否,否,20000000.0,1980,股份有限公司,Y,1,494099,其他汽車貨運
13973174,,美崙西點烘焙坊,花蓮縣花蓮市民孝里４鄰中美路２５１－２號,花蓮縣,花蓮市,民孝里,花蓮市一般行政區,否,否,50000.0,2002,獨資,N,0,472922,西點麵包零售
94633295,,華興商號,花蓮縣花蓮市民孝里４鄰中美路２５５號,花蓮縣,花蓮市,民孝里,花蓮市一般行政區,否,否,3000.0,1977,獨資,N,0,472913,菸酒零售
49962340,,新埔板條,花蓮縣花蓮市民孝里４鄰中美路２５９號１樓,花蓮縣,花蓮市,民孝里,花蓮市一般行政區,否,否,3000.0,2005,獨資,N,0,561113,麵店、小吃店
95804133,,岡昇企業社,花蓮縣花蓮市民孝里４鄰中美路２６３號１樓,花蓮縣,花蓮市,民孝里,花蓮市一般行政區,否,否,240000.0,1995,獨資,Y,1,252299,其他金屬建築組件製造
64805778,,裕興號,花蓮縣花蓮市民孝里５鄰中美路２７５之６號,花蓮縣,花蓮市,民孝里,花蓮市一般行政區,否,否,40000.0,1988,獨資,N,0,031012,近海及沿岸漁撈
37992896,,宏元企業社,花蓮縣花蓮市民孝里５鄰中美路２８３號１樓,花蓮縣,花蓮市,民孝里,花蓮市一般行政區,否,否,50000.0,2013,獨資,Y,1,471999,未分類其他綜合商品零售
19537523,,鈺山工程行,花蓮縣花蓮市民孝里６鄰中美路２９５―１６號１樓,花蓮縣,花蓮市,民孝里,花蓮市一般行政區,否,否,50000.0,1996,獨資,Y,1,429099,未分類其他土木工程
34889547,,鈺山土木包工業,花蓮縣花蓮市民孝里６鄰中美路２９５―１６號１樓,花蓮縣,花蓮市,民孝里,花蓮市一般行政區,否,否,1200000.0,2010,獨資,Y,1,429099,未分類其他土木工程
78036124,,車合企業社,花蓮縣花蓮市民孝里６鄰中美路２９７號１樓,花蓮縣,花蓮市,民孝里,花蓮市一般行政區,否,否,200000.0,1991,獨資,Y,1,484112,中古汽車零售
28034065,,汎航有限公司,花蓮縣花蓮市民孝里６鄰中美路２９９―３號１樓,花蓮縣,花蓮市,民孝里,花蓮市一般行政區,否,否,9000000.0,2005,有限公司,Y,1,522000,船務代理
08142967,,達豐企業社,花蓮縣花蓮市民孝里６鄰中美路２９９之２號,花蓮縣,花蓮市,民孝里,花蓮市一般行政區,否,否,30000.0,1987,獨資,N,0,951199,其他汽車維修
18045943,,志宏企業社,花蓮縣花蓮市民孝里６鄰中美路２９９－７號,花蓮縣,花蓮市,民孝里,花蓮市一般行政區,否,否,3000.0,2000,獨資,N,0,481014,居家修繕用品零售
76956927,,源昌企業社,花蓮縣花蓮市民孝里７鄰中美路３０９號,花蓮縣,花蓮市,民孝里,花蓮市一般行政區,否,否,6000.0,1990,獨資,Y,1,951199,其他汽車維修
94663852,,漁福號,花蓮縣花蓮市民孝里８鄰林園１１―６０號,花蓮縣,花蓮市,民孝里,花蓮市一般行政區,否,否,5000.0,1976,獨資,N,0,031012,近海及沿岸漁撈
08139463,,榮興一號漁船,花蓮縣花蓮市民孝里８鄰林園１１－３５號,花蓮縣,花蓮市,民孝里,花蓮市一般行政區,否,否,45000.0,1987,獨資,N,0,031012,近海及沿岸漁撈
64819365,,溫州大餛飩,花蓮縣花蓮市民德里中美路１０２之１號,花蓮縣,花蓮市,民德里,花蓮市一般行政區,否,否,5000.0,1989,獨資,N,0,561113,麵店、小吃店
27907127,,八面玲瓏有限公司,花蓮縣花蓮市民德里中美路１０４號,花蓮縣,花蓮市,民德里,花蓮市一般行政區,否,否,500000.0,2005,有限公司,Y,1,474316,竹、木、藤製（藤蓆除外）家飾品零售
95165749,54023418,雲品國際酒店股份有限公司米崙營業所,花蓮縣花蓮市民德里中美路１０６號,花蓮縣,花蓮市,民德里,花蓮市一般行政區,否,否,0.0,2024,其他,Y,1,563199,其他飲料店
94051403,,木豐棉被店,花蓮縣花蓮市民德里中美路１２號,花蓮縣,花蓮市,民德里,花蓮市一般行政區,否,否,3000.0,1977,獨資,N,0,474311,寢具零售
54970329,,金富春建設有限公司,花蓮縣花蓮市民德里中美路１２２號１樓,花蓮縣,花蓮市,民德里,花蓮市一般行政區,否,否,15000000.0,2019,有限公司,Y,1,681111,自有不動產買賣
87349689,,再回首牛肉麵店,花蓮縣花蓮市民德里中美路２０號１樓,花蓮縣,花蓮市,民德里,花蓮市一般行政區,否,否,50000.0,2020,獨資,N,0,561113,麵店、小吃店
37994732,,睿裕機車行,花蓮縣花蓮市民德里中美路２４號１樓,花蓮縣,花蓮市,民德里,花蓮市一般行政區,否,否,5000.0,2013,獨資,N,0,959100,機車維修
37960705,,紐約民宿,花蓮縣花蓮市民德里中美路３４號,花蓮縣,花蓮市,民德里,花蓮市一般行政區,否,否,3000.0,2013,獨資,N,0,551013,民宿
72849813,,洋基牧場小吃,花蓮縣花蓮市民德里中美路３４號１樓,花蓮縣,花蓮市,民德里,花蓮市一般行政區,否,否,10000.0,2018,合夥,N,0,561113,麵店、小吃店
66966849,,基利心美食,花蓮縣花蓮市民德里中美路４８號,花蓮縣,花蓮市,民德里,花蓮市一般行政區,否,否,5000.0,2006,獨資,N,0,561113,麵店、小吃店
31798065,,美侖美奐麵食店,花蓮縣花蓮市民德里中美路９４號１樓,花蓮縣,花蓮市,民德里,花蓮市一般行政區,否,否,200000.0,2013,獨資,Y,1,561113,麵店、小吃店
90647135,97161500,富利餐飲股份有限公司花蓮美崙外送分公司,花蓮縣花蓮市民德里中美路９８號,花蓮縣,花蓮市,民德里,花蓮市一般行政區,否,否,0.0,2021,本國公司設立之分公司,Y,1,561114,連鎖速食店
50744370,,行筠流水電工程行,花蓮縣花蓮市民德里基泰商場１４號１樓,花蓮縣,花蓮市,民德里,花蓮市一般行政區,否,否,2000000.0,2017,獨資,Y,1,433111,水電工程
93052896,,創意動力工坊,花蓮縣花蓮市民德里基泰商場１４號１樓,花蓮縣,花蓮市,民德里,花蓮市一般行政區,否,否,200000.0,2024,獨資,Y,1,581900,其他出版
41465523,,全能住宅修繕工程行,花蓮縣花蓮市民德里基泰商場１４號２樓,花蓮縣,花蓮市,民德里,花蓮市一般行政區,否,否,200000.0,2016,獨資,Y,1,433111,水電工程
94208003,,建順商店,花蓮縣花蓮市民德里基泰商場１６號,花蓮縣,花蓮市,民德里,花蓮市一般行政區,否,否,3000.0,1977,獨資,N,0,474999,未分類其他家用器具及用品零售
87347280,,泰鑫農產行,花蓮縣花蓮市民德里基泰商場１７號,花蓮縣,花蓮市,民德里,花蓮市一般行政區,否,否,100000.0,2020,獨資,Y,1,472211,畜肉零售
93057077,,可莉菲律賓店,花蓮縣花蓮市民德里基泰商場１９號,花蓮縣,花蓮市,民德里,花蓮市一般行政區,否,否,150000.0,2024,獨資,Y,1,472999,未分類其他食品、飲料及菸草製品零售
60248059,,炑柒美學,花蓮縣花蓮市民德里基泰商場６號,花蓮縣,花蓮市,民德里,花蓮市一般行政區,否,否,200000.0,2025,獨資,N,0,962211,美甲美睫服務
78854186,,川輝土木包工業,花蓮縣花蓮市民德里民德―街６６號１樓,花蓮縣,花蓮市,民德里,花蓮市一般行政區,否,否,1000000.0,1994,獨資,Y,1,429099,未分類其他土木工程
02928933,,二姐民宿,花蓮縣花蓮市民德里民德一街２３號,花蓮縣,花蓮市,民德里,花蓮市一般行政區,否,否,10000.0,2013,獨資,N,0,551013,民宿
93050026,,淞霖室內裝修企業社,花蓮縣花蓮市民德里民德一街５７號１樓,花蓮縣,花蓮市,民德里,花蓮市一般行政區,否,否,1000000.0,2024,獨資,Y,1,434015,室內裝修工程
93052690,,支亞干實驗工作室,花蓮縣花蓮市民德里民德一街６７號４樓之２,花蓮縣,花蓮市,民德里,花蓮市一般行政區,否,否,100000.0,2024,獨資,N,0,487199,其他電子購物及郵購
91594712,,梅蘢鎮小吃店,花蓮縣花蓮市民德里民德二街２６之１、２６之２、２６之３號,花蓮縣,花蓮市,民德里,花蓮市一般行政區,否,否,30000.0,2022,獨資,Y,1,561115,餐廳
49760230,,後山十二籃原生農場,花蓮縣花蓮市民德里民德四街２―２０號９樓,花蓮縣,花蓮市,民德里,花蓮市一般行政區,否,否,500000.0,2016,獨資,N,0,011100,稻作栽培
62095369,,永恒使命股份有限公司,花蓮縣花蓮市民德里民德四街２―２０號９樓,花蓮縣,花蓮市,民德里,花蓮市一般行政區,否,否,210000.0,2026,股份有限公司,Y,1,949900,未分類其他組織
72827515,,夢想出奇蛋親子餐廳,花蓮縣花蓮市民德里民德四街２號,花蓮縣,花蓮市,民德里,花蓮市一般行政區,否,否,3000.0,2017,獨資,N,0,561115,餐廳
60246088,,驛瑪行動廣告工作室,花蓮縣花蓮市民德里民德四街３７巷１弄１２號２樓,花蓮縣,花蓮市,民德里,花蓮市一般行政區,否,否,200000.0,2025,獨資,N,0,731099,其他廣告服務
92635374,,清寧商行,花蓮縣花蓮市民德里民德四街３７巷１號１樓,花蓮縣,花蓮市,民德里,花蓮市一般行政區,否,否,150000.0,2023,獨資,N,0,561113,麵店、小吃店
30129616,,原動力企業社,花蓮縣花蓮市民德里民德四街３７巷１３號１樓,花蓮縣,花蓮市,民德里,花蓮市一般行政區,否,否,1000000.0,2008,獨資,Y,1,429099,未分類其他土木工程
91593740,,傷心男孩俱樂部,花蓮縣花蓮市民德里民德四街７－１號１樓,花蓮縣,花蓮市,民德里,花蓮市一般行政區,否,否,50000.0,2022,獨資,N,0,561111,早餐店
91591692,,尼洛穆提頌缽坊,花蓮縣花蓮市民德里民權一街１８號２樓,花蓮縣,花蓮市,民德里,花蓮市一般行政區,否,否,200000.0,2022,獨資,N,0,476314,樂器零售
49745127,,光輝實業社,花蓮縣花蓮市民德里民權三街１０號１樓,花蓮縣,花蓮市,民德里,花蓮市一般行政區,否,否,1800000.0,2016,獨資,Y,1,483111,電腦及電腦週邊設備零售
49778983,,台灣賀田企業,花蓮縣花蓮市民德里民權三街８號２樓,花蓮縣,花蓮市,民德里,花蓮市一般行政區,否,否,15500000.0,2017,獨資,Y,1,813000,綠化服務
92535494,,金澤土木包工業,花蓮縣花蓮市民德里民權三街８號２樓,花蓮縣,花蓮市,民德里,花蓮市一般行政區,否,否,9000000.0,2023,獨資,Y,1,429013,室外運動場營建
93528210,,橋鋒旅行社有限公司,花蓮縣花蓮市民德里民權二街１－１號４樓,花蓮縣,花蓮市,民德里,花蓮市一般行政區,否,否,6000000.0,2023,有限公司,Y,1,790011,旅行業
92538485,,亞晉水電企業社,花蓮縣花蓮市民德里民權二街７號４樓,花蓮縣,花蓮市,民德里,花蓮市一般行政區,否,否,200000.0,2023,獨資,Y,1,433111,水電工程
94659457,,益成西葯房,花蓮縣花蓮市民德里民權五街１６號,花蓮縣,花蓮市,民德里,花蓮市一般行政區,否,否,5000.0,1977,獨資,N,0,475112,西藥零售
78047311,,中一冷飲店,花蓮縣花蓮市民德里民權五街２號１樓,花蓮縣,花蓮市,民德里,花蓮市一般行政區,否,否,5000.0,1992,合夥,N,0,563199,其他飲料店
82179215,,玩樂漢堡,花蓮縣花蓮市民德里民權五街２０號１樓,花蓮縣,花蓮市,民德里,花蓮市一般行政區,否,否,150000.0,2019,獨資,N,0,561115,餐廳
94818547,,廣來商店,花蓮縣花蓮市民德里民權五街８５號１樓,花蓮縣,花蓮市,民德里,花蓮市一般行政區,否,否,5000.0,1983,獨資,N,0,472919,肉鬆、肉乾、火腿、臘味零售
45110468,,翔利鑽石工具有限公司,花蓮縣花蓮市民德里民權五街８９號１樓,花蓮縣,花蓮市,民德里,花蓮市一般行政區,否,否,500000.0,2016,有限公司,Y,1,481014,居家修繕用品零售
93056128,,大勝企業社,花蓮縣花蓮市民德里民權四街１１之４號５樓,花蓮縣,花蓮市,民德里,花蓮市一般行政區,否,否,500000.0,2024,獨資,Y,1,429099,未分類其他土木工程
93056648,,明寓烘焙工作室,花蓮縣花蓮市民德里民權四街１５號１樓,花蓮縣,花蓮市,民德里,花蓮市一般行政區,否,否,100000.0,2024,獨資,Y,1,472922,西點麵包零售
86612471,,鎰偉通信有限公司,花蓮縣花蓮市民德里民權四街２２號１樓,花蓮縣,花蓮市,民德里,花蓮市一般行政區,否,否,5000000.0,1992,有限公司,Y,1,483111,電腦及電腦週邊設備零售
67934923,,伊江滇緬料理,花蓮縣花蓮市民德里民權路１１之１號,花蓮縣,花蓮市,民德里,花蓮市一般行政區,否,否,10000.0,1998,獨資,Y,1,561115,餐廳
83245733,22555003,統一超商股份有限公司花蓮縣第一三九分公司,花蓮縣花蓮市民德里民權路２５―１、２、３號１樓,花蓮縣,花蓮市,民德里,花蓮市一般行政區,否,否,0.0,2021,本國公司設立之分公司,Y,1,471112,直營連鎖式便利商店
91161840,,寶豐企業行,花蓮縣花蓮市民德里民權路２５―２號１樓,花蓮縣,花蓮市,民德里,花蓮市一般行政區,否,否,200000.0,2021,獨資,Y,1,471114,加盟連鎖式便利商店（無商品進、銷貨行為）
91157199,,德祐商行,花蓮縣花蓮市民德里民權路２５號４樓之３,花蓮縣,花蓮市,民德里,花蓮市一般行政區,否,否,50000.0,2021,獨資,N,0,472311,水產品零售
08121647,03741302,中華郵政股份有限公司花蓮港務局郵局,花蓮縣花蓮市民德里民權路２７號,花蓮縣,花蓮市,民德里,花蓮市一般行政區,否,否,0.0,2002,其他,Y,1,641500,郵政儲金匯兌
91259219,70369154,俥亭停車事業股份有限公司花蓮民德營業所,花蓮縣花蓮市民德里民權路３１號停車場,花蓮縣,花蓮市,民德里,花蓮市一般行政區,否,否,0.0,2021,其他,Y,1,524100,停車場管理
60251265,,星花釀坊,花蓮縣花蓮市民德里民權路３７號２樓之１,花蓮縣,花蓮市,民德里,花蓮市一般行政區,否,否,10000.0,2026,獨資,N,0,487199,其他電子購物及郵購
18061767,,飲冰室書店,花蓮縣花蓮市民德里民權路３９號１樓,花蓮縣,花蓮市,民德里,花蓮市一般行政區,否,否,450000.0,2001,獨資,Y,1,476112,書籍、雜誌零售
20060504,,鍾老爹牛肉麵,花蓮縣花蓮市民德里民權路７之４號,花蓮縣,花蓮市,民德里,花蓮市一般行政區,否,否,3000.0,1997,獨資,N,0,561113,麵店、小吃店
54792628,,安堤司股份有限公司,花蓮縣花蓮市民德里民權路７號２樓,花蓮縣,花蓮市,民德里,花蓮市一般行政區,否,否,10000000.0,2014,股份有限公司,Y,1,869921,坐月子服務
95213637,,簡單生活工作室,花蓮縣花蓮市民德里民權路９巷２弄１４號４樓,花蓮縣,花蓮市,民德里,花蓮市一般行政區,否,否,3000.0,2025,獨資,Y,1,731013,公開展示廣告
53737107,53729970,茶花開了有限公司花蓮分公司,花蓮縣花蓮市民德里民權路９５號,花蓮縣,花蓮市,民德里,花蓮市一般行政區,否,否,0.0,2012,本國公司設立之分公司,Y,1,561113,麵店、小吃店
60215971,70393302,博客停車場開發股份有限公司花蓮民權場,花蓮縣花蓮市民德里民權路９５號,花蓮縣,花蓮市,民德里,花蓮市一般行政區,否,否,0.0,2025,其他,Y,1,524100,停車場管理
62206490,,龍欣船務代理股份有限公司,花蓮縣花蓮市民德里海岸路６６號,花蓮縣,花蓮市,民德里,花蓮市一般行政區,否,否,9000000.0,2026,股份有限公司,Y,1,522000,船務代理
90530986,70367347,正安公共安全檢查股份有限公司花蓮分公司,花蓮縣花蓮市民德里海岸路６６號,花蓮縣,花蓮市,民德里,花蓮市一般行政區,否,否,0.0,2021,本國公司設立之分公司,Y,1,760999,其他未分類專業、科學及技術服務
94514100,53026486,臺灣港務股份有限公司花蓮港務分公司,花蓮縣花蓮市民德里海岸路６６號,花蓮縣,花蓮市,民德里,花蓮市一般行政區,否,否,0.0,1950,本國公司設立之分公司,Y,1,525912,船上貨物裝卸
26113325,,社團法人中華民國無犯罪促進會,花蓮縣花蓮市民德里海岸路６６號１樓,花蓮縣,花蓮市,民德里,花蓮市一般行政區,否,否,56726.0,2018,其他,Y,1,859999,其他未分類教育
54950739,,博思文創有限公司,花蓮縣花蓮市民德里育樂新村８號,花蓮縣,花蓮市,民德里,花蓮市一般行政區,否,否,250000.0,2018,有限公司,Y,1,561115,餐廳
42945000,,松鼠國際餐飲有限公司,花蓮縣花蓮市民德里育樂新村９號,花蓮縣,花蓮市,民德里,花蓮市一般行政區,否,否,1000000.0,2018,有限公司,Y,1,561115,餐廳
91154783,,蔓蔓蒔光早餐,花蓮縣花蓮市民德里００１鄰民權五街４號１樓,花蓮縣,花蓮市,民德里,花蓮市一般行政區,否,否,30000.0,2021,獨資,N,0,561111,早餐店
91596423,,築時設計所,花蓮縣花蓮市民德里００１鄰民權路３―１號２樓,花蓮縣,花蓮市,民德里,花蓮市一般行政區,否,否,120000.0,2022,獨資,Y,1,740100,室內設計
82180986,,酷拉酷拉工作室,花蓮縣花蓮市民德里００１鄰民權路７―１號１樓,花蓮縣,花蓮市,民德里,花蓮市一般行政區,否,否,200000.0,2019,獨資,Y,1,932999,未分類其他娛樂及休閒服務
49762589,,靖禾工程,花蓮縣花蓮市民德里００１鄰民權路７―３號１樓,花蓮縣,花蓮市,民德里,花蓮市一般行政區,否,否,1000000.0,2016,獨資,Y,1,434014,防水工程
60688226,,遠云工程有限公司,花蓮縣花蓮市民德里００３鄰中美路１２號,花蓮縣,花蓮市,民德里,花蓮市一般行政區,否,否,100000.0,2025,有限公司,Y,1,429099,未分類其他土木工程
95208563,,築念企業社,花蓮縣花蓮市民德里００３鄰中美路１２號１樓,花蓮縣,花蓮市,民德里,花蓮市一般行政區,否,否,245000.0,2024,獨資,Y,1,429099,未分類其他土木工程
95212617,,皿皿之中陶藝工作室,花蓮縣花蓮市民德里００３鄰中美路４８號,花蓮縣,花蓮市,民德里,花蓮市一般行政區,否,否,100000.0,2025,獨資,N,0,487199,其他電子購物及郵購
91158140,,興食尚餐館,花蓮縣花蓮市民德里００３鄰中美路５２號１樓,花蓮縣,花蓮市,民德里,花蓮市一般行政區,否,否,200000.0,2021,獨資,N,0,561115,餐廳
34892579,,小小洋房飲食店,花蓮縣花蓮市民德里００４鄰民德一街３２號１樓,花蓮縣,花蓮市,民德里,花蓮市一般行政區,否,否,5000.0,2011,獨資,N,0,561113,麵店、小吃店
24779991,,立富石材有限公司,花蓮縣花蓮市民德里００４鄰民德二街２８號１樓,花蓮縣,花蓮市,民德里,花蓮市一般行政區,否,否,3500000.0,2014,有限公司,Y,1,461311,貼面石材批發
54139924,,昕磐建材有限公司,花蓮縣花蓮市民德里００４鄰民德二街２８號１樓,花蓮縣,花蓮市,民德里,花蓮市一般行政區,否,否,5500000.0,2012,有限公司,Y,1,451099,其他商品批發經紀
87345184,,瑋誠工程行,花蓮縣花蓮市民德里００５鄰民德三街１５號１樓,花蓮縣,花蓮市,民德里,花蓮市一般行政區,否,否,1300000.0,2020,獨資,Y,1,433900,其他建築設備安裝
66983306,,良文企業社,花蓮縣花蓮市民德里００６鄰民德四街９號３樓之５,花蓮縣,花蓮市,民德里,花蓮市一般行政區,否,否,450000.0,2006,獨資,Y,1,429099,未分類其他土木工程
85087983,,謙敬資訊有限公司,花蓮縣花蓮市民德里００７鄰民權路３５巷１號,花蓮縣,花蓮市,民德里,花蓮市一般行政區,否,否,22500000.0,2019,有限公司,Y,1,433112,電路工程
91158232,,髮逗百元快剪,花蓮縣花蓮市民德里００８鄰民德四街５５―３號,花蓮縣,花蓮市,民德里,花蓮市一般行政區,否,否,100000.0,2021,獨資,N,0,487199,其他電子購物及郵購
61455528,,自在足體工坊,花蓮縣花蓮市民德里００８鄰民德四街５９－１號,花蓮縣,花蓮市,民德里,花蓮市一般行政區,否,否,50000.0,2026,獨資,N,0,969015,推拿按摩服務
95213860,,燕子老宅商行,花蓮縣花蓮市民德里０１０鄰中美路１３０號,花蓮縣,花蓮市,民德里,花蓮市一般行政區,否,否,30000.0,2025,獨資,N,0,561113,麵店、小吃店
91589892,,鑫櫻花日本料理,花蓮縣花蓮市民德里０１０鄰中美路１３４號１樓,花蓮縣,花蓮市,民德里,花蓮市一般行政區,否,否,200000.0,2022,獨資,Y,1,561115,餐廳
61481737,,十三妹螺螄粉美崙店,花蓮縣花蓮市民德里０１０鄰中美路７０號,花蓮縣,花蓮市,民德里,花蓮市一般行政區,否,否,5000.0,2026,獨資,N,0,561113,麵店、小吃店
93057750,,健康雲端企業社,花蓮縣花蓮市民德里０１０鄰民德一街５１號７樓之３,花蓮縣,花蓮市,民德里,花蓮市一般行政區,否,否,100000.0,2024,獨資,N,0,472921,糖果餅乾零售
91589231,,齊食餐廳,花蓮縣花蓮市民德里０１０鄰民權四街３６號１樓,花蓮縣,花蓮市,民德里,花蓮市一般行政區,否,否,200000.0,2022,獨資,N,0,561115,餐廳
91595923,,巴特沃實音樂工作室,花蓮縣花蓮市民德里０１１鄰民德一街１２６號５樓,花蓮縣,花蓮市,民德里,花蓮市一般行政區,否,否,100000.0,2022,獨資,N,0,903019,藝文作品展覽活動籌辦
87348555,,伊萊莎咖啡,花蓮縣花蓮市民德里０１１鄰民德一街１２８號１樓,花蓮縣,花蓮市,民德里,花蓮市一般行政區,否,否,50000.0,2020,獨資,N,0,472914,飲料零售
91151110,,青橄欖樹工作室,花蓮縣花蓮市民德里０１１鄰民德一街１２８號１樓,花蓮縣,花蓮市,民德里,花蓮市一般行政區,否,否,240000.0,2021,獨資,N,0,962299,其他美容美體服務
28377651,,璽賓實業股份有限公司,花蓮縣花蓮市民德里０１２鄰民權路２－６號１樓,花蓮縣,花蓮市,民德里,花蓮市一般行政區,否,否,71000000.0,2006,股份有限公司,Y,1,551012,旅館
42769637,,欣茂建設有限公司,花蓮縣花蓮市民德里０１２鄰民權路２－６號１樓,花蓮縣,花蓮市,民德里,花蓮市一般行政區,否,否,21880000.0,2016,有限公司,Y,1,670012,不動產投資開發
94031527,,邦富雅有限公司,花蓮縣花蓮市民德里０１５鄰民德四街２９號１樓,花蓮縣,花蓮市,民德里,花蓮市一般行政區,否,否,1500000.0,2023,有限公司,Y,1,561115,餐廳
91593690,,參拾參號餐館,花蓮縣花蓮市民德里０１５鄰民德四街３１號１樓,花蓮縣,花蓮市,民德里,花蓮市一般行政區,否,否,50000.0,2022,獨資,N,0,561111,早餐店
93089752,,羽立咖啡,花蓮縣花蓮市民德里０１６鄰民德一街９８號１樓,花蓮縣,花蓮市,民德里,花蓮市一般行政區,否,否,120000.0,2023,獨資,N,0,561113,麵店、小吃店
52218227,,森鴻創新有限公司,花蓮縣花蓮市民德里０１７鄰民德四街３７巷１１號１樓,花蓮縣,花蓮市,民德里,花蓮市一般行政區,否,否,600000.0,2016,有限公司,Y,1,454611,國產菸酒批發
53648273,,欣勝新企業有限公司,花蓮縣花蓮市民德里０１７鄰民德四街３７巷１１號１樓,花蓮縣,花蓮市,民德里,花蓮市一般行政區,否,否,10000000.0,2011,有限公司,Y,1,472913,菸酒零售
54104559,,阿之寶有限公司,花蓮縣花蓮市民德里０１７鄰民德四街３７巷１５號１樓,花蓮縣,花蓮市,民德里,花蓮市一般行政區,否,否,5000000.0,2012,有限公司,Y,1,581311,實體書籍出版
78851316,,大船行,花蓮縣花蓮市民德里１鄰民權三街２―１號,花蓮縣,花蓮市,民德里,花蓮市一般行政區,否,否,500000.0,1994,合夥,Y,1,472311,水產品零售
37997029,,以利屋企業社,花蓮縣花蓮市民德里１鄰民權二街１―１號４樓,花蓮縣,花蓮市,民德里,花蓮市一般行政區,否,否,50000.0,2013,獨資,Y,1,476112,書籍、雜誌零售
66991447,,泓誠工程行,花蓮縣花蓮市民德里１鄰民權二街２巷４號１樓,花蓮縣,花蓮市,民德里,花蓮市一般行政區,否,否,80000.0,2006,獨資,Y,1,474999,未分類其他家用器具及用品零售
18061513,,永耀工程行,花蓮縣花蓮市民德里１鄰民權路１７巷１號３樓,花蓮縣,花蓮市,民德里,花蓮市一般行政區,否,否,200000.0,2001,獨資,Y,1,410011,房屋修繕
95805034,,追逐設計室內裝修工程行,花蓮縣花蓮市民德里１鄰民權路３－１號１樓,花蓮縣,花蓮市,民德里,花蓮市一般行政區,否,否,60000.0,1995,獨資,Y,1,740100,室內設計
28769381,,花蓮海悅酒店有限公司,花蓮縣花蓮市民德里１鄰民權路５號,花蓮縣,花蓮市,民德里,花蓮市一般行政區,否,否,12000000.0,2007,有限公司,Y,1,551012,旅館
34891797,,多蜜企業行,花蓮縣花蓮市民德里１鄰民權路７―３號１樓,花蓮縣,花蓮市,民德里,花蓮市一般行政區,否,否,230000.0,2011,獨資,Y,1,433116,監視設備裝修工程
94349685,,嘉而新企業有限公司,花蓮縣花蓮市民德里１０鄰中美路８４號,花蓮縣,花蓮市,民德里,花蓮市一般行政區,否,否,8000000.0,1973,有限公司,Y,1,433111,水電工程
94831979,,佩登斯女子美容院,花蓮縣花蓮市民德里１０鄰民德一街５３號,花蓮縣,花蓮市,民德里,花蓮市一般行政區,否,否,3000.0,1984,獨資,N,0,962111,美髮院及髮廊
15780659,,彩杏早餐店,花蓮縣花蓮市民德里１０鄰民權四街３６號１樓,花蓮縣,花蓮市,民德里,花蓮市一般行政區,否,否,100000.0,2002,獨資,N,0,561111,早餐店
53852534,,茂群科技工程有限公司,花蓮縣花蓮市民德里１１鄰民德四街３７巷１弄１２號,花蓮縣,花蓮市,民德里,花蓮市一般行政區,否,否,2000000.0,2012,有限公司,Y,1,433111,水電工程
08152325,,財團法人台灣基督教門諾會附設花蓮縣私立黎明教養院,花蓮縣花蓮市民德里１２鄰民權路２－２號,花蓮縣,花蓮市,民德里,花蓮市一般行政區,否,否,3000.0,2005,其他,N,0,472111,蔬菜零售
31791099,,樂家企業社,花蓮縣花蓮市民德里１３鄰民權路１１―３號１樓,花蓮縣,花蓮市,民德里,花蓮市一般行政區,否,否,100000.0,2012,獨資,N,0,474316,竹、木、藤製（藤蓆除外）家飾品零售
64807065,,一心禮店,花蓮縣花蓮市民德里３鄰中美路１８號１樓,花蓮縣,花蓮市,民德里,花蓮市一般行政區,否,否,30000.0,1988,獨資,N,0,485299,未分類其他全新商品零售
67931897,,多桑台灣小吃,花蓮縣花蓮市民德里３鄰中美路２號,花蓮縣,花蓮市,民德里,花蓮市一般行政區,否,否,10000.0,1998,獨資,N,0,561113,麵店、小吃店
66966926,,艾加貝美妍館,花蓮縣花蓮市民德里３鄰中美路２８號,花蓮縣,花蓮市,民德里,花蓮市一般行政區,否,否,5000.0,2006,獨資,N,0,962111,美髮院及髮廊
09780077,,怡誠茶行,花蓮縣花蓮市民德里６鄰民德一街７６號,花蓮縣,花蓮市,民德里,花蓮市一般行政區,否,否,5000.0,2006,獨資,N,0,472915,茶葉零售
61460944,94607424,臺灣基督教門諾會醫療財團法人附設門諾產後護理之家,花蓮縣花蓮市民德里７鄰民權五街６１號,花蓮縣,花蓮市,民德里,花蓮市一般行政區,否,否,0.0,2026,其他,Y,1,869917,產後護理機構
61460965,94607424,臺灣基督教門諾會醫療財團法人門諾醫院健康管理中心,花蓮縣花蓮市民德里７鄰民權五街６１號,花蓮縣,花蓮市,民德里,花蓮市一般行政區,否,否,0.0,2026,其他,Y,1,681112,自有不動產租賃
61395156,16738841,新美崙企業股份有限公司美崙營業處,花蓮縣花蓮市民德里７鄰民權五街６１號及６３號,花蓮縣,花蓮市,民德里,花蓮市一般行政區,否,否,0.0,2026,其他,Y,1,524100,停車場管理
16907114,,多羅滿海上娛樂股份有限公司,花蓮縣花蓮市民德里７鄰民權路３７號,花蓮縣,花蓮市,民德里,花蓮市一般行政區,否,否,11000000.0,1999,股份有限公司,Y,1,932999,未分類其他娛樂及休閒服務
26116195,,經典牛排館,花蓮縣花蓮市民德里８鄰民德四街３３號１樓,花蓮縣,花蓮市,民德里,花蓮市一般行政區,否,否,3000.0,2009,獨資,N,0,561113,麵店、小吃店
86270565,,元裕石業股份有限公司,花蓮縣花蓮市民心里精美路１號,花蓮縣,花蓮市,民心里,花蓮市一般行政區,否,否,16000000.0,1991,股份有限公司,Y,1,234099,其他石材製品製造
94776960,,澐鋒實業股份有限公司,花蓮縣花蓮市民心里精美路１０號,花蓮縣,花蓮市,民心里,花蓮市一般行政區,否,否,12000000.0,1987,股份有限公司,Y,1,234099,其他石材製品製造
60227293,11913502,台灣水泥股份有限公司台北水泥製品廠花蓮分廠,花蓮縣花蓮市民心里精美路２―１號,花蓮縣,花蓮市,民心里,花蓮市一般行政區,否,否,0.0,2025,其他,Y,1,233200,預拌混凝土製造
84547383,,華通興機械股份有限公司,花蓮縣花蓮市民心里精美路２０號,花蓮縣,花蓮市,民心里,花蓮市一般行政區,否,否,6000000.0,1993,股份有限公司,Y,1,252100,金屬結構製造
94852410,,營成汽車工業股份有限公司,花蓮縣花蓮市民心里精美路２３號,花蓮縣,花蓮市,民心里,花蓮市一般行政區,否,否,5000000.0,1985,股份有限公司,Y,1,484111,全新汽車零售
27667702,,鑫囍企業股份有限公司,花蓮縣花蓮市民心里精美路２８號,花蓮縣,花蓮市,民心里,花蓮市一般行政區,否,否,12000000.0,2005,股份有限公司,Y,1,091900,其他酒精飲料製造
23411624,,祥泰石藝有限公司,花蓮縣花蓮市民心里精美路３號,花蓮縣,花蓮市,民心里,花蓮市一般行政區,否,否,5563500.0,1991,有限公司,Y,1,234011,石材家具及其製品製造
23808913,,富橙實業股份有限公司,花蓮縣花蓮市民心里精美路３２號,花蓮縣,花蓮市,民心里,花蓮市一般行政區,否,否,7000000.0,1990,股份有限公司,Y,1,241212,鑄鐵件鑄造
24385413,24382627,東部汽車股份有限公司美崙分公司,花蓮縣花蓮市民心里精美路３３號,花蓮縣,花蓮市,民心里,花蓮市一般行政區,否,否,0.0,2009,本國公司設立之分公司,Y,1,484311,汽車零件、汽車百貨零售
94621832,,旭華石業股份有限公司,花蓮縣花蓮市民心里精美路６號,花蓮縣,花蓮市,民心里,花蓮市一般行政區,否,否,60000000.0,1973,股份有限公司,Y,1,060011,大理石採取
86235195,,東穎石材有限公司,花蓮縣花蓮市民心里美工七街１號,花蓮縣,花蓮市,民心里,花蓮市一般行政區,否,否,5000000.0,1991,有限公司,Y,1,461311,貼面石材批發
29369948,89939090,晉瑜企業股份有限公司花蓮研磨廠,花蓮縣花蓮市民心里美工七街１１號,花蓮縣,花蓮市,民心里,花蓮市一般行政區,否,否,0.0,2005,其他,Y,1,233100,水泥製造
94620968,,慶豐源企業股份有限公司,花蓮縣花蓮市民心里美工七街１８號,花蓮縣,花蓮市,民心里,花蓮市一般行政區,否,否,20000000.0,1973,股份有限公司,Y,1,234099,其他石材製品製造
94783913,,紫竹石業股份有限公司,花蓮縣花蓮市民心里美工七街２４號,花蓮縣,花蓮市,民心里,花蓮市一般行政區,否,否,15000000.0,1981,股份有限公司,Y,1,234011,石材家具及其製品製造
70373896,,禾寶豐實業有限公司,花蓮縣花蓮市民心里美工七街２６號,花蓮縣,花蓮市,民心里,花蓮市一般行政區,否,否,2000000.0,1999,有限公司,Y,1,183012,其他複合肥料製造
94787072,,震野工業有限公司,花蓮縣花蓮市民心里美工七街２６號,花蓮縣,花蓮市,民心里,花蓮市一般行政區,否,否,1000000.0,1981,有限公司,Y,1,234099,其他石材製品製造
60436236,,開能機械有限公司,花蓮縣花蓮市民心里美工七街３０號,花蓮縣,花蓮市,民心里,花蓮市一般行政區,否,否,1000000.0,2025,有限公司,Y,1,293999,未分類其他通用機械設備製造
97412231,,捷昌機械有限公司,花蓮縣花蓮市民心里美工七街３０號,花蓮縣,花蓮市,民心里,花蓮市一般行政區,否,否,10000000.0,1997,有限公司,Y,1,241212,鑄鐵件鑄造
20063256,58010104,三五橡膠廠股份有限公司花蓮加工廠,花蓮縣花蓮市民心里美工七街４號,花蓮縣,花蓮市,民心里,花蓮市一般行政區,否,否,0.0,1997,其他,Y,1,210200,工業用橡膠製品製造
86266416,,新石石業股份有限公司,花蓮縣花蓮市民心里美工七街６號,花蓮縣,花蓮市,民心里,花蓮市一般行政區,否,否,10000000.0,1992,股份有限公司,Y,1,234011,石材家具及其製品製造
93050953,,富翔商行,花蓮縣花蓮市民心里美工七街６號,花蓮縣,花蓮市,民心里,花蓮市一般行政區,否,否,100000.0,2024,獨資,N,0,472311,水產品零售
22977735,,馬克奈米科技股份有限公司,花蓮縣花蓮市民心里美工七街８號,花蓮縣,花蓮市,民心里,花蓮市一般行政區,否,否,21000000.0,1988,股份有限公司,Y,1,464999,未分類其他機械器具批發
94761896,11730150,鉅工實業股份有限公司花蓮分公司,花蓮縣花蓮市民心里美工三街１號,花蓮縣,花蓮市,民心里,花蓮市一般行政區,否,否,0.0,1985,本國公司設立之分公司,Y,1,464317,農用及園藝機械批發
18053464,73641592,亞東預拌混凝土股份有限公司美崙廠,花蓮縣花蓮市民心里美工三街１２號,花蓮縣,花蓮市,民心里,花蓮市一般行政區,否,否,0.0,2001,其他,Y,1,233200,預拌混凝土製造
23251083,,能博萬股份有限公司,花蓮縣花蓮市民心里美工九街１號,花蓮縣,花蓮市,民心里,花蓮市一般行政區,否,否,10000000.0,1990,股份有限公司,Y,1,234099,其他石材製品製造
94803093,,山誠實業股份有限公司,花蓮縣花蓮市民心里美工九街１５號,花蓮縣,花蓮市,民心里,花蓮市一般行政區,否,否,10000000.0,1982,股份有限公司,Y,1,461311,貼面石材批發
53866880,,立丞鐵材有限公司,花蓮縣花蓮市民心里美工九街３號１樓,花蓮縣,花蓮市,民心里,花蓮市一般行政區,否,否,3000000.0,2012,有限公司,Y,1,241213,鑄鋼件鑄造
22964062,,崧匯企業股份有限公司,花蓮縣花蓮市民心里美工九街４號,花蓮縣,花蓮市,民心里,花蓮市一般行政區,否,否,20000000.0,1989,股份有限公司,Y,1,234099,其他石材製品製造
78042033,51015548,嘉里大榮物流股份有限公司花蓮營業所,花蓮縣花蓮市民心里美工九街５號,花蓮縣,花蓮市,民心里,花蓮市一般行政區,否,否,0.0,1992,其他,Y,1,494099,其他汽車貨運
94620003,,國合大理石工廠有限公司,花蓮縣花蓮市民心里美工五街１號,花蓮縣,花蓮市,民心里,花蓮市一般行政區,否,否,20000000.0,1969,有限公司,Y,1,234011,石材家具及其製品製造
67935036,16093742,鳳勝實業股份有限公司花蓮廠,花蓮縣花蓮市民心里美工五街３號,花蓮縣,花蓮市,民心里,花蓮市一般行政區,否,否,0.0,1998,其他,Y,1,233200,預拌混凝土製造
23105414,,國洲石材企業股份有限公司,花蓮縣花蓮市民心里美工五街４號,花蓮縣,花蓮市,民心里,花蓮市一般行政區,否,否,29000000.0,2002,股份有限公司,Y,1,234011,石材家具及其製品製造
54110172,,旭毅石材企業有限公司,花蓮縣花蓮市民心里美工五街４號,花蓮縣,花蓮市,民心里,花蓮市一般行政區,否,否,20000000.0,2013,有限公司,Y,1,234011,石材家具及其製品製造
23527765,,大華鑽石工業股份有限公司,花蓮縣花蓮市民心里美工五街７號,花蓮縣,花蓮市,民心里,花蓮市一般行政區,否,否,20000000.0,1990,股份有限公司,Y,1,464999,未分類其他機械器具批發
54808163,,台穎石業股份有限公司,花蓮縣花蓮市民心里美工八街１號,花蓮縣,花蓮市,民心里,花蓮市一般行政區,否,否,5000000.0,2014,股份有限公司,Y,1,481014,居家修繕用品零售
56012507,,特鑫鑽石科技有限公司,花蓮縣花蓮市民心里美工八街１號,花蓮縣,花蓮市,民心里,花蓮市一般行政區,否,否,7071700.0,2017,有限公司,Y,1,464319,建築及礦業用機械批發
22692203,,福春科技股份有限公司,花蓮縣花蓮市民心里美工八街１１號,花蓮縣,花蓮市,民心里,花蓮市一般行政區,否,否,12000000.0,1988,股份有限公司,Y,1,234011,石材家具及其製品製造
28390303,,縉泓實業有限公司,花蓮縣花蓮市民心里美工八街１３號,花蓮縣,花蓮市,民心里,花蓮市一般行政區,否,否,4000000.0,2007,有限公司,Y,1,461311,貼面石材批發
07718318,,保德大理石企業股份有限公司,花蓮縣花蓮市民心里美工八街１７號,花蓮縣,花蓮市,民心里,花蓮市一般行政區,否,否,95000000.0,1984,股份有限公司,Y,1,234011,石材家具及其製品製造
70843172,,石新精材國際股份有限公司,花蓮縣花蓮市民心里美工八街１８號,花蓮縣,花蓮市,民心里,花蓮市一般行政區,否,否,120000000.0,2000,股份有限公司,Y,1,461999,未分類其他建材批發
84631656,,大鑫石材企業有限公司,花蓮縣花蓮市民心里美工八街２號,花蓮縣,花蓮市,民心里,花蓮市一般行政區,否,否,3000000.0,1993,有限公司,Y,1,461311,貼面石材批發
91053791,,駿品石材企業有限公司,花蓮縣花蓮市民心里美工八街２號,花蓮縣,花蓮市,民心里,花蓮市一般行政區,否,否,100000.0,2021,有限公司,Y,1,461311,貼面石材批發
94790484,,新歐聖石材股份有限公司,花蓮縣花蓮市民心里美工八街２１號,花蓮縣,花蓮市,民心里,花蓮市一般行政區,否,否,20000000.0,1981,股份有限公司,Y,1,234011,石材家具及其製品製造
94775049,,一同石材有限公司,花蓮縣花蓮市民心里美工八街３號,花蓮縣,花蓮市,民心里,花蓮市一般行政區,否,否,10000000.0,1980,有限公司,Y,1,234011,石材家具及其製品製造
00223131,,京奇環境事業有限公司,花蓮縣花蓮市民心里美工八街３號１樓　　,花蓮縣,花蓮市,民心里,花蓮市一般行政區,否,否,5000000.0,2024,有限公司,Y,1,381111,一般事業廢棄物清除
94751617,,全一泡力龍企業有限公司,花蓮縣花蓮市民心里美工八街４號,花蓮縣,花蓮市,民心里,花蓮市一般行政區,否,否,5000000.0,1985,有限公司,Y,1,220999,未分類其他塑膠製品製造
94752355,,榮春大理石股份有限公司,花蓮縣花蓮市民心里美工八街５號,花蓮縣,花蓮市,民心里,花蓮市一般行政區,否,否,20500000.0,1978,股份有限公司,Y,1,234011,石材家具及其製品製造
12607235,,協和開發有限公司,花蓮縣花蓮市民心里美工八街５號１樓,花蓮縣,花蓮市,民心里,花蓮市一般行政區,否,否,3000000.0,2000,有限公司,Y,1,461213,磚瓦批發
45110087,,台灣守集室內裝修工程有限公司,花蓮縣花蓮市民心里美工八街６號,花蓮縣,花蓮市,民心里,花蓮市一般行政區,否,否,5000000.0,2016,有限公司,Y,1,439099,未分類其他專門營造
96763482,,台灣守集生醫有限公司,花蓮縣花蓮市民心里美工八街６號,花蓮縣,花蓮市,民心里,花蓮市一般行政區,否,否,500000.0,2024,有限公司,Y,1,454920,保健營養食品批發
94761798,,維春大理石股份有限公司,花蓮縣花蓮市民心里美工八街９號,花蓮縣,花蓮市,民心里,花蓮市一般行政區,否,否,5900000.0,1979,股份有限公司,Y,1,234011,石材家具及其製品製造
94245892,,國宏大理石企業有限公司,花蓮縣花蓮市民心里美工六街１４號,花蓮縣,花蓮市,民心里,花蓮市一般行政區,否,否,6000000.0,1973,有限公司,Y,1,234011,石材家具及其製品製造
12605736,,偉伯司科技開發股份有限公司,花蓮縣花蓮市民心里美工六街１６號,花蓮縣,花蓮市,民心里,花蓮市一般行政區,否,否,1000000.0,2000,股份有限公司,Y,1,483111,電腦及電腦週邊設備零售
16229213,,台灣綠理礦產開發有限公司,花蓮縣花蓮市民心里美工六街１６號,花蓮縣,花蓮市,民心里,花蓮市一般行政區,否,否,59000000.0,1997,有限公司,Y,1,461311,貼面石材批發
24350744,,臻匯饌有限公司,花蓮縣花蓮市民心里美工六街２號,花蓮縣,花蓮市,民心里,花蓮市一般行政區,否,否,250000.0,2009,有限公司,Y,1,471999,未分類其他綜合商品零售
86179617,,超烽有限公司,花蓮縣花蓮市民心里美工六街２４－１號,花蓮縣,花蓮市,民心里,花蓮市一般行政區,否,否,10000000.0,1991,有限公司,Y,1,234011,石材家具及其製品製造
94348497,03564501,台灣三洋電機股份有限公司花東營業處,花蓮縣花蓮市民心里美工六街２８號１樓,花蓮縣,花蓮市,民心里,花蓮市一般行政區,否,否,0.0,1978,其他,Y,1,474199,其他家用電器零售
16735529,,建華開發有限公司,花蓮縣花蓮市民心里美工六街３６號,花蓮縣,花蓮市,民心里,花蓮市一般行政區,否,否,5000000.0,1999,有限公司,Y,1,089111,糕餅麵包製造
94841028,,力總企業有限公司,花蓮縣花蓮市民心里美工六街４５號,花蓮縣,花蓮市,民心里,花蓮市一般行政區,否,否,13000000.0,1984,有限公司,Y,1,234011,石材家具及其製品製造
54263465,,丞豐石材有限公司,花蓮縣花蓮市民心里美工六街６號,花蓮縣,花蓮市,民心里,花蓮市一般行政區,否,否,3000000.0,2013,有限公司,Y,1,461311,貼面石材批發
54503964,,碩豐石材股份有限公司,花蓮縣花蓮市民心里美工六街６號,花蓮縣,花蓮市,民心里,花蓮市一般行政區,否,否,12000000.0,2013,股份有限公司,Y,1,234011,石材家具及其製品製造
90246835,,恆春氣體工業股份有限公司,花蓮縣花蓮市民心里美工四街４號１樓,花蓮縣,花蓮市,民心里,花蓮市一般行政區,否,否,4000000.0,2022,股份有限公司,Y,1,462099,其他化學原材料及其製品批發
26788469,,翊勛企業社,花蓮縣花蓮市民心里美工四街５號,花蓮縣,花蓮市,民心里,花蓮市一般行政區,否,否,200000.0,2011,獨資,Y,1,234099,其他石材製品製造
54799919,,翊勛企業股份有限公司,花蓮縣花蓮市民心里美工四街５號,花蓮縣,花蓮市,民心里,花蓮市一般行政區,否,否,32000000.0,2014,股份有限公司,Y,1,234011,石材家具及其製品製造
22804559,,瑋俊大理石股份有限公司,花蓮縣花蓮市民心里美工四街６號,花蓮縣,花蓮市,民心里,花蓮市一般行政區,否,否,28800000.0,1988,股份有限公司,Y,1,234099,其他石材製品製造
15791488,,國聖企業社,花蓮縣花蓮市民心里美工四街８號,花蓮縣,花蓮市,民心里,花蓮市一般行政區,否,否,50000.0,2003,獨資,Y,1,241212,鑄鐵件鑄造
53384119,,香又香食品股份有限公司,花蓮縣花蓮市民心里美工四街９號１樓,花蓮縣,花蓮市,民心里,花蓮市一般行政區,否,否,11000000.0,2011,股份有限公司,N,0,562012,團膳承包
22378725,,頂好石業股份有限公司,花蓮縣花蓮市民心里美工路１０號,花蓮縣,花蓮市,民心里,花蓮市一般行政區,否,否,49975000.0,1987,股份有限公司,Y,1,234011,石材家具及其製品製造
84348504,,華王食品股份有限公司,花蓮縣花蓮市民心里美工路１１號,花蓮縣,花蓮市,民心里,花蓮市一般行政區,否,否,29500000.0,1993,股份有限公司,Y,1,089917,冷藏餐食製造
22238719,,國聖石材股份有限公司,花蓮縣花蓮市民心里美工路１３號,花蓮縣,花蓮市,民心里,花蓮市一般行政區,否,否,7000000.0,1986,股份有限公司,Y,1,234011,石材家具及其製品製造
94646799,,國然資源開發股份有限公司,花蓮縣花蓮市民心里美工路１７號,花蓮縣,花蓮市,民心里,花蓮市一般行政區,否,否,20000000.0,1974,股份有限公司,Y,1,234012,石材建材及其製品製造
54103046,,珞克斯貿易有限公司,花蓮縣花蓮市民心里美工路２１號１樓,花蓮縣,花蓮市,民心里,花蓮市一般行政區,否,否,5000000.0,2012,有限公司,Y,1,461311,貼面石材批發
94815106,,三亞資源開發股份有限公司,花蓮縣花蓮市民心里美工路２６號,花蓮縣,花蓮市,民心里,花蓮市一般行政區,否,否,29000000.0,1983,股份有限公司,Y,1,234011,石材家具及其製品製造
94772417,,雲太實業股份有限公司,花蓮縣花蓮市民心里美工路２７號,花蓮縣,花蓮市,民心里,花蓮市一般行政區,否,否,25000000.0,1980,股份有限公司,Y,1,234011,石材家具及其製品製造
94788451,,一德大理石股份有限公司,花蓮縣花蓮市民心里美工路２９號,花蓮縣,花蓮市,民心里,花蓮市一般行政區,否,否,29000000.0,1981,股份有限公司,Y,1,461311,貼面石材批發
91589611,,琞悅商號,花蓮縣花蓮市民心里美工路３３號,花蓮縣,花蓮市,民心里,花蓮市一般行政區,否,否,200000.0,2022,獨資,N,0,820914,包裝承攬服務
84608439,,尚興大理石企業有限公司,花蓮縣花蓮市民心里美工路３４號,花蓮縣,花蓮市,民心里,花蓮市一般行政區,否,否,5000000.0,1993,有限公司,Y,1,234099,其他石材製品製造
22804740,,岡隆石業股份有限公司,花蓮縣花蓮市民心里美工路３５號,花蓮縣,花蓮市,民心里,花蓮市一般行政區,否,否,17500000.0,1989,股份有限公司,Y,1,234011,石材家具及其製品製造
94762311,,新振昌石業股份有限公司,花蓮縣花蓮市民心里美工路３７號,花蓮縣,花蓮市,民心里,花蓮市一般行政區,否,否,20000000.0,1979,股份有限公司,Y,1,234011,石材家具及其製品製造
94733750,,宏昇大理石企業股份有限公司,花蓮縣花蓮市民心里美工路３８號,花蓮縣,花蓮市,民心里,花蓮市一般行政區,否,否,29800000.0,1977,股份有限公司,Y,1,234012,石材建材及其製品製造
94757865,,祐將企業股份有限公司,花蓮縣花蓮市民心里美工路３９號,花蓮縣,花蓮市,民心里,花蓮市一般行政區,否,否,5000000.0,1979,股份有限公司,Y,1,234011,石材家具及其製品製造
94623661,,碩山企業股份有限公司,花蓮縣花蓮市民心里美工路４０號,花蓮縣,花蓮市,民心里,花蓮市一般行政區,否,否,10000000.0,1985,股份有限公司,Y,1,234011,石材家具及其製品製造
94653138,,諒興大理石企業有限公司,花蓮縣花蓮市民心里美工路４１號,花蓮縣,花蓮市,民心里,花蓮市一般行政區,否,否,23000000.0,1975,有限公司,Y,1,234011,石材家具及其製品製造
94827074,,圭隆實業股份有限公司,花蓮縣花蓮市民心里美工路４３號,花蓮縣,花蓮市,民心里,花蓮市一般行政區,否,否,16000000.0,1983,股份有限公司,Y,1,234011,石材家具及其製品製造
94768862,,利國石業股份有限公司,花蓮縣花蓮市民心里美工路４５號,花蓮縣,花蓮市,民心里,花蓮市一般行政區,否,否,30500000.0,1980,股份有限公司,Y,1,234099,其他石材製品製造
13021062,,鑫盈興營造有限公司,花蓮縣花蓮市民心里美工路４９號,花蓮縣,花蓮市,民心里,花蓮市一般行政區,否,否,3600000.0,2002,有限公司,Y,1,429099,未分類其他土木工程
94055392,,達盈興業有限公司,花蓮縣花蓮市民心里美工路４９號,花蓮縣,花蓮市,民心里,花蓮市一般行政區,否,否,33000000.0,1973,有限公司,Y,1,431011,建築鋼架組立
94758294,,松茂石材股份有限公司,花蓮縣花蓮市民心里美工路５１號,花蓮縣,花蓮市,民心里,花蓮市一般行政區,否,否,27000000.0,1979,股份有限公司,Y,1,234011,石材家具及其製品製造
94756900,,正全大理石工業股份有限公司,花蓮縣花蓮市民心里美工路５２號,花蓮縣,花蓮市,民心里,花蓮市一般行政區,否,否,47500000.0,1979,股份有限公司,Y,1,234099,其他石材製品製造
22502597,,富保企業有限公司,花蓮縣花蓮市民心里美工路５３號,花蓮縣,花蓮市,民心里,花蓮市一般行政區,否,否,20000000.0,1987,有限公司,Y,1,292999,其他未分類專用機械設備製造
22571313,,嵩耀企業股份有限公司,花蓮縣花蓮市民心里美工路５４號,花蓮縣,花蓮市,民心里,花蓮市一般行政區,否,否,29000000.0,1987,股份有限公司,Y,1,234011,石材家具及其製品製造
18058904,70624227,台灣宅配通股份有限公司花蓮營業所,花蓮縣花蓮市民心里美工路５５號,花蓮縣,花蓮市,民心里,花蓮市一般行政區,否,否,0.0,2001,其他,Y,1,494099,其他汽車貨運
26593078,27369470,安欣科技服務股份有限公司花蓮服務站,花蓮縣花蓮市民心里美工路５５號,花蓮縣,花蓮市,民心里,花蓮市一般行政區,否,否,0.0,2010,其他,Y,1,952312,家用電器維修
24656040,,樺冠冷凍食品有限公司,花蓮縣花蓮市民心里美工路５６號,花蓮縣,花蓮市,民心里,花蓮市一般行政區,否,否,25000000.0,2014,有限公司,Y,1,081216,冷凍調理肉類製造
26795969,,千山玉石坊,花蓮縣花蓮市民心里美工路６號,花蓮縣,花蓮市,民心里,花蓮市一般行政區,否,否,100000.0,2012,獨資,Y,1,485216,礦物（寶石、貴金屬除外）零售
34886231,,冠馨行,花蓮縣花蓮市民心里美工路６號,花蓮縣,花蓮市,民心里,花蓮市一般行政區,否,否,200000.0,2010,獨資,Y,1,472999,未分類其他食品、飲料及菸草製品零售
94170007,03787101,台灣菸酒股份有限公司花蓮酒廠,花蓮縣花蓮市民心里美工路６號,花蓮縣,花蓮市,民心里,花蓮市一般行政區,否,否,0.0,1961,其他,Y,1,091900,其他酒精飲料製造
94762889,,召華石礦股份有限公司,花蓮縣花蓮市民心里美工路６０號,花蓮縣,花蓮市,民心里,花蓮市一般行政區,否,否,48000000.0,1979,股份有限公司,Y,1,060011,大理石採取
22489481,,棟隆企業股份有限公司,花蓮縣花蓮市民心里美工路６１號,花蓮縣,花蓮市,民心里,花蓮市一般行政區,否,否,60000000.0,1987,股份有限公司,Y,1,234011,石材家具及其製品製造
28560257,,百悅休閒飯店有限公司,花蓮縣花蓮市民心里美工路６１號１樓,花蓮縣,花蓮市,民心里,花蓮市一般行政區,否,否,10000000.0,2007,有限公司,Y,1,681112,自有不動產租賃
94156390,,昶聖有限公司,花蓮縣花蓮市民心里美工路６２號,花蓮縣,花蓮市,民心里,花蓮市一般行政區,否,否,100000.0,2023,有限公司,Y,1,649911,投資有價證券
94232242,,梓聖有限公司,花蓮縣花蓮市民心里美工路６２號,花蓮縣,花蓮市,民心里,花蓮市一般行政區,否,否,100000.0,2023,有限公司,Y,1,649911,投資有價證券
94232290,,秦聖有限公司,花蓮縣花蓮市民心里美工路６２號,花蓮縣,花蓮市,民心里,花蓮市一般行政區,否,否,100000.0,2023,有限公司,Y,1,649911,投資有價證券
94345800,,新歐聖企業股份有限公司,花蓮縣花蓮市民心里美工路６２號,花蓮縣,花蓮市,民心里,花蓮市一般行政區,否,否,29000000.0,1966,股份有限公司,Y,1,234011,石材家具及其製品製造
31084573,,屹華企業股份有限公司,花蓮縣花蓮市民心里美工路６５號,花蓮縣,花蓮市,民心里,花蓮市一般行政區,否,否,15000000.0,1985,股份有限公司,Y,1,234011,石材家具及其製品製造
86188616,,協瑩機械股份有限公司,花蓮縣花蓮市民心里美工路６７號,花蓮縣,花蓮市,民心里,花蓮市一般行政區,否,否,12000000.0,1991,股份有限公司,Y,1,292999,其他未分類專用機械設備製造
00241145,,達摩人工智能股份有限公司,花蓮縣花蓮市民心里美工路９號,花蓮縣,花蓮市,民心里,花蓮市一般行政區,否,否,5200000.0,2024,股份有限公司,Y,1,464112,電腦套裝軟體批發
28069802,,德久食品有限公司,花蓮縣花蓮市民心里美工路９號,花蓮縣,花蓮市,民心里,花蓮市一般行政區,否,否,3500000.0,2006,有限公司,Y,1,083019,其他豆類加工食品製造
08140692,,金合發壹，貳號,花蓮縣花蓮市民心里華西街１０號,花蓮縣,花蓮市,民心里,花蓮市一般行政區,否,否,45000.0,1987,獨資,N,0,031012,近海及沿岸漁撈
78835597,,金合發―號,花蓮縣花蓮市民心里華西街１０號,花蓮縣,花蓮市,民心里,花蓮市一般行政區,否,否,2000000.0,1993,獨資,N,0,472311,水產品零售
78835604,,金合發二號,花蓮縣花蓮市民心里華西街１０號,花蓮縣,花蓮市,民心里,花蓮市一般行政區,否,否,2000000.0,1993,獨資,N,0,472311,水產品零售
53781692,,詠順億交通有限公司,花蓮縣花蓮市民心里華西街１０６號,花蓮縣,花蓮市,民心里,花蓮市一般行政區,否,否,27000000.0,2011,有限公司,Y,1,494099,其他汽車貨運
94247792,,羿聖企業股份有限公司,花蓮縣花蓮市民心里華西街１１５號,花蓮縣,花蓮市,民心里,花蓮市一般行政區,否,否,600000.0,2023,股份有限公司,Y,1,681113,不動產轉租賃
94768080,,建宏木箱行,花蓮縣花蓮市民心里華西街１９之１號,花蓮縣,花蓮市,民心里,花蓮市一般行政區,否,否,2000000.0,1979,獨資,Y,1,140400,木質容器製造
64819196,,秋菊商號,花蓮縣花蓮市民心里華西街２４之３號,花蓮縣,花蓮市,民心里,花蓮市一般行政區,否,否,3000.0,1989,獨資,N,0,472913,菸酒零售
78030607,,攤販―洪招治,花蓮縣花蓮市民心里華西街２６之１號門前,花蓮縣,花蓮市,民心里,花蓮市一般行政區,否,否,3000.0,1991,獨資,N,0,472936,檳榔零售
76959348,,達新企業社,花蓮縣花蓮市民心里華西街４９之５號,花蓮縣,花蓮市,民心里,花蓮市一般行政區,否,否,5000.0,1990,獨資,N,0,484311,汽車零件、汽車百貨零售
90439381,,禾德豐股份有限公司,花蓮縣花蓮市民心里華西１０８－１２號,花蓮縣,花蓮市,民心里,花蓮市一般行政區,否,否,36000000.0,2021,股份有限公司,Y,1,472927,豆類製品零售
70523425,,花蓮區石材資源化處理股份有限公司,花蓮縣花蓮市民心里華西１２６號,花蓮縣,花蓮市,民心里,花蓮市一般行政區,否,否,65200000.0,2000,股份有限公司,Y,1,382111,一般事業廢棄物處理
42226579,,奕凱企業社,花蓮縣花蓮市民心里華西４８－１號１樓,花蓮縣,花蓮市,民心里,花蓮市一般行政區,否,否,248000.0,2016,獨資,Y,1,484311,汽車零件、汽車百貨零售
99472728,,金連盛企業社,花蓮縣花蓮市民心里華西５６－５號,花蓮縣,花蓮市,民心里,花蓮市一般行政區,否,否,3490000.0,2004,獨資,Y,1,469199,其他回收物料批發
50563454,,元大汽車商行,花蓮縣花蓮市民心里００１鄰府前路７１０號,花蓮縣,花蓮市,民心里,花蓮市一般行政區,否,否,50000.0,2016,獨資,N,0,484112,中古汽車零售
82176532,,銳克體育用品,花蓮縣花蓮市民心里００１鄰華西街７―１號,花蓮縣,花蓮市,民心里,花蓮市一般行政區,否,否,1000000.0,2018,獨資,Y,1,473211,服裝零售
54797187,,兆鈦興業有限公司,花蓮縣花蓮市民心里００２鄰華西街２４―１０號１樓,花蓮縣,花蓮市,民心里,花蓮市一般行政區,否,否,1000000.0,2014,有限公司,Y,1,439099,未分類其他專門營造
45108771,,碩創精密崗石有限公司,花蓮縣花蓮市民心里００３鄰美工七街１８號,花蓮縣,花蓮市,民心里,花蓮市一般行政區,否,否,10000000.0,2016,有限公司,Y,1,461311,貼面石材批發
84229303,,譽新石業股份有限公司,花蓮縣花蓮市民心里００３鄰美工七街１８號,花蓮縣,花蓮市,民心里,花蓮市一般行政區,否,否,20000000.0,1993,股份有限公司,Y,1,234011,石材家具及其製品製造
23862140,,慶康貿易股份有限公司,花蓮縣花蓮市民心里００３鄰美工七街２８號,花蓮縣,花蓮市,民心里,花蓮市一般行政區,否,否,25000000.0,1990,股份有限公司,Y,1,461311,貼面石材批發
90142310,,台翔興業有限公司,花蓮縣花蓮市民心里００３鄰美工八街１０號１樓,花蓮縣,花蓮市,民心里,花蓮市一般行政區,否,否,11000000.0,2022,有限公司,Y,1,140112,木材保存處理
53389091,,富泰石業有限公司,花蓮縣花蓮市民心里００３鄰美工六街２０號,花蓮縣,花蓮市,民心里,花蓮市一般行政區,否,否,8000000.0,2011,有限公司,Y,1,461311,貼面石材批發
03090315,,博德工業股份有限公司,花蓮縣花蓮市民心里００３鄰美工路２７號,花蓮縣,花蓮市,民心里,花蓮市一般行政區,否,否,18000000.0,1973,股份有限公司,Y,1,461311,貼面石材批發
24651050,,博德實業有限公司,花蓮縣花蓮市民心里００３鄰美工路２７號１樓,花蓮縣,花蓮市,民心里,花蓮市一般行政區,否,否,12880000.0,2014,有限公司,Y,1,461311,貼面石材批發
60275392,,泰國料理小吃,花蓮縣花蓮市民心里００３鄰美工路３６號,花蓮縣,花蓮市,民心里,花蓮市一般行政區,否,否,90000.0,2025,獨資,N,0,561113,麵店、小吃店
42211267,42746190,宜發企業股份有限公司花蓮營業所,花蓮縣花蓮市民心里００３鄰美工路４３號,花蓮縣,花蓮市,民心里,花蓮市一般行政區,否,否,0.0,2015,其他,Y,1,454700,非酒精飲料批發
24654161,,鉑特索鋸股份有限公司,花蓮縣花蓮市民心里００３鄰美工路７號,花蓮縣,花蓮市,民心里,花蓮市一般行政區,否,否,12662000.0,2014,股份有限公司,Y,1,464999,未分類其他機械器具批發
60478734,,齊名揚資產管理有限公司,花蓮縣花蓮市民心里００３鄰美工路７號,花蓮縣,花蓮市,民心里,花蓮市一般行政區,否,否,1000000.0,2025,有限公司,Y,1,670012,不動產投資開發
83069095,,澤道投資股份有限公司,花蓮縣花蓮市民心里００３鄰美工路７號,花蓮縣,花蓮市,民心里,花蓮市一般行政區,否,否,29000000.0,2020,股份有限公司,Y,1,649911,投資有價證券
89848824,,順民貨運股份有限公司,花蓮縣花蓮市民心里００３鄰美工路７號,花蓮縣,花蓮市,民心里,花蓮市一般行政區,否,否,35000000.0,2002,股份有限公司,Y,1,494099,其他汽車貨運
90233487,,快電儲能股份有限公司,花蓮縣花蓮市民心里００３鄰美工路７號,花蓮縣,花蓮市,民心里,花蓮市一般行政區,否,否,47500000.0,2022,股份有限公司,Y,1,760999,其他未分類專業、科學及技術服務
93787243,,齊名揚國際理財有限公司,花蓮縣花蓮市民心里００３鄰美工路７號,花蓮縣,花蓮市,民心里,花蓮市一般行政區,否,否,100000.0,2023,有限公司,Y,1,760999,其他未分類專業、科學及技術服務
96816116,,順民車輛服務股份有限公司,花蓮縣花蓮市民心里００３鄰美工路７號,花蓮縣,花蓮市,民心里,花蓮市一般行政區,否,否,5000000.0,2024,股份有限公司,Y,1,772100,汽車租賃
19532196,,北埔舊貨商行,花蓮縣花蓮市民心里００４鄰華西５４－１號１樓,花蓮縣,花蓮市,民心里,花蓮市一般行政區,否,否,200000.0,1996,獨資,Y,1,383099,其他資源物回收處理
84689663,,美光不銹鋼廚具有限公司,花蓮縣花蓮市民心里００６鄰華西街６４號１樓,花蓮縣,花蓮市,民心里,花蓮市一般行政區,否,否,2000000.0,1994,有限公司,Y,1,434013,房屋設備安裝工程
45046157,,恆好純蜜股份有限公司,花蓮縣花蓮市民心里００６鄰華西街７７―２號,花蓮縣,花蓮市,民心里,花蓮市一般行政區,否,否,27000000.0,2016,股份有限公司,Y,1,453911,天然蜂蜜批發
55939310,,洄遊吧有限公司,花蓮縣花蓮市民心里００６鄰華西７１號,花蓮縣,花蓮市,民心里,花蓮市一般行政區,否,否,3000000.0,2016,有限公司,Y,1,932999,未分類其他娛樂及休閒服務
16714355,,銓順洗衣有限公司,花蓮縣花蓮市民心里００７鄰美工六街６－１號,花蓮縣,花蓮市,民心里,花蓮市一般行政區,否,否,20000000.0,1999,有限公司,Y,1,961099,其他洗衣服務
37978917,,銓德實業,花蓮縣花蓮市民心里００７鄰美工六街６－１號,花蓮縣,花蓮市,民心里,花蓮市一般行政區,否,否,200000.0,2013,合夥,Y,1,961099,其他洗衣服務
94028023,,六盈企業有限公司,花蓮縣花蓮市民心里００７鄰美工四街１０號,花蓮縣,花蓮市,民心里,花蓮市一般行政區,否,否,795000.0,1972,有限公司,Y,1,234011,石材家具及其製品製造
53812506,,源拓有限公司,花蓮縣花蓮市民心里００７鄰美工四街７號,花蓮縣,花蓮市,民心里,花蓮市一般行政區,否,否,4000000.0,2012,有限公司,Y,1,434012,油漆粉刷、壁飾（紙）黏貼工程
70724648,,瀞聯企業有限公司,花蓮縣花蓮市民心里００７鄰美工路２３號,花蓮縣,花蓮市,民心里,花蓮市一般行政區,否,否,5000000.0,2000,有限公司,Y,1,234011,石材家具及其製品製造
97344240,,鎮一大理石有限公司,花蓮縣花蓮市民心里００７鄰美工路２３號,花蓮縣,花蓮市,民心里,花蓮市一般行政區,否,否,15000000.0,1997,有限公司,Y,1,234011,石材家具及其製品製造
93507046,,浩聖開發股份有限公司,花蓮縣花蓮市民心里０１０鄰華西街１１５號,花蓮縣,花蓮市,民心里,花蓮市一般行政區,否,否,6666800.0,2023,股份有限公司,Y,1,681112,自有不動產租賃
85206290,,泰坤商店,花蓮縣花蓮市民心里０１４鄰美工六街５０―１號１樓,花蓮縣,花蓮市,民心里,花蓮市一般行政區,否,否,200000.0,2020,獨資,N,0,471999,未分類其他綜合商品零售
91159339,,冠誠禮品店,花蓮縣花蓮市民心里０１４鄰華德街１１巷２號,花蓮縣,花蓮市,民心里,花蓮市一般行政區,否,否,100000.0,2022,獨資,N,0,485212,宗教、喪葬用品零售
86771998,,瑞美環境消毒有限公司,花蓮縣花蓮市民心里０１４鄰華德街１３號１樓,花蓮縣,花蓮市,民心里,花蓮市一般行政區,否,否,6000000.0,1992,有限公司,Y,1,812100,建築物一般清潔服務
93052208,,鑫安鑫企業社,花蓮縣花蓮市民心里０１４鄰華德街１７巷１號,花蓮縣,花蓮市,民心里,花蓮市一般行政區,否,否,3000.0,2024,獨資,Y,1,434012,油漆粉刷、壁飾（紙）黏貼工程
09634244,,東鴻油漆工程行,花蓮縣花蓮市民心里０１４鄰華德街２４巷５號１樓,花蓮縣,花蓮市,民心里,花蓮市一般行政區,否,否,490000.0,2006,獨資,Y,1,434012,油漆粉刷、壁飾（紙）黏貼工程
15789461,,鑫銳企業社,花蓮縣花蓮市民心里０１４鄰華德街３７巷６號１樓,花蓮縣,花蓮市,民心里,花蓮市一般行政區,否,否,200000.0,2003,獨資,Y,1,475113,醫療耗材零售
61456694,,百捷行,花蓮縣花蓮市民心里０１４鄰華德街４７巷１０號１樓,花蓮縣,花蓮市,民心里,花蓮市一般行政區,否,否,500000.0,2026,獨資,Y,1,472211,畜肉零售
42574627,,隆葳有限公司,花蓮縣花蓮市民心里０１４鄰華德街４７巷８號１樓,花蓮縣,花蓮市,民心里,花蓮市一般行政區,否,否,2000000.0,2015,有限公司,Y,1,461311,貼面石材批發
91158893,,虹美油漆工程行,花蓮縣花蓮市民心里０１４鄰華德街５６巷２號１樓,花蓮縣,花蓮市,民心里,花蓮市一般行政區,否,否,200000.0,2021,獨資,Y,1,434012,油漆粉刷、壁飾（紙）黏貼工程
27611623,,順揚礦業開發有限公司,花蓮縣花蓮市民心里０１４鄰華德街６９號１樓,花蓮縣,花蓮市,民心里,花蓮市一般行政區,否,否,1000000.0,2005,有限公司,Y,1,702099,其他管理顧問
30203930,,鑫聯企業社,花蓮縣花蓮市民心里０１４鄰華德街７１巷８弄１６號１樓,花蓮縣,花蓮市,民心里,花蓮市一般行政區,否,否,200000.0,2009,獨資,Y,1,461214,砂石批發
26794188,,彩虹魚創意烘焙坊,花蓮縣花蓮市民心里０１４鄰華德街８６巷１１號,花蓮縣,花蓮市,民心里,花蓮市一般行政區,否,否,80000.0,2012,獨資,N,0,472922,西點麵包零售
95214164,,順逸光漁行,花蓮縣花蓮市民心里０１４鄰華德街８７巷１６號１樓,花蓮縣,花蓮市,民心里,花蓮市一般行政區,否,否,220000.0,2025,獨資,N,0,031012,近海及沿岸漁撈
72845226,,森森早午餐,花蓮縣花蓮市民心里０１４鄰華西１１７之５號１樓,花蓮縣,花蓮市,民心里,花蓮市一般行政區,否,否,3000.0,2018,獨資,N,0,561111,早餐店
72845345,,合馥商行,花蓮縣花蓮市民心里０１４鄰華西１１７號之２一樓,花蓮縣,花蓮市,民心里,花蓮市一般行政區,否,否,50000.0,2018,獨資,Y,1,563199,其他飲料店
41465495,,星潭飲食店,花蓮縣花蓮市民心里０１４鄰華西１２１―２號,花蓮縣,花蓮市,民心里,花蓮市一般行政區,否,否,200000.0,2016,獨資,N,0,561111,早餐店
91152547,,天天來冷飲店,花蓮縣花蓮市民心里０１４鄰華西１２１―７號１樓,花蓮縣,花蓮市,民心里,花蓮市一般行政區,否,否,238000.0,2021,獨資,Y,1,563115,手搖飲店
53027247,22555003,統一超商股份有限公司花蓮縣第一八二分公司,花蓮縣花蓮市民心里０１４鄰華西１２１―９、１２１―１０、１２１―１１號１樓,花蓮縣,花蓮市,民心里,花蓮市一般行政區,否,否,0.0,2012,本國公司設立之分公司,Y,1,471113,加盟連鎖式便利商店（有商品進、銷貨行為）
31449742,,黃昏水煎包,花蓮縣花蓮市民心里０１４鄰華西１２１號騎樓,花蓮縣,花蓮市,民心里,花蓮市一般行政區,否,否,3000.0,2007,獨資,N,0,561113,麵店、小吃店
91154762,,齊育工程行,花蓮縣花蓮市民心里０１４鄰華西１２１號１樓,花蓮縣,花蓮市,民心里,花蓮市一般行政區,否,否,200000.0,2021,獨資,Y,1,439014,起重工程
60252588,,滙珍商號,花蓮縣花蓮市民心里０１４鄰華西１２１－１號１樓,花蓮縣,花蓮市,民心里,花蓮市一般行政區,否,否,10000.0,2026,獨資,N,0,472913,菸酒零售
49917731,,鎔鑫企業社,花蓮縣花蓮市民心里１鄰府前路７０８號１樓,花蓮縣,花蓮市,民心里,花蓮市一般行政區,否,否,200000.0,2005,獨資,Y,1,484311,汽車零件、汽車百貨零售
92096853,,興昌企業社,花蓮縣花蓮市民心里１鄰華西街１０―１號,花蓮縣,花蓮市,民心里,花蓮市一般行政區,否,否,248000.0,1995,獨資,Y,1,461511,金屬門窗批發
08126024,,鼎宏油品有限公司,花蓮縣花蓮市民心里１０鄰美工路１９號,花蓮縣,花蓮市,民心里,花蓮市一般行政區,否,否,5000000.0,1986,有限公司,Y,1,482999,未分類其他燃料及相關產品零售
79969067,,全國油品股份有限公司,花蓮縣花蓮市民心里１０鄰美工路１９號,花蓮縣,花蓮市,民心里,花蓮市一般行政區,否,否,11000000.0,2002,股份有限公司,Y,1,463113,柴油批發
16048970,,東豐通運有限公司,花蓮縣花蓮市民心里１０鄰美工路１９號１樓,花蓮縣,花蓮市,民心里,花蓮市一般行政區,否,否,27000000.0,1997,有限公司,Y,1,494099,其他汽車貨運
41134572,27922106,英屬維京群島商永德福汽車股份有限公司台灣分公司花蓮服務廠,花蓮縣花蓮市民心里１０鄰華西１０６號,花蓮縣,花蓮市,民心里,花蓮市一般行政區,否,否,0.0,2014,其他,Y,1,951199,其他汽車維修
28765842,,祥馨興業有限公司,花蓮縣花蓮市民心里１０鄰華西１０６－１號,花蓮縣,花蓮市,民心里,花蓮市一般行政區,否,否,5000000.0,2007,有限公司,Y,1,456913,衛生用紙批發
82991269,68193807,正道工業股份有限公司花蓮分公司,花蓮縣花蓮市民心里１０鄰華西１０６－１１號,花蓮縣,花蓮市,民心里,花蓮市一般行政區,否,否,0.0,2023,本國公司設立之分公司,Y,1,321100,木製家具製造
56648466,,詠嘉裕興業有限公司,花蓮縣花蓮市民心里１０鄰華西１０６－２號,花蓮縣,花蓮市,民心里,花蓮市一般行政區,否,否,5000000.0,2017,有限公司,Y,1,454912,罐頭批發
92539288,,鑫富石材行,花蓮縣花蓮市民心里１０鄰華西１０６－２５號,花蓮縣,花蓮市,民心里,花蓮市一般行政區,否,否,245000.0,2023,獨資,Y,1,530100,普通倉儲經營
53636826,,廣隆進企業有限公司,花蓮縣花蓮市民心里１０鄰華西１０６－３號,花蓮縣,花蓮市,民心里,花蓮市一般行政區,否,否,15000000.0,2011,有限公司,Y,1,454912,罐頭批發
99767531,,大進企業行,花蓮縣花蓮市民心里１０鄰華西１０６－３號,花蓮縣,花蓮市,民心里,花蓮市一般行政區,否,否,2000000.0,2004,合夥,Y,1,454912,罐頭批發
94106300,,否司脫企業社,花蓮縣花蓮市民心里１０鄰華西１０８號,花蓮縣,花蓮市,民心里,花蓮市一般行政區,否,否,3000000.0,1977,合夥,Y,1,961099,其他洗衣服務
60249233,,承彩油漆,花蓮縣花蓮市民心里１０鄰華西１０８號１樓,花蓮縣,花蓮市,民心里,花蓮市一般行政區,否,否,240000.0,2026,獨資,Y,1,434012,油漆粉刷、壁飾（紙）黏貼工程
72849692,,緹維希企業社,花蓮縣花蓮市民心里１０鄰華西１０８－１６號,花蓮縣,花蓮市,民心里,花蓮市一般行政區,否,否,100000.0,2018,獨資,N,0,472922,西點麵包零售
92634494,,佳材石材行,花蓮縣花蓮市民心里１０鄰華西１０８－８號,花蓮縣,花蓮市,民心里,花蓮市一般行政區,否,否,245000.0,2023,獨資,Y,1,530100,普通倉儲經營
27896466,,利優國際有限公司,花蓮縣花蓮市民心里１０鄰華西１１２號,花蓮縣,花蓮市,民心里,花蓮市一般行政區,否,否,6000000.0,2005,有限公司,Y,1,461311,貼面石材批發
16331271,,台積石業股份有限公司,花蓮縣花蓮市民心里１４鄰美工八街１號,花蓮縣,花蓮市,民心里,花蓮市一般行政區,否,否,5000000.0,1998,股份有限公司,Y,1,234011,石材家具及其製品製造
18048300,,尚濱漁行,花蓮縣花蓮市民心里１４鄰華德街６１號１樓,花蓮縣,花蓮市,民心里,花蓮市一般行政區,否,否,100000.0,2000,獨資,N,0,454311,魚類批發
08121739,03741302,中華郵政股份有限公司花蓮師院郵局,花蓮縣花蓮市民心里１４鄰華西街１２３號,花蓮縣,花蓮市,民心里,花蓮市一般行政區,否,否,0.0,2002,其他,Y,1,641500,郵政儲金匯兌
31437534,,清心福全飲料店,花蓮縣花蓮市民心里１４鄰華西１１７－３號１樓,花蓮縣,花蓮市,民心里,花蓮市一般行政區,否,否,3000.0,2007,獨資,Y,1,472914,飲料零售
97406218,,玟翔企業股份有限公司,花蓮縣花蓮市民心里２４鄰美工四街２號,花蓮縣,花蓮市,民心里,花蓮市一般行政區,否,否,10000000.0,1997,股份有限公司,Y,1,234099,其他石材製品製造
27280291,,欣達鴻股份有限公司,花蓮縣花蓮市民心里３鄰美工七街３２號,花蓮縣,花蓮市,民心里,花蓮市一般行政區,否,否,25000000.0,2004,股份有限公司,Y,1,461311,貼面石材批發
80432634,,佳昇石材有限公司,花蓮縣花蓮市民心里３鄰美工八街１５號,花蓮縣,花蓮市,民心里,花蓮市一般行政區,否,否,7000000.0,2003,有限公司,Y,1,234011,石材家具及其製品製造
62206920,,永銨汽車有限公司,花蓮縣花蓮市民心里３鄰美工六街１８－３號１樓,花蓮縣,花蓮市,民心里,花蓮市一般行政區,否,否,20000000.0,2026,有限公司,Y,1,951199,其他汽車維修
27465451,,蜂之鄉有限公司,花蓮縣花蓮市民心里３鄰美工六街３１號,花蓮縣,花蓮市,民心里,花蓮市一般行政區,否,否,30000000.0,2004,有限公司,Y,1,453911,天然蜂蜜批發
18053751,,峰泰水電工程行,花蓮縣花蓮市民心里３鄰美工六街３３號,花蓮縣,花蓮市,民心里,花蓮市一般行政區,否,否,25000000.0,2001,獨資,Y,1,433111,水電工程
16682142,,翊誠水電工程有限公司,花蓮縣花蓮市民心里３鄰美工六街３５號,花蓮縣,花蓮市,民心里,花蓮市一般行政區,否,否,50000000.0,1998,有限公司,Y,1,433111,水電工程
60342738,,義德鴻營造股份有限公司,花蓮縣花蓮市民心里３鄰美工六街３５號,花蓮縣,花蓮市,民心里,花蓮市一般行政區,否,否,80000000.0,2026,股份有限公司,Y,1,410013,住宅營建
87352656,,嘉庭洗淨商號,花蓮縣花蓮市民心里３鄰美工六街３５－１號,花蓮縣,花蓮市,民心里,花蓮市一般行政區,否,否,1505000.0,2021,合夥,Y,1,961099,其他洗衣服務
22230097,,亨昌企業有限公司,花蓮縣花蓮市民心里３鄰美工六街３７號,花蓮縣,花蓮市,民心里,花蓮市一般行政區,否,否,10000000.0,1987,有限公司,Y,1,461311,貼面石材批發
94783907,,惠堅機械股份有限公司,花蓮縣花蓮市民心里３鄰美工路２８號,花蓮縣,花蓮市,民心里,花蓮市一般行政區,否,否,3000000.0,1981,股份有限公司,Y,1,529013,代計噸位
28163601,,祥岳股份有限公司,花蓮縣花蓮市民心里３鄰美工路３２號,花蓮縣,花蓮市,民心里,花蓮市一般行政區,否,否,29000000.0,2006,股份有限公司,Y,1,234011,石材家具及其製品製造
27445385,,宏鈺石業有限公司,花蓮縣花蓮市民心里３鄰美工路３６號,花蓮縣,花蓮市,民心里,花蓮市一般行政區,否,否,5000000.0,2004,有限公司,Y,1,461311,貼面石材批發
89660095,,高立金石有限公司,花蓮縣花蓮市民心里３鄰美工路４３號,花蓮縣,花蓮市,民心里,花蓮市一般行政區,否,否,14500000.0,1995,有限公司,Y,1,461311,貼面石材批發
27816837,,宏眾國際有限公司,花蓮縣花蓮市民心里３鄰美工路６３號,花蓮縣,花蓮市,民心里,花蓮市一般行政區,否,否,3500000.0,2005,有限公司,Y,1,234099,其他石材製品製造
26790839,,華王御膳,花蓮縣花蓮市民心里３鄰美工路６９號,花蓮縣,花蓮市,民心里,花蓮市一般行政區,否,否,8000000.0,2011,合夥,N,0,562012,團膳承包
27849056,,專業人力資源顧問有限公司,花蓮縣花蓮市民心里４鄰美工八街６號,花蓮縣,花蓮市,民心里,花蓮市一般行政區,否,否,10000000.0,2005,有限公司,Y,1,234099,其他石材製品製造
80560258,35466307,裕益汽車股份有限公司美崙分公司,花蓮縣花蓮市民心里７鄰精美路２４號,花蓮縣,花蓮市,民心里,花蓮市一般行政區,否,否,0.0,2003,本國公司設立之分公司,Y,1,951199,其他汽車維修
28987231,83446817,匯豐汽車股份有限公司美崙分公司,花蓮縣花蓮市民心里７鄰精美路３６號,花蓮縣,花蓮市,民心里,花蓮市一般行政區,否,否,0.0,2009,本國公司設立之分公司,Y,1,951199,其他汽車維修
30373527,75928240,福輪汽車股份有限公司花蓮零件銷售中心,花蓮縣花蓮市民心里７鄰精美路３６號,花蓮縣,花蓮市,民心里,花蓮市一般行政區,否,否,0.0,2009,其他,Y,1,465311,汽車零件、汽車百貨批發
16688618,,仙明有限公司,花蓮縣花蓮市民心里７鄰美工七街２２號,花蓮縣,花蓮市,民心里,花蓮市一般行政區,否,否,1000000.0,1998,有限公司,Y,1,234011,石材家具及其製品製造
22894714,,弘元石材廠股份有限公司,花蓮縣花蓮市民心里７鄰美工三街２號,花蓮縣,花蓮市,民心里,花蓮市一般行政區,否,否,297000000.0,1999,股份有限公司,Y,1,234011,石材家具及其製品製造
27634180,,西岸石材有限公司,花蓮縣花蓮市民心里７鄰美工五街６號,花蓮縣,花蓮市,民心里,花蓮市一般行政區,否,否,16000000.0,2005,有限公司,Y,1,461513,貨櫃屋批發
12644554,,永昌宏有限公司,花蓮縣花蓮市民心里７鄰美工四街７號,花蓮縣,花蓮市,民心里,花蓮市一般行政區,否,否,8000000.0,2000,有限公司,Y,1,199012,工業助劑製造
27598380,,香又香餐盒食品有限公司,花蓮縣花蓮市民心里７鄰美工路１５號,花蓮縣,花蓮市,民心里,花蓮市一般行政區,否,否,25500000.0,2005,有限公司,Y,1,562012,團膳承包
02076899,,花點心企業社,花蓮縣花蓮市民心里９鄰美工路６號,花蓮縣,花蓮市,民心里,花蓮市一般行政區,否,否,1500000.0,2013,獨資,Y,1,472924,米零售
31415784,,攤販－蕭月梅,花蓮縣花蓮市民意里中美路２１１號前面,花蓮縣,花蓮市,民意里,花蓮市一般行政區,否,否,3000.0,2006,獨資,N,0,561200,餐食攤販
41009048,,可可熊烘焙坊,花蓮縣花蓮市民意里化道路１０３號１樓,花蓮縣,花蓮市,民意里,花蓮市一般行政區,否,否,50000.0,2014,獨資,N,0,472922,西點麵包零售
20067106,,宏明工程行,花蓮縣花蓮市民意里化道路１１１號,花蓮縣,花蓮市,民意里,花蓮市一般行政區,否,否,1000000.0,1998,獨資,Y,1,252211,金屬門窗（框）製造
91151081,,芳菲舒活工作室,花蓮縣花蓮市民意里化道路１１９號１樓,花蓮縣,花蓮市,民意里,花蓮市一般行政區,否,否,50000.0,2021,獨資,N,0,969015,推拿按摩服務
80212250,,元甲畯工程有限公司,花蓮縣花蓮市民意里化道路１２１號１樓,花蓮縣,花蓮市,民意里,花蓮市一般行政區,否,否,2000000.0,2002,有限公司,Y,1,433211,冷凍、通風、空調系統裝修工程
99821654,,可愛檳榔,花蓮縣花蓮市民意里化道路１２９號１樓,花蓮縣,花蓮市,民意里,花蓮市一般行政區,否,否,3000.0,2004,獨資,N,0,472936,檳榔零售
49776275,,東一蔬菓行,花蓮縣花蓮市民意里化道路１３１巷８號１樓,花蓮縣,花蓮市,民意里,花蓮市一般行政區,否,否,240000.0,2016,獨資,N,0,472111,蔬菜零售
92636562,,曜翊廣告工程實業社,花蓮縣花蓮市民意里化道路１３３號１樓,花蓮縣,花蓮市,民意里,花蓮市一般行政區,否,否,248000.0,2023,獨資,Y,1,731013,公開展示廣告
87351376,,花蓮生活藝術傳達企業社,花蓮縣花蓮市民意里化道路１４１號１樓,花蓮縣,花蓮市,民意里,花蓮市一般行政區,否,否,50000.0,2021,獨資,N,0,472915,茶葉零售
92638724,,覓覓創意工作室,花蓮縣花蓮市民意里化道路８９巷２４號,花蓮縣,花蓮市,民意里,花蓮市一般行政區,否,否,30000.0,2023,獨資,N,0,487199,其他電子購物及郵購
90870350,,合環建設有限公司,花蓮縣花蓮市民意里化道路８９巷２８號１樓,花蓮縣,花蓮市,民意里,花蓮市一般行政區,否,否,5000000.0,2021,有限公司,Y,1,681111,自有不動產買賣
91273922,,美日朝食早午餐,花蓮縣花蓮市民意里化道路８９巷２８號１樓,花蓮縣,花蓮市,民意里,花蓮市一般行政區,否,否,200000.0,2021,獨資,N,0,561111,早餐店
93051904,,闕老師工作室,花蓮縣花蓮市民意里尚志路３３之１５號１樓,花蓮縣,花蓮市,民意里,花蓮市一般行政區,否,否,50000.0,2024,獨資,N,0,969015,推拿按摩服務
20057276,,泰陽汽車企業社,花蓮縣花蓮市民意里尚志路３３之６號,花蓮縣,花蓮市,民意里,花蓮市一般行政區,否,否,50000.0,1997,獨資,Y,1,951199,其他汽車維修
94806731,,藝林工商廣告工程行,花蓮縣花蓮市民意里尚志路３３號,花蓮縣,花蓮市,民意里,花蓮市一般行政區,否,否,498000.0,1982,合夥,Y,1,731011,廣告代理商
29316485,,大漠視覺設計室內裝修工程,花蓮縣花蓮市民意里尚志路３３－７號１樓,花蓮縣,花蓮市,民意里,花蓮市一般行政區,否,否,200000.0,2004,獨資,Y,1,434015,室內裝修工程
91598273,,狠快樂宵夜早餐,花蓮縣花蓮市民意里尚志路３４―８號,花蓮縣,花蓮市,民意里,花蓮市一般行政區,否,否,10000.0,2023,獨資,N,0,561113,麵店、小吃店
60249206,,上禾企業社,花蓮縣花蓮市民意里尚志路３５－１１號１樓,花蓮縣,花蓮市,民意里,花蓮市一般行政區,否,否,200000.0,2026,獨資,Y,1,160213,電腦排版、照相排版、印刷排版
20057402,,晉億企業社,花蓮縣花蓮市民意里尚志路５１號,花蓮縣,花蓮市,民意里,花蓮市一般行政區,否,否,50000.0,1997,獨資,N,0,484311,汽車零件、汽車百貨零售
94720684,,永發輪機車行,花蓮縣花蓮市民意里尚志路５５之１號,花蓮縣,花蓮市,民意里,花蓮市一般行政區,否,否,240000.0,1977,獨資,Y,1,451099,其他商品批發經紀
95208769,,正金品商行,花蓮縣花蓮市民意里尚志路６５號１樓,花蓮縣,花蓮市,民意里,花蓮市一般行政區,否,否,248000.0,2024,獨資,Y,1,471999,未分類其他綜合商品零售
19993471,,有限責任國立花蓮高級工業職業學校員生消費合作社,花蓮縣花蓮市民意里府前路２７號,花蓮縣,花蓮市,民意里,花蓮市一般行政區,否,否,18000.0,1996,合作社,N,0,471914,消費合作社
31764425,,３３號造型髮粧,花蓮縣花蓮市民意里府前路３３號１樓,花蓮縣,花蓮市,民意里,花蓮市一般行政區,否,否,100000.0,2012,獨資,N,0,962111,美髮院及髮廊
85065290,,宇全電器有限公司,花蓮縣花蓮市民意里府前路３５８巷２弄１７號１樓,花蓮縣,花蓮市,民意里,花蓮市一般行政區,否,否,500000.0,2019,有限公司,Y,1,474111,家用照明設備零售
60250553,,美崙電動車業,花蓮縣花蓮市民意里府前路３６０號１樓,花蓮縣,花蓮市,民意里,花蓮市一般行政區,否,否,249000.0,2026,獨資,Y,1,484211,全新機車零售
49750599,,金華益玻璃行,花蓮縣花蓮市民意里府前路３６０號２樓,花蓮縣,花蓮市,民意里,花蓮市一般行政區,否,否,248000.0,2016,獨資,Y,1,461914,玻璃纖維建材製品批發
92639441,,里愛工作室,花蓮縣花蓮市民意里府前路３６２號,花蓮縣,花蓮市,民意里,花蓮市一般行政區,否,否,200000.0,2023,獨資,N,0,561113,麵店、小吃店
13971062,,魏記麵店,花蓮縣花蓮市民意里府前路３６４號,花蓮縣,花蓮市,民意里,花蓮市一般行政區,否,否,3000.0,2002,獨資,N,0,561115,餐廳
60249888,,御象實業,花蓮縣花蓮市民意里府前路３７號,花蓮縣,花蓮市,民意里,花蓮市一般行政區,否,否,100000.0,2026,獨資,Y,1,381111,一般事業廢棄物清除
50743724,,集源商行,花蓮縣花蓮市民意里府前路３７號１樓,花蓮縣,花蓮市,民意里,花蓮市一般行政區,否,否,5000.0,2017,獨資,N,0,563199,其他飲料店
00020229,,軒武企業有限公司,花蓮縣花蓮市民意里府前路３７２號１樓,花蓮縣,花蓮市,民意里,花蓮市一般行政區,否,否,300000.0,2024,有限公司,Y,1,433111,水電工程
28513699,,武軒企業有限公司,花蓮縣花蓮市民意里府前路３７２號１樓,花蓮縣,花蓮市,民意里,花蓮市一般行政區,否,否,1050000.0,2006,有限公司,Y,1,433111,水電工程
28878992,,威金砂石有限公司,花蓮縣花蓮市民意里府前路３７２號１樓,花蓮縣,花蓮市,民意里,花蓮市一般行政區,否,否,8000000.0,2007,有限公司,Y,1,060014,砂石採取
18055940,,冰茶飲,花蓮縣花蓮市民意里府前路３７４號１樓,花蓮縣,花蓮市,民意里,花蓮市一般行政區,否,否,3000.0,2001,獨資,N,0,472914,飲料零售
60267371,,士官長包子店,花蓮縣花蓮市民意里府前路３７８號,花蓮縣,花蓮市,民意里,花蓮市一般行政區,否,否,5000.0,2025,獨資,N,0,561111,早餐店
95174016,,府前早餐店,花蓮縣花蓮市民意里府前路３８６號１樓,花蓮縣,花蓮市,民意里,花蓮市一般行政區,否,否,5000.0,2024,獨資,N,0,561111,早餐店
95212291,,三隻羊商行,花蓮縣花蓮市民意里府前路３９６號,花蓮縣,花蓮市,民意里,花蓮市一般行政區,否,否,20000.0,2025,合夥,N,0,561113,麵店、小吃店
94362700,,榮隆商號,花蓮縣花蓮市民意里府前路４０６號,花蓮縣,花蓮市,民意里,花蓮市一般行政區,否,否,1000.0,1977,獨資,N,0,474999,未分類其他家用器具及用品零售
78852862,,小茶亭,花蓮縣花蓮市民意里府前路４０８巷１號,花蓮縣,花蓮市,民意里,花蓮市一般行政區,否,否,10000.0,1994,獨資,N,0,563115,手搖飲店
60226739,,龍民之家,花蓮縣花蓮市民意里府前路４０８巷１２號前,花蓮縣,花蓮市,民意里,花蓮市一般行政區,否,否,30000.0,2025,獨資,N,0,561200,餐食攤販
00147726,,驚喜室內裝修有限公司,花蓮縣花蓮市民意里府前路４０８巷１３號１樓,花蓮縣,花蓮市,民意里,花蓮市一般行政區,否,否,1000000.0,2025,有限公司,Y,1,434015,室內裝修工程
24622507,,芊威有限公司,花蓮縣花蓮市民意里府前路４０８巷１３號１樓,花蓮縣,花蓮市,民意里,花蓮市一般行政區,否,否,100000.0,2014,有限公司,Y,1,464920,電力設備器材批發
95211899,,煥楓企業社,花蓮縣花蓮市民意里府前路４０８巷１３號１樓,花蓮縣,花蓮市,民意里,花蓮市一般行政區,否,否,100000.0,2025,獨資,Y,1,410099,其他建築工程
29324680,,稼鴻燒臘,花蓮縣花蓮市民意里府前路４１２號１樓,花蓮縣,花蓮市,民意里,花蓮市一般行政區,否,否,5000.0,2004,獨資,N,0,561112,便當、自助餐店
64805382,,維爾康食品店,花蓮縣花蓮市民意里府前路４２４號,花蓮縣,花蓮市,民意里,花蓮市一般行政區,否,否,6000000.0,1988,合夥,Y,1,561112,便當、自助餐店
50745238,,冀家食府,花蓮縣花蓮市民意里府前路４４８號１樓,花蓮縣,花蓮市,民意里,花蓮市一般行政區,否,否,10000.0,2017,合夥,N,0,561115,餐廳
41464030,,拾心村莊企業社,花蓮縣花蓮市民意里府前路４８２―３９號３樓,花蓮縣,花蓮市,民意里,花蓮市一般行政區,否,否,100000.0,2015,獨資,N,0,487199,其他電子購物及郵購
84555720,,東鈺營造股份有限公司,花蓮縣花蓮市民意里府前路４８２之４號,花蓮縣,花蓮市,民意里,花蓮市一般行政區,否,否,228800000.0,1994,股份有限公司,Y,1,429099,未分類其他土木工程
09867502,,榮春小吃,花蓮縣花蓮市民意里府前路４８２號１樓,花蓮縣,花蓮市,民意里,花蓮市一般行政區,否,否,3000.0,2007,獨資,N,0,561113,麵店、小吃店
15782431,,東郁企業社,花蓮縣花蓮市民意里府前路４８２－４號１樓,花蓮縣,花蓮市,民意里,花蓮市一般行政區,否,否,3200000.0,2003,獨資,Y,1,439099,未分類其他專門營造
92941036,,營業中手作坊,花蓮縣花蓮市民意里府前路５０８號二樓之２　１室,花蓮縣,花蓮市,民意里,花蓮市一般行政區,否,否,20000.0,2023,獨資,N,0,485217,手工藝品零售
41008224,,東方行銷企業社,花蓮縣花蓮市民意里府前路５０８－２號,花蓮縣,花蓮市,民意里,花蓮市一般行政區,否,否,200000.0,2014,獨資,Y,1,454999,未分類其他食品批發
50567162,,何家民宿,花蓮縣花蓮市民意里府前路５２４號,花蓮縣,花蓮市,民意里,花蓮市一般行政區,否,否,30000.0,2016,獨資,N,0,551013,民宿
91153927,,勁霖企業社,花蓮縣花蓮市民意里府前路５２６巷２號３樓,花蓮縣,花蓮市,民意里,花蓮市一般行政區,否,否,249999.0,2021,獨資,Y,1,434011,室內裝潢工程
30109169,,流流社風味餐,花蓮縣花蓮市民意里府前路７７號,花蓮縣,花蓮市,民意里,花蓮市一般行政區,否,否,3000.0,2008,獨資,N,0,561113,麵店、小吃店
09966849,,賞茶舖,花蓮縣花蓮市民意里府前路８１號,花蓮縣,花蓮市,民意里,花蓮市一般行政區,否,否,3000.0,2006,獨資,N,0,561113,麵店、小吃店
82183908,,元京香便當小吃,花蓮縣花蓮市民意里府前路８１號,花蓮縣,花蓮市,民意里,花蓮市一般行政區,否,否,3000.0,2019,獨資,N,0,561112,便當、自助餐店
91336617,,景字號小吃店,花蓮縣花蓮市民意里府前路８１號,花蓮縣,花蓮市,民意里,花蓮市一般行政區,否,否,8000.0,2021,獨資,N,0,561113,麵店、小吃店
29481061,,和慶汽車企業社,花蓮縣花蓮市民意里府前路９５―７號１樓,花蓮縣,花蓮市,民意里,花蓮市一般行政區,否,否,100000.0,2005,獨資,Y,1,484311,汽車零件、汽車百貨零售
94374902,03795904,台灣電力股份有限公司花蓮區營業處,花蓮縣花蓮市民意里府前路９５號,花蓮縣,花蓮市,民意里,花蓮市一般行政區,否,否,0.0,1946,其他,Y,1,351000,電力供應
60253307,,鍏翔企業社,花蓮縣花蓮市民意里府前路９５－５號,花蓮縣,花蓮市,民意里,花蓮市一般行政區,否,否,200000.0,2026,獨資,Y,1,429099,未分類其他土木工程
58006946,,雲熹有限公司,花蓮縣花蓮市民意里府前路９５－８號１樓,花蓮縣,花蓮市,民意里,花蓮市一般行政區,否,否,500000.0,2017,有限公司,Y,1,472999,未分類其他食品、飲料及菸草製品零售
13968284,,鼎上飯店,花蓮縣花蓮市民意里府前路９５－９號,花蓮縣,花蓮市,民意里,花蓮市一般行政區,否,否,3000.0,2002,獨資,N,0,561115,餐廳
95210553,,超藝車業,花蓮縣花蓮市民意里府前路９５－９號,花蓮縣,花蓮市,民意里,花蓮市一般行政區,否,否,200000.0,2025,獨資,N,0,959100,機車維修
30202518,,菁菁商店,花蓮縣花蓮市民意里民光路３５１―１號,花蓮縣,花蓮市,民意里,花蓮市一般行政區,否,否,5000.0,2009,獨資,N,0,472913,菸酒零售
94791322,,民光商號,花蓮縣花蓮市民意里民光路４３２之１號,花蓮縣,花蓮市,民意里,花蓮市一般行政區,否,否,3000.0,1981,獨資,N,0,474999,未分類其他家用器具及用品零售
92641404,,知蘭鄉工作室,花蓮縣花蓮市民意里民光１７１－１號,花蓮縣,花蓮市,民意里,花蓮市一般行政區,否,否,5000.0,2023,獨資,N,0,475299,其他化粧品零售
10538466,,府前路臭豆腐,花蓮縣花蓮市民意里民光２６―２號,花蓮縣,花蓮市,民意里,花蓮市一般行政區,否,否,50000.0,2008,獨資,N,0,561113,麵店、小吃店
42981589,,嘉喜多貿易有限公司,花蓮縣花蓮市民意里民光３４８－３號１樓,花蓮縣,花蓮市,民意里,花蓮市一般行政區,否,否,3000000.0,2018,有限公司,Y,1,471999,未分類其他綜合商品零售
95214354,,元順工程行,花蓮縣花蓮市民意里民光３８３號１樓,花蓮縣,花蓮市,民意里,花蓮市一般行政區,否,否,1000000.0,2025,獨資,Y,1,410011,房屋修繕
95213974,,沐風智能水電企業,花蓮縣花蓮市民意里民光４１０―１１號１樓,花蓮縣,花蓮市,民意里,花蓮市一般行政區,否,否,200000.0,2025,獨資,Y,1,433199,其他機電、電信及電路設備安裝
41462687,,恆豐工程行,花蓮縣花蓮市民意里民光４１０―１７號１樓,花蓮縣,花蓮市,民意里,花蓮市一般行政區,否,否,200000.0,2015,獨資,Y,1,434011,室內裝潢工程
50746519,,哈啦重機企業社,花蓮縣花蓮市民意里民光４１０―３６號１樓,花蓮縣,花蓮市,民意里,花蓮市一般行政區,否,否,200000.0,2017,獨資,Y,1,487199,其他電子購物及郵購
61494141,91096460,權欣環保有限公司花蓮營業所,花蓮縣花蓮市民意里民光４２０―２號,花蓮縣,花蓮市,民意里,花蓮市一般行政區,否,否,0.0,2026,其他,Y,1,381111,一般事業廢棄物清除
10057277,,大鵬水電工程行,花蓮縣花蓮市民意里民光４２３―４號,花蓮縣,花蓮市,民意里,花蓮市一般行政區,否,否,2000000.0,2007,獨資,Y,1,422015,自來水總管及市區管線營建
93051377,,興瑞達工程行,花蓮縣花蓮市民意里民光４５５號１樓,花蓮縣,花蓮市,民意里,花蓮市一般行政區,否,否,1000000.0,2024,獨資,Y,1,771100,營造用機械設備租賃
41467297,,永鈺企業社,花蓮縣花蓮市民意里民光４５９號１樓,花蓮縣,花蓮市,民意里,花蓮市一般行政區,否,否,200000.0,2016,獨資,Y,1,234011,石材家具及其製品製造
55912240,,凱譽企業有限公司,花蓮縣花蓮市民意里民光４５９號１樓,花蓮縣,花蓮市,民意里,花蓮市一般行政區,否,否,3000000.0,2016,有限公司,Y,1,234011,石材家具及其製品製造
30201102,,益輝企業社,花蓮縣花蓮市民意里００１鄰府前路３５８巷２弄１２號１樓,花蓮縣,花蓮市,民意里,花蓮市一般行政區,否,否,500000.0,2009,合夥,Y,1,340099,其他產業用機械設備維修及安裝
25184906,,寰華新能源有限公司,花蓮縣花蓮市民意里００１鄰府前路４０８巷１８弄６號１樓,花蓮縣,花蓮市,民意里,花蓮市一般行政區,否,否,1000000.0,2010,有限公司,Y,1,353011,熱能供應
54001934,,揚舟美學中心有限公司,花蓮縣花蓮市民意里００１鄰府前路４０８巷１８弄６號１樓,花蓮縣,花蓮市,民意里,花蓮市一般行政區,否,否,2000000.0,2012,有限公司,Y,1,711112,景觀建築服務
90846916,,十五里文創有限公司,花蓮縣花蓮市民意里００１鄰府前路４０８巷１８弄６號１樓,花蓮縣,花蓮市,民意里,花蓮市一般行政區,否,否,1000000.0,2021,有限公司,Y,1,740912,商業設計
91154518,,林家餐館,花蓮縣花蓮市民意里００４鄰民光３２號,花蓮縣,花蓮市,民意里,花蓮市一般行政區,否,否,50000.0,2021,獨資,N,0,561113,麵店、小吃店
91594038,,八頓企業社,花蓮縣花蓮市民意里０１３鄰民光１２７號,花蓮縣,花蓮市,民意里,花蓮市一般行政區,否,否,200000.0,2022,獨資,Y,1,524999,未分類其他陸上運輸輔助
95208846,,瓏萊工程行,花蓮縣花蓮市民意里０１９鄰民光２０２號１樓,花蓮縣,花蓮市,民意里,花蓮市一般行政區,否,否,100000.0,2024,獨資,Y,1,812100,建築物一般清潔服務
94403759,,有樂汀水電工程行,花蓮縣花蓮市民意里０２６鄰民光３０７號１樓,花蓮縣,花蓮市,民意里,花蓮市一般行政區,否,否,200000.0,2025,合夥,Y,1,433111,水電工程
49762498,,前進美侖麵食店,花蓮縣花蓮市民意里０２８鄰府前路３５號１樓,花蓮縣,花蓮市,民意里,花蓮市一般行政區,否,否,200000.0,2016,獨資,Y,1,561113,麵店、小吃店
91155116,,花蓮柚香小鎮商行,花蓮縣花蓮市民意里０２８鄰民光３１８號１樓,花蓮縣,花蓮市,民意里,花蓮市一般行政區,否,否,50000.0,2021,獨資,N,0,487114,經營網路購物（食品、飲料類商品）
85212933,,小羊社會創新工作室,花蓮縣花蓮市民意里０２９鄰民光３３４號１樓,花蓮縣,花蓮市,民意里,花蓮市一般行政區,否,否,200000.0,2020,獨資,N,0,740912,商業設計
89134684,,雲鼎盛投資開發有限公司,花蓮縣花蓮市民意里０３４鄰民光３８３號１樓,花蓮縣,花蓮市,民意里,花蓮市一般行政區,否,否,1500000.0,2023,有限公司,Y,1,434013,房屋設備安裝工程
24412495,,鋒域數位科技有限公司,花蓮縣花蓮市民意里０３６鄰民光４０３－１號１樓,花蓮縣,花蓮市,民意里,花蓮市一般行政區,否,否,1500000.0,2009,有限公司,Y,1,474920,家用攝影器材零售
95214967,,湧駿企業社,花蓮縣花蓮市民意里０３６鄰民光４０３－１號１樓,花蓮縣,花蓮市,民意里,花蓮市一般行政區,否,否,200000.0,2025,獨資,Y,1,529099,未分類其他運輸輔助
92642001,,鈺林運動工作室,花蓮縣花蓮市民意里０３８鄰民光４８９－１號,花蓮縣,花蓮市,民意里,花蓮市一般行政區,否,否,80000.0,2024,獨資,N,0,931219,健身中心
95215369,,晨曦商行,花蓮縣花蓮市民意里０３８鄰民光４８９－１號,花蓮縣,花蓮市,民意里,花蓮市一般行政區,否,否,80000.0,2025,獨資,N,0,483212,手機及手機週邊零配件零售
91160119,,柏榆企業社,花蓮縣花蓮市民意里０４０鄰民光４７２號,花蓮縣,花蓮市,民意里,花蓮市一般行政區,否,否,1500000.0,2022,獨資,Y,1,434015,室內裝修工程
41016110,,承鑫水電工程行,花蓮縣花蓮市民意里０４６鄰尚志路３６―１號１樓,花蓮縣,花蓮市,民意里,花蓮市一般行政區,否,否,1000000.0,2015,合夥,Y,1,474111,家用照明設備零售
72856102,,１１號咖啡,花蓮縣花蓮市民意里０４７鄰尚志路３５－１１號１樓,花蓮縣,花蓮市,民意里,花蓮市一般行政區,否,否,200000.0,2018,獨資,N,0,472922,西點麵包零售
60268081,22555003,統一超商股份有限公司花蓮縣第十三門市,花蓮縣花蓮市民意里０４７鄰尚志路３５－１６號,花蓮縣,花蓮市,民意里,花蓮市一般行政區,否,否,0.0,2025,其他,Y,1,471113,加盟連鎖式便利商店（有商品進、銷貨行為）
30166843,,進穩工程行,花蓮縣花蓮市民意里０４８鄰化道路１０１巷２號１樓,花蓮縣,花蓮市,民意里,花蓮市一般行政區,否,否,200000.0,2008,獨資,Y,1,060014,砂石採取
31793619,,聖景工程行,花蓮縣花蓮市民意里０４８鄰化道路１３５號１樓,花蓮縣,花蓮市,民意里,花蓮市一般行政區,否,否,240000.0,2013,獨資,Y,1,410011,房屋修繕
83214611,,隆德開發有限公司,花蓮縣花蓮市民意里０４８鄰化道路８９巷１２號８樓之１,花蓮縣,花蓮市,民意里,花蓮市一般行政區,否,否,5000000.0,2021,有限公司,Y,1,649911,投資有價證券
90274162,,程寶建設有限公司,花蓮縣花蓮市民意里０４８鄰化道路８９巷１２號８樓之１,花蓮縣,花蓮市,民意里,花蓮市一般行政區,否,否,3000000.0,2022,有限公司,Y,1,681111,自有不動產買賣
83148606,,眾志行銷顧問股份有限公司,花蓮縣花蓮市民意里０４８鄰化道路８９巷２號３樓,花蓮縣,花蓮市,民意里,花蓮市一般行政區,否,否,5000000.0,2020,股份有限公司,Y,1,681212,不動產代銷
90530183,,冠環鑫環保有限公司,花蓮縣花蓮市民意里０４８鄰化道路８９巷８號５樓之１,花蓮縣,花蓮市,民意里,花蓮市一般行政區,否,否,5500000.0,2021,有限公司,Y,1,381111,一般事業廢棄物清除
60522318,22555003,統一超商股份有限公司花蓮縣第一五六分公司,花蓮縣花蓮市民意里０４８鄰化道路９１、９３號１樓,花蓮縣,花蓮市,民意里,花蓮市一般行政區,否,否,0.0,2025,本國公司設立之分公司,Y,1,471112,直營連鎖式便利商店
94754001,,建德機車行,花蓮縣花蓮市民意里１鄰府前路３７０號１樓,花蓮縣,花蓮市,民意里,花蓮市一般行政區,否,否,200000.0,1979,獨資,Y,1,484211,全新機車零售
31535818,,明昇早餐店,花蓮縣花蓮市民意里２鄰府前路７３號,花蓮縣,花蓮市,民意里,花蓮市一般行政區,否,否,10000.0,2011,獨資,N,0,561111,早餐店
49884056,,澕江美食行,花蓮縣花蓮市民意里４２鄰府前路３１號,花蓮縣,花蓮市,民意里,花蓮市一般行政區,否,否,50000.0,2005,獨資,N,0,561112,便當、自助餐店
92642234,,安達交通企業社,花蓮縣花蓮市民意里４８鄰化道路８９巷２６號三樓之２號,花蓮縣,花蓮市,民意里,花蓮市一般行政區,否,否,50000.0,2024,獨資,N,0,493911,附駕駛之小客車租賃
84888121,,酒江街有限公司,花蓮縣花蓮市民意里４８鄰化道路９９號１樓,花蓮縣,花蓮市,民意里,花蓮市一般行政區,否,否,5000000.0,1994,有限公司,Y,1,454611,國產菸酒批發
24431872,,太魯閣股份有限公司,花蓮縣花蓮市民意里４９鄰府前路５０８號,花蓮縣,花蓮市,民意里,花蓮市一般行政區,否,否,55880000.0,2009,股份有限公司,Y,1,551011,觀光旅館
87101526,,美善堂文創事業,花蓮縣花蓮市民政里中美七街１０４號,花蓮縣,花蓮市,民政里,花蓮市一般行政區,否,否,50000.0,2020,獨資,N,0,969018,刻印章
50743196,,馬刻室內裝修企業社,花蓮縣花蓮市民政里中美七街１０５號１樓,花蓮縣,花蓮市,民政里,花蓮市一般行政區,否,否,200000.0,2017,獨資,Y,1,461113,合板批發
85212434,,藝洛影像工作室,花蓮縣花蓮市民政里中美七街１１２巷２號２樓,花蓮縣,花蓮市,民政里,花蓮市一般行政區,否,否,100000.0,2020,獨資,Y,1,760199,其他攝影
10657336,,運通國際企業社,花蓮縣花蓮市民政里中美七街９４號１樓,花蓮縣,花蓮市,民政里,花蓮市一般行政區,否,否,10000.0,2008,獨資,N,0,931999,未分類其他運動服務
56803261,,中港國際汽車租賃有限公司,花蓮縣花蓮市民政里中美七街９４號２樓,花蓮縣,花蓮市,民政里,花蓮市一般行政區,否,否,10000000.0,2017,有限公司,Y,1,772100,汽車租賃
19533408,,林媽媽小吃店,花蓮縣花蓮市民政里中美七街９７號１樓,花蓮縣,花蓮市,民政里,花蓮市一般行政區,否,否,3000.0,1996,獨資,N,0,561113,麵店、小吃店
20056537,,酷少年髮廊,花蓮縣花蓮市民政里中美七街９９號,花蓮縣,花蓮市,民政里,花蓮市一般行政區,否,否,45000.0,1997,獨資,N,0,962112,理髮店
49745766,,孩好書屋,花蓮縣花蓮市民政里中美九街１２９―２號,花蓮縣,花蓮市,民政里,花蓮市一般行政區,否,否,150000.0,2016,獨資,N,0,476112,書籍、雜誌零售
95163067,,庭珊小吃店,花蓮縣花蓮市民政里中美九街８號１樓,花蓮縣,花蓮市,民政里,花蓮市一般行政區,否,否,10000.0,2024,獨資,N,0,561113,麵店、小吃店
93058174,,沐研室內裝修,花蓮縣花蓮市民政里中美九街８０號,花蓮縣,花蓮市,民政里,花蓮市一般行政區,否,否,100000.0,2024,獨資,Y,1,434011,室內裝潢工程
28622211,,漳威道路標線有限公司,花蓮縣花蓮市民政里中美九街８７號１樓,花蓮縣,花蓮市,民政里,花蓮市一般行政區,否,否,1000000.0,2007,有限公司,Y,1,439099,未分類其他專門營造
16707381,,見晴有限公司,花蓮縣花蓮市民政里中美五街３９號１樓,花蓮縣,花蓮市,民政里,花蓮市一般行政區,否,否,1000000.0,1999,有限公司,Y,1,471114,加盟連鎖式便利商店（無商品進、銷貨行為）
85206117,,金倍貝企業社,花蓮縣花蓮市民政里中美五街３９號１樓,花蓮縣,花蓮市,民政里,花蓮市一般行政區,否,否,200000.0,2020,獨資,Y,1,471114,加盟連鎖式便利商店（無商品進、銷貨行為）
85212770,,晴景企業,花蓮縣花蓮市民政里中美五街３９號１樓,花蓮縣,花蓮市,民政里,花蓮市一般行政區,否,否,200000.0,2020,獨資,Y,1,471114,加盟連鎖式便利商店（無商品進、銷貨行為）
91272228,,信實企業,花蓮縣花蓮市民政里中美五街３９號１樓,花蓮縣,花蓮市,民政里,花蓮市一般行政區,否,否,200000.0,2021,獨資,Y,1,471114,加盟連鎖式便利商店（無商品進、銷貨行為）
95215945,,添阜企業,花蓮縣花蓮市民政里中美五街３９號１樓,花蓮縣,花蓮市,民政里,花蓮市一般行政區,否,否,200000.0,2025,獨資,Y,1,471114,加盟連鎖式便利商店（無商品進、銷貨行為）
72846098,,丹尼爾體育用品社,花蓮縣花蓮市民政里中美十一街１１號１樓,花蓮縣,花蓮市,民政里,花蓮市一般行政區,否,否,100000.0,2018,獨資,Y,1,476299,其他運動用品及器材零售
30200976,,佳境企業社,花蓮縣花蓮市民政里中美十一街１１６號１樓,花蓮縣,花蓮市,民政里,花蓮市一般行政區,否,否,2000000.0,2009,獨資,Y,1,431012,砌磚工程
50746779,,巡田水農社,花蓮縣花蓮市民政里中美十一街１１６號１樓,花蓮縣,花蓮市,民政里,花蓮市一般行政區,否,否,100000.0,2017,獨資,N,0,472111,蔬菜零售
30201362,,黑以妮手作幸福工坊,花蓮縣花蓮市民政里中美十一街１５號１樓,花蓮縣,花蓮市,民政里,花蓮市一般行政區,否,否,10000.0,2009,獨資,N,0,969099,未分類其他個人服務
94758082,,浙豐利號,花蓮縣花蓮市民政里中美十一街１５號５樓之１,花蓮縣,花蓮市,民政里,花蓮市一般行政區,否,否,10000.0,1979,獨資,N,0,031012,近海及沿岸漁撈
39950979,,興榮實業社,花蓮縣花蓮市民政里中美十一街５３號１樓,花蓮縣,花蓮市,民政里,花蓮市一般行政區,否,否,200000.0,2014,獨資,Y,1,494099,其他汽車貨運
64814827,,聯豐機車行,花蓮縣花蓮市民政里中美十一街８０號,花蓮縣,花蓮市,民政里,花蓮市一般行政區,否,否,5000.0,1989,獨資,Y,1,484211,全新機車零售
95210364,,長玉商行,花蓮縣花蓮市民政里中美十一街９８號１樓,花蓮縣,花蓮市,民政里,花蓮市一般行政區,否,否,200000.0,2025,獨資,Y,1,487212,多層次傳銷（商品銷貨收入）
64815086,,聯城土木包工業,花蓮縣花蓮市民政里中美十三街４０巷１０號,花蓮縣,花蓮市,民政里,花蓮市一般行政區,否,否,1000000.0,1989,合夥,Y,1,429099,未分類其他土木工程
82182149,,固達工程行,花蓮縣花蓮市民政里中美十三街４０巷１０號１樓,花蓮縣,花蓮市,民政里,花蓮市一般行政區,否,否,500000.0,2019,獨資,Y,1,429099,未分類其他土木工程
50747088,,尼拜約工作室,花蓮縣花蓮市民政里中美十三街４０巷１３號１樓,花蓮縣,花蓮市,民政里,花蓮市一般行政區,否,否,50000.0,2017,獨資,N,0,485113,花卉材料、園藝器具零售
87349978,,好樸食堂,花蓮縣花蓮市民政里中美十三街５０號,花蓮縣,花蓮市,民政里,花蓮市一般行政區,否,否,50000.0,2020,獨資,N,0,487114,經營網路購物（食品、飲料類商品）
60251482,,冰塊啾啾工作室,花蓮縣花蓮市民政里中美十三街６２號３樓之２,花蓮縣,花蓮市,民政里,花蓮市一般行政區,否,否,10000.0,2026,獨資,N,0,487199,其他電子購物及郵購
31791366,,鼎豐清潔社,花蓮縣花蓮市民政里中美十三街７８號２樓之１５,花蓮縣,花蓮市,民政里,花蓮市一般行政區,否,否,100000.0,2012,獨資,N,0,812100,建築物一般清潔服務
90206051,,蓓蕾斯鐸有限公司,花蓮縣花蓮市民政里中美十三街７８號３樓之９,花蓮縣,花蓮市,民政里,花蓮市一般行政區,否,否,1000000.0,2022,有限公司,Y,1,115911,刺繡品織製
41011473,,雋鼎工程行,花蓮縣花蓮市民政里中美十三街７８號５樓之１２,花蓮縣,花蓮市,民政里,花蓮市一般行政區,否,否,2000000.0,2014,獨資,Y,1,060099,未分類砂、石採取及其他礦業
95211238,,華順工程行,花蓮縣花蓮市民政里中美十三街７８號５樓之１２,花蓮縣,花蓮市,民政里,花蓮市一般行政區,否,否,249000.0,2025,獨資,Y,1,494099,其他汽車貨運
82154328,,欸蛋糕耶,花蓮縣花蓮市民政里中美十二街１１號,花蓮縣,花蓮市,民政里,花蓮市一般行政區,否,否,80000.0,2018,獨資,N,0,487114,經營網路購物（食品、飲料類商品）
72847619,,星塵企業社,花蓮縣花蓮市民政里中美十二街１７號１樓,花蓮縣,花蓮市,民政里,花蓮市一般行政區,否,否,50000.0,2018,獨資,N,0,487199,其他電子購物及郵購
86235300,,子午測量工程顧問有限公司,花蓮縣花蓮市民政里中美十二街２３號１樓,花蓮縣,花蓮市,民政里,花蓮市一般行政區,否,否,1000000.0,1991,有限公司,Y,1,711212,測量及非建築工程製圖服務
91591378,,沅鑫車業,花蓮縣花蓮市民政里中美十二街３號,花蓮縣,花蓮市,民政里,花蓮市一般行政區,否,否,200000.0,2022,獨資,N,0,959100,機車維修
31489650,,舒活工坊,花蓮縣花蓮市民政里中美十五街５３號１樓,花蓮縣,花蓮市,民政里,花蓮市一般行政區,否,否,50000.0,2007,獨資,N,0,962111,美髮院及髮廊
41015702,,沐陽企業社,花蓮縣花蓮市民政里中美十五街５３號１樓,花蓮縣,花蓮市,民政里,花蓮市一般行政區,否,否,200000.0,2015,獨資,Y,1,471999,未分類其他綜合商品零售
41013021,,金展專業焊接維修行,花蓮縣花蓮市民政里中美十街６８巷１號１樓,花蓮縣,花蓮市,民政里,花蓮市一般行政區,否,否,100000.0,2015,獨資,N,0,959999,其他未分類個人及家庭用品維修
92637210,,旅樂寵物事業工作室,花蓮縣花蓮市民政里中美路１１１－６號１、２樓,花蓮縣,花蓮市,民政里,花蓮市一般行政區,否,否,100000.0,2023,獨資,N,0,969021,寵物照顧及訓練
91597859,,咖荳煦商行,花蓮縣花蓮市民政里中美路１１３－３號１樓,花蓮縣,花蓮市,民政里,花蓮市一般行政區,否,否,200000.0,2022,獨資,N,0,563199,其他飲料店
24803520,16740494,全聯實業股份有限公司花蓮美崙分公司,花蓮縣花蓮市民政里中美路１１３－６、１１３－７、１１３－８號,花蓮縣,花蓮市,民政里,花蓮市一般行政區,否,否,0.0,2015,本國公司設立之分公司,Y,1,471916,超級市場
95100388,61861254,大義有限公司全聯花蓮美崙營業處,花蓮縣花蓮市民政里中美路１１３－６、１１３－７、１１３－８號旁停車場,花蓮縣,花蓮市,民政里,花蓮市一般行政區,否,否,0.0,2024,其他,Y,1,524100,停車場管理
87352425,,法礫原民料理,花蓮縣花蓮市民政里中美路１１７―１號１樓,花蓮縣,花蓮市,民政里,花蓮市一般行政區,否,否,240000.0,2021,獨資,N,0,561115,餐廳
49741728,,荃泰茶飲,花蓮縣花蓮市民政里中美路１１７―２號１樓,花蓮縣,花蓮市,民政里,花蓮市一般行政區,否,否,158000.0,2016,獨資,Y,1,472914,飲料零售
91029456,,榮詒有限公司,花蓮縣花蓮市民政里中美路１１７號１樓,花蓮縣,花蓮市,民政里,花蓮市一般行政區,否,否,305000.0,2021,有限公司,Y,1,563199,其他飲料店
31426086,,海景３６０公寓大廈管理委員會,花蓮縣花蓮市民政里中美路１１７號９樓之２,花蓮縣,花蓮市,民政里,花蓮市一般行政區,否,否,3000.0,2006,其他,N,0,681112,自有不動產租賃
60246741,,步勞鬆養生館,花蓮縣花蓮市民政里中美路１２５號１樓,花蓮縣,花蓮市,民政里,花蓮市一般行政區,否,否,100000.0,2025,獨資,N,0,969015,推拿按摩服務
92639580,,旺福彩券行,花蓮縣花蓮市民政里中美路１３３號１樓,花蓮縣,花蓮市,民政里,花蓮市一般行政區,否,否,50000.0,2023,獨資,N,0,920011,彩券銷售
94634978,,美星電氣行,花蓮縣花蓮市民政里中美路１５５號,花蓮縣,花蓮市,民政里,花蓮市一般行政區,否,否,3000.0,1977,獨資,N,0,456111,家電材料批發
92637582,,芝偉食堂,花蓮縣花蓮市民政里中美路１５９號１樓,花蓮縣,花蓮市,民政里,花蓮市一般行政區,否,否,88888.0,2023,獨資,N,0,561113,麵店、小吃店
13971751,,七月霜,花蓮縣花蓮市民政里中美路１６１號,花蓮縣,花蓮市,民政里,花蓮市一般行政區,否,否,3000.0,2002,獨資,N,0,472914,飲料零售
78842247,,美崙鎖匙大王,花蓮縣花蓮市民政里中美路１８７號１樓,花蓮縣,花蓮市,民政里,花蓮市一般行政區,否,否,3000.0,1993,獨資,N,0,959917,開鎖及配鎖
94121771,,美崙計程車行,花蓮縣花蓮市民政里中美路１９７號,花蓮縣,花蓮市,民政里,花蓮市一般行政區,否,否,2000000.0,1977,合夥,N,0,493200,計程車客運
53153460,,見暉批發有限公司,花蓮縣花蓮市民政里中美路１９９、２０３號,花蓮縣,花蓮市,民政里,花蓮市一般行政區,否,否,29000000.0,2010,有限公司,Y,1,452000,綜合商品批發
41016224,,優狗寵物美容生活館,花蓮縣花蓮市民政里中美路２０５號１樓,花蓮縣,花蓮市,民政里,花蓮市一般行政區,否,否,100000.0,2015,獨資,N,0,969021,寵物照顧及訓練
91151596,,春日蛋餅早餐,花蓮縣花蓮市民政里中興路１１５－４６號１樓,花蓮縣,花蓮市,民政里,花蓮市一般行政區,否,否,100000.0,2021,獨資,N,0,561111,早餐店
92637957,,華維娛樂休閒企業社,花蓮縣花蓮市民政里中興路１２９號,花蓮縣,花蓮市,民政里,花蓮市一般行政區,否,否,248000.0,2024,獨資,Y,1,501099,其他海洋水運
41006936,,米秝自助餐,花蓮縣花蓮市民政里中興路１３３－６號１樓,花蓮縣,花蓮市,民政里,花蓮市一般行政區,否,否,200000.0,2014,獨資,N,0,561112,便當、自助餐店
82177407,,展宇設計工作室,花蓮縣花蓮市民政里中興路１３３－６號２樓,花蓮縣,花蓮市,民政里,花蓮市一般行政區,否,否,200000.0,2018,獨資,Y,1,740100,室內設計
60247690,,慧星文創國際事業,花蓮縣花蓮市民政里中興路１３７巷１號１樓,花蓮縣,花蓮市,民政里,花蓮市一般行政區,否,否,200000.0,2025,獨資,N,0,487199,其他電子購物及郵購
49748449,,潭式水煎包,花蓮縣花蓮市民政里中興路１５４號１樓,花蓮縣,花蓮市,民政里,花蓮市一般行政區,否,否,3000.0,2016,獨資,N,0,561113,麵店、小吃店
87353542,,一瓶油小吃,花蓮縣花蓮市民政里中興路１５７號１樓,花蓮縣,花蓮市,民政里,花蓮市一般行政區,否,否,10000.0,2021,獨資,N,0,561111,早餐店
72788338,,攤販－楊豐蓮,花蓮縣花蓮市民政里中興路１５８號前騎樓,花蓮縣,花蓮市,民政里,花蓮市一般行政區,否,否,10000.0,2017,獨資,N,0,561200,餐食攤販
49937743,,明亮便利商店,花蓮縣花蓮市民政里中興路１５９號１樓,花蓮縣,花蓮市,民政里,花蓮市一般行政區,否,否,100000.0,2005,獨資,Y,1,471913,雜貨店
16574663,,臣鈞有限公司,花蓮縣花蓮市民政里中興路１７３號１樓,花蓮縣,花蓮市,民政里,花蓮市一般行政區,否,否,3000000.0,1998,有限公司,Y,1,483111,電腦及電腦週邊設備零售
94650603,,花蓮漁業開發股份有限公司,花蓮縣花蓮市民政里中興路１７３號１樓,花蓮縣,花蓮市,民政里,花蓮市一般行政區,否,否,4000000.0,1975,股份有限公司,Y,1,032212,鹹水魚塭養殖
09635996,,美崙遊記民宿,花蓮縣花蓮市民政里中興路１７９號,花蓮縣,花蓮市,民政里,花蓮市一般行政區,否,否,3000.0,2006,獨資,N,0,551013,民宿
00075292,,采家有限公司,花蓮縣花蓮市民政里中興路１８９號１樓,花蓮縣,花蓮市,民政里,花蓮市一般行政區,否,否,150000.0,2024,有限公司,Y,1,561115,餐廳
85213905,,墨爾漢堡店,花蓮縣花蓮市民政里中興路１９６號１樓,花蓮縣,花蓮市,民政里,花蓮市一般行政區,否,否,100000.0,2020,獨資,N,0,561115,餐廳
41213506,,美崙自助洗衣中興店,花蓮縣花蓮市民政里中興路２０９號１樓,花蓮縣,花蓮市,民政里,花蓮市一般行政區,否,否,10000.0,2014,獨資,N,0,961012,自助洗衣店
31419613,,攤販－潘慧芬,花蓮縣花蓮市民政里中興路２１１－２號１樓,花蓮縣,花蓮市,民政里,花蓮市一般行政區,否,否,3000.0,2006,獨資,N,0,561200,餐食攤販
15788097,,烽勝麵館,花蓮縣花蓮市民政里中興路２１１－３號１樓,花蓮縣,花蓮市,民政里,花蓮市一般行政區,否,否,3000.0,2003,獨資,N,0,561113,麵店、小吃店
91349182,,熙藥局,花蓮縣花蓮市民政里中興路２１４號１樓,花蓮縣,花蓮市,民政里,花蓮市一般行政區,否,否,10000.0,2021,獨資,N,0,475112,西藥零售
26112000,,薇薇安早餐坊,花蓮縣花蓮市民政里中興路２１５號,花蓮縣,花蓮市,民政里,花蓮市一般行政區,否,否,80000.0,2009,獨資,N,0,561111,早餐店
93056561,,豐勳工程行,花蓮縣花蓮市民政里中興路２１５號１樓,花蓮縣,花蓮市,民政里,花蓮市一般行政區,否,否,200000.0,2024,獨資,Y,1,434011,室內裝潢工程
94829018,,新格理髮廳,花蓮縣花蓮市民政里中興路２２６號,花蓮縣,花蓮市,民政里,花蓮市一般行政區,否,否,3000.0,1983,獨資,N,0,962112,理髮店
85208311,,中美寢飾企業社,花蓮縣花蓮市民政里中興路２２７號,花蓮縣,花蓮市,民政里,花蓮市一般行政區,否,否,200000.0,2019,獨資,N,0,474311,寢具零售
24864032,,頂正建設有限公司,花蓮縣花蓮市民政里中興路２４３號３樓,花蓮縣,花蓮市,民政里,花蓮市一般行政區,否,否,5000000.0,2015,有限公司,Y,1,670012,不動產投資開發
83491832,,兆欣開發有限公司,花蓮縣花蓮市民政里中興路２４９號１樓,花蓮縣,花蓮市,民政里,花蓮市一般行政區,否,否,30000000.0,2019,有限公司,Y,1,681112,自有不動產租賃
90540274,,啟欣通運有限公司,花蓮縣花蓮市民政里中興路２４９號１樓,花蓮縣,花蓮市,民政里,花蓮市一般行政區,否,否,25000000.0,2021,有限公司,Y,1,484112,中古汽車零售
06234167,,啓欣礦業有限公司,花蓮縣花蓮市民政里中興路２４９號３樓,花蓮縣,花蓮市,民政里,花蓮市一般行政區,否,否,8000000.0,1985,有限公司,Y,1,060011,大理石採取
93055330,,洗乾淨自助洗衣店,花蓮縣花蓮市民政里中興路２５０之２號,花蓮縣,花蓮市,民政里,花蓮市一般行政區,否,否,100000.0,2024,獨資,N,0,961012,自助洗衣店
93053375,,孔記蓉魯肉飯,花蓮縣花蓮市民政里中興路２５１號,花蓮縣,花蓮市,民政里,花蓮市一般行政區,否,否,200000.0,2024,獨資,N,0,561113,麵店、小吃店
83770481,,立康工程顧問有限公司,花蓮縣花蓮市民政里中興路２５２―１號１樓,花蓮縣,花蓮市,民政里,花蓮市一般行政區,否,否,5000000.0,2020,有限公司,Y,1,711211,土木工程顧問
91150457,,葉爸豬腳餐飲店,花蓮縣花蓮市民政里中興路２５２―１號１樓,花蓮縣,花蓮市,民政里,花蓮市一般行政區,否,否,100000.0,2021,獨資,N,0,561113,麵店、小吃店
85211250,,興旺餐坊,花蓮縣花蓮市民政里中興路２５２號１樓,花蓮縣,花蓮市,民政里,花蓮市一般行政區,否,否,50000.0,2020,獨資,N,0,561111,早餐店
93053369,,孔記銘牛肉麵,花蓮縣花蓮市民政里中興路２５３號,花蓮縣,花蓮市,民政里,花蓮市一般行政區,否,否,200000.0,2024,獨資,N,0,561113,麵店、小吃店
91592670,,惠成商行,花蓮縣花蓮市民政里中興路２５９號１樓,花蓮縣,花蓮市,民政里,花蓮市一般行政區,否,否,200000.0,2022,獨資,N,0,487199,其他電子購物及郵購
31772213,,鮮道味,花蓮縣花蓮市民政里中興路２６１號１樓,花蓮縣,花蓮市,民政里,花蓮市一般行政區,否,否,250000.0,2012,獨資,N,0,561113,麵店、小吃店
60247782,,富曜室內裝修業,花蓮縣花蓮市民政里中興路２６６號,花蓮縣,花蓮市,民政里,花蓮市一般行政區,否,否,200000.0,2025,獨資,Y,1,439099,未分類其他專門營造
94048978,,陽光明媚有限公司,花蓮縣花蓮市民政里中興路２６６號,花蓮縣,花蓮市,民政里,花蓮市一般行政區,否,否,1000000.0,2023,有限公司,Y,1,433900,其他建築設備安裝
94685785,,聯合建築企劃社,花蓮縣花蓮市民政里中興路２６６號,花蓮縣,花蓮市,民政里,花蓮市一般行政區,否,否,8000.0,1990,獨資,N,0,820300,影印服務
60251005,,永記企業社,花蓮縣花蓮市民政里中興路２６６號１樓,花蓮縣,花蓮市,民政里,花蓮市一般行政區,否,否,200000.0,2026,獨資,Y,1,439099,未分類其他專門營造
94849963,,鑫昌電機行,花蓮縣花蓮市民政里中興路２７２號,花蓮縣,花蓮市,民政里,花蓮市一般行政區,否,否,450000.0,1985,獨資,Y,1,340017,通用機械設備維修及安裝
94810539,,巨業起重工程有限公司,花蓮縣花蓮市民政里化道路３７號,花蓮縣,花蓮市,民政里,花蓮市一般行政區,否,否,4000000.0,1982,有限公司,Y,1,439014,起重工程
60302341,16740494,全聯實業股份有限公司花蓮化道分公司,花蓮縣花蓮市民政里化道路５５－３號及中美十二街７７號,花蓮縣,花蓮市,民政里,花蓮市一般行政區,否,否,0.0,2026,本國公司設立之分公司,Y,1,471916,超級市場
95210293,,復新工作室,花蓮縣花蓮市民政里化道路５５－７號,花蓮縣,花蓮市,民政里,花蓮市一般行政區,否,否,80000.0,2025,獨資,N,0,464111,電腦及電腦週邊設備批發
94845657,,興隆菓菜行,花蓮縣花蓮市民政里化道路６１之７號,花蓮縣,花蓮市,民政里,花蓮市一般行政區,否,否,30000.0,1985,獨資,N,0,472112,水果零售
83762948,,麗星生物科技有限公司,花蓮縣花蓮市民政里府前路２９６巷１１號１樓,花蓮縣,花蓮市,民政里,花蓮市一般行政區,否,否,1000000.0,2020,有限公司,Y,1,454920,保健營養食品批發
92641994,,羽世界體育用品社,花蓮縣花蓮市民政里府前路２９６巷１５號４樓之５,花蓮縣,花蓮市,民政里,花蓮市一般行政區,否,否,80000.0,2024,獨資,N,0,476299,其他運動用品及器材零售
92636177,,一起健身運動工作室,花蓮縣花蓮市民政里府前路２９８號,花蓮縣,花蓮市,民政里,花蓮市一般行政區,否,否,50000.0,2023,獨資,N,0,931219,健身中心
90830604,,合陽技術顧問有限公司,花蓮縣花蓮市民政里府前路３００號１樓,花蓮縣,花蓮市,民政里,花蓮市一般行政區,否,否,3500000.0,2021,有限公司,Y,1,711211,土木工程顧問
34949329,,春綠小築,花蓮縣花蓮市民政里府前路３０８―５號,花蓮縣,花蓮市,民政里,花蓮市一般行政區,否,否,200000.0,2010,獨資,N,0,551013,民宿
31791289,,美娜寵物生活館,花蓮縣花蓮市民政里府前路３０８―７號１樓,花蓮縣,花蓮市,民政里,花蓮市一般行政區,否,否,100000.0,2012,獨資,N,0,969021,寵物照顧及訓練
26794342,,花香鳥語溫馨民宿,花蓮縣花蓮市民政里府前路３０８―８號,花蓮縣,花蓮市,民政里,花蓮市一般行政區,否,否,200000.0,2012,獨資,N,0,551013,民宿
87352558,,傳承生命禮儀社,花蓮縣花蓮市民政里府前路３０８―８號１樓,花蓮縣,花蓮市,民政里,花蓮市一般行政區,否,否,240000.0,2021,獨資,N,0,963015,殯葬禮儀服務
95215678,,又上財商文教企業,花蓮縣花蓮市民政里府前路３０８－５號地下１樓,花蓮縣,花蓮市,民政里,花蓮市一般行政區,否,否,150000.0,2025,獨資,N,0,859413,專業管理訓練
95215683,,上誠企業,花蓮縣花蓮市民政里府前路３０８－５號地下１樓,花蓮縣,花蓮市,民政里,花蓮市一般行政區,否,否,150000.0,2025,獨資,N,0,903019,藝文作品展覽活動籌辦
95215699,,上志教育企業,花蓮縣花蓮市民政里府前路３０８－５號１樓,花蓮縣,花蓮市,民政里,花蓮市一般行政區,否,否,150000.0,2025,獨資,N,0,859999,其他未分類教育
13034427,,鋒鑫營造有限公司,花蓮縣花蓮市民政里府前路３２０號１樓,花蓮縣,花蓮市,民政里,花蓮市一般行政區,否,否,8000000.0,2002,有限公司,Y,1,429099,未分類其他土木工程
60249803,,樂福身心綠坊,花蓮縣花蓮市民政里府前路３３８號１樓,花蓮縣,花蓮市,民政里,花蓮市一般行政區,否,否,100000.0,2026,獨資,N,0,859216,手工藝教學
10031621,,麗都小築民宿,花蓮縣花蓮市民政里府前路３４０號,花蓮縣,花蓮市,民政里,花蓮市一般行政區,否,否,1000000.0,2007,獨資,N,0,551013,民宿
60247143,,約瑟工程行,花蓮縣花蓮市民政里府前路３４６號１樓,花蓮縣,花蓮市,民政里,花蓮市一般行政區,否,否,200000.0,2025,獨資,Y,1,813000,綠化服務
26794292,,韓石屋韓式料理,花蓮縣花蓮市民政里府前路３５０號１樓,花蓮縣,花蓮市,民政里,花蓮市一般行政區,否,否,200000.0,2012,獨資,N,0,561115,餐廳
93056680,,京采芽點藝文事業,花蓮縣花蓮市民政里永興路９６號,花蓮縣,花蓮市,民政里,花蓮市一般行政區,否,否,160000.0,2024,獨資,N,0,859999,其他未分類教育
87344734,,含玉精品工作室,花蓮縣花蓮市民政里順興路１１８―７號１樓,花蓮縣,花蓮市,民政里,花蓮市一般行政區,否,否,3000.0,2020,獨資,N,0,473211,服裝零售
10046188,,張成業自營計程車行,花蓮縣花蓮市民政里順興路１６１巷３號５樓之１,花蓮縣,花蓮市,民政里,花蓮市一般行政區,否,否,3000.0,2007,獨資,N,0,493200,計程車客運
61457167,,太平洋的泡沫自助洗衣店,花蓮縣花蓮市民政里順興路５２號１樓,花蓮縣,花蓮市,民政里,花蓮市一般行政區,否,否,10000.0,2026,獨資,N,0,961012,自助洗衣店
61457315,,藝綺沙龍美學,花蓮縣花蓮市民政里００１鄰中美路１１３―１號１樓,花蓮縣,花蓮市,民政里,花蓮市一般行政區,否,否,30000.0,2026,獨資,N,0,962111,美髮院及髮廊
60252412,,美美姬企業社,花蓮縣花蓮市民政里００１鄰中美路１１５巷１０號２樓,花蓮縣,花蓮市,民政里,花蓮市一般行政區,否,否,100000.0,2026,獨資,N,0,487199,其他電子購物及郵購
26794309,,後山地瓜,花蓮縣花蓮市民政里００１鄰中美路１１５巷７號１樓,花蓮縣,花蓮市,民政里,花蓮市一般行政區,否,否,50000.0,2012,獨資,N,0,472111,蔬菜零售
91591671,,世佳專業快剪,花蓮縣花蓮市民政里００１鄰中美路１１７－３號１樓,花蓮縣,花蓮市,民政里,花蓮市一般行政區,否,否,150000.0,2022,獨資,N,0,962111,美髮院及髮廊
87347845,,英雄光臨企業社,花蓮縣花蓮市民政里００１鄰中美路１２７－１號,花蓮縣,花蓮市,民政里,花蓮市一般行政區,否,否,10000.0,2020,獨資,N,0,931219,健身中心
94781470,,美崙打字行,花蓮縣花蓮市民政里００１鄰中美路１３９―１號１樓,花蓮縣,花蓮市,民政里,花蓮市一般行政區,否,否,8000.0,1980,獨資,N,0,820300,影印服務
90641575,,上鼎居行銷顧問股份有限公司,花蓮縣花蓮市民政里００１鄰中興路２７４號１樓,花蓮縣,花蓮市,民政里,花蓮市一般行政區,否,否,1000000.0,2021,股份有限公司,Y,1,681212,不動產代銷
91588866,,宏泰興工程行,花蓮縣花蓮市民政里００１鄰中興路２７４號１樓,花蓮縣,花蓮市,民政里,花蓮市一般行政區,否,否,240000.0,2022,獨資,Y,1,434013,房屋設備安裝工程
08153773,,財團法人台灣基督教門諾會附設花蓮縣私立善牧中心,花蓮縣花蓮市民政里００１鄰順興路８７號１樓,花蓮縣,花蓮市,民政里,花蓮市一般行政區,否,否,3000.0,1994,其他,N,0,561113,麵店、小吃店
42783618,,安家開發建設有限公司,花蓮縣花蓮市民政里００２鄰中美路１５１號１樓,花蓮縣,花蓮市,民政里,花蓮市一般行政區,否,否,17080000.0,2016,有限公司,Y,1,670012,不動產投資開發
92634537,,雅安企業社,花蓮縣花蓮市民政里００２鄰中美路１５１號１樓,花蓮縣,花蓮市,民政里,花蓮市一般行政區,否,否,200000.0,2023,獨資,Y,1,439099,未分類其他專門營造
96848166,,安家資產有限公司,花蓮縣花蓮市民政里００２鄰中美路１５１號１樓,花蓮縣,花蓮市,民政里,花蓮市一般行政區,否,否,1688000.0,2024,有限公司,N,0,649911,投資有價證券
85208157,,寶島五金,花蓮縣花蓮市民政里００２鄰中美路１７５號１樓,花蓮縣,花蓮市,民政里,花蓮市一般行政區,否,否,200000.0,2019,獨資,Y,1,487199,其他電子購物及郵購
41465256,,通聯工程行,花蓮縣花蓮市民政里００２鄰中美路１８５號１樓,花蓮縣,花蓮市,民政里,花蓮市一般行政區,否,否,200000.0,2015,獨資,Y,1,433212,管道工程
60247489,,菲云樂企業社,花蓮縣花蓮市民政里００３鄰中美七街３９號３樓之６,花蓮縣,花蓮市,民政里,花蓮市一般行政區,否,否,200000.0,2025,獨資,N,0,487199,其他電子購物及郵購
00130160,,紫電國際有限公司,花蓮縣花蓮市民政里００３鄰中美七街６８號,花蓮縣,花蓮市,民政里,花蓮市一般行政區,否,否,100000.0,2024,有限公司,Y,1,760999,其他未分類專業、科學及技術服務
60728000,,神仙部落有限公司,花蓮縣花蓮市民政里００３鄰中美七街６８號,花蓮縣,花蓮市,民政里,花蓮市一般行政區,否,否,1000000.0,2025,有限公司,Y,1,903015,藝術表演活動籌辦、監製與經紀
42102535,,中美七街加水站,花蓮縣花蓮市民政里００３鄰中美七街６８號騎樓,花蓮縣,花蓮市,民政里,花蓮市一般行政區,否,否,60000.0,2015,獨資,N,0,487911,以自動販賣機零售商品
94118045,,大棠大享有限公司,花蓮縣花蓮市民政里００３鄰中美七街６８號１樓,花蓮縣,花蓮市,民政里,花蓮市一般行政區,否,否,1000000.0,2023,有限公司,Y,1,487199,其他電子購物及郵購
87347681,,鴻禧工程行,花蓮縣花蓮市民政里００３鄰中美七街８４巷５號１樓,花蓮縣,花蓮市,民政里,花蓮市一般行政區,否,否,200000.0,2020,獨資,Y,1,429099,未分類其他土木工程
87345889,,品臻數位行銷,花蓮縣花蓮市民政里００３鄰中美七街９０號１樓,花蓮縣,花蓮市,民政里,花蓮市一般行政區,否,否,100000.0,2020,獨資,N,0,487199,其他電子購物及郵購
91592926,,日日鑫商行,花蓮縣花蓮市民政里００８鄰中美十三街５０－１號１樓,花蓮縣,花蓮市,民政里,花蓮市一般行政區,否,否,200000.0,2022,獨資,Y,1,454211,畜肉批發
54374602,23060248,全家便利商店股份有限公司花蓮縣第一０一分公司,花蓮縣花蓮市民政里０１５鄰中興路１８２、１８４、１８６、１８８號,花蓮縣,花蓮市,民政里,花蓮市一般行政區,否,否,0.0,2013,本國公司設立之分公司,Y,1,471114,加盟連鎖式便利商店（無商品進、銷貨行為）
72897429,,九乘九民宿,花蓮縣花蓮市民政里０１６鄰府前路２９６巷５號,花蓮縣,花蓮市,民政里,花蓮市一般行政區,否,否,8000000.0,2018,獨資,N,0,551013,民宿
23404882,,雄聖工程有限公司,花蓮縣花蓮市民政里０２０鄰中興路１４９號１樓,花蓮縣,花蓮市,民政里,花蓮市一般行政區,否,否,3600000.0,1989,有限公司,Y,1,433111,水電工程
50748636,,力豪企業社,花蓮縣花蓮市民政里０２１鄰中美七街１２１巷２號１樓,花蓮縣,花蓮市,民政里,花蓮市一般行政區,否,否,200000.0,2018,獨資,Y,1,782000,人力供應
91267365,,元象工程行,花蓮縣花蓮市民政里０２１鄰中美七街１２１巷２號１樓,花蓮縣,花蓮市,民政里,花蓮市一般行政區,否,否,200000.0,2021,獨資,Y,1,429099,未分類其他土木工程
91158535,,葆仁企業社,花蓮縣花蓮市民政里０２２鄰中美十街６５號１樓,花蓮縣,花蓮市,民政里,花蓮市一般行政區,否,否,200000.0,2021,獨資,Y,1,410011,房屋修繕
31615621,,社團法人花蓮縣谷若思全人關懷協會,花蓮縣花蓮市民政里０２３鄰中美十一街６８號,花蓮縣,花蓮市,民政里,花蓮市一般行政區,否,否,200000.0,2016,其他,Y,1,472112,水果零售
60251201,,瑩峰工程行,花蓮縣花蓮市民政里０２３鄰中美十街５５巷１弄５號１樓,花蓮縣,花蓮市,民政里,花蓮市一般行政區,否,否,200000.0,2026,獨資,Y,1,433900,其他建築設備安裝
54071678,,竣玉投資有限公司,花蓮縣花蓮市民政里０２３鄰順興路１１８―３號１樓,花蓮縣,花蓮市,民政里,花蓮市一般行政區,否,否,1100000.0,2013,有限公司,N,0,649911,投資有價證券
91597957,,賴又瑄早餐,花蓮縣花蓮市民政里０２３鄰順興路１２０號１樓,花蓮縣,花蓮市,民政里,花蓮市一般行政區,否,否,3000.0,2022,獨資,N,0,561111,早餐店
93054402,,量子空間室內裝修設計,花蓮縣花蓮市民政里０２３鄰順興路１２８號１樓,花蓮縣,花蓮市,民政里,花蓮市一般行政區,否,否,200000.0,2024,獨資,Y,1,434011,室內裝潢工程
60161623,,嚕嚕米工作室,花蓮縣花蓮市民政里０２４鄰化道路５５―８號７樓之１,花蓮縣,花蓮市,民政里,花蓮市一般行政區,否,否,8888.0,2025,獨資,N,0,487199,其他電子購物及郵購
82179833,,寶鼎企業社,花蓮縣花蓮市民政里０２４鄰化道路５７號１樓,花蓮縣,花蓮市,民政里,花蓮市一般行政區,否,否,245000.0,2019,獨資,Y,1,562012,團膳承包
36716373,00968923,財團法人勵馨社會福利事業基金會附設愛馨小舖,花蓮縣花蓮市民政里０２５鄰中美十街３９號,花蓮縣,花蓮市,民政里,花蓮市一般行政區,否,否,0.0,2010,其他,Y,1,339919,手工藝品製造
85359112,00968923,財團法人勵馨社會福利事業基金會附屬花蓮性別教育體驗中心,花蓮縣花蓮市民政里０２５鄰中美十街３９號３－４樓,花蓮縣,花蓮市,民政里,花蓮市一般行政區,否,否,0.0,2019,其他,Y,1,889900,其他未分類社會工作服務
60253496,,艾莉兒畫樂園,花蓮縣花蓮市民政里０２６鄰中興路２３１號５樓之５,花蓮縣,花蓮市,民政里,花蓮市一般行政區,否,否,100000.0,2026,獨資,N,0,859211,美術教學
93703883,22555003,統一超商股份有限公司花蓮縣第一五一分公司,花蓮縣花蓮市民政里０２６鄰中興路２３３號,花蓮縣,花蓮市,民政里,花蓮市一般行政區,否,否,0.0,2024,本國公司設立之分公司,Y,1,471112,直營連鎖式便利商店
91589041,,順誠企業,花蓮縣花蓮市民政里０２６鄰中興路２３３號１樓,花蓮縣,花蓮市,民政里,花蓮市一般行政區,否,否,238000.0,2022,獨資,Y,1,494099,其他汽車貨運
61384910,,中化萬佳鄉早餐店,花蓮縣花蓮市民政里０２６鄰中興路２３５號１樓,花蓮縣,花蓮市,民政里,花蓮市一般行政區,否,否,100000.0,2026,獨資,N,0,561111,早餐店
91155798,,寶哥永和藥燉排骨,花蓮縣花蓮市民政里０２６鄰中興路２５７號１樓,花蓮縣,花蓮市,民政里,花蓮市一般行政區,否,否,30000.0,2021,獨資,N,0,561113,麵店、小吃店
60249352,,睡眠宇宙工作室,花蓮縣花蓮市民政里０２６鄰府前路２９６巷２４號３樓,花蓮縣,花蓮市,民政里,花蓮市一般行政區,否,否,20000.0,2026,獨資,N,0,859311,瑜珈指導
90342041,,郡晴投資有限公司,花蓮縣花蓮市民政里０２６鄰府前路３０２號１樓,花蓮縣,花蓮市,民政里,花蓮市一般行政區,否,否,2100000.0,2022,有限公司,N,0,649911,投資有價證券
91153216,,和順工程行,花蓮縣花蓮市民政里０２７鄰中美十一街１００號１樓,花蓮縣,花蓮市,民政里,花蓮市一般行政區,否,否,200000.0,2021,獨資,Y,1,439099,未分類其他專門營造
82182909,,花蓮香香企業社,花蓮縣花蓮市民政里０２７鄰中美十三街６８號４樓之６,花蓮縣,花蓮市,民政里,花蓮市一般行政區,否,否,190000.0,2019,獨資,N,0,681112,自有不動產租賃
83660301,,永信快捷有限公司,花蓮縣花蓮市民政里０２７鄰中美十二街６３號,花蓮縣,花蓮市,民政里,花蓮市一般行政區,否,否,200000.0,2020,有限公司,Y,1,494011,汽車貨櫃貨運
94162098,,京程營造有限公司,花蓮縣花蓮市民政里０２７鄰中美十街１０９號三樓之３,花蓮縣,花蓮市,民政里,花蓮市一般行政區,否,否,5000000.0,2023,有限公司,Y,1,439099,未分類其他專門營造
85212357,,何記餐飲店,花蓮縣花蓮市民政里０２７鄰中興路１９８號１樓,花蓮縣,花蓮市,民政里,花蓮市一般行政區,否,否,180000.0,2020,獨資,N,0,561113,麵店、小吃店
83381672,,居佳國際開發有限公司,花蓮縣花蓮市民政里０２７鄰中興路２３０號１樓,花蓮縣,花蓮市,民政里,花蓮市一般行政區,否,否,5000000.0,2021,有限公司,Y,1,781099,其他人力仲介
94214700,,湛然文化有限公司,花蓮縣花蓮市民政里０２９鄰中興路１１５―４７號３樓,花蓮縣,花蓮市,民政里,花蓮市一般行政區,否,否,100000.0,2023,有限公司,Y,1,859999,其他未分類教育
91597730,,西方蓮素食,花蓮縣花蓮市民政里０３０鄰中美五街１３０號１樓,花蓮縣,花蓮市,民政里,花蓮市一般行政區,否,否,30000.0,2022,獨資,N,0,487114,經營網路購物（食品、飲料類商品）
86587260,,好萊屋建設有限公司,花蓮縣花蓮市民政里０３１鄰中美路１１１號八樓之１,花蓮縣,花蓮市,民政里,花蓮市一般行政區,否,否,19500000.0,1992,有限公司,Y,1,670012,不動產投資開發
94799366,,花蓮縣醫師公會,花蓮縣花蓮市民政里０３１鄰中美路１１１－７號,花蓮縣,花蓮市,民政里,花蓮市一般行政區,否,否,1594848.0,1946,其他,Y,1,681112,自有不動產租賃
24864981,,華東投資開發有限公司,花蓮縣花蓮市民政里０３２鄰順興路１１７號,花蓮縣,花蓮市,民政里,花蓮市一般行政區,否,否,9000000.0,2015,有限公司,Y,1,670012,不動產投資開發
42578308,,全鑫開發有限公司,花蓮縣花蓮市民政里０３２鄰順興路１１７號,花蓮縣,花蓮市,民政里,花蓮市一般行政區,否,否,10000000.0,2015,有限公司,Y,1,681113,不動產轉租賃
89847395,,華中營造有限公司,花蓮縣花蓮市民政里０３２鄰順興路１１７號,花蓮縣,花蓮市,民政里,花蓮市一般行政區,否,否,12000000.0,1995,有限公司,Y,1,410013,住宅營建
94161582,,宇聖建設有限公司,花蓮縣花蓮市民政里０３２鄰順興路１１７號,花蓮縣,花蓮市,民政里,花蓮市一般行政區,否,否,25000000.0,2023,有限公司,Y,1,670012,不動產投資開發
31437464,,光礌企業社,花蓮縣花蓮市民政里１鄰順興街９３號１樓,花蓮縣,花蓮市,民政里,花蓮市一般行政區,否,否,2400000.0,2007,獨資,Y,1,433111,水電工程
76965051,,江山土木包工業,花蓮縣花蓮市民政里１２鄰中興路２６６號１樓,花蓮縣,花蓮市,民政里,花蓮市一般行政區,否,否,1000000.0,1991,獨資,Y,1,429099,未分類其他土木工程
99805845,,阿菊檳榔攤,花蓮縣花蓮市民政里１５鄰化道路４７號騎樓,花蓮縣,花蓮市,民政里,花蓮市一般行政區,否,否,3000.0,2004,獨資,N,0,472936,檳榔零售
16972281,,統鉦營造有限公司,花蓮縣花蓮市民政里１６鄰府前路３００－２號１樓,花蓮縣,花蓮市,民政里,花蓮市一般行政區,否,否,3600000.0,1999,有限公司,Y,1,429099,未分類其他土木工程
23392437,,皇帝不動產仲介經紀業有限公司,花蓮縣花蓮市民政里１６鄰府前路３００－２號１樓,花蓮縣,花蓮市,民政里,花蓮市一般行政區,否,否,1000000.0,1989,有限公司,Y,1,681211,不動產仲介
42579263,,立業鑫建設有限公司,花蓮縣花蓮市民政里１６鄰府前路３００－２號１樓,花蓮縣,花蓮市,民政里,花蓮市一般行政區,否,否,16000000.0,2015,有限公司,Y,1,670012,不動產投資開發
54797911,,統鉦建設有限公司,花蓮縣花蓮市民政里１６鄰府前路３００－２號１樓,花蓮縣,花蓮市,民政里,花蓮市一般行政區,否,否,3000000.0,2014,有限公司,Y,1,670012,不動產投資開發
54992528,,統正建設有限公司,花蓮縣花蓮市民政里１６鄰府前路３００－２號１樓,花蓮縣,花蓮市,民政里,花蓮市一般行政區,否,否,15000000.0,2019,有限公司,Y,1,670012,不動產投資開發
60512418,,增轅投資顧問有限公司,花蓮縣花蓮市民政里１６鄰府前路３００－２號１樓,花蓮縣,花蓮市,民政里,花蓮市一般行政區,否,否,6200000.0,2025,有限公司,Y,1,670012,不動產投資開發
87350539,,紫京承企業社,花蓮縣花蓮市民政里１６鄰府前路３００－２號１樓,花蓮縣,花蓮市,民政里,花蓮市一般行政區,否,否,200000.0,2020,獨資,Y,1,381111,一般事業廢棄物清除
91154670,,品昇廣告行銷,花蓮縣花蓮市民政里１６鄰府前路３００－２號１樓,花蓮縣,花蓮市,民政里,花蓮市一般行政區,否,否,100000.0,2021,獨資,Y,1,731012,媒體代理及買賣
72848595,,國業室內設計工作室,花蓮縣花蓮市民政里１６鄰府前路３００－３號１樓,花蓮縣,花蓮市,民政里,花蓮市一般行政區,否,否,220000.0,2018,獨資,Y,1,740100,室內設計
83305844,,誠億開發股份有限公司,花蓮縣花蓮市民政里１６鄰府前路３００－５號,花蓮縣,花蓮市,民政里,花蓮市一般行政區,否,否,20000000.0,2020,股份有限公司,Y,1,760999,其他未分類專業、科學及技術服務
60311432,,芮格生物科技股份有限公司,花蓮縣花蓮市民政里１６鄰府前路３００－５號１樓,花蓮縣,花蓮市,民政里,花蓮市一般行政區,否,否,5000000.0,2026,股份有限公司,Y,1,011399,其他特用作物栽培
82965614,,洄瀾東電股份有限公司,花蓮縣花蓮市民政里１６鄰府前路３００－５號１樓,花蓮縣,花蓮市,民政里,花蓮市一般行政區,否,否,27200000.0,2019,股份有限公司,Y,1,281099,其他發電、輸電及配電機械製造
90525442,,源啟能源股份有限公司,花蓮縣花蓮市民政里１６鄰府前路３００－５號１樓,花蓮縣,花蓮市,民政里,花蓮市一般行政區,否,否,10000000.0,2021,股份有限公司,Y,1,760999,其他未分類專業、科學及技術服務
31464829,,立業金建設,花蓮縣花蓮市民政里１６鄰府前路３００－８號１樓,花蓮縣,花蓮市,民政里,花蓮市一般行政區,否,否,200000.0,2007,獨資,Y,1,670012,不動產投資開發
99476196,,立業建設企業社,花蓮縣花蓮市民政里１６鄰府前路３００－８號１樓,花蓮縣,花蓮市,民政里,花蓮市一般行政區,否,否,240000.0,2004,合夥,Y,1,670012,不動產投資開發
85209661,,親愛的手作坊,花蓮縣花蓮市民政里１６鄰府前路３００－８號５樓,花蓮縣,花蓮市,民政里,花蓮市一般行政區,否,否,60000.0,2019,獨資,N,0,475212,香皂、沐浴乳、洗面皂零售
30380175,,川泉湧飲料店,花蓮縣花蓮市民政里２鄰中美路１５１號１樓,花蓮縣,花蓮市,民政里,花蓮市一般行政區,否,否,3000.0,2009,合夥,Y,1,472914,飲料零售
94656135,,七月霜,花蓮縣花蓮市民政里２鄰中美路１６３號,花蓮縣,花蓮市,民政里,花蓮市一般行政區,否,否,3000.0,1978,獨資,N,0,476213,釣具零售
99791309,,江太太小吃,花蓮縣花蓮市民政里２鄰中美路１６５號,花蓮縣,花蓮市,民政里,花蓮市一般行政區,否,否,3000.0,2004,獨資,N,0,561113,麵店、小吃店
13977452,,精品十元百貨,花蓮縣花蓮市民政里２鄰中美路１７５號１樓,花蓮縣,花蓮市,民政里,花蓮市一般行政區,否,否,8000.0,2002,獨資,N,0,471912,零售式量販店
09605888,,裕興五金行,花蓮縣花蓮市民政里２鄰中美路１８７號及１８９號１樓,花蓮縣,花蓮市,民政里,花蓮市一般行政區,否,否,380000.0,2006,獨資,Y,1,481014,居家修繕用品零售
64804052,,中美計程車行,花蓮縣花蓮市民政里２１鄰中美七街１１９號,花蓮縣,花蓮市,民政里,花蓮市一般行政區,否,否,1000000.0,1988,獨資,N,0,493200,計程車客運
80078417,,明碩營造有限公司,花蓮縣花蓮市民政里２４鄰中興路２５８號,花蓮縣,花蓮市,民政里,花蓮市一般行政區,否,否,11300000.0,2002,有限公司,Y,1,429099,未分類其他土木工程
78842289,,連進汽車電機行,花蓮縣花蓮市民政里２６鄰中興路２３７號,花蓮縣,花蓮市,民政里,花蓮市一般行政區,否,否,3000.0,1993,獨資,N,0,484311,汽車零件、汽車百貨零售
72847884,,美崙醫療器材行,花蓮縣花蓮市民政里２７鄰中美十一街８６號１樓,花蓮縣,花蓮市,民政里,花蓮市一般行政區,否,否,1000000.0,2018,獨資,Y,1,473211,服裝零售
26792935,,曜明起重工程行,花蓮縣花蓮市民政里２７鄰中美十三街７０號,花蓮縣,花蓮市,民政里,花蓮市一般行政區,否,否,200000.0,2012,獨資,Y,1,439099,未分類其他專門營造
15782679,,隆承水電工程行,花蓮縣花蓮市民政里２７鄰中美十街１１９號１樓,花蓮縣,花蓮市,民政里,花蓮市一般行政區,否,否,12000000.0,2003,合夥,Y,1,433212,管道工程
86691475,,友正貨運股份有限公司,花蓮縣花蓮市民政里２７鄰中興路２５２號１樓,花蓮縣,花蓮市,民政里,花蓮市一般行政區,否,否,30000000.0,1992,股份有限公司,Y,1,494099,其他汽車貨運
24246546,,茂淂有限公司,花蓮縣花蓮市民政里３鄰中美七街１６號,花蓮縣,花蓮市,民政里,花蓮市一般行政區,否,否,10000000.0,2008,有限公司,Y,1,433111,水電工程
20066893,,達辰企業工程行,花蓮縣花蓮市民政里３鄰中美七街１６號１樓,花蓮縣,花蓮市,民政里,花蓮市一般行政區,否,否,13000000.0,1998,合夥,Y,1,433117,電纜裝修工程
16410156,,實踐主義室內裝修設計有限公司,花蓮縣花蓮市民政里３鄰永興路７６號１樓,花蓮縣,花蓮市,民政里,花蓮市一般行政區,否,否,3000000.0,1998,有限公司,Y,1,740100,室內設計
19534906,,維納斯生活書店,花蓮縣花蓮市民政里３１鄰永興路６－５號１樓,花蓮縣,花蓮市,民政里,花蓮市一般行政區,否,否,200000.0,1996,獨資,Y,1,476112,書籍、雜誌零售
18051677,,金蘭果菜行,花蓮縣花蓮市民政里４鄰中美十街６２號,花蓮縣,花蓮市,民政里,花蓮市一般行政區,否,否,5000.0,2000,獨資,N,0,472111,蔬菜零售
31792935,,絡舒傳統整復推拿館,花蓮縣花蓮市民政里８鄰中美十三街５６號４樓之７,花蓮縣,花蓮市,民政里,花蓮市一般行政區,否,否,5000.0,2013,獨資,N,0,969015,推拿按摩服務
12836841,,漢柏營造有限公司,花蓮縣花蓮市民政里８鄰中興路２６６號１樓,花蓮縣,花蓮市,民政里,花蓮市一般行政區,否,否,12500000.0,2001,有限公司,Y,1,410013,住宅營建
93053207,,班長的店,花蓮縣花蓮市民族里中山路１０７號１樓,花蓮縣,花蓮市,民族里,金三角與東大門核心交會商圈,是,是,50000.0,2024,獨資,N,0,561113,麵店、小吃店
41465050,,食七街碳烤食堂,花蓮縣花蓮市民族里中山路１１０號,花蓮縣,花蓮市,民族里,金三角與東大門核心交會商圈,是,是,3000.0,2015,獨資,N,0,561112,便當、自助餐店
92092174,,紅衣櫃服飾,花蓮縣花蓮市民族里中山路１１６號１樓,花蓮縣,花蓮市,民族里,金三角與東大門核心交會商圈,是,是,5000.0,1994,獨資,N,0,473211,服裝零售
94407137,,豐濱遊覽交通企業股份有限公司,花蓮縣花蓮市民族里中山路１３７號２樓,花蓮縣,花蓮市,民族里,金三角與東大門核心交會商圈,是,是,38000000.0,1969,股份有限公司,Y,1,493912,遊覽車客運
95215635,,紅圈酒吧,花蓮縣花蓮市民族里中山路１４１號１樓,花蓮縣,花蓮市,民族里,金三角與東大門核心交會商圈,是,是,200000.0,2025,獨資,N,0,563114,飲酒店
20060856,,花蓮正統排骨麵,花蓮縣花蓮市民族里中山路１４５號,花蓮縣,花蓮市,民族里,金三角與東大門核心交會商圈,是,是,20000.0,1997,獨資,Y,1,561113,麵店、小吃店
91590315,,喜崎屋飲料店,花蓮縣花蓮市民族里中山路１４７號,花蓮縣,花蓮市,民族里,金三角與東大門核心交會商圈,是,是,3000.0,2022,獨資,N,0,487114,經營網路購物（食品、飲料類商品）
95211321,,曾湘小吃,花蓮縣花蓮市民族里中山路１４７號,花蓮縣,花蓮市,民族里,金三角與東大門核心交會商圈,是,是,20000.0,2025,獨資,N,0,561112,便當、自助餐店
54225982,,傑班國際有限公司,花蓮縣花蓮市民族里中山路１５１號１、２樓,花蓮縣,花蓮市,民族里,金三角與東大門核心交會商圈,是,是,527350.0,2013,有限公司,Y,1,561115,餐廳
70966758,,圓昌企業社,花蓮縣花蓮市民族里中山路１５１號３樓,花蓮縣,花蓮市,民族里,金三角與東大門核心交會商圈,是,是,5000.0,1999,獨資,N,0,959917,開鎖及配鎖
72898095,,品沐民宿,花蓮縣花蓮市民族里中山路１５５號,花蓮縣,花蓮市,民族里,金三角與東大門核心交會商圈,是,是,5000000.0,2018,獨資,Y,1,551013,民宿
41475212,97176270,台灣大哥大股份有限公司花蓮舊站營業處,花蓮縣花蓮市民族里中山路１５７號１樓,花蓮縣,花蓮市,民族里,金三角與東大門核心交會商圈,是,是,0.0,2015,其他,Y,1,483212,手機及手機週邊零配件零售
95211820,,檸檬樹紓壓工作坊,花蓮縣花蓮市民族里中山路１６５、１６７號,花蓮縣,花蓮市,民族里,金三角與東大門核心交會商圈,是,是,200000.0,2025,獨資,Y,1,969015,推拿按摩服務
42593949,,鳳梨灣有限公司,花蓮縣花蓮市民族里中山路１６９號１樓,花蓮縣,花蓮市,民族里,金三角與東大門核心交會商圈,是,是,1000000.0,2015,有限公司,Y,1,472921,糖果餅乾零售
60251069,,三六五天酒吧,花蓮縣花蓮市民族里中山路５８號,花蓮縣,花蓮市,民族里,金三角與東大門核心交會商圈,是,是,50000.0,2026,獨資,N,0,563114,飲酒店
94274805,03742301,華南商業銀行股份有限公司花蓮分公司,花蓮縣花蓮市民族里中山路７８號１至３樓,花蓮縣,花蓮市,民族里,金三角與東大門核心交會商圈,是,是,0.0,1977,本國公司設立之分公司,N,0,641211,本國銀行
37996443,,新光眼鏡,花蓮縣花蓮市民族里中山路８８號１樓,花蓮縣,花蓮市,民族里,金三角與東大門核心交會商圈,是,是,50000.0,2013,獨資,N,0,474412,眼鏡及其零配件零售
54771927,,縣餅實業有限公司,花蓮縣花蓮市民族里中華路１號１、２樓,花蓮縣,花蓮市,民族里,金三角與東大門核心交會商圈,是,是,4000000.0,2013,有限公司,Y,1,089111,糕餅麵包製造
94657009,,洋房百貨有限公司,花蓮縣花蓮市民族里中華路１５及１７號１樓,花蓮縣,花蓮市,民族里,金三角與東大門核心交會商圈,是,是,8000000.0,1975,有限公司,Y,1,471200,百貨公司
87547365,53378117,誠和品牌行銷股份有限公司中山營業所,花蓮縣花蓮市民族里中華路２１號１樓,花蓮縣,花蓮市,民族里,金三角與東大門核心交會商圈,是,是,0.0,2020,其他,Y,1,472921,糖果餅乾零售
24890968,,米糰創意股份有限公司,花蓮縣花蓮市民族里中華路２３號１樓,花蓮縣,花蓮市,民族里,金三角與東大門核心交會商圈,是,是,5000000.0,2015,股份有限公司,Y,1,472921,糖果餅乾零售
31790649,,吉豐礦業,花蓮縣花蓮市民族里中華路２５號１樓,花蓮縣,花蓮市,民族里,金三角與東大門核心交會商圈,是,是,2000000.0,2012,合夥,Y,1,060011,大理石採取
94787397,,天泉銀樓,花蓮縣花蓮市民族里中華路２５號１樓,花蓮縣,花蓮市,民族里,金三角與東大門核心交會商圈,是,是,150000.0,1981,獨資,Y,1,474511,金（銀）飾零售
85213320,,怡信鞋店企業社,花蓮縣花蓮市民族里中華路２７號１樓,花蓮縣,花蓮市,民族里,金三角與東大門核心交會商圈,是,是,200000.0,2019,獨資,Y,1,473311,真皮鞋類及其配件零售
94825619,,九陽行,花蓮縣花蓮市民族里中華路５號,花蓮縣,花蓮市,民族里,金三角與東大門核心交會商圈,是,是,5000.0,1983,獨資,N,0,485217,手工藝品零售
91589605,,小金剛玩具店,花蓮縣花蓮市民族里中華路７號１樓,花蓮縣,花蓮市,民族里,金三角與東大門核心交會商圈,是,是,220000.0,2022,獨資,Y,1,476399,其他玩具及娛樂用品零售
83203570,03027502,宏遠證券股份有限公司光隆分公司,花蓮縣花蓮市民族里公園路２６之３號、２６之４號、２６之５號,花蓮縣,花蓮市,民族里,金三角與東大門核心交會商圈,是,是,0.0,2021,本國公司設立之分公司,Y,1,661100,證券商
94808436,03705903,兆豐國際商業銀行股份有限公司花蓮分公司,花蓮縣花蓮市民族里公園路２６號及２６－１號,花蓮縣,花蓮市,民族里,金三角與東大門核心交會商圈,是,是,0.0,1982,本國公司設立之分公司,N,0,641211,本國銀行
23472375,03090217,兆豐產物保險股份有限公司花蓮分公司,花蓮縣花蓮市民族里公園路２６號３樓,花蓮縣,花蓮市,民族里,金三角與東大門核心交會商圈,是,是,0.0,1990,本國公司設立之分公司,N,0,652099,其他財產保險
92639603,,利馬貸企業社,花蓮縣花蓮市民族里公園路６號,花蓮縣,花蓮市,民族里,金三角與東大門核心交會商圈,是,是,50000.0,2023,獨資,N,0,969099,未分類其他個人服務
60249254,,禾聯企業社,花蓮縣花蓮市民族里公園路６號２樓,花蓮縣,花蓮市,民族里,金三角與東大門核心交會商圈,是,是,50000.0,2026,獨資,N,0,969099,未分類其他個人服務
60248115,,不知道小吃部,花蓮縣花蓮市民族里復興街１３號１樓,花蓮縣,花蓮市,民族里,金三角與東大門核心交會商圈,是,是,200000.0,2025,獨資,N,0,561115,餐廳
92636731,,炫凱健身房,花蓮縣花蓮市民族里復興街１６號,花蓮縣,花蓮市,民族里,金三角與東大門核心交會商圈,是,是,230000.0,2023,獨資,Y,1,931219,健身中心
85213829,,圓芮工程行,花蓮縣花蓮市民族里復興街１６號１樓,花蓮縣,花蓮市,民族里,金三角與東大門核心交會商圈,是,是,120000.0,2020,獨資,Y,1,431021,石作工程
20065418,94186401,有限責任花蓮第一信用合作社復興分社,花蓮縣花蓮市民族里復興街１７號,花蓮縣,花蓮市,民族里,金三角與東大門核心交會商圈,是,是,0.0,1997,其他,N,0,641300,信用合作社
13968313,,忠厚寶石花坊,花蓮縣花蓮市民族里復興街２７號,花蓮縣,花蓮市,民族里,金三角與東大門核心交會商圈,是,是,1000000.0,2002,獨資,Y,1,453211,切花、盆栽批發
13974286,,亞湘早餐,花蓮縣花蓮市民族里復興街２８號１樓,花蓮縣,花蓮市,民族里,金三角與東大門核心交會商圈,是,是,3000.0,2002,獨資,N,0,561113,麵店、小吃店
24890691,,杰克山莊渡假大飯店有限公司,花蓮縣花蓮市民族里復興街２９號,花蓮縣,花蓮市,民族里,金三角與東大門核心交會商圈,是,是,2000000.0,2015,有限公司,Y,1,551012,旅館
54261776,,酷旅老房旅店股份有限公司,花蓮縣花蓮市民族里復興街５號,花蓮縣,花蓮市,民族里,金三角與東大門核心交會商圈,是,是,20600000.0,2013,股份有限公司,Y,1,551012,旅館
94280503,,盛富號,花蓮縣花蓮市民族里樹人街１號,花蓮縣,花蓮市,民族里,金三角與東大門核心交會商圈,是,是,3000.0,1977,獨資,N,0,474999,未分類其他家用器具及用品零售
94104627,,泛亞礦業股份有限公司,花蓮縣花蓮市民族里樹人街１７巷１號,花蓮縣,花蓮市,民族里,金三角與東大門核心交會商圈,是,是,10000000.0,1985,股份有限公司,Y,1,060011,大理石採取
91589416,,阿泰工作室,花蓮縣花蓮市民族里福建街５０３號,花蓮縣,花蓮市,民族里,金三角與東大門核心交會商圈,是,是,10000.0,2022,獨資,N,0,487199,其他電子購物及郵購
94850320,,香香食藝行,花蓮縣花蓮市民族里福建街５０５號,花蓮縣,花蓮市,民族里,金三角與東大門核心交會商圈,是,是,3000.0,1985,獨資,N,0,472921,糖果餅乾零售
92538719,,龍興文創,花蓮縣花蓮市民族里福建街５１３號,花蓮縣,花蓮市,民族里,金三角與東大門核心交會商圈,是,是,100000.0,2023,獨資,N,0,485212,宗教、喪葬用品零售
94665654,,龍興商務旅店,花蓮縣花蓮市民族里福建街５１３號,花蓮縣,花蓮市,民族里,金三角與東大門核心交會商圈,是,是,10000.0,1976,獨資,N,0,551012,旅館
78030536,,森之藝傢俱室內裝修設計工程行,花蓮縣花蓮市民族里福建街５２２號,花蓮縣,花蓮市,民族里,金三角與東大門核心交會商圈,是,是,10000.0,1991,獨資,N,0,434011,室內裝潢工程
94760242,,海鷗商號,花蓮縣花蓮市民族里福建街５２４號１樓,花蓮縣,花蓮市,民族里,金三角與東大門核心交會商圈,是,是,3000.0,1979,獨資,N,0,772912,船舶出租
94834716,,口福牛肉麵店,花蓮縣花蓮市民族里福建街５３３號,花蓮縣,花蓮市,民族里,金三角與東大門核心交會商圈,是,是,3000.0,1984,獨資,N,0,561113,麵店、小吃店
94649326,,尚文堂裱褙店,花蓮縣花蓮市民族里福建街５３５號,花蓮縣,花蓮市,民族里,金三角與東大門核心交會商圈,是,是,3000.0,1977,獨資,N,0,969020,字畫裱背
91154257,,友致商行,花蓮縣花蓮市民族里花崗街３號,花蓮縣,花蓮市,民族里,金三角與東大門核心交會商圈,是,是,200000.0,2021,獨資,N,0,089111,糕餅麵包製造
45068519,,洄瀾薯道有限公司,花蓮縣花蓮市民族里００１鄰中華路１１號１樓,花蓮縣,花蓮市,民族里,金三角與東大門核心交會商圈,是,是,1000000.0,2016,有限公司,Y,1,472921,糖果餅乾零售
87344093,,印象花蓮企業,花蓮縣花蓮市民族里００１鄰中華路１３號１樓,花蓮縣,花蓮市,民族里,金三角與東大門核心交會商圈,是,是,5200000.0,2020,合夥,Y,1,472921,糖果餅乾零售
85207571,,鍠梖商行,花蓮縣花蓮市民族里００１鄰中華路３１號１樓,花蓮縣,花蓮市,民族里,金三角與東大門核心交會商圈,是,是,238000.0,2019,獨資,Y,1,472914,飲料零售
87430822,53450715,床研所有限公司花蓮營業所,花蓮縣花蓮市民族里００２鄰中山路１３５號,花蓮縣,花蓮市,民族里,金三角與東大門核心交會商圈,是,是,0.0,2020,其他,Y,1,456211,國產家用家具批發
82184619,,貨櫃屋餐飲店,花蓮縣花蓮市民族里００２鄰中山路１４３號１樓,花蓮縣,花蓮市,民族里,金三角與東大門核心交會商圈,是,是,50000.0,2019,獨資,Y,1,561113,麵店、小吃店
26703005,,奇想咖啡,花蓮縣花蓮市民族里００３鄰中山路１３１巷５號,花蓮縣,花蓮市,民族里,金三角與東大門核心交會商圈,是,是,50000.0,2011,獨資,N,0,563112,咖啡館
91335286,,數據分析與訓練設計所,花蓮縣花蓮市民族里００３鄰中山路１３１巷５號,花蓮縣,花蓮市,民族里,金三角與東大門核心交會商圈,是,是,100000.0,2021,獨資,N,0,487199,其他電子購物及郵購
60092801,,嗨烤小吃店,花蓮縣花蓮市民族里００３鄰復興街２號１樓,花蓮縣,花蓮市,民族里,金三角與東大門核心交會商圈,是,是,200000.0,2024,獨資,N,0,561115,餐廳
91598288,,文一咖啡,花蓮縣花蓮市民族里００３鄰復興街４―１號１樓,花蓮縣,花蓮市,民族里,金三角與東大門核心交會商圈,是,是,5000.0,2023,獨資,N,0,563112,咖啡館
82183695,,裘比的店,花蓮縣花蓮市民族里００４鄰中山路１１７號,花蓮縣,花蓮市,民族里,金三角與東大門核心交會商圈,是,是,100000.0,2019,獨資,Y,1,561113,麵店、小吃店
26794949,,加酒行,花蓮縣花蓮市民族里００５鄰中山路７３號１樓,花蓮縣,花蓮市,民族里,金三角與東大門核心交會商圈,是,是,50000.0,2012,獨資,N,0,472913,菸酒零售
15781453,,布之花藝術工房,花蓮縣花蓮市民族里００５鄰中山路８７號１樓,花蓮縣,花蓮市,民族里,金三角與東大門核心交會商圈,是,是,3000.0,2002,獨資,N,0,473111,絲織、麻織、棉織、毛織品零售
95212476,,夾一商行,花蓮縣花蓮市民族里００５鄰中山路９３號１樓,花蓮縣,花蓮市,民族里,金三角與東大門核心交會商圈,是,是,120000.0,2025,獨資,N,0,932414,夾娃娃機店
94015033,94015012,小鹿參號一起一起股份有限公司花蓮中山分公司,花蓮縣花蓮市民族里００５鄰中山路９９、１０１號,花蓮縣,花蓮市,民族里,金三角與東大門核心交會商圈,是,是,0.0,2023,本國公司設立之分公司,Y,1,551012,旅館
09931103,,幻機電信,花蓮縣花蓮市民族里００６鄰中山路５６號１樓,花蓮縣,花蓮市,民族里,金三角與東大門核心交會商圈,是,是,10000.0,2006,獨資,Y,1,483212,手機及手機週邊零配件零售
83080113,,扛起來電子商務股份有限公司,花蓮縣花蓮市民族里００６鄰中山路６４號一樓,花蓮縣,花蓮市,民族里,金三角與東大門核心交會商圈,是,是,2000000.0,2020,股份有限公司,Y,1,482912,桶裝瓦斯零售
61455908,,東大門真豪養身館,花蓮縣花蓮市民族里００６鄰中山路６６、６８號,花蓮縣,花蓮市,民族里,金三角與東大門核心交會商圈,是,是,100000.0,2026,合夥,Y,1,969015,推拿按摩服務
92635959,,喬林體育社,花蓮縣花蓮市民族里００６鄰中山路７２號１樓,花蓮縣,花蓮市,民族里,金三角與東大門核心交會商圈,是,是,50000.0,2023,獨資,N,0,859399,其他運動及休閒教育
89185472,22555003,統一超商股份有限公司花蓮縣第一五０分公司,花蓮縣花蓮市民族里００６鄰中山路７４號,花蓮縣,花蓮市,民族里,金三角與東大門核心交會商圈,是,是,0.0,2022,本國公司設立之分公司,Y,1,471112,直營連鎖式便利商店
72845324,,銀座食堂,花蓮縣花蓮市民族里００６鄰中山路９４號１樓,花蓮縣,花蓮市,民族里,金三角與東大門核心交會商圈,是,是,30000.0,2018,獨資,N,0,561113,麵店、小吃店
49762259,,源源冷飲坊,花蓮縣花蓮市民族里００７鄰中山路１０２號１樓,花蓮縣,花蓮市,民族里,金三角與東大門核心交會商圈,是,是,200000.0,2017,獨資,Y,1,563115,手搖飲店
10642812,,勝脯企業社,花蓮縣花蓮市民族里００７鄰中山路１０４號１樓,花蓮縣,花蓮市,民族里,金三角與東大門核心交會商圈,是,是,230000.0,2008,獨資,Y,1,561115,餐廳
24884728,,台灣三隆國際旅遊用品開發有限公司,花蓮縣花蓮市民族里００７鄰中山路１１２號,花蓮縣,花蓮市,民族里,金三角與東大門核心交會商圈,是,是,2400000.0,2015,有限公司,Y,1,456999,未分類其他家用器具及用品批發
60249521,,鑫鑫選物販賣機,花蓮縣花蓮市民族里００７鄰中山路１１８號,花蓮縣,花蓮市,民族里,金三角與東大門核心交會商圈,是,是,10000.0,2026,獨資,N,0,932414,夾娃娃機店
91590482,,瑞軒麵包烘焙坊,花蓮縣花蓮市民族里００７鄰中山路１３８號１樓,花蓮縣,花蓮市,民族里,金三角與東大門核心交會商圈,是,是,50000.0,2022,獨資,N,0,472922,西點麵包零售
95094196,,方巷子牛肉麵店,花蓮縣花蓮市民族里００７鄰公園路８號１樓,花蓮縣,花蓮市,民族里,金三角與東大門核心交會商圈,是,是,100000.0,2024,獨資,N,0,561113,麵店、小吃店
00159378,,雄兆顧問股份有限公司,花蓮縣花蓮市民族里００８鄰復興街２１號２樓,花蓮縣,花蓮市,民族里,金三角與東大門核心交會商圈,是,是,2000000.0,2024,股份有限公司,Y,1,889900,其他未分類社會工作服務
60718087,,肯固股份有限公司,花蓮縣花蓮市民族里００８鄰復興街２１號２樓,花蓮縣,花蓮市,民族里,金三角與東大門核心交會商圈,是,是,15000000.0,2025,股份有限公司,N,0,669199,其他投資顧問
90594171,,肯兆固股份有限公司,花蓮縣花蓮市民族里００８鄰復興街２１號３樓,花蓮縣,花蓮市,民族里,金三角與東大門核心交會商圈,是,是,35000000.0,2022,股份有限公司,Y,1,889900,其他未分類社會工作服務
90735566,,佳愛科技居家照護有限公司,花蓮縣花蓮市民族里００８鄰復興街２１號３樓,花蓮縣,花蓮市,民族里,金三角與東大門核心交會商圈,是,是,1800000.0,2021,有限公司,Y,1,889900,其他未分類社會工作服務
91883662,90735566,佳愛科技居家照護有限公司附設花蓮縣私立一鍵通居家長照機構,花蓮縣花蓮市民族里００８鄰復興街２１號３樓之１,花蓮縣,花蓮市,民族里,金三角與東大門核心交會商圈,是,是,0.0,2022,其他,Y,1,879200,居住型老人照顧服務
49781636,,揪咖檑咖啡館,花蓮縣花蓮市民族里００９鄰樹人街７號,花蓮縣,花蓮市,民族里,金三角與東大門核心交會商圈,是,是,50000.0,2016,獨資,N,0,563112,咖啡館
54984359,,駿良建設有限公司,花蓮縣花蓮市民族里００９鄰福建街５０１號１樓,花蓮縣,花蓮市,民族里,金三角與東大門核心交會商圈,是,是,19000000.0,2019,有限公司,Y,1,681112,自有不動產租賃
91152928,,笑洗洗洗衣坊,花蓮縣花蓮市民族里００９鄰福建街５０１號１樓,花蓮縣,花蓮市,民族里,金三角與東大門核心交會商圈,是,是,10000.0,2021,獨資,N,0,961012,自助洗衣店
00176566,82863412,小鹿文娛股份有限公司花蓮文化分公司,花蓮縣花蓮市民族里００９鄰福建街５１２號,花蓮縣,花蓮市,民族里,金三角與東大門核心交會商圈,是,是,0.0,2024,本國公司設立之分公司,Y,1,551012,旅館
91596388,,默默耕耘廚房,花蓮縣花蓮市民族里００９鄰福建街５１２號,花蓮縣,花蓮市,民族里,金三角與東大門核心交會商圈,是,是,50000.0,2022,獨資,N,0,487114,經營網路購物（食品、飲料類商品）
54532187,,良品旅店有限公司,花蓮縣花蓮市民族里００９鄰福建街５１６號,花蓮縣,花蓮市,民族里,金三角與東大門核心交會商圈,是,是,10000000.0,2013,有限公司,Y,1,551012,旅館
82183816,,丁先生手作茶坊,花蓮縣花蓮市民族里０１０鄰復興街３號１樓,花蓮縣,花蓮市,民族里,金三角與東大門核心交會商圈,是,是,200000.0,2019,獨資,N,0,563115,手搖飲店
56687811,,秀芳園股份有限公司,花蓮縣花蓮市民族里０１０鄰軒轅路２１號１樓,花蓮縣,花蓮市,民族里,金三角與東大門核心交會商圈,是,是,125000000.0,2017,股份有限公司,Y,1,472111,蔬菜零售
72849573,,衫溫軟自助洗衣店,花蓮縣花蓮市民族里０１０鄰軒轅路７號１樓,花蓮縣,花蓮市,民族里,金三角與東大門核心交會商圈,是,是,20000.0,2018,獨資,N,0,961012,自助洗衣店
91166985,,惠雅髮型,花蓮縣花蓮市民族里０１０鄰軒轅路９號１樓,花蓮縣,花蓮市,民族里,金三角與東大門核心交會商圈,是,是,3000.0,2021,獨資,N,0,962112,理髮店
31798353,,艾迪生咖啡館,花蓮縣花蓮市民族里０１１鄰軒轅路１２號１樓,花蓮縣,花蓮市,民族里,金三角與東大門核心交會商圈,是,是,50000.0,2013,獨資,N,0,563112,咖啡館
67936915,,惠美髮藝,花蓮縣花蓮市民族里０１７鄰復興街１２號１樓,花蓮縣,花蓮市,民族里,金三角與東大門核心交會商圈,是,是,5000.0,1998,獨資,N,0,962299,其他美容美體服務
94065722,,富心餐飲有限公司,花蓮縣花蓮市民族里０１７鄰復興街２０號１樓,花蓮縣,花蓮市,民族里,金三角與東大門核心交會商圈,是,是,450000.0,2023,有限公司,Y,1,561115,餐廳
94109003,,宏明鐘錶眼鏡行,花蓮縣花蓮市民族里１鄰中華路１９號１樓,花蓮縣,花蓮市,民族里,金三角與東大門核心交會商圈,是,是,8000.0,1977,合夥,Y,1,474412,眼鏡及其零配件零售
31796910,,勝欣企業社,花蓮縣花蓮市民族里１０鄰軒轅路２１號１樓,花蓮縣,花蓮市,民族里,金三角與東大門核心交會商圈,是,是,200000.0,2013,獨資,Y,1,458399,其他玩具及娛樂用品批發
31794949,,秋朝咖啡館,花蓮縣花蓮市民族里１１鄰花崗街５號,花蓮縣,花蓮市,民族里,金三角與東大門核心交會商圈,是,是,150000.0,2013,獨資,N,0,563112,咖啡館
21527043,,陳記狀元粥舖,花蓮縣花蓮市民族里１１鄰軒轅路１０號１樓,花蓮縣,花蓮市,民族里,金三角與東大門核心交會商圈,是,是,500000.0,2005,獨資,Y,1,561113,麵店、小吃店
10596330,23218091,北基國際股份有限公司軒轅路加油站,花蓮縣花蓮市民族里１１鄰軒轅路１２－１號,花蓮縣,花蓮市,民族里,金三角與東大門核心交會商圈,是,是,0.0,2008,其他,Y,1,482111,汽油零售
26793054,,驚奇咖啡,花蓮縣花蓮市民族里１１鄰軒轅路１５號１樓,花蓮縣,花蓮市,民族里,金三角與東大門核心交會商圈,是,是,3000.0,2012,獨資,Y,1,561113,麵店、小吃店
60246756,,前川文創企業社,花蓮縣花蓮市民族里１４鄰軒轅路２２號１樓,花蓮縣,花蓮市,民族里,金三角與東大門核心交會商圈,是,是,200000.0,2025,合夥,Y,1,563112,咖啡館
09738682,,葛爸的魚海鮮店,花蓮縣花蓮市民族里１７鄰復興街３６號１樓,花蓮縣,花蓮市,民族里,金三角與東大門核心交會商圈,是,是,10000.0,2006,獨資,N,0,561113,麵店、小吃店
94175306,,花蓮旅行社股份有限公司,花蓮縣花蓮市民族里２鄰中山路１３７號,花蓮縣,花蓮市,民族里,金三角與東大門核心交會商圈,是,是,3000000.0,1961,股份有限公司,Y,1,790011,旅行業
94175208,,花蓮汽車客運股份有限公司,花蓮縣花蓮市民族里２鄰中山路１３７號２樓,花蓮縣,花蓮市,民族里,金三角與東大門核心交會商圈,是,是,150000000.0,1964,股份有限公司,Y,1,493111,公路汽車客運
16363272,,宜花東遊覽車客運股份有限公司,花蓮縣花蓮市民族里２鄰中山路１３９號,花蓮縣,花蓮市,民族里,金三角與東大門核心交會商圈,是,是,50000000.0,1998,股份有限公司,Y,1,493912,遊覽車客運
27948751,86517510,玉山商業銀行股份有限公司花蓮分公司,花蓮縣花蓮市民族里２鄰中山路１６１號,花蓮縣,花蓮市,民族里,金三角與東大門核心交會商圈,是,是,0.0,2007,本國公司設立之分公司,N,0,641211,本國銀行
26793596,,好醬園食品行,花蓮縣花蓮市民族里２鄰中山路１６３號１樓,花蓮縣,花蓮市,民族里,金三角與東大門核心交會商圈,是,是,100000.0,2012,獨資,N,0,472113,醃漬蔬果零售
94374109,05052322,第一商業銀行股份有限公司花蓮分公司,花蓮縣花蓮市民族里３５鄰公園路２２號,花蓮縣,花蓮市,民族里,金三角與東大門核心交會商圈,是,是,0.0,1967,本國公司設立之分公司,N,0,641211,本國銀行
49973557,,秀工房名產店,花蓮縣花蓮市民族里４鄰中山路１０９號,花蓮縣,花蓮市,民族里,金三角與東大門核心交會商圈,是,是,20000.0,2005,獨資,N,0,472921,糖果餅乾零售
94813389,,建發行,花蓮縣花蓮市民族里４鄰福建街５２５號,花蓮縣,花蓮市,民族里,金三角與東大門核心交會商圈,是,是,1000000.0,1983,獨資,Y,1,474999,未分類其他家用器具及用品零售
94790409,,創揮企業有限公司,花蓮縣花蓮市民族里４鄰福建街５２７號,花蓮縣,花蓮市,民族里,金三角與東大門核心交會商圈,是,是,11000000.0,1981,有限公司,Y,1,451099,其他商品批發經紀
94006673,,大新旅社股份有限公司,花蓮縣花蓮市民族里５鄰中山路１０１號,花蓮縣,花蓮市,民族里,金三角與東大門核心交會商圈,是,是,25750000.0,1973,股份有限公司,Y,1,551012,旅館
94180201,,金龍大旅社,花蓮縣花蓮市民族里５鄰中山路７７號,花蓮縣,花蓮市,民族里,金三角與東大門核心交會商圈,是,是,15000.0,1963,獨資,N,0,551012,旅館
15782805,,郭乾香企業,花蓮縣花蓮市民族里５鄰中山路７９號１樓,花蓮縣,花蓮市,民族里,金三角與東大門核心交會商圈,是,是,200000.0,2003,獨資,N,0,472921,糖果餅乾零售
94384205,,慶記茶莊,花蓮縣花蓮市民族里５鄰中山路８９號,花蓮縣,花蓮市,民族里,金三角與東大門核心交會商圈,是,是,4000.0,1977,獨資,N,0,472915,茶葉零售
10663169,,瑞發茶業,花蓮縣花蓮市民族里５鄰中山路９１號１樓,花蓮縣,花蓮市,民族里,金三角與東大門核心交會商圈,是,是,3000.0,2008,獨資,N,0,472915,茶葉零售
15789841,,正大軍用品社,花蓮縣花蓮市民族里５鄰中山路９５號１樓,花蓮縣,花蓮市,民族里,金三角與東大門核心交會商圈,是,是,30000.0,2003,獨資,N,0,471999,未分類其他綜合商品零售
24248164,,東城假期有限公司,花蓮縣花蓮市民族里５鄰復興街２６號,花蓮縣,花蓮市,民族里,金三角與東大門核心交會商圈,是,是,25000000.0,2008,有限公司,Y,1,551012,旅館
94187605,,信友飲食店,花蓮縣花蓮市民族里６鄰中山路５２號,花蓮縣,花蓮市,民族里,金三角與東大門核心交會商圈,是,是,3000.0,1977,獨資,N,0,561113,麵店、小吃店
95805999,,美穎女子美容化粧坊,花蓮縣花蓮市民族里６鄰中山路６４號２樓,花蓮縣,花蓮市,民族里,金三角與東大門核心交會商圈,是,是,200000.0,1995,獨資,N,0,962111,美髮院及髮廊
18059072,,錡樂早午餐店,花蓮縣花蓮市民族里６鄰中山路７０號,花蓮縣,花蓮市,民族里,金三角與東大門核心交會商圈,是,是,5000.0,2001,獨資,N,0,561111,早餐店
18052628,,五洲旅社,花蓮縣花蓮市民族里６鄰中山路８４號,花蓮縣,花蓮市,民族里,金三角與東大門核心交會商圈,是,是,510000.0,2001,獨資,Y,1,551012,旅館
10593066,,銘曜車業,花蓮縣花蓮市民族里６鄰中山路９０號,花蓮縣,花蓮市,民族里,金三角與東大門核心交會商圈,是,是,3000.0,2008,獨資,N,0,484314,機車零件、機車百貨零售
94662930,,張葯局,花蓮縣花蓮市民族里７鄰中山路１０６號,花蓮縣,花蓮市,民族里,金三角與東大門核心交會商圈,是,是,300000.0,1977,獨資,Y,1,475112,西藥零售
94844799,,九福餡餅粥,花蓮縣花蓮市民族里７鄰中山路１２０號,花蓮縣,花蓮市,民族里,金三角與東大門核心交會商圈,是,是,30000.0,1984,獨資,N,0,561113,麵店、小吃店
70798319,70799128,合作金庫商業銀行股份有限公司花蓮分公司,花蓮縣花蓮市民族里７鄰中山路１２４號,花蓮縣,花蓮市,民族里,金三角與東大門核心交會商圈,是,是,0.0,1946,本國公司設立之分公司,Y,1,641211,本國銀行
08155060,,鐵路洗衣室,花蓮縣花蓮市民族里８鄰復興街２５號,花蓮縣,花蓮市,民族里,金三角與東大門核心交會商圈,是,是,3000.0,1987,獨資,N,0,961099,其他洗衣服務
37915884,,台南魯肉飯,花蓮縣花蓮市民族里９鄰福建街５０７號,花蓮縣,花蓮市,民族里,金三角與東大門核心交會商圈,是,是,50000.0,2012,獨資,N,0,561113,麵店、小吃店
53385905,,良友飯店有限公司,花蓮縣花蓮市民族里９鄰福建街５１２號,花蓮縣,花蓮市,民族里,金三角與東大門核心交會商圈,是,是,20000000.0,2011,有限公司,Y,1,681112,自有不動產租賃
53604802,,凱悅精典旅店有限公司,花蓮縣花蓮市民族里９鄰福建街５１６號,花蓮縣,花蓮市,民族里,金三角與東大門核心交會商圈,是,是,1000000.0,2011,有限公司,Y,1,551012,旅館
91154545,,芳誠食品行,花蓮縣花蓮市民有里光華街３號１樓,花蓮縣,花蓮市,民有里,花蓮市一般行政區,否,否,100000.0,2021,獨資,N,0,472923,罐頭食品零售
87347850,,五喵旺財工作室,花蓮縣花蓮市民有里光華街７號,花蓮縣,花蓮市,民有里,花蓮市一般行政區,否,否,200000.0,2020,獨資,N,0,487114,經營網路購物（食品、飲料類商品）
91383821,,生日分享禮小舖,花蓮縣花蓮市民有里北濱街３０巷１３號,花蓮縣,花蓮市,民有里,花蓮市一般行政區,否,否,100000.0,2021,獨資,N,0,487199,其他電子購物及郵購
78849115,,富貴機車行,花蓮縣花蓮市民有里北濱街５０號,花蓮縣,花蓮市,民有里,花蓮市一般行政區,否,否,3000.0,1994,獨資,N,0,484314,機車零件、機車百貨零售
08138598,,友寧氣體行,花蓮縣花蓮市民有里北濱街５５巷４之１號,花蓮縣,花蓮市,民有里,花蓮市一般行政區,否,否,100000.0,1987,獨資,N,0,463999,未分類其他燃料批發
60249297,,連達商行,花蓮縣花蓮市民有里北濱街５５巷５號１樓,花蓮縣,花蓮市,民有里,花蓮市一般行政區,否,否,200000.0,2026,獨資,Y,1,471114,加盟連鎖式便利商店（無商品進、銷貨行為）
87347319,,永康企業社,花蓮縣花蓮市民有里北濱街６９巷３號１樓,花蓮縣,花蓮市,民有里,花蓮市一般行政區,否,否,240000.0,2020,獨資,Y,1,410012,鐵皮屋搭建
94193070,,永康鋼構股份有限公司,花蓮縣花蓮市民有里北濱街６９巷３號１樓,花蓮縣,花蓮市,民有里,花蓮市一般行政區,否,否,6500000.0,2023,股份有限公司,Y,1,252299,其他金屬建築組件製造
18057291,,北濱早點,花蓮縣花蓮市民有里北濱街７１號,花蓮縣,花蓮市,民有里,花蓮市一般行政區,否,否,3000.0,2001,獨資,N,0,561111,早餐店
93050068,,享點啥小吃店,花蓮縣花蓮市民有里北濱街９２號１樓,花蓮縣,花蓮市,民有里,花蓮市一般行政區,否,否,200000.0,2024,獨資,N,0,561113,麵店、小吃店
91156683,,陳實商行,花蓮縣花蓮市民有里海濱街１１９巷７－１號１樓,花蓮縣,花蓮市,民有里,花蓮市一般行政區,否,否,200000.0,2021,獨資,N,0,551013,民宿
31799108,,星宿海民宿,花蓮縣花蓮市民有里自強街１９號,花蓮縣,花蓮市,民有里,花蓮市一般行政區,否,否,3000.0,2012,獨資,Y,1,551013,民宿
50515806,,洄游青旅民宿,花蓮縣花蓮市民有里００３鄰北濱街３６號,花蓮縣,花蓮市,民有里,花蓮市一般行政區,否,否,10000.0,2016,獨資,N,0,551013,民宿
91587249,,超低價文具行,花蓮縣花蓮市民有里００５鄰海濱街６９號,花蓮縣,花蓮市,民有里,花蓮市一般行政區,否,否,5000.0,2021,獨資,N,0,487199,其他電子購物及郵購
91383435,,漫漫日出精緻民宿,花蓮縣花蓮市民有里００６鄰海濱街７５號,花蓮縣,花蓮市,民有里,花蓮市一般行政區,否,否,3000.0,2021,獨資,N,0,551013,民宿
87364576,,天使不穿鞋民宿,花蓮縣花蓮市民有里００６鄰海濱街７７號,花蓮縣,花蓮市,民有里,花蓮市一般行政區,否,否,200000.0,2020,獨資,N,0,551013,民宿
94887305,,林小狗民宿,花蓮縣花蓮市民有里００７鄰大廈街１巷１號,花蓮縣,花蓮市,民有里,花蓮市一般行政區,否,否,10000.0,2024,獨資,N,0,551013,民宿
49779982,,柳有庄企業社,花蓮縣花蓮市民有里０１０鄰北濱街５５巷５號１樓,花蓮縣,花蓮市,民有里,花蓮市一般行政區,否,否,200000.0,2016,獨資,Y,1,471114,加盟連鎖式便利商店（無商品進、銷貨行為）
91554818,,永誠商行,花蓮縣花蓮市民有里０１０鄰北濱街５５巷５號１樓,花蓮縣,花蓮市,民有里,花蓮市一般行政區,否,否,200000.0,2021,獨資,Y,1,471114,加盟連鎖式便利商店（無商品進、銷貨行為）
60747180,,傑雲投資有限公司,花蓮縣花蓮市民有里０１１鄰花崗街６２號６樓之２,花蓮縣,花蓮市,民有里,花蓮市一般行政區,否,否,2000000.0,2025,有限公司,Y,1,649911,投資有價證券
60251146,,左佐設計工作室,花蓮縣花蓮市民有里０１３鄰光華街１３號,花蓮縣,花蓮市,民有里,花蓮市一般行政區,否,否,20000.0,2026,獨資,Y,1,903019,藝文作品展覽活動籌辦
95215121,,藍天小吃店,花蓮縣花蓮市民有里０１４鄰海濱街１０１號１樓,花蓮縣,花蓮市,民有里,花蓮市一般行政區,否,否,60000.0,2025,獨資,N,0,561111,早餐店
91873165,,單行道民宿,花蓮縣花蓮市民有里０１５鄰海濱街１０３號,花蓮縣,花蓮市,民有里,花蓮市一般行政區,否,否,50000.0,2022,獨資,N,0,559099,未分類其他住宿
60250998,,宿里生活民宿,花蓮縣花蓮市民有里０１６鄰光華街１０號,花蓮縣,花蓮市,民有里,花蓮市一般行政區,否,否,1000000.0,2026,獨資,N,0,551013,民宿
93057055,,方方家料理廚房,花蓮縣花蓮市民有里０１６鄰海濱街１１９巷７－１號及光華街１０號,花蓮縣,花蓮市,民有里,花蓮市一般行政區,否,否,100000.0,2024,獨資,N,0,561113,麵店、小吃店
60252476,,佶榮洗衣店,花蓮縣花蓮市民有里０１７鄰北濱街９０號１樓,花蓮縣,花蓮市,民有里,花蓮市一般行政區,否,否,50000.0,2026,獨資,N,0,961099,其他洗衣服務
10052548,,飛航家民宿,花蓮縣花蓮市民有里１鄰康樂街２―１號,花蓮縣,花蓮市,民有里,花蓮市一般行政區,否,否,3000.0,2007,獨資,N,0,551013,民宿
24250490,,傳喜投資有限公司,花蓮縣花蓮市民有里１２鄰北濱街７２號１樓,花蓮縣,花蓮市,民有里,花蓮市一般行政區,否,否,1000000.0,2008,有限公司,N,0,649911,投資有價證券
92772622,,諾丁漢海洋城堡民宿,花蓮縣花蓮市民有里１４鄰海濱街８９號,花蓮縣,花蓮市,民有里,花蓮市一般行政區,否,否,50000.0,2023,獨資,N,0,551013,民宿
67946012,,頂好企業社,花蓮縣花蓮市民有里２０鄰自強街２０號１樓,花蓮縣,花蓮市,民有里,花蓮市一般行政區,否,否,50000.0,1999,獨資,Y,1,782000,人力供應
87427426,,賴床行旅民宿,花蓮縣花蓮市民有里２１鄰自強街１３－１號,花蓮縣,花蓮市,民有里,花蓮市一般行政區,否,否,5000.0,2020,獨資,N,0,551013,民宿
92580785,,渡日民宿,花蓮縣花蓮市民有里３鄰北濱街３４號,花蓮縣,花蓮市,民有里,花蓮市一般行政區,否,否,300000.0,2023,獨資,N,0,551013,民宿
94829158,,文濱商行,花蓮縣花蓮市民有里３鄰北濱街４２號,花蓮縣,花蓮市,民有里,花蓮市一般行政區,否,否,3000.0,1983,獨資,N,0,472913,菸酒零售
78040324,,中信商號,花蓮縣花蓮市民樂里忠義一街２７號１樓,花蓮縣,花蓮市,民樂里,花蓮市一般行政區,否,否,3000.0,1992,獨資,N,0,472999,未分類其他食品、飲料及菸草製品零售
95428428,,豆家美好日常有限公司,花蓮縣花蓮市民樂里民樂三街２－１號４樓之２,花蓮縣,花蓮市,民樂里,花蓮市一般行政區,否,否,50000.0,2024,有限公司,Y,1,487199,其他電子購物及郵購
92635156,,伊安企業社,花蓮縣花蓮市民樂里民樂三街２－１號５樓之１,花蓮縣,花蓮市,民樂里,花蓮市一般行政區,否,否,200000.0,2023,獨資,Y,1,461915,塑膠、橡膠建材製品批發
61457292,,金幸福砂石汽車企業行,花蓮縣花蓮市民樂里民樂二街１１―６號,花蓮縣,花蓮市,民樂里,花蓮市一般行政區,否,否,249000.0,2026,獨資,Y,1,060014,砂石採取
60248712,,盈展砂石汽車企業行,花蓮縣花蓮市民樂里民樂二街１１―６號５樓,花蓮縣,花蓮市,民樂里,花蓮市一般行政區,否,否,249000.0,2025,獨資,Y,1,060014,砂石採取
91154876,,鑫春來砂石物流汽車企業行,花蓮縣花蓮市民樂里民樂二街１１―６號５樓,花蓮縣,花蓮市,民樂里,花蓮市一般行政區,否,否,249000.0,2021,獨資,Y,1,060014,砂石採取
94803663,,新源興１０３號,花蓮縣花蓮市民樂里民樂二街１１之５號,花蓮縣,花蓮市,民樂里,花蓮市一般行政區,否,否,50000.0,1982,獨資,N,0,031012,近海及沿岸漁撈
09638109,,東珅文教用品社,花蓮縣花蓮市民樂里民樂二街１１－２號,花蓮縣,花蓮市,民樂里,花蓮市一般行政區,否,否,10000.0,2006,獨資,Y,1,476112,書籍、雜誌零售
95215754,,昌旺財砂石物流汽車企業行,花蓮縣花蓮市民樂里民樂二街１１－６號,花蓮縣,花蓮市,民樂里,花蓮市一般行政區,否,否,249000.0,2025,獨資,Y,1,060014,砂石採取
94763563,,新裕昇號,花蓮縣花蓮市民樂里海岸路３１之４號,花蓮縣,花蓮市,民樂里,花蓮市一般行政區,否,否,80000.0,1979,獨資,N,0,031012,近海及沿岸漁撈
26675129,,佑澤工程行,花蓮縣花蓮市民樂里海岸路３３號１樓,花蓮縣,花蓮市,民樂里,花蓮市一般行政區,否,否,100000.0,2011,獨資,Y,1,433211,冷凍、通風、空調系統裝修工程
49770032,,安心漁產行,花蓮縣花蓮市民樂里００７鄰民樂三街１０號１樓,花蓮縣,花蓮市,民樂里,花蓮市一般行政區,否,否,100000.0,2017,獨資,N,0,472311,水產品零售
60793965,,合曜綠能股份有限公司,花蓮縣花蓮市民樂里０１０鄰中興路１７號２樓,花蓮縣,花蓮市,民樂里,花蓮市一般行政區,否,否,600000.0,2025,股份有限公司,Y,1,760999,其他未分類專業、科學及技術服務
83435699,,景晟開發股份有限公司,花蓮縣花蓮市民樂里０１０鄰中興路１７號２樓,花蓮縣,花蓮市,民樂里,花蓮市一般行政區,否,否,2100000.0,2020,股份有限公司,Y,1,760999,其他未分類專業、科學及技術服務
83762399,,泰合綠能股份有限公司,花蓮縣花蓮市民樂里０１０鄰中興路１７號２樓,花蓮縣,花蓮市,民樂里,花蓮市一般行政區,否,否,600000.0,2020,股份有限公司,Y,1,760999,其他未分類專業、科學及技術服務
90130546,,中興礦業股份有限公司,花蓮縣花蓮市民樂里０１０鄰中興路２９號１樓,花蓮縣,花蓮市,民樂里,花蓮市一般行政區,否,否,50000.0,2022,股份有限公司,Y,1,060099,未分類砂、石採取及其他礦業
82181155,,辰鑫商行,花蓮縣花蓮市民樂里０１０鄰忠義一街１１號,花蓮縣,花蓮市,民樂里,花蓮市一般行政區,否,否,500000.0,2019,獨資,Y,1,454211,畜肉批發
26792301,,有福魚行,花蓮縣花蓮市民樂里０１１鄰民樂三街２―１號３樓之１,花蓮縣,花蓮市,民樂里,花蓮市一般行政區,否,否,3000.0,2012,獨資,N,0,454311,魚類批發
55931210,,春分的太陽有限公司,花蓮縣花蓮市民樂里０１１鄰民樂三街２―２號１１樓之１,花蓮縣,花蓮市,民樂里,花蓮市一般行政區,否,否,500000.0,2016,有限公司,Y,1,702099,其他管理顧問
00061728,,浩頓股份有限公司,花蓮縣花蓮市民樂里０１１鄰民樂三街２號４樓之１,花蓮縣,花蓮市,民樂里,花蓮市一般行政區,否,否,100000.0,2024,股份有限公司,Y,1,732011,市場研究
87348892,,正剛工程行,花蓮縣花蓮市民樂里０１２鄰民樂一街２５號１樓,花蓮縣,花蓮市,民樂里,花蓮市一般行政區,否,否,100000.0,2020,獨資,Y,1,433212,管道工程
30201356,,合億堆高機工程行,花蓮縣花蓮市民樂里０１２鄰民樂二街２０號,花蓮縣,花蓮市,民樂里,花蓮市一般行政區,否,否,248000.0,2009,獨資,Y,1,340017,通用機械設備維修及安裝
90847128,,大瀚開發有限公司,花蓮縣花蓮市民樂里０１２鄰民樂二街２０號,花蓮縣,花蓮市,民樂里,花蓮市一般行政區,否,否,1000000.0,2021,有限公司,Y,1,782000,人力供應
91384645,,美美金屬企業社,花蓮縣花蓮市民樂里０１２鄰民樂二街８號,花蓮縣,花蓮市,民樂里,花蓮市一般行政區,否,否,60000.0,2021,獨資,Y,1,434013,房屋設備安裝工程
91595732,,葳峰企業,花蓮縣花蓮市民樂里０１３鄰民樂一街１１號,花蓮縣,花蓮市,民樂里,花蓮市一般行政區,否,否,248000.0,2022,合夥,Y,1,525911,拖駁船經營
82182817,,林玉英檢寶工作室,花蓮縣花蓮市民樂里０１４鄰中興路１―１７號１樓,花蓮縣,花蓮市,民樂里,花蓮市一般行政區,否,否,100000.0,2019,獨資,N,0,760999,其他未分類專業、科學及技術服務
87352121,,遠方咖啡,花蓮縣花蓮市民樂里０１４鄰中興路１―３號１樓,花蓮縣,花蓮市,民樂里,花蓮市一般行政區,否,否,200000.0,2021,獨資,N,0,563112,咖啡館
91151126,,餓棍廚房,花蓮縣花蓮市民樂里０１４鄰民樂一街１２號１樓,花蓮縣,花蓮市,民樂里,花蓮市一般行政區,否,否,50000.0,2021,獨資,N,0,561113,麵店、小吃店
42973413,,維鯨人有限公司,花蓮縣花蓮市民樂里０１５鄰忠義二街１５―１號,花蓮縣,花蓮市,民樂里,花蓮市一般行政區,否,否,1000000.0,2018,有限公司,Y,1,772912,船舶出租
83539189,,昇勤國際開發有限公司,花蓮縣花蓮市民樂里１１鄰忠義一街１４號１樓,花蓮縣,花蓮市,民樂里,花蓮市一般行政區,否,否,3000000.0,2020,有限公司,Y,1,254911,金屬裁剪、焊接處理
53152687,,嵐天工程有限公司,花蓮縣花蓮市民樂里１１鄰民樂三街２―２號３樓之５,花蓮縣,花蓮市,民樂里,花蓮市一般行政區,否,否,10000000.0,2010,有限公司,Y,1,433211,冷凍、通風、空調系統裝修工程
85280946,,民樂緣民宿,花蓮縣花蓮市民樂里１４鄰民樂一街２６號,花蓮縣,花蓮市,民樂里,花蓮市一般行政區,否,否,100000.0,2019,獨資,N,0,551013,民宿
28725498,,宏逸有限公司,花蓮縣花蓮市民樂里１５鄰忠義二街１５―１號１樓,花蓮縣,花蓮市,民樂里,花蓮市一般行政區,否,否,1000000.0,2007,有限公司,Y,1,433113,電梯、電扶梯、升降機裝修工程
16530602,,東逸有限公司,花蓮縣花蓮市民樂里１５鄰忠義二街１５－１號,花蓮縣,花蓮市,民樂里,花蓮市一般行政區,否,否,20000000.0,1998,有限公司,Y,1,525912,船上貨物裝卸
09986520,,米侖藝術工作室,花蓮縣花蓮市民樂里１６鄰忠義三街２２號２樓,花蓮縣,花蓮市,民樂里,花蓮市一般行政區,否,否,3000.0,2006,獨資,N,0,485218,雕塑品零售
94790695,,國良商號,花蓮縣花蓮市民權六街５號基泰市場６號攤位,花蓮縣,花蓮市,市區其他未標示里,花蓮市一般行政區,否,否,3000.0,1981,獨資,N,0,472311,水產品零售
09970891,,巧云的店,花蓮縣花蓮市民權里北濱街１３６―２７號,花蓮縣,花蓮市,民權里,花蓮市一般行政區,否,否,3000.0,2006,獨資,N,0,561115,餐廳
91598098,,戶不閉企業社,花蓮縣花蓮市民權里北濱街１３６－４２號,花蓮縣,花蓮市,民權里,花蓮市一般行政區,否,否,3000.0,2022,獨資,N,0,561113,麵店、小吃店
28906723,,碩銓科技股份有限公司,花蓮縣花蓮市民權里海濱街１２６號,花蓮縣,花蓮市,民權里,花蓮市一般行政區,否,否,20000000.0,2008,股份有限公司,Y,1,464211,電子器材、電子設備批發
91597035,,极浪造藝工作室,花蓮縣花蓮市民權里海濱街１２８號,花蓮縣,花蓮市,民權里,花蓮市一般行政區,否,否,100000.0,2022,獨資,N,0,563112,咖啡館
13975905,,東寶禮儀社,花蓮縣花蓮市民權里自強街９號,花蓮縣,花蓮市,民權里,花蓮市一般行政區,否,否,150000.0,2002,獨資,Y,1,963099,其他殯葬及寵物生命紀念相關服務
95212320,,有理咖啡,花蓮縣花蓮市民權里菁華街１６號１樓,花蓮縣,花蓮市,民權里,花蓮市一般行政區,否,否,150000.0,2025,獨資,N,0,563112,咖啡館
94173709,,有限責任國立花蓮女子高級中學員生消費合作社,花蓮縣花蓮市民權里菁華街２號,花蓮縣,花蓮市,民權里,花蓮市一般行政區,否,否,5000.0,1977,合作社,N,0,471914,消費合作社
95197290,22853565,富達零售股份有限公司花蓮女中門市,花蓮縣花蓮市民權里菁華街２號１樓,花蓮縣,花蓮市,民權里,花蓮市一般行政區,否,否,0.0,2024,其他,Y,1,471112,直營連鎖式便利商店
91597909,,菁華小吃,花蓮縣花蓮市民權里菁華街３５巷１弄１４號１樓,花蓮縣,花蓮市,民權里,花蓮市一般行政區,否,否,200000.0,2022,獨資,N,0,561113,麵店、小吃店
72900395,,文學河岸民宿,花蓮縣花蓮市民權里菁華街３５巷１弄２―２號,花蓮縣,花蓮市,民權里,花蓮市一般行政區,否,否,10000.0,2018,獨資,N,0,551013,民宿
94840914,,德原水電行,花蓮縣花蓮市民權里菁華街３５巷３弄４號１樓,花蓮縣,花蓮市,民權里,花蓮市一般行政區,否,否,2000000.0,1984,獨資,Y,1,433111,水電工程
78043130,,大鼎三元堪輿館,花蓮縣花蓮市民權里菁華街３５巷４弄２號１樓,花蓮縣,花蓮市,民權里,花蓮市一般行政區,否,否,50000.0,1992,獨資,N,0,969019,算命卜卦、占星、堪輿
60247158,,腹餓代小吃店,花蓮縣花蓮市民權里菁華街４巷１之６號１樓,花蓮縣,花蓮市,民權里,花蓮市一般行政區,否,否,200000.0,2025,獨資,N,0,561113,麵店、小吃店
60216958,92637422,匠傳藝術工作坊山林事業所,花蓮縣花蓮市民權里菁華街６號,花蓮縣,花蓮市,民權里,花蓮市一般行政區,否,否,0.0,2025,其他,Y,1,561115,餐廳
83062163,,楊光健康管理顧問有限公司,花蓮縣花蓮市民權里００２鄰菁華街１６－９號六樓,花蓮縣,花蓮市,民權里,花蓮市一般行政區,否,否,120000.0,2020,有限公司,Y,1,487213,多層次傳銷（佣金收入）
78841887,03707607,中國青年救國團直屬台灣省花蓮縣團務指導委員會,花蓮縣花蓮市民權里００５鄰公園路５３―２號,花蓮縣,花蓮市,民權里,花蓮市一般行政區,否,否,0.0,1993,其他,Y,1,949900,未分類其他組織
59073582,27805310,冠軍國際人力仲介有限公司花東分公司,花蓮縣花蓮市民權里００６鄰菁華街３５巷５弄６―１號,花蓮縣,花蓮市,民權里,花蓮市一般行政區,否,否,0.0,2018,本國公司設立之分公司,Y,1,702099,其他管理顧問
92535375,,小肥仔商行,花蓮縣花蓮市民權里００６鄰菁華街３５巷５弄６―１號,花蓮縣,花蓮市,民權里,花蓮市一般行政區,否,否,10000.0,2023,獨資,N,0,487115,經營網路購物（服飾類商品）
87344615,,找到了可頌小賣所,花蓮縣花蓮市民權里００９鄰菁華街３５巷１弄１８號１樓,花蓮縣,花蓮市,民權里,花蓮市一般行政區,否,否,100000.0,2020,合夥,Y,1,472922,西點麵包零售
93055508,,夜想部屋商行,花蓮縣花蓮市民權里０１０鄰自強街６號,花蓮縣,花蓮市,民權里,花蓮市一般行政區,否,否,168000.0,2024,獨資,N,0,563112,咖啡館
41126502,,希臘仙境民宿,花蓮縣花蓮市民權里０１３鄰北濱街１０２－２號,花蓮縣,花蓮市,民權里,花蓮市一般行政區,否,否,30000.0,2014,獨資,N,0,551013,民宿
42876735,,四蔦視覺設計有限公司,花蓮縣花蓮市民權里０１３鄰北濱街１０６號１樓,花蓮縣,花蓮市,民權里,花蓮市一般行政區,否,否,2000000.0,2016,有限公司,Y,1,740914,視覺傳達與平面設計
91597231,,快樂衝浪工作室,花蓮縣花蓮市民權里０１３鄰北濱街１２６號,花蓮縣,花蓮市,民權里,花蓮市一般行政區,否,否,50000.0,2022,獨資,N,0,859399,其他運動及休閒教育
87385919,,光之角落民宿,花蓮縣花蓮市民權里０１３鄰北濱街１２８號,花蓮縣,花蓮市,民權里,花蓮市一般行政區,否,否,200000.0,2020,獨資,N,0,551013,民宿
25024471,27777031,童話汽車旅館有限公司海洋館分公司,花蓮縣花蓮市民權里１鄰菁華街４巷２弄１號,花蓮縣,花蓮市,民權里,花蓮市一般行政區,否,否,0.0,2009,本國公司設立之分公司,Y,1,551012,旅館
25177497,,窨創意商業設計有限公司,花蓮縣花蓮市民權里１３鄰菁華街３５巷３弄４號１樓,花蓮縣,花蓮市,民權里,花蓮市一般行政區,否,否,1000000.0,2010,有限公司,Y,1,620199,其他電腦程式設計
08154323,,社團法人花蓮縣脊髓損傷福利協進會,花蓮縣花蓮市民權里５鄰公園路３９號,花蓮縣,花蓮市,民權里,花蓮市一般行政區,否,否,3000.0,1994,其他,N,0,160100,印刷
70961310,,阿婆牛肉麵,花蓮縣花蓮市民權里５鄰公園路４１號,花蓮縣,花蓮市,民權里,花蓮市一般行政區,否,否,3000.0,1999,獨資,N,0,561113,麵店、小吃店
66999150,,弘揚系統通信行,花蓮縣花蓮市民權里７鄰菁華街３５巷２弄１９號１樓,花蓮縣,花蓮市,民權里,花蓮市一般行政區,否,否,2450000.0,2006,獨資,Y,1,433116,監視設備裝修工程
41145888,,靈通寶院,花蓮縣花蓮市民治里廣東街３２６號１６－２攤位,花蓮縣,花蓮市,民治里,花蓮市一般行政區,否,否,50000.0,2014,獨資,N,0,485216,礦物（寶石、貴金屬除外）零售
30202329,,福哥商行,花蓮縣花蓮市民治里自由街２―２號,花蓮縣,花蓮市,民治里,花蓮市一般行政區,否,否,20000.0,2009,獨資,N,0,472211,畜肉零售
60091303,54239682,傳忠有限公司花蓮東大門夜市站,花蓮縣花蓮市民生段民生小段１２７、７０地號部分土地,花蓮縣,花蓮市,市區其他未標示里,花蓮市一般行政區,否,否,0.0,2024,其他,Y,1,524100,停車場管理
95080708,28362307,立崴資通有限公司花蓮營業所,花蓮縣花蓮市民生段７７３－７地號,花蓮縣,花蓮市,市區其他未標示里,花蓮市一般行政區,否,否,0.0,2024,其他,Y,1,524100,停車場管理
60215682,89798198,微程式資訊股份有限公司花蓮三民場,花蓮縣花蓮市民生里三民街１號旁,花蓮縣,花蓮市,民生里,金三角與東大門核心交會商圈,是,是,0.0,2025,其他,Y,1,524100,停車場管理
92637696,,理性餐飲坊,花蓮縣花蓮市民生里三民街３號,花蓮縣,花蓮市,民生里,金三角與東大門核心交會商圈,是,是,10000.0,2023,獨資,N,0,561115,餐廳
42084277,,衣就是我服飾,花蓮縣花蓮市民生里三民街３－１號,花蓮縣,花蓮市,民生里,金三角與東大門核心交會商圈,是,是,15000.0,2015,獨資,N,0,473211,服裝零售
09972814,,金格銀樓,花蓮縣花蓮市民生里中山路１４２―６號１樓,花蓮縣,花蓮市,民生里,金三角與東大門核心交會商圈,是,是,480000.0,2006,獨資,Y,1,474511,金（銀）飾零售
15584354,,安安藥局,花蓮縣花蓮市民生里中山路１４２―８號,花蓮縣,花蓮市,民生里,金三角與東大門核心交會商圈,是,是,3000.0,2002,獨資,Y,1,475112,西藥零售
41459563,,東豐銀樓,花蓮縣花蓮市民生里中山路１４２之１１號１樓,花蓮縣,花蓮市,民生里,金三角與東大門核心交會商圈,是,是,200000.0,2015,獨資,Y,1,474511,金（銀）飾零售
55983814,,臻隆達有限公司,花蓮縣花蓮市民生里中山路１４２號１樓,花蓮縣,花蓮市,民生里,金三角與東大門核心交會商圈,是,是,250000.0,2017,有限公司,Y,1,471999,未分類其他綜合商品零售
24868059,,臻幫隆開發建設有限公司,花蓮縣花蓮市民生里中山路１４２號２樓,花蓮縣,花蓮市,民生里,金三角與東大門核心交會商圈,是,是,250000.0,2015,有限公司,Y,1,670012,不動產投資開發
24351482,,臻好翫休閒運動事業有限公司,花蓮縣花蓮市民生里中山路１４２號３樓,花蓮縣,花蓮市,民生里,金三角與東大門核心交會商圈,是,是,250000.0,2009,有限公司,Y,1,471999,未分類其他綜合商品零售
24350553,,雿𤲓農產有限公司,花蓮縣花蓮市民生里中山路１４２號４樓,花蓮縣,花蓮市,民生里,金三角與東大門核心交會商圈,是,是,4250000.0,2009,有限公司,Y,1,471999,未分類其他綜合商品零售
93051355,,金剪工作室,花蓮縣花蓮市民生里中山路１４２－１號１樓,花蓮縣,花蓮市,民生里,金三角與東大門核心交會商圈,是,是,80000.0,2024,獨資,N,0,962111,美髮院及髮廊
92092548,,東寶銀樓,花蓮縣花蓮市民生里中山路１４２－２６號１樓,花蓮縣,花蓮市,民生里,金三角與東大門核心交會商圈,是,是,200000.0,1994,獨資,Y,1,474511,金（銀）飾零售
95803330,,金億銀樓,花蓮縣花蓮市民生里中山路１４２－２８號１樓,花蓮縣,花蓮市,民生里,金三角與東大門核心交會商圈,是,是,200000.0,1995,獨資,Y,1,474511,金（銀）飾零售
15786990,,美冠銀樓,花蓮縣花蓮市民生里中山路１４２－３０號１樓,花蓮縣,花蓮市,民生里,金三角與東大門核心交會商圈,是,是,240000.0,2003,獨資,Y,1,474511,金（銀）飾零售
85039391,,幸運金時尚有限公司,花蓮縣花蓮市民生里中山路１４６號,花蓮縣,花蓮市,民生里,金三角與東大門核心交會商圈,是,是,3000000.0,2019,有限公司,Y,1,474511,金（銀）飾零售
60180662,,老爸的店,花蓮縣花蓮市民生里中山路１５２號１樓,花蓮縣,花蓮市,民生里,金三角與東大門核心交會商圈,是,是,5000.0,2025,獨資,N,0,472112,水果零售
94667843,,大德藥局,花蓮縣花蓮市民生里中山路１５２號１樓,花蓮縣,花蓮市,民生里,金三角與東大門核心交會商圈,是,是,9000.0,1976,獨資,Y,1,475112,西藥零售
95214241,,東洋行,花蓮縣花蓮市民生里中山路１５６號１樓,花蓮縣,花蓮市,民生里,金三角與東大門核心交會商圈,是,是,200000.0,2025,獨資,N,0,472999,未分類其他食品、飲料及菸草製品零售
95067753,53378117,誠和品牌行銷股份有限公司公正營業所,花蓮縣花蓮市民生里中山路１９９―２號,花蓮縣,花蓮市,民生里,金三角與東大門核心交會商圈,是,是,0.0,2024,其他,Y,1,472921,糖果餅乾零售
94734441,,金六福銀樓,花蓮縣花蓮市民生里中山路１９９之１號,花蓮縣,花蓮市,民生里,金三角與東大門核心交會商圈,是,是,150000.0,1977,獨資,Y,1,474511,金（銀）飾零售
82184104,,參希未來配件店,花蓮縣花蓮市民生里中山路１９９號１樓,花蓮縣,花蓮市,民生里,金三角與東大門核心交會商圈,是,是,240000.0,2019,獨資,N,0,471999,未分類其他綜合商品零售
91597252,,久藏味食堂,花蓮縣花蓮市民生里中山路２１１號１樓,花蓮縣,花蓮市,民生里,金三角與東大門核心交會商圈,是,是,30000.0,2022,獨資,Y,1,561113,麵店、小吃店
91156728,,草君壹陸捌商行,花蓮縣花蓮市民生里中山路２２３號１樓,花蓮縣,花蓮市,民生里,金三角與東大門核心交會商圈,是,是,200000.0,2021,獨資,Y,1,563115,手搖飲店
13977360,,宏祥魚行,花蓮縣花蓮市民生里中山零售市場果菜類第１號攤位,花蓮縣,花蓮市,民生里,金三角與東大門核心交會商圈,是,是,100000.0,2002,獨資,N,0,454399,其他水產品批發
02985928,96957662,摩曼頓企業股份有限公司花蓮中正門市,花蓮縣花蓮市民生里中正路５３０號,花蓮縣,花蓮市,民生里,金三角與東大門核心交會商圈,是,是,0.0,2014,其他,Y,1,476299,其他運動用品及器材零售
86692523,54397181,三商行股份有限公司花蓮第二分公司,花蓮縣花蓮市民生里中正路５３０號３樓,花蓮縣,花蓮市,民生里,金三角與東大門核心交會商圈,是,是,0.0,1992,本國公司設立之分公司,Y,1,473311,真皮鞋類及其配件零售
18045731,,立揚電子遊戲埸業,花蓮縣花蓮市民生里中正路５３０號４樓,花蓮縣,花蓮市,民生里,金三角與東大門核心交會商圈,是,是,200000.0,2000,合夥,N,0,932411,電動玩具店
55928221,,藍田管理顧問有限公司,花蓮縣花蓮市民生里中正路５３０號６樓,花蓮縣,花蓮市,民生里,金三角與東大門核心交會商圈,是,是,100000.0,2016,有限公司,Y,1,562099,其他外燴及團膳承包
50692915,,藍田產後護理之家,花蓮縣花蓮市民生里中正路５３０號７樓．８樓,花蓮縣,花蓮市,民生里,金三角與東大門核心交會商圈,是,是,200000.0,2016,獨資,Y,1,869917,產後護理機構
91590618,,五淳商行,花蓮縣花蓮市民生里中正路５３８號１樓,花蓮縣,花蓮市,民生里,金三角與東大門核心交會商圈,是,是,100000.0,2022,合夥,Y,1,563115,手搖飲店
91591551,,梅飲商行,花蓮縣花蓮市民生里中正路５４２號１樓,花蓮縣,花蓮市,民生里,金三角與東大門核心交會商圈,是,是,100000.0,2022,獨資,Y,1,563115,手搖飲店
10588330,,統勇皮鞋店,花蓮縣花蓮市民生里中正路５５０，５５２號,花蓮縣,花蓮市,民生里,金三角與東大門核心交會商圈,是,是,200000.0,2008,獨資,Y,1,473312,鞋類及其配件（真皮鞋類及其配件除外）零售
50742149,,柏科企業社,花蓮縣花蓮市民生里中正路５７２之２號１樓,花蓮縣,花蓮市,民生里,金三角與東大門核心交會商圈,是,是,200000.0,2017,獨資,Y,1,952311,視聽電子產品維修
41473925,,開心居民宿,花蓮縣花蓮市民生里中正路５７２號,花蓮縣,花蓮市,民生里,金三角與東大門核心交會商圈,是,是,100000.0,2015,獨資,N,0,551013,民宿
92638175,,億桶金彩券行,花蓮縣花蓮市民生里中正路５７２號１樓,花蓮縣,花蓮市,民生里,金三角與東大門核心交會商圈,是,是,240000.0,2023,獨資,N,0,920011,彩券銷售
41463145,,立大服飾店,花蓮縣花蓮市民生里中正路５７８號１樓,花蓮縣,花蓮市,民生里,金三角與東大門核心交會商圈,是,是,240000.0,2015,獨資,N,0,473211,服裝零售
93610554,,瑞塔五維度有限公司,花蓮縣花蓮市民生里中正路５８６號,花蓮縣,花蓮市,民生里,金三角與東大門核心交會商圈,是,是,300000.0,2024,有限公司,Y,1,473311,真皮鞋類及其配件零售
56606965,,嘉祥資產管理股份有限公司,花蓮縣花蓮市民生里中正路５８８號９樓,花蓮縣,花蓮市,民生里,金三角與東大門核心交會商圈,是,是,20000000.0,2017,股份有限公司,Y,1,681112,自有不動產租賃
60094456,53601523,鼎豐國際開發股份有限公司藍天麗池停車場,花蓮縣花蓮市民生里中正路５９０號旁,花蓮縣,花蓮市,民生里,金三角與東大門核心交會商圈,是,是,0.0,2024,其他,Y,1,524100,停車場管理
72613632,,柒陸貳轉運咖啡站,花蓮縣花蓮市民生里中正路６００號,花蓮縣,花蓮市,民生里,金三角與東大門核心交會商圈,是,是,8000.0,2017,獨資,N,0,563112,咖啡館
09637690,86863531,美德耐股份有限公司署花門市部,花蓮縣花蓮市民生里中正路６００號１樓,花蓮縣,花蓮市,民生里,金三角與東大門核心交會商圈,是,是,0.0,2006,其他,Y,1,457113,醫療耗材批發
54808966,,誠食生活家有限公司,花蓮縣花蓮市民生里中正路６２４－１號,花蓮縣,花蓮市,民生里,金三角與東大門核心交會商圈,是,是,18000000.0,2014,有限公司,Y,1,471200,百貨公司
93594822,,筵豐股份有限公司,花蓮縣花蓮市民生里中正路６２４－１號,花蓮縣,花蓮市,民生里,金三角與東大門核心交會商圈,是,是,15857143.0,2024,股份有限公司,Y,1,561115,餐廳
96763455,,自然有芋股份有限公司,花蓮縣花蓮市民生里中正路６２４－１號,花蓮縣,花蓮市,民生里,金三角與東大門核心交會商圈,是,是,1000000.0,2024,股份有限公司,Y,1,472922,西點麵包零售
15795772,,永正企業,花蓮縣花蓮市民生里中正路６４９號,花蓮縣,花蓮市,民生里,金三角與東大門核心交會商圈,是,是,240000.0,2003,獨資,Y,1,476111,文具零售
09996148,,偉盛五金百貨,花蓮縣花蓮市民生里中正路６４９號１樓,花蓮縣,花蓮市,民生里,金三角與東大門核心交會商圈,是,是,5000.0,2006,獨資,N,0,434011,室內裝潢工程
99453341,,永利精品百貨,花蓮縣花蓮市民生里中正路６４９號１樓,花蓮縣,花蓮市,民生里,金三角與東大門核心交會商圈,是,是,3000.0,2004,獨資,N,0,476111,文具零售
94633252,,建南電器有限公司,花蓮縣花蓮市民生里中華路１０號,花蓮縣,花蓮市,民生里,金三角與東大門核心交會商圈,是,是,1500000.0,1974,有限公司,Y,1,474199,其他家用電器零售
95212948,,翊健足體養生會館,花蓮縣花蓮市民生里中華路４號,花蓮縣,花蓮市,民生里,金三角與東大門核心交會商圈,是,是,200000.0,2025,獨資,N,0,969015,推拿按摩服務
94789326,,建興百貨行,花蓮縣花蓮市民生里公園路１之１號,花蓮縣,花蓮市,民生里,金三角與東大門核心交會商圈,是,是,5000.0,1981,獨資,N,0,473211,服裝零售
95804915,,點石刻印坊,花蓮縣花蓮市民生里公園路１之５號１樓,花蓮縣,花蓮市,民生里,金三角與東大門核心交會商圈,是,是,5000.0,1995,獨資,N,0,485218,雕塑品零售
92639316,,奇樂彩券行,花蓮縣花蓮市民生里公園路１號１樓,花蓮縣,花蓮市,民生里,金三角與東大門核心交會商圈,是,是,3000.0,2023,獨資,N,0,920011,彩券銷售
92637767,,有錢真好彩券行,花蓮縣花蓮市民生里公園路１－３號１樓,花蓮縣,花蓮市,民生里,金三角與東大門核心交會商圈,是,是,100000.0,2023,獨資,N,0,920011,彩券銷售
92636893,,積財庫彩券行,花蓮縣花蓮市民生里公園路１－５號１樓,花蓮縣,花蓮市,民生里,金三角與東大門核心交會商圈,是,是,50000.0,2023,獨資,N,0,920011,彩券銷售
95211201,,星鑽企業社,花蓮縣花蓮市民生里公園路１－６號１樓,花蓮縣,花蓮市,民生里,金三角與東大門核心交會商圈,是,是,200000.0,2025,獨資,Y,1,474512,珠寶零售
94751671,,華昇行,花蓮縣花蓮市民生里公園路２１號,花蓮縣,花蓮市,民生里,金三角與東大門核心交會商圈,是,是,10000.0,1978,獨資,N,0,952312,家用電器維修
94373707,03557311,臺灣銀行股份有限公司花蓮分公司,花蓮縣花蓮市民生里公園路３號１至３樓及部分地下１樓,花蓮縣,花蓮市,民生里,金三角與東大門核心交會商圈,是,是,0.0,1985,本國公司設立之分公司,N,0,641211,本國銀行
13976720,15578682,財團法人台灣票據交換所花蓮縣分所,花蓮縣花蓮市民生里公園路３號３樓,花蓮縣,花蓮市,民生里,金三角與東大門核心交會商圈,是,是,0.0,2002,其他,Y,1,669911,票據交換所
26703053,,時光旅人,花蓮縣花蓮市民生里公園路３３號,花蓮縣,花蓮市,民生里,金三角與東大門核心交會商圈,是,是,3000.0,2011,獨資,N,0,561111,早餐店
80031547,22555003,統一超商股份有限公司花蓮縣第五十一分公司,花蓮縣花蓮市民生里公園路７－１及７－２號１樓,花蓮縣,花蓮市,民生里,金三角與東大門核心交會商圈,是,是,0.0,2003,本國公司設立之分公司,Y,1,471112,直營連鎖式便利商店
91385911,27579258,富誠綜合物業管理股份有限公司花蓮市公園三民站,花蓮縣花蓮市民生里公園路７－１號左邊空地,花蓮縣,花蓮市,民生里,金三角與東大門核心交會商圈,是,是,0.0,2021,其他,Y,1,524100,停車場管理
94818292,,丸錫魚行,花蓮縣花蓮市民生里公有復興市場魚肉類第４號,花蓮縣,花蓮市,民生里,金三角與東大門核心交會商圈,是,是,5000.0,1983,獨資,N,0,454399,其他水產品批發
41011993,,茂勝海帶之家,花蓮縣花蓮市民生里公有復興零售市場水產類第５８號攤位,花蓮縣,花蓮市,民生里,金三角與東大門核心交會商圈,是,是,50000.0,2014,獨資,N,0,472311,水產品零售
50699522,,花東蔬菓行,花蓮縣花蓮市民生里公有復興零售市場蔬果類第２３號,花蓮縣,花蓮市,民生里,金三角與東大門核心交會商圈,是,是,30000.0,2016,獨資,N,0,472111,蔬菜零售
66964217,,一全菓菜商行,花蓮縣花蓮市民生里公有復興零售市場蔬菜類第２４７號,花蓮縣,花蓮市,民生里,金三角與東大門核心交會商圈,是,是,5000.0,2006,獨資,N,0,472111,蔬菜零售
66991024,,吉祥號,花蓮縣花蓮市民生里公有復興零售市場豬肉類第１１４號,花蓮縣,花蓮市,民生里,金三角與東大門核心交會商圈,是,是,3000.0,2006,獨資,N,0,472211,畜肉零售
30155212,,丸來魚行,花蓮縣花蓮市民生里公有復興零售市場鮮魚類第１２６號,花蓮縣,花蓮市,民生里,金三角與東大門核心交會商圈,是,是,100000.0,2008,獨資,N,0,454399,其他水產品批發
09656582,,立大商號,花蓮縣花蓮市民生里公有復興零售市場８５號攤位,花蓮縣,花蓮市,民生里,金三角與東大門核心交會商圈,是,是,3000.0,2006,獨資,N,0,472211,畜肉零售
50746742,,雙鳳香商行,花蓮縣花蓮市民生里公有零售復興市場第２４號攤位,花蓮縣,花蓮市,民生里,金三角與東大門核心交會商圈,是,是,200000.0,2017,獨資,N,0,472212,禽肉零售
41008913,,春天花坊,花蓮縣花蓮市民生里公有零售復興市場農產類第３０號攤位,花蓮縣,花蓮市,民生里,金三角與東大門核心交會商圈,是,是,50000.0,2014,獨資,N,0,485111,切花、盆栽零售
91159611,,麥語漁行,花蓮縣花蓮市民生里公有零售復興市場４９號攤位,花蓮縣,花蓮市,民生里,金三角與東大門核心交會商圈,是,是,100000.0,2022,獨資,N,0,472311,水產品零售
91150800,,平興商號,花蓮縣花蓮市民生里公有零售復興市場７５號攤位,花蓮縣,花蓮市,民生里,金三角與東大門核心交會商圈,是,是,100000.0,2021,獨資,N,0,472211,畜肉零售
94840885,,雄發商號,花蓮縣花蓮市民生里公有零售復興市場８４號攤位,花蓮縣,花蓮市,民生里,金三角與東大門核心交會商圈,是,是,3000.0,1984,獨資,N,0,454214,農產品（家畜及家禽肉品）批發市場承銷
41465994,,永昌商號,花蓮縣花蓮市民生里公有零售復興市場８５號攤位,花蓮縣,花蓮市,民生里,金三角與東大門核心交會商圈,是,是,3000.0,2016,獨資,N,0,472211,畜肉零售
94156808,,協發號,花蓮縣花蓮市民生里公有零售復興市場９０號攤位,花蓮縣,花蓮市,民生里,金三角與東大門核心交會商圈,是,是,3000.0,1977,獨資,N,0,472211,畜肉零售
94400303,,錦發號,花蓮縣花蓮市民生里公有零售復興市場９２號攤位,花蓮縣,花蓮市,民生里,金三角與東大門核心交會商圈,是,是,2000.0,1977,獨資,N,0,454214,農產品（家畜及家禽肉品）批發市場承銷
87346938,,專發商號,花蓮縣花蓮市民生里公有零售復興市場９４號攤位,花蓮縣,花蓮市,民生里,金三角與東大門核心交會商圈,是,是,10000.0,2020,獨資,N,0,472999,未分類其他食品、飲料及菸草製品零售
78837011,,福學服飾,花蓮縣花蓮市民生里公正街１號,花蓮縣,花蓮市,民生里,金三角與東大門核心交會商圈,是,是,5000.0,1993,獨資,N,0,473211,服裝零售
66951661,,衣櫃子服飾店,花蓮縣花蓮市民生里公正街１１號１樓,花蓮縣,花蓮市,民生里,金三角與東大門核心交會商圈,是,是,50000.0,2005,獨資,N,0,473211,服裝零售
08127065,,東明冷熱部,花蓮縣花蓮市民生里公正街１３號,花蓮縣,花蓮市,民生里,金三角與東大門核心交會商圈,是,是,5000.0,1986,獨資,N,0,561113,麵店、小吃店
94644005,,昌暉實業股份有限公司,花蓮縣花蓮市民生里公正街１３號,花蓮縣,花蓮市,民生里,金三角與東大門核心交會商圈,是,是,2400000.0,1974,股份有限公司,Y,1,530200,冷凍冷藏倉儲經營
61383172,68919702,臺南企業股份有限公司花蓮服裝供售站,花蓮縣花蓮市民生里公正街１４號,花蓮縣,花蓮市,民生里,金三角與東大門核心交會商圈,是,是,0.0,2026,其他,Y,1,473211,服裝零售
91157775,,統大暢貨企業,花蓮縣花蓮市民生里公正街１９號,花蓮縣,花蓮市,民生里,金三角與東大門核心交會商圈,是,是,50000.0,2021,獨資,N,0,473312,鞋類及其配件（真皮鞋類及其配件除外）零售
91154453,,東洋精品服飾,花蓮縣花蓮市民生里公正街２―３號１樓,花蓮縣,花蓮市,民生里,金三角與東大門核心交會商圈,是,是,50000.0,2021,獨資,N,0,473211,服裝零售
93057581,,紅麗美甲,花蓮縣花蓮市民生里公正街２―７號１樓,花蓮縣,花蓮市,民生里,金三角與東大門核心交會商圈,是,是,50000.0,2024,獨資,N,0,962211,美甲美睫服務
08131856,,喬雅百貨行,花蓮縣花蓮市民生里公正街２－４號２樓,花蓮縣,花蓮市,民生里,金三角與東大門核心交會商圈,是,是,3000.0,1986,獨資,N,0,473211,服裝零售
13966188,,特區,花蓮縣花蓮市民生里公正街２－８號１樓,花蓮縣,花蓮市,民生里,金三角與東大門核心交會商圈,是,是,3000.0,2002,獨資,N,0,473211,服裝零售
91365366,,帝凱服飾,花蓮縣花蓮市民生里公正街２３―２號１樓,花蓮縣,花蓮市,民生里,金三角與東大門核心交會商圈,是,是,5000.0,2021,獨資,N,0,473211,服裝零售
94813091,,肉鬆王食品行,花蓮縣花蓮市民生里公正街２３―５號,花蓮縣,花蓮市,民生里,金三角與東大門核心交會商圈,是,是,5000.0,1982,獨資,N,0,472919,肉鬆、肉乾、火腿、臘味零售
92539127,,小蘭美容坊,花蓮縣花蓮市民生里公正街２３―６號１樓,花蓮縣,花蓮市,民生里,金三角與東大門核心交會商圈,是,是,200000.0,2023,獨資,N,0,962211,美甲美睫服務
60196616,,小金美甲美容,花蓮縣花蓮市民生里公正街２３―７號,花蓮縣,花蓮市,民生里,金三角與東大門核心交會商圈,是,是,30000.0,2025,獨資,N,0,962211,美甲美睫服務
91274675,,風車精品服飾,花蓮縣花蓮市民生里公正街２３―７號１樓,花蓮縣,花蓮市,民生里,金三角與東大門核心交會商圈,是,是,30000.0,2021,獨資,N,0,473211,服裝零售
78846258,,和安堂藥房,花蓮縣花蓮市民生里公正街２３之１號,花蓮縣,花蓮市,民生里,金三角與東大門核心交會商圈,是,是,3000.0,1993,獨資,N,0,475111,中藥零售
94635097,,南興行,花蓮縣花蓮市民生里公正街２３之４號,花蓮縣,花蓮市,民生里,金三角與東大門核心交會商圈,是,是,20000.0,1977,獨資,N,0,461915,塑膠、橡膠建材製品批發
93056605,,金翠美甲,花蓮縣花蓮市民生里公正街２３之７號,花蓮縣,花蓮市,民生里,金三角與東大門核心交會商圈,是,是,10000.0,2024,獨資,N,0,962211,美甲美睫服務
93088986,,迦蘭園藝,花蓮縣花蓮市民生里公正街２３之７號旁空地,花蓮縣,花蓮市,民生里,金三角與東大門核心交會商圈,是,是,80000.0,2023,獨資,N,0,485111,切花、盆栽零售
93050237,,美玉美甲美容,花蓮縣花蓮市民生里公正街２３號１樓,花蓮縣,花蓮市,民生里,金三角與東大門核心交會商圈,是,是,150000.0,2024,獨資,N,0,962211,美甲美睫服務
15788667,,獎金童裝世界,花蓮縣花蓮市民生里公正街２７及２９號１樓,花蓮縣,花蓮市,民生里,金三角與東大門核心交會商圈,是,是,3000.0,2003,獨資,N,0,473211,服裝零售
95212150,,豬頭商行,花蓮縣花蓮市民生里公正街３１巷７號１樓,花蓮縣,花蓮市,民生里,金三角與東大門核心交會商圈,是,是,200000.0,2025,獨資,N,0,473311,真皮鞋類及其配件零售
93057870,,銓恩企業社,花蓮縣花蓮市民生里公正街３７號６樓之２５,花蓮縣,花蓮市,民生里,金三角與東大門核心交會商圈,是,是,200000.0,2024,獨資,Y,1,782000,人力供應
87347839,,芃手作工作室,花蓮縣花蓮市民生里公正街３７號８樓之６,花蓮縣,花蓮市,民生里,金三角與東大門核心交會商圈,是,是,50000.0,2020,獨資,N,0,487114,經營網路購物（食品、飲料類商品）
60252497,,小文美甲,花蓮縣花蓮市民生里公正街４―１１號,花蓮縣,花蓮市,民生里,金三角與東大門核心交會商圈,是,是,100000.0,2026,獨資,N,0,962211,美甲美睫服務
94844968,,日日菜行,花蓮縣花蓮市民生里公正街４―１４號,花蓮縣,花蓮市,民生里,金三角與東大門核心交會商圈,是,是,5000.0,1984,獨資,N,0,472111,蔬菜零售
13962774,,公正鮮果汁,花蓮縣花蓮市民生里公正街４―１８號,花蓮縣,花蓮市,民生里,金三角與東大門核心交會商圈,是,是,3000.0,2001,獨資,N,0,563199,其他飲料店
34890349,,芳美企業社,花蓮縣花蓮市民生里公正街４―２號,花蓮縣,花蓮市,民生里,金三角與東大門核心交會商圈,是,是,3000.0,2011,獨資,N,0,472999,未分類其他食品、飲料及菸草製品零售
95208938,,榆芝小舖,花蓮縣花蓮市民生里公正街４―２號（右側）,花蓮縣,花蓮市,民生里,金三角與東大門核心交會商圈,是,是,200000.0,2025,獨資,N,0,473211,服裝零售
02907260,,羚衣舖精品服飾,花蓮縣花蓮市民生里公正街４―９號,花蓮縣,花蓮市,民生里,金三角與東大門核心交會商圈,是,是,30000.0,2013,獨資,N,0,473211,服裝零售
93056632,,秋香刺青美容美甲,花蓮縣花蓮市民生里公正街４之１０號,花蓮縣,花蓮市,民生里,金三角與東大門核心交會商圈,是,是,80000.0,2024,獨資,N,0,962211,美甲美睫服務
64800611,,比威力鞋店,花蓮縣花蓮市民生里公正街４之１４號,花蓮縣,花蓮市,民生里,金三角與東大門核心交會商圈,是,是,3000.0,1987,獨資,N,0,473312,鞋類及其配件（真皮鞋類及其配件除外）零售
95808953,,依妮服飾,花蓮縣花蓮市民生里公正街４之８號,花蓮縣,花蓮市,民生里,金三角與東大門核心交會商圈,是,是,3000.0,1996,獨資,N,0,473211,服裝零售
13964604,,宜順兒童裝,花蓮縣花蓮市民生里公正街４－１２號１樓,花蓮縣,花蓮市,民生里,金三角與東大門核心交會商圈,是,是,20000.0,2001,獨資,N,0,473211,服裝零售
13963470,,周家蒸餃小籠包,花蓮縣花蓮市民生里公正街４－１９及４－２０號,花蓮縣,花蓮市,民生里,金三角與東大門核心交會商圈,是,是,3000.0,2001,合夥,Y,1,561113,麵店、小吃店
92538302,,衣零衣流行服飾,花蓮縣花蓮市民生里公正街４－７號１樓,花蓮縣,花蓮市,民生里,金三角與東大門核心交會商圈,是,是,5000.0,2023,獨資,N,0,473211,服裝零售
93055057,,萱選良品商行,花蓮縣花蓮市民生里公正街６號,花蓮縣,花蓮市,民生里,金三角與東大門核心交會商圈,是,是,200000.0,2024,獨資,N,0,471999,未分類其他綜合商品零售
60247328,,森活蔬果行,花蓮縣花蓮市民生里公正街６號１樓,花蓮縣,花蓮市,民生里,金三角與東大門核心交會商圈,是,是,200000.0,2025,獨資,N,0,472111,蔬菜零售
72775354,,絕色服飾,花蓮縣花蓮市民生里公正街７號１樓,花蓮縣,花蓮市,民生里,金三角與東大門核心交會商圈,是,是,30000.0,2017,獨資,N,0,473211,服裝零售
76960268,,巨豐行,花蓮縣花蓮市民生里公正街７號１樓,花蓮縣,花蓮市,民生里,金三角與東大門核心交會商圈,是,是,240000.0,1990,獨資,Y,1,456999,未分類其他家用器具及用品批發
72775349,,米亞服飾,花蓮縣花蓮市民生里公正街９號１樓,花蓮縣,花蓮市,民生里,金三角與東大門核心交會商圈,是,是,20000.0,2017,獨資,N,0,473211,服裝零售
13966069,,孟甜香草餐飲部（８３５２４４９）,花蓮縣花蓮市民生里公正路３３－１號１樓,花蓮縣,花蓮市,民生里,金三角與東大門核心交會商圈,是,是,5000.0,2002,獨資,N,0,561113,麵店、小吃店
94390804,,德興製麵店,花蓮縣花蓮市民生里公正路５號,花蓮縣,花蓮市,民生里,金三角與東大門核心交會商圈,是,是,6000.0,1977,獨資,N,0,089211,一般麵條、粉條製造
41008441,,旺旺商行,花蓮縣花蓮市民生里大禹街１號１樓,花蓮縣,花蓮市,民生里,金三角與東大門核心交會商圈,是,是,20000.0,2014,獨資,N,0,472999,未分類其他食品、飲料及菸草製品零售
34861359,,吉利行,花蓮縣花蓮市民生里大禹街１３號,花蓮縣,花蓮市,民生里,金三角與東大門核心交會商圈,是,是,3000.0,2010,獨資,N,0,473211,服裝零售
37994212,,大禹貳冰淇淋店,花蓮縣花蓮市民生里大禹街２號,花蓮縣,花蓮市,民生里,金三角與東大門核心交會商圈,是,是,60000.0,2013,獨資,N,0,563199,其他飲料店
94393632,,錦祥行,花蓮縣花蓮市民生里大禹街２５號,花蓮縣,花蓮市,民生里,金三角與東大門核心交會商圈,是,是,3000.0,1977,獨資,N,0,473211,服裝零售
94300676,,將門鞋行,花蓮縣花蓮市民生里大禹街２７號,花蓮縣,花蓮市,民生里,金三角與東大門核心交會商圈,是,是,3000.0,1977,獨資,N,0,473312,鞋類及其配件（真皮鞋類及其配件除外）零售
13975834,,錦興服飾,花蓮縣花蓮市民生里大禹街３０號１樓,花蓮縣,花蓮市,民生里,金三角與東大門核心交會商圈,是,是,50000.0,2002,獨資,N,0,473211,服裝零售
94403049,,鴻銘行,花蓮縣花蓮市民生里大禹街３５號,花蓮縣,花蓮市,民生里,金三角與東大門核心交會商圈,是,是,2000.0,1977,獨資,N,0,473211,服裝零售
10651776,,謹福商行,花蓮縣花蓮市民生里大禹街３７號,花蓮縣,花蓮市,民生里,金三角與東大門核心交會商圈,是,是,150000.0,2008,獨資,N,0,563199,其他飲料店
60249509,,東大大統男裝,花蓮縣花蓮市民生里大禹街３８號,花蓮縣,花蓮市,民生里,金三角與東大門核心交會商圈,是,是,2000.0,2026,獨資,N,0,473211,服裝零售
41498030,,流行鞋坊,花蓮縣花蓮市民生里大禹街４０號１樓,花蓮縣,花蓮市,民生里,金三角與東大門核心交會商圈,是,是,8000.0,2015,獨資,N,0,473312,鞋類及其配件（真皮鞋類及其配件除外）零售
50743956,,芭比內睡衣精品,花蓮縣花蓮市民生里大禹街４１號,花蓮縣,花蓮市,民生里,金三角與東大門核心交會商圈,是,是,3000.0,2017,獨資,N,0,473211,服裝零售
94104788,,新良友商行,花蓮縣花蓮市民生里大禹街４４號,花蓮縣,花蓮市,民生里,金三角與東大門核心交會商圈,是,是,10000.0,1977,獨資,N,0,473312,鞋類及其配件（真皮鞋類及其配件除外）零售
94769139,,百順服裝行,花蓮縣花蓮市民生里大禹街４５號,花蓮縣,花蓮市,民生里,金三角與東大門核心交會商圈,是,是,5000.0,1980,獨資,N,0,473211,服裝零售
92635682,,晞瓜企業社,花蓮縣花蓮市民生里大禹街４６號,花蓮縣,花蓮市,民生里,金三角與東大門核心交會商圈,是,是,100000.0,2023,獨資,N,0,932999,未分類其他娛樂及休閒服務
60249439,,新夾寶傳説選物販賣店,花蓮縣花蓮市民生里大禹街４８號１樓,花蓮縣,花蓮市,民生里,金三角與東大門核心交會商圈,是,是,150000.0,2026,獨資,N,0,932414,夾娃娃機店
49755068,,大發果菜行,花蓮縣花蓮市民生里大禹街５０之１號１樓,花蓮縣,花蓮市,民生里,金三角與東大門核心交會商圈,是,是,50000.0,2016,獨資,N,0,472111,蔬菜零售
82176049,,新利行,花蓮縣花蓮市民生里大禹街５０之１號１樓,花蓮縣,花蓮市,民生里,金三角與東大門核心交會商圈,是,是,50000.0,2018,獨資,N,0,472111,蔬菜零售
10587326,,恰女生服飾,花蓮縣花蓮市民生里大禹街５０號,花蓮縣,花蓮市,民生里,金三角與東大門核心交會商圈,是,是,100000.0,2008,獨資,N,0,473211,服裝零售
94349708,,台光鞋店,花蓮縣花蓮市民生里大禹街５６號,花蓮縣,花蓮市,民生里,金三角與東大門核心交會商圈,是,是,1000.0,1977,獨資,N,0,473312,鞋類及其配件（真皮鞋類及其配件除外）零售
13976622,,宇宇精品童裝,花蓮縣花蓮市民生里大禹街５９號１樓,花蓮縣,花蓮市,民生里,金三角與東大門核心交會商圈,是,是,245000.0,2002,獨資,N,0,473211,服裝零售
78847735,,德利豆乾專賣店,花蓮縣花蓮市民生里大禹街６號１樓,花蓮縣,花蓮市,民生里,金三角與東大門核心交會商圈,是,是,5000000.0,1994,合夥,Y,1,472999,未分類其他食品、飲料及菸草製品零售
78847398,,好川屋服飾店,花蓮縣花蓮市民生里大禹街６３號１樓,花蓮縣,花蓮市,民生里,金三角與東大門核心交會商圈,是,是,5000.0,1994,獨資,N,0,473211,服裝零售
15793401,,町子園流行屋,花蓮縣花蓮市民生里大禹街６４號,花蓮縣,花蓮市,民生里,金三角與東大門核心交會商圈,是,是,5000.0,2003,獨資,N,0,473211,服裝零售
41136902,,Ｔ﹒Ｖ﹒服飾店,花蓮縣花蓮市民生里大禹街６６―１號,花蓮縣,花蓮市,民生里,金三角與東大門核心交會商圈,是,是,30000.0,2014,獨資,N,0,473211,服裝零售
41486105,,小巴黎,花蓮縣花蓮市民生里大禹街６８號１樓,花蓮縣,花蓮市,民生里,金三角與東大門核心交會商圈,是,是,50000.0,2015,獨資,N,0,473211,服裝零售
72847580,,尚婷服飾,花蓮縣花蓮市民生里大禹街７號,花蓮縣,花蓮市,民生里,金三角與東大門核心交會商圈,是,是,10000.0,1981,獨資,N,0,473211,服裝零售
78040669,,惠玲牛仔世界,花蓮縣花蓮市民生里大禹街７２號,花蓮縣,花蓮市,民生里,金三角與東大門核心交會商圈,是,是,3000.0,1992,獨資,N,0,473211,服裝零售
91596731,,禾萱商號,花蓮縣花蓮市民生里大禹街７６號１樓,花蓮縣,花蓮市,民生里,金三角與東大門核心交會商圈,是,是,5000.0,2022,獨資,N,0,473211,服裝零售
91596009,,國偉手機配件行,花蓮縣花蓮市民生里大禹街７８號１樓,花蓮縣,花蓮市,民生里,金三角與東大門核心交會商圈,是,是,100000.0,2022,獨資,N,0,483212,手機及手機週邊零配件零售
94842954,,美旭商行,花蓮縣花蓮市民生里大禹街９號,花蓮縣,花蓮市,民生里,金三角與東大門核心交會商圈,是,是,3000.0,1984,獨資,N,0,474999,未分類其他家用器具及用品零售
94128607,,協成商號,花蓮縣花蓮市民生里復興市場猪肉類第固１０３號攤位,花蓮縣,花蓮市,民生里,金三角與東大門核心交會商圈,是,是,3000.0,1977,獨資,N,0,454214,農產品（家畜及家禽肉品）批發市場承銷
94156906,,協勝號,花蓮縣花蓮市民生里復興市場禽畜類第１０５號攤位,花蓮縣,花蓮市,民生里,金三角與東大門核心交會商圈,是,是,2000.0,1977,獨資,N,0,454214,農產品（家畜及家禽肉品）批發市場承銷
94721608,,明昌食品號,花蓮縣花蓮市民生里復興市場第６６、６８攤位,花蓮縣,花蓮市,民生里,金三角與東大門核心交會商圈,是,是,45000.0,1977,獨資,Y,1,454211,畜肉批發
49871989,,靖發商號,花蓮縣花蓮市民生里復興市場第９５號攤位,花蓮縣,花蓮市,民生里,金三角與東大門核心交會商圈,是,是,5000.0,2005,獨資,N,0,472211,畜肉零售
26794429,,合發號,花蓮縣花蓮市民生里復興市場豬肉類第８９號攤位,花蓮縣,花蓮市,民生里,金三角與東大門核心交會商圈,是,是,3000.0,2012,獨資,N,0,472211,畜肉零售
15784846,,張春生雞鴨肉店,花蓮縣花蓮市民生里復興市場零售肉類第１６７號,花蓮縣,花蓮市,民生里,金三角與東大門核心交會商圈,是,是,3000.0,2003,獨資,N,0,453316,成禽批發
94845489,,宏昌商號,花蓮縣花蓮市民生里復興綜合市場大廈零售市場第１１９號,花蓮縣,花蓮市,民生里,金三角與東大門核心交會商圈,是,是,5000.0,1985,獨資,N,0,472211,畜肉零售
95174395,,依寧美甲,花蓮縣花蓮市民生里復興街３１―２號１樓,花蓮縣,花蓮市,民生里,金三角與東大門核心交會商圈,是,是,30000.0,2024,獨資,N,0,962211,美甲美睫服務
72846338,,志玲美甲,花蓮縣花蓮市民生里復興街３１―３號１樓,花蓮縣,花蓮市,民生里,金三角與東大門核心交會商圈,是,是,3000.0,2018,獨資,N,0,962211,美甲美睫服務
60201907,,小芽美甲,花蓮縣花蓮市民生里復興街３３―１號１樓,花蓮縣,花蓮市,民生里,金三角與東大門核心交會商圈,是,是,100000.0,2025,獨資,N,0,962211,美甲美睫服務
50727962,,東方美精品服飾百貨行,花蓮縣花蓮市民生里復興街３３―１８號１樓,花蓮縣,花蓮市,民生里,金三角與東大門核心交會商圈,是,是,100000.0,2016,獨資,Y,1,475299,其他化粧品零售
42007785,,碧玄美甲沙龍,花蓮縣花蓮市民生里復興街３３―２號１樓,花蓮縣,花蓮市,民生里,金三角與東大門核心交會商圈,是,是,50000.0,2015,獨資,N,0,962211,美甲美睫服務
93055802,,芳楹美甲,花蓮縣花蓮市民生里復興街３３之１７號１樓,花蓮縣,花蓮市,民生里,金三角與東大門核心交會商圈,是,是,50000.0,2024,獨資,N,0,962211,美甲美睫服務
42007552,,小翠美甲美髮,花蓮縣花蓮市民生里復興街３３號１樓、２樓,花蓮縣,花蓮市,民生里,金三角與東大門核心交會商圈,是,是,3000.0,2015,獨資,N,0,962211,美甲美睫服務
78843908,,東佳興傢飾店,花蓮縣花蓮市民生里復興街３５之２號,花蓮縣,花蓮市,民生里,金三角與東大門核心交會商圈,是,是,5000.0,1993,獨資,N,0,474311,寢具零售
50740402,,佑佑童裝,花蓮縣花蓮市民生里復興街３７―１號１樓,花蓮縣,花蓮市,民生里,金三角與東大門核心交會商圈,是,是,10000.0,2017,獨資,N,0,473211,服裝零售
60250603,,克萊鞋研所,花蓮縣花蓮市民生里復興街３７號１樓,花蓮縣,花蓮市,民生里,金三角與東大門核心交會商圈,是,是,100000.0,2026,獨資,N,0,473312,鞋類及其配件（真皮鞋類及其配件除外）零售
94837489,,天行健鐘錶眼鏡行,花蓮縣花蓮市民生里復興街４０之２號,花蓮縣,花蓮市,民生里,金三角與東大門核心交會商圈,是,是,50000.0,1984,獨資,N,0,474411,鐘錶及其零配件零售
93055182,,華威企業社,花蓮縣花蓮市民生里復興街４０之２號１樓,花蓮縣,花蓮市,民生里,金三角與東大門核心交會商圈,是,是,200000.0,2024,獨資,Y,1,483111,電腦及電腦週邊設備零售
94750906,,金馬鞋行,花蓮縣花蓮市民生里復興街４０之３號―樓,花蓮縣,花蓮市,民生里,金三角與東大門核心交會商圈,是,是,3000.0,1978,獨資,N,0,473312,鞋類及其配件（真皮鞋類及其配件除外）零售
94814140,,建銘行,花蓮縣花蓮市民生里復興街４０之４號,花蓮縣,花蓮市,民生里,金三角與東大門核心交會商圈,是,是,5000.0,1983,獨資,N,0,481014,居家修繕用品零售
09972336,28062104,葳妮股份有限公司復興營業所,花蓮縣花蓮市民生里復興街４６―２號１樓,花蓮縣,花蓮市,民生里,金三角與東大門核心交會商圈,是,是,0.0,2006,其他,Y,1,455999,未分類其他服飾品批發
87350545,,阿鸞美甲美顏,花蓮縣花蓮市民生里復興街５０－４號１樓,花蓮縣,花蓮市,民生里,金三角與東大門核心交會商圈,是,是,200000.0,2020,獨資,N,0,962211,美甲美睫服務
95212882,,艾貝兒童裝行,花蓮縣花蓮市民生里復興街５０－９號１樓,花蓮縣,花蓮市,民生里,金三角與東大門核心交會商圈,是,是,30000.0,2025,獨資,N,0,473211,服裝零售
94769948,,冠美行,花蓮縣花蓮市民生里復興街５６號,花蓮縣,花蓮市,民生里,金三角與東大門核心交會商圈,是,是,30000.0,1980,獨資,N,0,473211,服裝零售
95809622,,聯豐蛋行,花蓮縣花蓮市民生里復興路公有市場臨３２０號,花蓮縣,花蓮市,民生里,金三角與東大門核心交會商圈,是,是,3000.0,1996,獨資,N,0,472916,蛋類零售
10646606,,金永利刀剪行,花蓮縣花蓮市民生里復興零售市場刀具類第５５號攤位,花蓮縣,花蓮市,民生里,金三角與東大門核心交會商圈,是,是,10000.0,2008,獨資,N,0,474928,小件家用器皿零售
42203604,,信達製麵加工部,花蓮縣花蓮市民生里復興零售市場第１８０攤,花蓮縣,花蓮市,民生里,金三角與東大門核心交會商圈,是,是,3000.0,2015,獨資,N,0,472928,麵食品零售
92098466,,佳珍號,花蓮縣花蓮市民生里復興零售市場雞鴨肉類第１６７號,花蓮縣,花蓮市,民生里,金三角與東大門核心交會商圈,是,是,5000.0,1995,獨資,N,0,453316,成禽批發
18055717,,進富行,花蓮縣花蓮市民生里復興零售市場雞鴨肉類第２５７號攤位,花蓮縣,花蓮市,民生里,金三角與東大門核心交會商圈,是,是,30000.0,2001,獨資,N,0,453316,成禽批發
95804149,,省立花蓮醫院理髮部,花蓮縣花蓮市民生里明禮路４號地下室,花蓮縣,花蓮市,民生里,金三角與東大門核心交會商圈,是,是,3000.0,1995,獨資,N,0,962112,理髮店
95804274,,省立花蓮醫院美髮部,花蓮縣花蓮市民生里明禮路４號地下室,花蓮縣,花蓮市,民生里,金三角與東大門核心交會商圈,是,是,3000.0,1995,獨資,N,0,962111,美髮院及髮廊
94773942,,德康餅店,花蓮縣花蓮市民生里綜合市場２９號,花蓮縣,花蓮市,民生里,金三角與東大門核心交會商圈,是,是,5000.0,1980,獨資,N,0,472922,西點麵包零售
94641555,,永豐商號,花蓮縣花蓮市民生里綜合市場３０號,花蓮縣,花蓮市,民生里,金三角與東大門核心交會商圈,是,是,3000.0,1977,獨資,N,0,453316,成禽批發
94643765,,偉多利商號,花蓮縣花蓮市民生里綜合市場３０號,花蓮縣,花蓮市,民生里,金三角與東大門核心交會商圈,是,是,3000.0,1977,獨資,N,0,474999,未分類其他家用器具及用品零售
41009173,,明昌號豬肉攤,花蓮縣花蓮市民生里豬肉類第１１２號攤位,花蓮縣,花蓮市,民生里,金三角與東大門核心交會商圈,是,是,200000.0,2014,獨資,N,0,472211,畜肉零售
91385877,,耀耀工作室,花蓮縣花蓮市民生里００１鄰中華路１４號,花蓮縣,花蓮市,民生里,金三角與東大門核心交會商圈,是,是,8880.0,2021,獨資,N,0,563115,手搖飲店
95807379,,曾哥清粥小菜,花蓮縣花蓮市民生里００１鄰中華路１６號１樓,花蓮縣,花蓮市,民生里,金三角與東大門核心交會商圈,是,是,5000.0,1988,獨資,N,0,561112,便當、自助餐店
93048198,,足徠養生館,花蓮縣花蓮市民生里００１鄰中華路２號,花蓮縣,花蓮市,民生里,金三角與東大門核心交會商圈,是,是,5000.0,2024,獨資,N,0,969015,推拿按摩服務
91595796,,曾妮企業社,花蓮縣花蓮市民生里００１鄰大禹街１０號,花蓮縣,花蓮市,民生里,金三角與東大門核心交會商圈,是,是,60000.0,2022,獨資,N,0,472999,未分類其他食品、飲料及菸草製品零售
60252573,,來柒投選物販賣機,花蓮縣花蓮市民生里００１鄰大禹街３號,花蓮縣,花蓮市,民生里,金三角與東大門核心交會商圈,是,是,200000.0,2026,獨資,N,0,932414,夾娃娃機店
93050074,,柔柔精品服飾,花蓮縣花蓮市民生里００１鄰大禹街３６號１樓,花蓮縣,花蓮市,民生里,金三角與東大門核心交會商圈,是,是,200000.0,2024,獨資,Y,1,473211,服裝零售
50737342,,歡迎光臨民宿,花蓮縣花蓮市民生里００１鄰大禹街４號,花蓮縣,花蓮市,民生里,金三角與東大門核心交會商圈,是,是,30000.0,2017,獨資,N,0,551013,民宿
82180043,,偉克特瑞客製化團體服,花蓮縣花蓮市民生里００１鄰大禹街５號,花蓮縣,花蓮市,民生里,金三角與東大門核心交會商圈,是,是,200000.0,2019,合夥,N,0,473211,服裝零售
30202051,,尚好精品量販鞋坊,花蓮縣花蓮市民生里００２鄰公正街１３號１樓,花蓮縣,花蓮市,民生里,金三角與東大門核心交會商圈,是,是,500000.0,2009,獨資,N,0,473312,鞋類及其配件（真皮鞋類及其配件除外）零售
85214572,,斑馬選物販賣,花蓮縣花蓮市民生里００２鄰大禹街３１號,花蓮縣,花蓮市,民生里,金三角與東大門核心交會商圈,是,是,200000.0,2020,獨資,N,0,932414,夾娃娃機店
87346590,,夾寶傳說商號,花蓮縣花蓮市民生里００２鄰大禹街３９號１樓,花蓮縣,花蓮市,民生里,金三角與東大門核心交會商圈,是,是,80000.0,2020,獨資,N,0,932414,夾娃娃機店
85206279,,甜心發二代選物販賣,花蓮縣花蓮市民生里００２鄰大禹街５１號,花蓮縣,花蓮市,民生里,金三角與東大門核心交會商圈,是,是,100000.0,2020,獨資,N,0,932414,夾娃娃機店
92634902,,小時候二代選物販賣機,花蓮縣花蓮市民生里００２鄰大禹街５７號,花蓮縣,花蓮市,民生里,金三角與東大門核心交會商圈,是,是,50000.0,2023,獨資,N,0,932414,夾娃娃機店
93058863,,啾吼夾選物販賣店,花蓮縣花蓮市民生里００２鄰大禹街６７號,花蓮縣,花蓮市,民生里,金三角與東大門核心交會商圈,是,是,150000.0,2024,獨資,N,0,932414,夾娃娃機店
09744880,,亞柏服飾店,花蓮縣花蓮市民生里００３鄰大禹街５３號,花蓮縣,花蓮市,民生里,金三角與東大門核心交會商圈,是,是,300000.0,2006,獨資,Y,1,473211,服裝零售
87348350,,包羅萬象包包專賣店,花蓮縣花蓮市民生里００３鄰大禹街５７―１號１樓,花蓮縣,花蓮市,民生里,金三角與東大門核心交會商圈,是,是,10000.0,2020,獨資,N,0,473215,皮包、手提包（真皮皮包、手提包除外）零售
42068683,,慈郁流行精品社,花蓮縣花蓮市民生里００３鄰大禹街５９―１號１樓,花蓮縣,花蓮市,民生里,金三角與東大門核心交會商圈,是,是,200000.0,2015,獨資,N,0,473299,其他服裝及其配件零售
91157183,,黃色微笑流行服飾,花蓮縣花蓮市民生里００３鄰大禹街６１號１樓,花蓮縣,花蓮市,民生里,金三角與東大門核心交會商圈,是,是,200000.0,2021,獨資,N,0,473211,服裝零售
41174216,,感覺流行服飾,花蓮縣花蓮市民生里００３鄰大禹街６４號,花蓮縣,花蓮市,民生里,金三角與東大門核心交會商圈,是,是,50000.0,2014,獨資,N,0,473211,服裝零售
41417473,,朵朵服飾,花蓮縣花蓮市民生里００３鄰大禹街６６號１樓,花蓮縣,花蓮市,民生里,金三角與東大門核心交會商圈,是,是,100000.0,2015,獨資,N,0,473211,服裝零售
91159990,,唯豆工作室,花蓮縣花蓮市民生里００３鄰大禹街７１號１樓,花蓮縣,花蓮市,民生里,金三角與東大門核心交會商圈,是,是,50000.0,2022,獨資,N,0,473211,服裝零售
60250580,,金鑽龍鳳商行,花蓮縣花蓮市民生里００３鄰大禹街７５號１樓,花蓮縣,花蓮市,民生里,金三角與東大門核心交會商圈,是,是,200000.0,2026,獨資,N,0,483113,電子遊樂器、電子遊樂器套裝軟體零售
85205497,,女孩碎碎念服飾,花蓮縣花蓮市民生里００３鄰大禹街７７號１樓,花蓮縣,花蓮市,民生里,金三角與東大門核心交會商圈,是,是,50000.0,2019,獨資,N,0,473211,服裝零售
42086296,,艾美鞋坊,花蓮縣花蓮市民生里００３鄰大禹街８０號１樓,花蓮縣,花蓮市,民生里,金三角與東大門核心交會商圈,是,是,200000.0,2015,合夥,Y,1,473312,鞋類及其配件（真皮鞋類及其配件除外）零售
50632332,,東昇鞋店,花蓮縣花蓮市民生里００４鄰中山路２１９號１樓,花蓮縣,花蓮市,民生里,金三角與東大門核心交會商圈,是,是,200000.0,2016,合夥,Y,1,473312,鞋類及其配件（真皮鞋類及其配件除外）零售
34889856,,摩瑪運動流行館,花蓮縣花蓮市民生里００４鄰中山路２２１號１樓,花蓮縣,花蓮市,民生里,金三角與東大門核心交會商圈,是,是,200000.0,2010,合夥,Y,1,473312,鞋類及其配件（真皮鞋類及其配件除外）零售
85213980,,鴻濬通信行,花蓮縣花蓮市民生里００４鄰中正路５２０號１樓,花蓮縣,花蓮市,民生里,金三角與東大門核心交會商圈,是,是,150000.0,2020,獨資,N,0,483212,手機及手機週邊零配件零售
95208698,,夾樂親子樂園,花蓮縣花蓮市民生里００４鄰中正路５３２號,花蓮縣,花蓮市,民生里,金三角與東大門核心交會商圈,是,是,20000.0,2024,獨資,N,0,932414,夾娃娃機店
47991241,,配件達人專賣店,花蓮縣花蓮市民生里００４鄰中正路５３４號,花蓮縣,花蓮市,民生里,金三角與東大門核心交會商圈,是,是,100000.0,2016,獨資,N,0,485299,未分類其他全新商品零售
60251949,,奢華國際精品企業社,花蓮縣花蓮市民生里００５鄰中山路１８５號１樓,花蓮縣,花蓮市,民生里,金三角與東大門核心交會商圈,是,是,100000.0,2026,獨資,N,0,473299,其他服裝及其配件零售
82175858,,洄瀾薯道,花蓮縣花蓮市民生里００５鄰中山路１９３號１樓,花蓮縣,花蓮市,民生里,金三角與東大門核心交會商圈,是,是,2000000.0,2018,合夥,Y,1,472921,糖果餅乾零售
85209352,,文旦復興企業,花蓮縣花蓮市民生里００５鄰中山路１９３號１樓,花蓮縣,花蓮市,民生里,金三角與東大門核心交會商圈,是,是,2000000.0,2019,合夥,Y,1,472921,糖果餅乾零售
42594362,,花蓮灣有限公司,花蓮縣花蓮市民生里００５鄰中山路１９５號１樓,花蓮縣,花蓮市,民生里,金三角與東大門核心交會商圈,是,是,1000000.0,2015,有限公司,Y,1,472921,糖果餅乾零售
85212552,,大仟服飾,花蓮縣花蓮市民生里００５鄰公正街２―９號１樓,花蓮縣,花蓮市,民生里,金三角與東大門核心交會商圈,是,是,3000.0,2020,獨資,N,0,473211,服裝零售
41214456,28480613,晶實科技股份有限公司花蓮門市,花蓮縣花蓮市民生里００６鄰中山路１７２號,花蓮縣,花蓮市,民生里,金三角與東大門核心交會商圈,是,是,0.0,2014,其他,Y,1,483111,電腦及電腦週邊設備零售
87345620,,達人手機配件店,花蓮縣花蓮市民生里００７鄰中山路１７４號,花蓮縣,花蓮市,民生里,金三角與東大門核心交會商圈,是,是,150000.0,2020,獨資,N,0,483212,手機及手機週邊零配件零售
60275013,61210008,群品餐飲股份有限公司石二鍋花蓮中山店,花蓮縣花蓮市民生里００７鄰中山路１７８號１樓,花蓮縣,花蓮市,民生里,金三角與東大門核心交會商圈,是,是,0.0,2025,其他,Y,1,561115,餐廳
31460372,,鮮茶道冷飲店,花蓮縣花蓮市民生里００７鄰中山路１８６號,花蓮縣,花蓮市,民生里,金三角與東大門核心交會商圈,是,是,3000.0,2007,獨資,Y,1,472914,飲料零售
55927932,,悠活地產開發有限公司,花蓮縣花蓮市民生里００７鄰中正路５６２―２號,花蓮縣,花蓮市,民生里,金三角與東大門核心交會商圈,是,是,1000000.0,2016,有限公司,Y,1,434011,室內裝潢工程
55949794,,悠活房屋仲介有限公司,花蓮縣花蓮市民生里００７鄰中正路５６２―３號,花蓮縣,花蓮市,民生里,金三角與東大門核心交會商圈,是,是,1000000.0,2016,有限公司,Y,1,681211,不動產仲介
41464524,,美美美甲,花蓮縣花蓮市民生里００７鄰復興街３５號１樓,花蓮縣,花蓮市,民生里,金三角與東大門核心交會商圈,是,是,18000.0,2015,獨資,N,0,962211,美甲美睫服務
53494164,,合和時尚精品有限公司,花蓮縣花蓮市民生里００８鄰中正路５７２―１號１樓、２樓,花蓮縣,花蓮市,民生里,金三角與東大門核心交會商圈,是,是,5000000.0,2011,有限公司,Y,1,474512,珠寶零售
87353418,,肆石壹影像工作室,花蓮縣花蓮市民生里００８鄰中正路５８２―２號１樓,花蓮縣,花蓮市,民生里,金三角與東大門核心交會商圈,是,是,250000.0,2021,獨資,Y,1,760199,其他攝影
82184131,,法郎美髮,花蓮縣花蓮市民生里００８鄰中正路５８６―１號１樓,花蓮縣,花蓮市,民生里,金三角與東大門核心交會商圈,是,是,100000.0,2019,獨資,N,0,962111,美髮院及髮廊
70814839,97172648,臺灣新光商業銀行股份有限公司花蓮分公司,花蓮縣花蓮市民生里００８鄰中正路５８８號１－４樓、地下室,花蓮縣,花蓮市,民生里,金三角與東大門核心交會商圈,是,是,0.0,2001,本國公司設立之分公司,N,0,641211,本國銀行
00127480,,藍新投資股份有限公司,花蓮縣花蓮市民生里００８鄰中正路５８８號９樓,花蓮縣,花蓮市,民生里,金三角與東大門核心交會商圈,是,是,20000000.0,2024,股份有限公司,N,0,649911,投資有價證券
94732160,,錦全建設股份有限公司,花蓮縣花蓮市民生里００８鄰中正路５８８號９樓,花蓮縣,花蓮市,民生里,金三角與東大門核心交會商圈,是,是,10000000.0,1977,股份有限公司,Y,1,681111,自有不動產買賣
61456603,,合鑫企業社,花蓮縣花蓮市民生里００８鄰公正街３１巷１０號１樓,花蓮縣,花蓮市,民生里,金三角與東大門核心交會商圈,是,是,200000.0,2026,獨資,Y,1,524999,未分類其他陸上運輸輔助
85211104,,餓勢力麵店,花蓮縣花蓮市民生里００８鄰公正街３１巷１０號１樓,花蓮縣,花蓮市,民生里,金三角與東大門核心交會商圈,是,是,1000.0,2020,獨資,N,0,561113,麵店、小吃店
87351283,,大花蓮清洗洗衣機工作室,花蓮縣花蓮市民生里００８鄰公正街３１巷８號１樓,花蓮縣,花蓮市,民生里,金三角與東大門核心交會商圈,是,是,50000.0,2021,獨資,N,0,812999,未分類其他清潔服務
39950611,,彩藝美研館,花蓮縣花蓮市民生里００８鄰公正街３７―１３號,花蓮縣,花蓮市,民生里,金三角與東大門核心交會商圈,是,是,150000.0,2014,獨資,N,0,962299,其他美容美體服務
87350622,,得寶工程行,花蓮縣花蓮市民生里００８鄰公正街３７號２樓之１９,花蓮縣,花蓮市,民生里,金三角與東大門核心交會商圈,是,是,200000.0,2020,獨資,Y,1,434011,室內裝潢工程
94000926,,爵比士國際餐酒有限公司,花蓮縣花蓮市民生里００８鄰公正街３７號２樓之４６,花蓮縣,花蓮市,民生里,金三角與東大門核心交會商圈,是,是,30000.0,2023,有限公司,Y,1,581311,實體書籍出版
50740992,,瑞寶工程,花蓮縣花蓮市民生里００８鄰公正街３７號２樓之７,花蓮縣,花蓮市,民生里,金三角與東大門核心交會商圈,是,是,200000.0,2017,獨資,Y,1,410099,其他建築工程
93055401,,全球華人享餵事業,花蓮縣花蓮市民生里００８鄰公正街３７號３樓之５,花蓮縣,花蓮市,民生里,金三角與東大門核心交會商圈,是,是,100000.0,2024,獨資,N,0,969099,未分類其他個人服務
82182112,,品妘美甲美容美睫,花蓮縣花蓮市民生里００８鄰公正街３９號１樓,花蓮縣,花蓮市,民生里,金三角與東大門核心交會商圈,是,是,15000.0,2019,獨資,N,0,962211,美甲美睫服務
85211483,,晶英美容美甲,花蓮縣花蓮市民生里００８鄰復興街５０―１０號１樓,花蓮縣,花蓮市,民生里,金三角與東大門核心交會商圈,是,是,100000.0,2020,獨資,N,0,962211,美甲美睫服務
85208059,,雅致民生工坊,花蓮縣花蓮市民生里００８鄰復興街５０―４號１樓,花蓮縣,花蓮市,民生里,金三角與東大門核心交會商圈,是,是,50000.0,2019,獨資,N,0,561113,麵店、小吃店
93010377,,美芳美甲,花蓮縣花蓮市民生里００８鄰復興街５０―６號１樓,花蓮縣,花蓮市,民生里,金三角與東大門核心交會商圈,是,是,50000.0,2023,獨資,N,0,962211,美甲美睫服務
95220953,,小柔美甲,花蓮縣花蓮市民生里００８鄰復興街５６號１樓,花蓮縣,花蓮市,民生里,金三角與東大門核心交會商圈,是,是,30000.0,2024,獨資,N,0,962211,美甲美睫服務
00233567,,沐邑國際有限公司,花蓮縣花蓮市民生里００９鄰三民街５－５號２樓,花蓮縣,花蓮市,民生里,金三角與東大門核心交會商圈,是,是,200000.0,2025,有限公司,Y,1,475299,其他化粧品零售
94801813,,名捷車行,花蓮縣花蓮市民生里００９鄰三民街５－６號１樓,花蓮縣,花蓮市,民生里,金三角與東大門核心交會商圈,是,是,500000.0,1982,獨資,Y,1,476211,非電動自行車及非電動自行車零件零售
93500682,,墨熠醫務管理顧問有限公司,花蓮縣花蓮市民生里００９鄰三民街５－６號３樓,花蓮縣,花蓮市,民生里,金三角與東大門核心交會商圈,是,是,100000.0,2023,有限公司,Y,1,457113,醫療耗材批發
91589865,,格萊特眼鏡行,花蓮縣花蓮市民生里００９鄰復興街４０―６號１樓,花蓮縣,花蓮市,民生里,金三角與東大門核心交會商圈,是,是,30000.0,2022,獨資,N,0,486999,未分類其他零售攤販
16502649,,藍天假日飯店股份有限公司,花蓮縣花蓮市民生里０１０鄰三民街２８號,花蓮縣,花蓮市,民生里,金三角與東大門核心交會商圈,是,是,29500000.0,1998,股份有限公司,Y,1,551012,旅館
34889758,,永馨造園,花蓮縣花蓮市民生里０１４鄰中正路６３８號１樓,花蓮縣,花蓮市,民生里,金三角與東大門核心交會商圈,是,是,1200000.0,2010,獨資,Y,1,813000,綠化服務
95213257,,美倫休閒棋牌社,花蓮縣花蓮市民生里０１６鄰中正路６５７號,花蓮縣,花蓮市,民生里,金三角與東大門核心交會商圈,是,是,200000.0,2025,獨資,N,0,932999,未分類其他娛樂及休閒服務
60252291,,永維企業社,花蓮縣花蓮市民生里０１６鄰新興路６號１樓,花蓮縣,花蓮市,民生里,金三角與東大門核心交會商圈,是,是,249000.0,2026,獨資,Y,1,439012,模板工程
10695090,,小邵手做美食,花蓮縣花蓮市民生里０１９鄰三民街３―２號２樓,花蓮縣,花蓮市,民生里,金三角與東大門核心交會商圈,是,是,50000.0,2008,獨資,N,0,561113,麵店、小吃店
49741945,,宏富銀樓,花蓮縣花蓮市民生里０２０鄰中山路１４２―１６號１樓,花蓮縣,花蓮市,民生里,金三角與東大門核心交會商圈,是,是,200000.0,2016,獨資,Y,1,474511,金（銀）飾零售
10626616,,口愛醬少淑女服飾店,花蓮縣花蓮市民生里０２０鄰中山路１４２―１９號１樓,花蓮縣,花蓮市,民生里,金三角與東大門核心交會商圈,是,是,50000.0,2008,獨資,N,0,473211,服裝零售
70612860,,凌韻企業有限公司,花蓮縣花蓮市民生里０２０鄰中山路１４２―２３號１樓,花蓮縣,花蓮市,民生里,金三角與東大門核心交會商圈,是,是,1000000.0,2000,有限公司,Y,1,464915,醫療機械設備批發
76963814,,東峰銀樓,花蓮縣花蓮市民生里０２０鄰中山路１４２―２５號１樓,花蓮縣,花蓮市,民生里,金三角與東大門核心交會商圈,是,是,300000.0,1991,獨資,Y,1,474511,金（銀）飾零售
91597247,,東悅工程行,花蓮縣花蓮市民生里０２０鄰中山路１４２―２６號１樓,花蓮縣,花蓮市,民生里,金三角與東大門核心交會商圈,是,是,200000.0,2022,獨資,Y,1,429099,未分類其他土木工程
82946173,,窩牛室內裝修設計有限公司,花蓮縣花蓮市民生里０２０鄰中山路１４２―２９號１樓,花蓮縣,花蓮市,民生里,金三角與東大門核心交會商圈,是,是,1000000.0,2020,有限公司,Y,1,434015,室內裝修工程
91595938,,明鈺商行,花蓮縣花蓮市民生里０２０鄰中山路１４２―２９號１樓,花蓮縣,花蓮市,民生里,金三角與東大門核心交會商圈,是,是,60000.0,2022,獨資,N,0,472914,飲料零售
94123671,,金亮皮鞋店,花蓮縣花蓮市民生里０２０鄰中山路１４２―９號１樓,花蓮縣,花蓮市,民生里,金三角與東大門核心交會商圈,是,是,3000.0,1977,獨資,N,0,959913,鞋、皮革品修理
83011448,,窩牛建設有限公司,花蓮縣花蓮市民生里０２０鄰中山路１４２之２９號１樓,花蓮縣,花蓮市,民生里,金三角與東大門核心交會商圈,是,是,1000000.0,2023,有限公司,Y,1,670012,不動產投資開發
42758195,,日興珠寶有限公司,花蓮縣花蓮市民生里０２１鄰綜合市場１２號１樓,花蓮縣,花蓮市,民生里,金三角與東大門核心交會商圈,是,是,2500000.0,2015,有限公司,Y,1,474511,金（銀）飾零售
96573687,,玩這遊戲股份有限公司,花蓮縣花蓮市民生里０２１鄰綜合市場１４號１樓,花蓮縣,花蓮市,民生里,金三角與東大門核心交會商圈,是,是,1000000.0,2024,股份有限公司,Y,1,483111,電腦及電腦週邊設備零售
85210647,,月兒工作室,花蓮縣花蓮市民生里０２１鄰綜合市場２５號１樓,花蓮縣,花蓮市,民生里,金三角與東大門核心交會商圈,是,是,150000.0,2019,獨資,N,0,475299,其他化粧品零售
91157156,,台灣即時報企業社,花蓮縣花蓮市民生里０２１鄰綜合市場２６號,花蓮縣,花蓮市,民生里,金三角與東大門核心交會商圈,是,是,200000.0,2021,合夥,N,0,581112,數位新聞出版
13977278,,統一鞋坊,花蓮縣花蓮市民生里０２２鄰公正街２３―３號１樓,花蓮縣,花蓮市,民生里,金三角與東大門核心交會商圈,是,是,3000.0,2002,獨資,N,0,473312,鞋類及其配件（真皮鞋類及其配件除外）零售
37998028,,衣舖韓國精品服飾,花蓮縣花蓮市民生里０２２鄰公正街４―３號,花蓮縣,花蓮市,民生里,金三角與東大門核心交會商圈,是,是,200000.0,2013,獨資,N,0,473211,服裝零售
85207489,,星卉美甲美容,花蓮縣花蓮市民生里０２２鄰公正街４―４號１樓,花蓮縣,花蓮市,民生里,金三角與東大門核心交會商圈,是,是,6000.0,2019,獨資,N,0,962299,其他美容美體服務
60248396,,阿鳳美甲美容,花蓮縣花蓮市民生里０２２鄰公正街４－６號,花蓮縣,花蓮市,民生里,金三角與東大門核心交會商圈,是,是,8000.0,2025,獨資,N,0,962211,美甲美睫服務
54093103,,五行堂足體養身會館有限公司,花蓮縣花蓮市民生里１鄰中華路１２號１－２樓,花蓮縣,花蓮市,民生里,金三角與東大門核心交會商圈,是,是,1000000.0,2012,有限公司,Y,1,969015,推拿按摩服務
94837122,,金時代布莊８３５８５７１,花蓮縣花蓮市民生里１鄰中華路８號,花蓮縣,花蓮市,民生里,金三角與東大門核心交會商圈,是,是,20000.0,1984,獨資,N,0,473111,絲織、麻織、棉織、毛織品零售
94642626,,建昌商號,花蓮縣花蓮市民生里１鄰公有零售復興市場第７８號,花蓮縣,花蓮市,民生里,金三角與東大門核心交會商圈,是,是,5000.0,1977,獨資,N,0,472211,畜肉零售
94119142,,清香行,花蓮縣花蓮市民生里１鄰大禹街１１號,花蓮縣,花蓮市,民生里,金三角與東大門核心交會商圈,是,是,5000.0,1977,獨資,N,0,473211,服裝零售
37977446,13124285,紅典建設開發股份有限公司花蓮營業所,花蓮縣花蓮市民生里１０鄰明禮路７－１號,花蓮縣,花蓮市,民生里,金三角與東大門核心交會商圈,是,是,0.0,2013,其他,Y,1,524100,停車場管理
15782354,,石屋燒肉火鍋,花蓮縣花蓮市民生里１４鄰中正路６４２號,花蓮縣,花蓮市,民生里,金三角與東大門核心交會商圈,是,是,50000.0,2003,合夥,Y,1,561115,餐廳
94736089,,永新苗圃,花蓮縣花蓮市民生里１４鄰中正路６４４之１號,花蓮縣,花蓮市,民生里,金三角與東大門核心交會商圈,是,是,3000.0,1977,獨資,N,0,011799,其他花卉栽培
20051293,,歐薌牛排館,花蓮縣花蓮市民生里１４鄰中正路６４４號,花蓮縣,花蓮市,民生里,金三角與東大門核心交會商圈,是,是,230000.0,1997,合夥,Y,1,561115,餐廳
54515336,,名達開發股份有限公司,花蓮縣花蓮市民生里１９鄰公園路５號,花蓮縣,花蓮市,民生里,金三角與東大門核心交會商圈,是,是,199500000.0,2013,股份有限公司,Y,1,551012,旅館
24351862,,逢祥珠寶鑑定有限公司,花蓮縣花蓮市民生里１９鄰公園路７―３號１樓,花蓮縣,花蓮市,民生里,金三角與東大門核心交會商圈,是,是,1000000.0,2009,有限公司,Y,1,474512,珠寶零售
37994000,,伍貳零小吃店,花蓮縣花蓮市民生里１９鄰公園路７號１樓,花蓮縣,花蓮市,民生里,金三角與東大門核心交會商圈,是,是,60000.0,2013,獨資,N,0,561111,早餐店
99790884,,玫瑰花園民宿,花蓮縣花蓮市民生里１９鄰公園路７－１號４樓,花蓮縣,花蓮市,民生里,金三角與東大門核心交會商圈,是,是,100000.0,2004,獨資,N,0,551013,民宿
94666942,,萬興商號,花蓮縣花蓮市民生里１９鄰綜合市場４８號１樓,花蓮縣,花蓮市,民生里,金三角與東大門核心交會商圈,是,是,3000.0,1977,獨資,N,0,472913,菸酒零售
23167826,23224657,台灣屈臣氏個人用品商店股份有限公司花蓮分公司,花蓮縣花蓮市民生里２鄰中山路２０９，２０９之１及２０９之２,花蓮縣,花蓮市,民生里,金三角與東大門核心交會商圈,是,是,0.0,1989,本國公司設立之分公司,Y,1,471999,未分類其他綜合商品零售
53341436,86384238,台灣產經股份有限公司花蓮分公司,花蓮縣花蓮市民生里２鄰公正街１２－１號１樓,花蓮縣,花蓮市,民生里,金三角與東大門核心交會商圈,是,是,0.0,2011,本國公司設立之分公司,Y,1,472999,未分類其他食品、飲料及菸草製品零售
30394023,,笛雅漫特義式餐廳,花蓮縣花蓮市民生里２鄰公正街１３號,花蓮縣,花蓮市,民生里,金三角與東大門核心交會商圈,是,是,3000.0,2009,獨資,N,0,561115,餐廳
10671386,,裳衣舖,花蓮縣花蓮市民生里２鄰大禹街３３號,花蓮縣,花蓮市,民生里,金三角與東大門核心交會商圈,是,是,100000.0,2008,獨資,N,0,473211,服裝零售
30204207,,知禹鞋店,花蓮縣花蓮市民生里２鄰大禹街４９號,花蓮縣,花蓮市,民生里,金三角與東大門核心交會商圈,是,是,5000.0,2009,獨資,N,0,473299,其他服裝及其配件零售
30390595,,震撼服飾,花蓮縣花蓮市民生里２鄰大禹街６９號,花蓮縣,花蓮市,民生里,金三角與東大門核心交會商圈,是,是,30000.0,2009,獨資,N,0,473211,服裝零售
09733700,,養豐企業,花蓮縣花蓮市民生里２０鄰中山路１４２―２０號１樓,花蓮縣,花蓮市,民生里,金三角與東大門核心交會商圈,是,是,1000000.0,2006,合夥,Y,1,481013,金屬手工具零售
94663585,,金山銀樓,花蓮縣花蓮市民生里２０鄰中山路１４２之５號,花蓮縣,花蓮市,民生里,金三角與東大門核心交會商圈,是,是,300000.0,1977,獨資,Y,1,474511,金（銀）飾零售
70968411,,瑞興銀樓,花蓮縣花蓮市民生里２０鄰中山路１４２－１２號１樓,花蓮縣,花蓮市,民生里,金三角與東大門核心交會商圈,是,是,200000.0,2000,獨資,Y,1,474511,金（銀）飾零售
94793243,,久大銀樓,花蓮縣花蓮市民生里２０鄰中山路１４２－１３號,花蓮縣,花蓮市,民生里,金三角與東大門核心交會商圈,是,是,300000.0,1981,獨資,Y,1,474511,金（銀）飾零售
21529746,,金工坊銀樓,花蓮縣花蓮市民生里２０鄰中山路１４２－１４號１樓,花蓮縣,花蓮市,民生里,金三角與東大門核心交會商圈,是,是,200000.0,2005,獨資,Y,1,474511,金（銀）飾零售
78846378,,同春藥房,花蓮縣花蓮市民生里２１鄰綜合市場１１號,花蓮縣,花蓮市,民生里,金三角與東大門核心交會商圈,是,是,3000.0,1993,獨資,N,0,475111,中藥零售
09936873,,泰安水電材料行,花蓮縣花蓮市民生里２１鄰綜合市場１３號１樓,花蓮縣,花蓮市,民生里,金三角與東大門核心交會商圈,是,是,5000.0,2006,獨資,N,0,456111,家電材料批發
94301675,,新裕發商號,花蓮縣花蓮市民生里２１鄰綜合市場１８號,花蓮縣,花蓮市,民生里,金三角與東大門核心交會商圈,是,是,6000.0,1977,獨資,N,0,472913,菸酒零售
94669130,,和昌號,花蓮縣花蓮市民生里２１鄰綜合市場１８號攤位,花蓮縣,花蓮市,民生里,金三角與東大門核心交會商圈,是,是,3000.0,1977,獨資,N,0,454214,農產品（家畜及家禽肉品）批發市場承銷
94377133,,蓬萊素食館,花蓮縣花蓮市民生里２１鄰綜合市場２１號,花蓮縣,花蓮市,民生里,金三角與東大門核心交會商圈,是,是,5000.0,1977,獨資,N,0,561113,麵店、小吃店
94657084,,新源發商號,花蓮縣花蓮市民生里２１鄰綜合市場２７號,花蓮縣,花蓮市,民生里,金三角與東大門核心交會商圈,是,是,3000.0,1975,獨資,N,0,474999,未分類其他家用器具及用品零售
94850031,,正豐行,花蓮縣花蓮市民生里２１鄰綜合市場３號,花蓮縣,花蓮市,民生里,金三角與東大門核心交會商圈,是,是,5000.0,1985,獨資,N,0,456999,未分類其他家用器具及用品批發
08145922,,明興百貨行,花蓮縣花蓮市民生里２１鄰綜合市場５號,花蓮縣,花蓮市,民生里,金三角與東大門核心交會商圈,是,是,30000.0,1987,獨資,N,0,481013,金屬手工具零售
29311094,,真愛尺碼坊,花蓮縣花蓮市民生里３鄰大禹街７４號１樓,花蓮縣,花蓮市,民生里,金三角與東大門核心交會商圈,是,是,3000.0,2004,獨資,N,0,473999,未分類其他服飾品零售
09991734,,攤販－沈寶鳳,花蓮縣花蓮市民生里３鄰大禹街７５號騎樓,花蓮縣,花蓮市,民生里,金三角與東大門核心交會商圈,是,是,3000.0,2006,獨資,N,0,561200,餐食攤販
09948189,16832064,凱督國際股份有限公司花蓮中正專門店,花蓮縣花蓮市民生里３鄰大禹街７７號,花蓮縣,花蓮市,民生里,金三角與東大門核心交會商圈,是,是,0.0,2006,其他,Y,1,455299,其他服裝及其配件批發
99480641,,冠毅服飾店,花蓮縣花蓮市民生里４鄰中山路２１３號１樓,花蓮縣,花蓮市,民生里,金三角與東大門核心交會商圈,是,是,200000.0,2004,獨資,Y,1,473214,真皮皮包、手提包零售
94102304,,共興企業股份有限公司,花蓮縣花蓮市民生里４鄰中山路２１５號,花蓮縣,花蓮市,民生里,金三角與東大門核心交會商圈,是,是,5000000.0,1965,股份有限公司,Y,1,681112,自有不動產租賃
31434662,,純玩髮美髮院,花蓮縣花蓮市民生里４鄰中正路５２０號２樓３樓,花蓮縣,花蓮市,民生里,金三角與東大門核心交會商圈,是,是,3000.0,2007,獨資,N,0,962111,美髮院及髮廊
29267169,22822613,香港商捷時海外貿易有限公司台灣分公司花蓮中正門市部,花蓮縣花蓮市民生里４鄰中正路５２６號,花蓮縣,花蓮市,民生里,金三角與東大門核心交會商圈,是,是,0.0,2004,其他,Y,1,473211,服裝零售
31796046,,國際皮鞋店,花蓮縣花蓮市民生里４鄰中正路５２６號１樓,花蓮縣,花蓮市,民生里,金三角與東大門核心交會商圈,是,是,200000.0,2013,獨資,Y,1,681112,自有不動產租賃
28460291,89589328,統一生活事業股份有限公司花蓮市第一分公司,花蓮縣花蓮市民生里４鄰中正路５４６、５４８號１、２樓,花蓮縣,花蓮市,民生里,金三角與東大門核心交會商圈,是,是,0.0,2007,本國公司設立之分公司,Y,1,474999,未分類其他家用器具及用品零售
94644997,,天力特產行,花蓮縣花蓮市民生里５鄰中山路１７９號,花蓮縣,花蓮市,民生里,金三角與東大門核心交會商圈,是,是,9000.0,1978,獨資,Y,1,485217,手工藝品零售
34890431,,一八一烘焙屋,花蓮縣花蓮市民生里５鄰中山路１８１號１樓,花蓮縣,花蓮市,民生里,金三角與東大門核心交會商圈,是,是,200000.0,2011,合夥,Y,1,472922,西點麵包零售
20060244,,成功美容院,花蓮縣花蓮市民生里５鄰中山路１８７號,花蓮縣,花蓮市,民生里,金三角與東大門核心交會商圈,是,是,20000.0,1997,獨資,N,0,962111,美髮院及髮廊
94513600,51811609,彰化商業銀行股份有限公司花蓮分公司,花蓮縣花蓮市民生里５鄰中山路１９１號,花蓮縣,花蓮市,民生里,金三角與東大門核心交會商圈,是,是,0.0,1956,本國公司設立之分公司,N,0,641211,本國銀行
30200928,,逸銘商行,花蓮縣花蓮市民生里５鄰中山路１９３號１樓,花蓮縣,花蓮市,民生里,金三角與東大門核心交會商圈,是,是,150000.0,2009,獨資,N,0,561113,麵店、小吃店
20057613,,大華隱形眼鏡行,花蓮縣花蓮市民生里６鄰中山路１４２之１０號,花蓮縣,花蓮市,民生里,金三角與東大門核心交會商圈,是,是,9000.0,1997,獨資,Y,1,474412,眼鏡及其零配件零售
09820367,,福福鋼筆店,花蓮縣花蓮市民生里６鄰中山路１４８號１樓,花蓮縣,花蓮市,民生里,金三角與東大門核心交會商圈,是,是,3000.0,2007,獨資,N,0,476111,文具零售
94092903,,全祥茶莊,花蓮縣花蓮市民生里６鄰中山路１６０號１樓,花蓮縣,花蓮市,民生里,金三角與東大門核心交會商圈,是,是,20000.0,1963,獨資,N,0,472915,茶葉零售
94830731,30885338,小林鐘錶眼鏡股份有限公司花蓮分公司,花蓮縣花蓮市民生里６鄰中山路１６２號,花蓮縣,花蓮市,民生里,金三角與東大門核心交會商圈,是,是,0.0,1984,本國公司設立之分公司,Y,1,474412,眼鏡及其零配件零售
99788249,,萊卡妮服飾,花蓮縣花蓮市民生里６鄰中山路１６４號１樓,花蓮縣,花蓮市,民生里,金三角與東大門核心交會商圈,是,是,810000.0,2004,獨資,Y,1,473211,服裝零售
70812733,86517321,凱基商業銀行股份有限公司花蓮分公司,花蓮縣花蓮市民生里７鄰中正路５６０號,花蓮縣,花蓮市,民生里,金三角與東大門核心交會商圈,是,是,0.0,2001,本國公司設立之分公司,Y,1,641211,本國銀行
94774203,,金珍銀樓,花蓮縣花蓮市民生里７鄰中正路５６２－１號１樓,花蓮縣,花蓮市,民生里,金三角與東大門核心交會商圈,是,是,150000.0,1980,獨資,Y,1,474511,金（銀）飾零售
99796803,,環球通訊行,花蓮縣花蓮市民生里７鄰中正路５６６號１樓,花蓮縣,花蓮市,民生里,金三角與東大門核心交會商圈,是,是,200000.0,2004,獨資,Y,1,483212,手機及手機週邊零配件零售
15783403,,長榮通訊行,花蓮縣花蓮市民生里７鄰中正路５６８號１樓,花蓮縣,花蓮市,民生里,金三角與東大門核心交會商圈,是,是,200000.0,2003,獨資,Y,1,483212,手機及手機週邊零配件零售
26793940,,花間茶舖,花蓮縣花蓮市民生里８鄰三民街１０號,花蓮縣,花蓮市,民生里,金三角與東大門核心交會商圈,是,是,200000.0,2012,合夥,Y,1,563199,其他飲料店
28690300,97286918,爭鮮股份有限公司花蓮分公司,花蓮縣花蓮市民生里８鄰中正路５８２、５８２－１號１樓,花蓮縣,花蓮市,民生里,金三角與東大門核心交會商圈,是,是,0.0,2007,本國公司設立之分公司,Y,1,561115,餐廳
84179654,,漢揚營造股份有限公司,花蓮縣花蓮市民生里８鄰中正路５８８號９樓,花蓮縣,花蓮市,民生里,金三角與東大門核心交會商圈,是,是,22500000.0,1993,股份有限公司,Y,1,439099,未分類其他專門營造
09899624,,欣奇百貨,花蓮縣花蓮市民生里８鄰公正街２５號１樓,花蓮縣,花蓮市,民生里,金三角與東大門核心交會商圈,是,是,5000.0,2007,獨資,N,0,473299,其他服裝及其配件零售
37959377,,麗玲挽面坊,花蓮縣花蓮市民生里８鄰公正街３１巷２號１樓,花蓮縣,花蓮市,民生里,金三角與東大門核心交會商圈,是,是,3000.0,2013,獨資,N,0,969099,未分類其他個人服務
53603450,,就是你的有限公司,花蓮縣花蓮市民生里８鄰復興街５０―４號１樓,花蓮縣,花蓮市,民生里,金三角與東大門核心交會商圈,是,是,1500000.0,2011,有限公司,Y,1,903015,藝術表演活動籌辦、監製與經紀
13976691,,興華切麵店,花蓮縣花蓮市民生里８鄰復興街５０－８號１樓,花蓮縣,花蓮市,民生里,金三角與東大門核心交會商圈,是,是,10000.0,2002,獨資,N,0,472928,麵食品零售
70644244,,晉傳有限公司,花蓮縣花蓮市民生里９鄰三民街５－６號１樓,花蓮縣,花蓮市,民生里,金三角與東大門核心交會商圈,是,是,10000000.0,1999,有限公司,Y,1,773013,影音光碟租賃
25044259,,泰益發實業股份有限公司,花蓮縣花蓮市民生里９鄰三民路５―６號１樓,花蓮縣,花蓮市,民生里,金三角與東大門核心交會商圈,是,是,10000000.0,2009,股份有限公司,Y,1,681112,自有不動產租賃
15792424,,陳林五金,花蓮縣花蓮市民生里９鄰公正街６號,花蓮縣,花蓮市,民生里,金三角與東大門核心交會商圈,是,是,50000.0,2003,獨資,N,0,474999,未分類其他家用器具及用品零售
30157513,,路得衣坊,花蓮縣花蓮市民生里９鄰公正街６號１樓,花蓮縣,花蓮市,民生里,金三角與東大門核心交會商圈,是,是,5000.0,2008,獨資,N,0,473211,服裝零售
76951296,,東享文化健康資訊社,花蓮縣花蓮市民生里９鄰復興街４０－１號,花蓮縣,花蓮市,民生里,金三角與東大門核心交會商圈,是,是,45000.0,1989,獨資,N,0,476299,其他運動用品及器材零售
56308608,,新展東股份有限公司,花蓮縣花蓮市民立里中美一街１０號,花蓮縣,花蓮市,民立里,花蓮市一般行政區,否,否,382000000.0,2017,股份有限公司,Y,1,382111,一般事業廢棄物處理
28761971,,上雅投資有限公司,花蓮縣花蓮市民立里中美一街１０號１樓,花蓮縣,花蓮市,民立里,花蓮市一般行政區,否,否,6000000.0,2007,有限公司,Y,1,649911,投資有價證券
53293053,,茂信工程有限公司,花蓮縣花蓮市民立里中美一街１０號１樓,花蓮縣,花蓮市,民立里,花蓮市一般行政區,否,否,500000.0,2011,有限公司,Y,1,431015,基礎工程
93542389,,茂信工程技術顧問有限公司,花蓮縣花蓮市民立里中美一街１０號１樓,花蓮縣,花蓮市,民立里,花蓮市一般行政區,否,否,3300000.0,2023,有限公司,Y,1,711211,土木工程顧問
92643439,,隘燒咖啡美食,花蓮縣花蓮市民立里中美二街９號１樓,花蓮縣,花蓮市,民立里,花蓮市一般行政區,否,否,30000.0,2023,獨資,N,0,472922,西點麵包零售
16492656,,宏文有限公司,花蓮縣花蓮市民立里中美路１３６―１號,花蓮縣,花蓮市,民立里,花蓮市一般行政區,否,否,10000000.0,1999,有限公司,Y,1,482111,汽油零售
41015148,,快可塑企業社,花蓮縣花蓮市民立里中美路１４８號５樓之１,花蓮縣,花蓮市,民立里,花蓮市一般行政區,否,否,200000.0,2015,獨資,Y,1,476299,其他運動用品及器材零售
50741541,,膳饌行,花蓮縣花蓮市民立里中美路１７６號６樓之９,花蓮縣,花蓮市,民立里,花蓮市一般行政區,否,否,100000.0,2017,獨資,N,0,487114,經營網路購物（食品、飲料類商品）
80330756,89415241,加捷生醫股份有限公司花蓮分公司,花蓮縣花蓮市民立里中美路１８０號１﹒２樓,花蓮縣,花蓮市,民立里,花蓮市一般行政區,否,否,0.0,2002,本國公司設立之分公司,Y,1,472933,保健營養食品零售
92639483,,金鴻運彩券行,花蓮縣花蓮市民立里中美路１８２號１樓,花蓮縣,花蓮市,民立里,花蓮市一般行政區,否,否,100000.0,2023,獨資,N,0,920011,彩券銷售
91872996,,點點代購小舖,花蓮縣花蓮市民立里中美路１８６號１樓,花蓮縣,花蓮市,民立里,花蓮市一般行政區,否,否,100000.0,2022,獨資,Y,1,487199,其他電子購物及郵購
09864033,,攤販－趙志文,花蓮縣花蓮市民立里中美路２１０―４號,花蓮縣,花蓮市,民立里,花蓮市一般行政區,否,否,3000.0,2007,獨資,N,0,472936,檳榔零售
97495437,,東莊營造有限公司,花蓮縣花蓮市民立里中興路４３巷６號４樓之６,花蓮縣,花蓮市,民立里,花蓮市一般行政區,否,否,5000000.0,1997,有限公司,Y,1,429099,未分類其他土木工程
83035954,,貝可斯投資有限公司,花蓮縣花蓮市民立里中興路４３巷６號６樓之２,花蓮縣,花蓮市,民立里,花蓮市一般行政區,否,否,6000000.0,2023,有限公司,N,0,649911,投資有價證券
58019180,,福廣管理顧問有限公司,花蓮縣花蓮市民立里中興路４３巷６號６樓之６,花蓮縣,花蓮市,民立里,花蓮市一般行政區,否,否,12000000.0,2017,有限公司,Y,1,524100,停車場管理
85206361,,全得企業,花蓮縣花蓮市民立里中興路４３巷６號６樓之６,花蓮縣,花蓮市,民立里,花蓮市一般行政區,否,否,248000.0,2019,獨資,Y,1,431099,其他整地、基礎及結構工程
76959678,,一佳香自助餐,花蓮縣花蓮市民立里中興路９１號,花蓮縣,花蓮市,民立里,花蓮市一般行政區,否,否,3000.0,1990,獨資,N,0,561112,便當、自助餐店
93049605,,今日事企業社,花蓮縣花蓮市民立里民德一街１５８號１樓,花蓮縣,花蓮市,民立里,花蓮市一般行政區,否,否,240000.0,2024,獨資,Y,1,731011,廣告代理商
95209198,,靜居咖啡,花蓮縣花蓮市民立里民德一街１６０號,花蓮縣,花蓮市,民立里,花蓮市一般行政區,否,否,200000.0,2025,獨資,N,0,472914,飲料零售
92537916,,翔富工程行,花蓮縣花蓮市民立里民德一街１９９巷１之３號,花蓮縣,花蓮市,民立里,花蓮市一般行政區,否,否,200000.0,2023,獨資,Y,1,461311,貼面石材批發
93051670,,夏綠蒂整合顧問實業社,花蓮縣花蓮市民立里民德一街２００號１樓,花蓮縣,花蓮市,民立里,花蓮市一般行政區,否,否,228000.0,2024,獨資,Y,1,931911,籌辦運動活動
09682060,,雙傑數位科技工作室,花蓮縣花蓮市民立里民德一街９７號,花蓮縣,花蓮市,民立里,花蓮市一般行政區,否,否,400000.0,2006,獨資,N,0,620199,其他電腦程式設計
92636253,,自由工程行,花蓮縣花蓮市民立里民德四街１０９號４樓之１,花蓮縣,花蓮市,民立里,花蓮市一般行政區,否,否,248000.0,2023,獨資,Y,1,433111,水電工程
91273423,,石甜舖,花蓮縣花蓮市民立里民德四街６５號１樓,花蓮縣,花蓮市,民立里,花蓮市一般行政區,否,否,150000.0,2021,獨資,N,0,561115,餐廳
60248543,,水文工作室,花蓮縣花蓮市民立里民德四街７１號,花蓮縣,花蓮市,民立里,花蓮市一般行政區,否,否,100000.0,2025,合夥,N,0,472922,西點麵包零售
93055795,,匠洲室內裝修景觀設計工程行,花蓮縣花蓮市民立里民德四街７３號１樓,花蓮縣,花蓮市,民立里,花蓮市一般行政區,否,否,200000.0,2024,獨資,Y,1,434015,室內裝修工程
72849530,,禾雨手作坊,花蓮縣花蓮市民立里民權九街１３巷９號,花蓮縣,花蓮市,民立里,花蓮市一般行政區,否,否,5000.0,2018,獨資,N,0,474917,清潔用品零售
92662343,,漾品屋民宿,花蓮縣花蓮市民立里民權九街３號,花蓮縣,花蓮市,民立里,花蓮市一般行政區,否,否,50000.0,2023,獨資,N,0,551013,民宿
34897526,86649006,杏一醫療用品股份有限公司花蓮門諾門市部,花蓮縣花蓮市民立里民權路１０９―３號,花蓮縣,花蓮市,民立里,花蓮市一般行政區,否,否,0.0,2010,其他,Y,1,475113,醫療耗材零售
09765907,,德魯固小吃店,花蓮縣花蓮市民立里民權路１０９號１樓,花蓮縣,花蓮市,民立里,花蓮市一般行政區,否,否,3000.0,2006,獨資,N,0,561113,麵店、小吃店
19530367,,有限責任國立花蓮高級中學員生消費合作社,花蓮縣花蓮市民立里民權路４２號,花蓮縣,花蓮市,民立里,花蓮市一般行政區,否,否,25000.0,1996,合作社,N,0,458111,文具批發
21528177,12909082,亞威運動休閒開發股份有限公司花中館,花蓮縣花蓮市民立里民權路４２號,花蓮縣,花蓮市,民立里,花蓮市一般行政區,否,否,0.0,2005,其他,Y,1,931218,游泳池
31455531,,合町商行,花蓮縣花蓮市民立里民權路４２號,花蓮縣,花蓮市,民立里,花蓮市一般行政區,否,否,50000.0,2007,獨資,N,0,472918,咖啡零售
16738841,,新美崙企業股份有限公司,花蓮縣花蓮市民立里民權路４４號,花蓮縣,花蓮市,民立里,花蓮市一般行政區,否,否,5000000.0,1999,股份有限公司,Y,1,471912,零售式量販店
31779383,28900946,看見雄光有限公司門諾營業所,花蓮縣花蓮市民立里民權路４４號,花蓮縣,花蓮市,民立里,花蓮市一般行政區,否,否,0.0,2012,其他,Y,1,474412,眼鏡及其零配件零售
94654880,03244509,亞洲水泥股份有限公司花蓮營業所,花蓮縣花蓮市民立里海岸路３號１樓,花蓮縣,花蓮市,民立里,花蓮市一般行政區,否,否,0.0,1975,其他,Y,1,461211,水泥及水泥製品批發
90848267,83790016,煙牧大飯店有限公司花蓮分公司,花蓮縣花蓮市民立里００１鄰中美路１４２號、１４２號２－７樓,花蓮縣,花蓮市,民立里,花蓮市一般行政區,否,否,0.0,2021,本國公司設立之分公司,Y,1,551012,旅館
24613795,,太魯閣客運股份有限公司,花蓮縣花蓮市民立里００１鄰中美路１４８號５樓之２,花蓮縣,花蓮市,民立里,花蓮市一般行政區,否,否,101908140.0,2014,股份有限公司,Y,1,493112,市區汽車客運
58325300,,風光聚能股份有限公司,花蓮縣花蓮市民立里００１鄰中美路１４８號５樓之２,花蓮縣,花蓮市,民立里,花蓮市一般行政區,否,否,20000000.0,2017,股份有限公司,Y,1,760999,其他未分類專業、科學及技術服務
83528922,,明利綠能股份有限公司,花蓮縣花蓮市民立里００１鄰中美路１４８號５樓之２,花蓮縣,花蓮市,民立里,花蓮市一般行政區,否,否,8000000.0,2019,股份有限公司,Y,1,351000,電力供應
73761619,,財團法人黑潮海洋文教基金會,花蓮縣花蓮市民立里００１鄰中美路１７０號,花蓮縣,花蓮市,民立里,花蓮市一般行政區,否,否,2000000.0,1998,其他,Y,1,932999,未分類其他娛樂及休閒服務
00239730,,花崗山剝皮辣椒有限公司,花蓮縣花蓮市民立里００１鄰中美路１７６號５樓之１,花蓮縣,花蓮市,民立里,花蓮市一般行政區,否,否,1000000.0,2024,有限公司,Y,1,472113,醃漬蔬果零售
60246974,,無毛女子工作室,花蓮縣花蓮市民立里００１鄰中興路４３巷６號２樓之６,花蓮縣,花蓮市,民立里,花蓮市一般行政區,否,否,50000.0,2025,獨資,N,0,962299,其他美容美體服務
50745928,,大寶小寶早午餐,花蓮縣花蓮市民立里００１鄰民德一街１９３號１樓,花蓮縣,花蓮市,民立里,花蓮市一般行政區,否,否,100000.0,2017,獨資,N,0,561111,早餐店
92538540,,尼可雜貨店,花蓮縣花蓮市民立里００１鄰民德一街２０３號,花蓮縣,花蓮市,民立里,花蓮市一般行政區,否,否,100000.0,2023,獨資,N,0,472999,未分類其他食品、飲料及菸草製品零售
42766028,,佳菲達企業有限公司,花蓮縣花蓮市民立里００３鄰民權七街２巷２號３樓之１,花蓮縣,花蓮市,民立里,花蓮市一般行政區,否,否,1000000.0,2016,有限公司,Y,1,451099,其他商品批發經紀
83695006,22555003,統一超商股份有限公司花蓮縣第一一一分公司,花蓮縣花蓮市民立里００５鄰民權路１１５、１１７號１樓,花蓮縣,花蓮市,民立里,花蓮市一般行政區,否,否,0.0,2020,本國公司設立之分公司,Y,1,471112,直營連鎖式便利商店
08148575,,財團法人花蓮縣文化基金會,花蓮縣花蓮市民立里００７鄰文復路６號,花蓮縣,花蓮市,民立里,花蓮市一般行政區,否,否,2000000.0,1987,其他,Y,1,471999,未分類其他綜合商品零售
10557580,,富順機械工程行,花蓮縣花蓮市民立里００７鄰海岸路３―６號,花蓮縣,花蓮市,民立里,花蓮市一般行政區,否,否,248000.0,2008,獨資,Y,1,771100,營造用機械設備租賃
91159112,,高寓咖啡,花蓮縣花蓮市民立里００７鄰海岸路５號１樓,花蓮縣,花蓮市,民立里,花蓮市一般行政區,否,否,150000.0,2022,獨資,N,0,563112,咖啡館
67938054,,美崙山東豆漿大王,花蓮縣花蓮市民立里００８鄰中美路１９６號,花蓮縣,花蓮市,民立里,花蓮市一般行政區,否,否,3000.0,1998,獨資,N,0,561111,早餐店
88368282,,巧欣商行,花蓮縣花蓮市民立里００９鄰中興路４３巷１號四樓之３,花蓮縣,花蓮市,民立里,花蓮市一般行政區,否,否,60000.0,2023,獨資,Y,1,472933,保健營養食品零售
93053781,,邑辰企業社,花蓮縣花蓮市民立里００９鄰中興路４３巷１號四樓之３,花蓮縣,花蓮市,民立里,花蓮市一般行政區,否,否,200000.0,2024,獨資,Y,1,429099,未分類其他土木工程
95100438,,叡影攝影工作室,花蓮縣花蓮市民立里００９鄰中興路４３巷３號１０樓之２,花蓮縣,花蓮市,民立里,花蓮市一般行政區,否,否,200000.0,2024,獨資,N,0,760199,其他攝影
90735279,,捷幸貿易有限公司,花蓮縣花蓮市民立里００９鄰中興路４３巷３號２樓之２,花蓮縣,花蓮市,民立里,花蓮市一般行政區,否,否,500000.0,2021,有限公司,Y,1,455299,其他服裝及其配件批發
91342646,,冠閎企業社,花蓮縣花蓮市民立里００９鄰中興路４３巷３號６樓之３,花蓮縣,花蓮市,民立里,花蓮市一般行政區,否,否,200000.0,2021,獨資,Y,1,471114,加盟連鎖式便利商店（無商品進、銷貨行為）
91590602,,祥騰運動休閒事業,花蓮縣花蓮市民立里００９鄰中興路５５號１樓,花蓮縣,花蓮市,民立里,花蓮市一般行政區,否,否,50000.0,2022,獨資,N,0,740912,商業設計
62157630,23060248,全家便利商店股份有限公司花蓮縣第一一八分公司,花蓮縣花蓮市民立里００９鄰中興路６５號１樓、６７號１樓,花蓮縣,花蓮市,民立里,花蓮市一般行政區,否,否,0.0,2026,本國公司設立之分公司,Y,1,471113,加盟連鎖式便利商店（有商品進、銷貨行為）
90141157,,德弘工程有限公司,花蓮縣花蓮市民立里０１０鄰民德一街８１號,花蓮縣,花蓮市,民立里,花蓮市一般行政區,否,否,29900000.0,2022,有限公司,Y,1,429011,淤泥疏濬工程
41795600,,雋永工程行,花蓮縣花蓮市民立里０１０鄰民德一街８１號１樓,花蓮縣,花蓮市,民立里,花蓮市一般行政區,否,否,13700000.0,2015,合夥,Y,1,370000,廢水及污水處理
72613719,,鈞量工程行,花蓮縣花蓮市民立里０１０鄰民德一街８１號１樓,花蓮縣,花蓮市,民立里,花蓮市一般行政區,否,否,14500000.0,2017,合夥,Y,1,434099,其他建物完工裝修工程
91593848,,相心創意工作室,花蓮縣花蓮市民立里０１０鄰民德一街９５－２號,花蓮縣,花蓮市,民立里,花蓮市一般行政區,否,否,500000.0,2022,獨資,Y,1,731099,其他廣告服務
55912353,,指間音像設計整合有限公司,花蓮縣花蓮市民立里０１０鄰民權六街１６號１樓,花蓮縣,花蓮市,民立里,花蓮市一般行政區,否,否,1000000.0,2016,有限公司,Y,1,140400,木質容器製造
91159252,,本圖書俱樂工作室,花蓮縣花蓮市民立里０１２鄰民德一街１６２號１樓,花蓮縣,花蓮市,民立里,花蓮市一般行政區,否,否,200000.0,2022,獨資,N,0,563112,咖啡館
82180310,,琦琦美容工作室,花蓮縣花蓮市民立里０１２鄰民德一街１７０號１樓,花蓮縣,花蓮市,民立里,花蓮市一般行政區,否,否,50000.0,2019,獨資,N,0,962111,美髮院及髮廊
42746305,,屹象生醫有限公司,花蓮縣花蓮市民立里０２１鄰民權路１０９號１樓,花蓮縣,花蓮市,民立里,花蓮市一般行政區,否,否,1000000.0,2015,有限公司,Y,1,475199,其他藥品及醫療用品零售
09920529,,上群彩券行,花蓮縣花蓮市民立里１鄰中美路１８２號,花蓮縣,花蓮市,民立里,花蓮市一般行政區,否,否,30000.0,2006,獨資,N,0,920011,彩券銷售
13974461,,上群鎖印８３６２０１０,花蓮縣花蓮市民立里１鄰中美路１８２號,花蓮縣,花蓮市,民立里,花蓮市一般行政區,否,否,3000.0,2002,獨資,N,0,959917,開鎖及配鎖
37995325,,財源滾滾彩券行,花蓮縣花蓮市民立里１鄰中美路１８２號,花蓮縣,花蓮市,民立里,花蓮市一般行政區,否,否,100000.0,2013,獨資,N,0,920011,彩券銷售
95209520,,杰馨企業社,花蓮縣花蓮市民立里１鄰民德一街１１５巷３號一樓,花蓮縣,花蓮市,民立里,花蓮市一般行政區,否,否,238000.0,2025,獨資,Y,1,494099,其他汽車貨運
70969087,,龍群工程行,花蓮縣花蓮市民立里１鄰民德一街１９９巷１―３號,花蓮縣,花蓮市,民立里,花蓮市一般行政區,否,否,490000.0,2000,獨資,Y,1,429099,未分類其他土木工程
94607424,,臺灣基督教門諾會醫療財團法人,花蓮縣花蓮市民立里１鄰民權路４４號,花蓮縣,花蓮市,民立里,花蓮市一般行政區,否,否,200000.0,1999,其他,Y,1,681112,自有不動產租賃
18057010,86863531,美德耐股份有限公司花蓮門諾門市部,花蓮縣花蓮市民立里１鄰民權路４４號１樓,花蓮縣,花蓮市,民立里,花蓮市一般行政區,否,否,0.0,2001,其他,Y,1,475113,醫療耗材零售
01845647,,全心藥局,花蓮縣花蓮市民立里１鄰永興路１號１樓,花蓮縣,花蓮市,民立里,花蓮市一般行政區,否,否,200000.0,2013,獨資,Y,1,475112,西藥零售
80331354,22555003,統一超商股份有限公司花蓮縣第四十二分公司,花蓮縣花蓮市民立里１鄰永興路１１號１樓及中美路１８６號,花蓮縣,花蓮市,民立里,花蓮市一般行政區,否,否,0.0,2002,本國公司設立之分公司,Y,1,471112,直營連鎖式便利商店
97410803,,立盛砂石建材股份有限公司,花蓮縣花蓮市民立里１４鄰民德―街２０７之１２號,花蓮縣,花蓮市,民立里,花蓮市一般行政區,否,否,10000000.0,1997,股份有限公司,Y,1,461211,水泥及水泥製品批發
30204190,,蓋亞數位科技工作室,花蓮縣花蓮市民立里３鄰民權七街２巷１０號２樓之１,花蓮縣,花蓮市,民立里,花蓮市一般行政區,否,否,50000.0,2009,獨資,N,0,620199,其他電腦程式設計
94805607,,財團法人臺灣省花蓮縣基督教宣教士差會附屬花蓮畢士大教養院,花蓮縣花蓮市民立里５鄰民權八街１號１樓,花蓮縣,花蓮市,民立里,花蓮市一般行政區,否,否,450000.0,2007,其他,N,0,472922,西點麵包零售
26113057,86863531,美德耐股份有限公司門諾二店門市部,花蓮縣花蓮市民立里５鄰民權路１２１號１樓、１２１―１號１樓,花蓮縣,花蓮市,民立里,花蓮市一般行政區,否,否,0.0,2009,其他,Y,1,475113,醫療耗材零售
16223196,,良友倉儲股份有限公司,花蓮縣花蓮市民立里７鄰海岸路３－６號,花蓮縣,花蓮市,民立里,花蓮市一般行政區,否,否,28500000.0,1997,股份有限公司,Y,1,525912,船上貨物裝卸
94004205,,七海行股份有限公司,花蓮縣花蓮市民立里７鄰海岸路３－７號５樓,花蓮縣,花蓮市,民立里,花蓮市一般行政區,否,否,10000000.0,1965,股份有限公司,Y,1,522000,船務代理
94096801,,安隆報關股份有限公司,花蓮縣花蓮市民立里７鄰海岸路３－７號５樓,花蓮縣,花蓮市,民立里,花蓮市一般行政區,否,否,2000000.0,1958,股份有限公司,Y,1,521000,報關服務
13073835,,耀盈建設股份有限公司,花蓮縣花蓮市民立里８鄰中美一街３１號２樓,花蓮縣,花蓮市,民立里,花蓮市一般行政區,否,否,25000000.0,2002,股份有限公司,Y,1,670012,不動產投資開發
24895491,,双盈開發股份有限公司,花蓮縣花蓮市民立里８鄰中美一街３１號２樓,花蓮縣,花蓮市,民立里,花蓮市一般行政區,否,否,15000000.0,2015,股份有限公司,Y,1,670012,不動產投資開發
83279091,,紘睿健康管理顧問有限公司,花蓮縣花蓮市民立里８鄰中美一街３１號３樓之１,花蓮縣,花蓮市,民立里,花蓮市一般行政區,否,否,100000.0,2020,有限公司,Y,1,869915,心理衛生輔導機構
91153187,,好牧人寵物商號,花蓮縣花蓮市民立里８鄰中美路２０６號１樓,花蓮縣,花蓮市,民立里,花蓮市一般行政區,否,否,100000.0,2021,獨資,N,0,485221,寵物用品零售
87345494,,日日鮮商行,花蓮縣花蓮市民立里８鄰中美路２０８－１號１樓,花蓮縣,花蓮市,民立里,花蓮市一般行政區,否,否,200000.0,2020,獨資,Y,1,472211,畜肉零售
27241410,22555003,統一超商股份有限公司花蓮縣第十四分公司,花蓮縣花蓮市民立里８鄰中興路７１號１樓,花蓮縣,花蓮市,民立里,花蓮市一般行政區,否,否,0.0,2004,本國公司設立之分公司,Y,1,471112,直營連鎖式便利商店
10569636,,京舟國際企業社,花蓮縣花蓮市民立里８鄰中興路９９號１樓,花蓮縣,花蓮市,民立里,花蓮市一般行政區,否,否,200000.0,2008,獨資,N,0,561113,麵店、小吃店
15780601,,喜品家烘焙乳酪,花蓮縣花蓮市民立里８鄰民德一街２０５號１樓,花蓮縣,花蓮市,民立里,花蓮市一般行政區,否,否,40000.0,2002,獨資,Y,1,472922,西點麵包零售
82181893,,健草農園,花蓮縣花蓮市民立里８鄰民權路１６３號１樓,花蓮縣,花蓮市,民立里,花蓮市一般行政區,否,否,50000.0,2019,獨資,N,0,472112,水果零售
13965104,,塞爾－攤販,花蓮縣花蓮市民立里９鄰中興路４３巷２號２樓之６,花蓮縣,花蓮市,民立里,花蓮市一般行政區,否,否,3000.0,2001,獨資,N,0,561113,麵店、小吃店
30204038,,福滿小館,花蓮縣花蓮市民立里９鄰中興路４３巷３―３號,花蓮縣,花蓮市,民立里,花蓮市一般行政區,否,否,200000.0,2009,獨資,Y,1,561115,餐廳
66277576,,欣裕通運股份有限公司,花蓮縣花蓮市民立里９鄰民德一街２０７―１２號,花蓮縣,花蓮市,民立里,花蓮市一般行政區,否,否,6000000.0,1973,股份有限公司,Y,1,494099,其他汽車貨運
19532999,,金群商行,花蓮縣花蓮市民運里中美―街６２之１號,花蓮縣,花蓮市,民運里,花蓮市一般行政區,否,否,5000.0,1996,獨資,N,0,473211,服裝零售
87558881,,攤販－籃永程,花蓮縣花蓮市民運里中美一街３８號門口,花蓮縣,花蓮市,民運里,花蓮市一般行政區,否,否,3000.0,2021,獨資,N,0,474999,未分類其他家用器具及用品零售
92093949,,中和堂藥房,花蓮縣花蓮市民運里中美一街４０號１樓,花蓮縣,花蓮市,民運里,花蓮市一般行政區,否,否,5000.0,1994,獨資,N,0,475111,中藥零售
09991782,,美崙包子饅頭店,花蓮縣花蓮市民運里中美一街４２號１樓,花蓮縣,花蓮市,民運里,花蓮市一般行政區,否,否,3000.0,2006,獨資,N,0,561111,早餐店
87344827,,梨山小舖,花蓮縣花蓮市民運里中美一街４６號１樓,花蓮縣,花蓮市,民運里,花蓮市一般行政區,否,否,100000.0,2020,獨資,N,0,472111,蔬菜零售
37829038,,古藝居,花蓮縣花蓮市民運里中美一街５０號１樓,花蓮縣,花蓮市,民運里,花蓮市一般行政區,否,否,30000.0,2012,獨資,N,0,472914,飲料零售
30258821,,耶利米蔬果行,花蓮縣花蓮市民運里中美一街５２號１樓,花蓮縣,花蓮市,民運里,花蓮市一般行政區,否,否,3000.0,2009,獨資,N,0,472111,蔬菜零售
21506693,,全美早餐店,花蓮縣花蓮市民運里中美一街５４號,花蓮縣,花蓮市,民運里,花蓮市一般行政區,否,否,3000.0,2005,獨資,N,0,561111,早餐店
94826912,,快樂屋童鞋店,花蓮縣花蓮市民運里中美一街５８號,花蓮縣,花蓮市,民運里,花蓮市一般行政區,否,否,3000.0,1983,獨資,N,0,473311,真皮鞋類及其配件零售
26589481,,大漁魚行,花蓮縣花蓮市民運里中美一街６２號前面,花蓮縣,花蓮市,民運里,花蓮市一般行政區,否,否,100000.0,2010,獨資,N,0,454311,魚類批發
50739910,,衣ㄚ衫飾坊,花蓮縣花蓮市民運里中美一街７０號１樓,花蓮縣,花蓮市,民運里,花蓮市一般行政區,否,否,150000.0,2017,獨資,N,0,474311,寢具零售
31482988,,恩典咖啡,花蓮縣花蓮市民運里中美一街７４號１樓,花蓮縣,花蓮市,民運里,花蓮市一般行政區,否,否,6000.0,2007,獨資,N,0,561113,麵店、小吃店
18062180,,庭園速食餐飲,花蓮縣花蓮市民運里中美一街８８號１樓,花蓮縣,花蓮市,民運里,花蓮市一般行政區,否,否,3000.0,2001,獨資,N,0,561115,餐廳
94806514,,小鳳髮廊,花蓮縣花蓮市民運里中美二街４之１號,花蓮縣,花蓮市,民運里,花蓮市一般行政區,否,否,4000.0,1982,獨資,N,0,962111,美髮院及髮廊
93052811,,世玠商行,花蓮縣花蓮市民運里中美二街４３號１樓,花蓮縣,花蓮市,民運里,花蓮市一般行政區,否,否,30000.0,2024,獨資,N,0,473211,服裝零售
93053847,,昇昇洗衣店,花蓮縣花蓮市民運里中美路２３４之１號１樓,花蓮縣,花蓮市,民運里,花蓮市一般行政區,否,否,200000.0,2024,獨資,N,0,961012,自助洗衣店
85211809,,語穠蔬食,花蓮縣花蓮市民運里中美路２５６號１樓,花蓮縣,花蓮市,民運里,花蓮市一般行政區,否,否,30000.0,2020,獨資,N,0,561113,麵店、小吃店
34920694,,中美萬佳鄉早餐店,花蓮縣花蓮市民運里中美路２５６－２號,花蓮縣,花蓮市,民運里,花蓮市一般行政區,否,否,100000.0,2010,獨資,N,0,561111,早餐店
91154685,,閎愷銳企業社,花蓮縣花蓮市民運里中美路２６０號１樓,花蓮縣,花蓮市,民運里,花蓮市一般行政區,否,否,50000.0,2021,獨資,Y,1,483212,手機及手機週邊零配件零售
09906287,,馬記池上便當,花蓮縣花蓮市民運里中美路２６６號,花蓮縣,花蓮市,民運里,花蓮市一般行政區,否,否,100000.0,2006,獨資,N,0,561112,便當、自助餐店
61363892,,濠江港式燒臘快餐店,花蓮縣花蓮市民運里中美路２７０號,花蓮縣,花蓮市,民運里,花蓮市一般行政區,否,否,200000.0,2025,獨資,N,0,561112,便當、自助餐店
85213779,,長益汽機車美容洗車,花蓮縣花蓮市民運里中美路２７８號１樓,花蓮縣,花蓮市,民運里,花蓮市一般行政區,否,否,80000.0,2020,獨資,N,0,951200,汽車美容
72778824,,尚穀小吃,花蓮縣花蓮市民運里中美路２９４號,花蓮縣,花蓮市,民運里,花蓮市一般行政區,否,否,3000.0,2017,獨資,N,0,561113,麵店、小吃店
94823400,,阿泉菓菜行,花蓮縣花蓮市民運里中美路３１０號１樓,花蓮縣,花蓮市,民運里,花蓮市一般行政區,否,否,40000.0,1983,獨資,N,0,472111,蔬菜零售
94233501,,振發商號,花蓮縣花蓮市民運里中興路１０號,花蓮縣,花蓮市,民運里,花蓮市一般行政區,否,否,4000.0,1977,獨資,N,0,472913,菸酒零售
49772355,,東英工程行,花蓮縣花蓮市民運里中興路１００號１樓,花蓮縣,花蓮市,民運里,花蓮市一般行政區,否,否,248000.0,2016,獨資,Y,1,410012,鐵皮屋搭建
08135380,,久和洗染店,花蓮縣花蓮市民運里中興路１０２號,花蓮縣,花蓮市,民運里,花蓮市一般行政區,否,否,5000.0,1986,獨資,N,0,961099,其他洗衣服務
94642246,,正元開發股份有限公司,花蓮縣花蓮市民運里中興路１０６號,花蓮縣,花蓮市,民運里,花蓮市一般行政區,否,否,20000000.0,1974,股份有限公司,Y,1,060099,未分類砂、石採取及其他礦業
72848384,,膳糧廚房,花蓮縣花蓮市民運里中興路１１０號１樓,花蓮縣,花蓮市,民運里,花蓮市一般行政區,否,否,5000.0,2018,獨資,N,0,561113,麵店、小吃店
92641208,,莎悠谷手作坊,花蓮縣花蓮市民運里中興路１２４號１樓,花蓮縣,花蓮市,民運里,花蓮市一般行政區,否,否,10000.0,2023,獨資,N,0,485217,手工藝品零售
94759619,,國泰傢俱行,花蓮縣花蓮市民運里中興路１３４號,花蓮縣,花蓮市,民運里,花蓮市一般行政區,否,否,3000.0,1979,獨資,Y,1,474211,國產家用家具零售
82181232,,億圓堂,花蓮縣花蓮市民運里中興路１３６號,花蓮縣,花蓮市,民運里,花蓮市一般行政區,否,否,20000.0,2019,獨資,N,0,474911,免洗餐具零售
94268000,,國宏機車行,花蓮縣花蓮市民運里中興路１４８號,花蓮縣,花蓮市,民運里,花蓮市一般行政區,否,否,3000.0,1977,獨資,Y,1,484211,全新機車零售
94255309,,通裕商號,花蓮縣花蓮市民運里中興路１５０號,花蓮縣,花蓮市,民運里,花蓮市一般行政區,否,否,3000.0,1977,獨資,N,0,472913,菸酒零售
94082588,,光盈企業有限公司,花蓮縣花蓮市民運里中興路２８號,花蓮縣,花蓮市,民運里,花蓮市一般行政區,否,否,9900000.0,1969,有限公司,Y,1,522000,船務代理
42569315,,花港企業有限公司,花蓮縣花蓮市民運里中興路２８號１樓,花蓮縣,花蓮市,民運里,花蓮市一般行政區,否,否,3500000.0,2015,有限公司,Y,1,494099,其他汽車貨運
92092322,,益昌煤氣行,花蓮縣花蓮市民運里中興路３４號,花蓮縣,花蓮市,民運里,花蓮市一般行政區,否,否,200000.0,1994,獨資,Y,1,482912,桶裝瓦斯零售
82176673,,阿金小吃店,花蓮縣花蓮市民運里中興路３４－１號,花蓮縣,花蓮市,民運里,花蓮市一般行政區,否,否,3000.0,2018,獨資,N,0,561113,麵店、小吃店
91261593,,小８三色地瓜球,花蓮縣花蓮市民運里中興路９２號１樓,花蓮縣,花蓮市,民運里,花蓮市一般行政區,否,否,70000.0,2021,獨資,N,0,561200,餐食攤販
08143749,,忠欣打字印刷,花蓮縣花蓮市民運里中興路９４號,花蓮縣,花蓮市,民運里,花蓮市一般行政區,否,否,3000.0,1987,獨資,N,0,820912,文件打字、撰稿及速記等服務
15791895,,美崙水果行,花蓮縣花蓮市民運里化道路１０號,花蓮縣,花蓮市,民運里,花蓮市一般行政區,否,否,3000.0,2003,獨資,N,0,472112,水果零售
92638647,,金旺投注站,花蓮縣花蓮市民運里化道路１３號１樓,花蓮縣,花蓮市,民運里,花蓮市一般行政區,否,否,8000.0,2023,獨資,N,0,920011,彩券銷售
91151408,,鑫鑫冷飲店,花蓮縣花蓮市民運里化道路２１號１樓,花蓮縣,花蓮市,民運里,花蓮市一般行政區,否,否,100000.0,2021,獨資,N,0,472914,飲料零售
99806247,,巨森早餐吧,花蓮縣花蓮市民運里化道路５―２號,花蓮縣,花蓮市,民運里,花蓮市一般行政區,否,否,3000.0,2004,獨資,N,0,561111,早餐店
82195405,,炒賣亭小吃,花蓮縣花蓮市民運里化道路５―３號１樓,花蓮縣,花蓮市,民運里,花蓮市一般行政區,否,否,10000.0,2018,獨資,N,0,561113,麵店、小吃店
72633530,,嗎哪廚房企業社,花蓮縣花蓮市民運里化道路５―８號１樓,花蓮縣,花蓮市,民運里,花蓮市一般行政區,否,否,3000.0,2017,獨資,N,0,561113,麵店、小吃店
64814489,,加美漢堡三明治專門店,花蓮縣花蓮市民運里化道路５之４號,花蓮縣,花蓮市,民運里,花蓮市一般行政區,否,否,10000.0,1989,獨資,N,0,561111,早餐店
13970845,,如意小吃,花蓮縣花蓮市民運里化道路５－１號,花蓮縣,花蓮市,民運里,花蓮市一般行政區,否,否,3000.0,2002,獨資,N,0,561113,麵店、小吃店
92536249,,張瑋美崙商號,花蓮縣花蓮市民運里化道路５－５號１樓,花蓮縣,花蓮市,民運里,花蓮市一般行政區,否,否,100000.0,2023,獨資,N,0,561113,麵店、小吃店
15798031,,角威漁行,花蓮縣花蓮市民運里化道路７號,花蓮縣,花蓮市,民運里,花蓮市一般行政區,否,否,100000.0,2003,獨資,N,0,472311,水產品零售
61463739,,瓏家水煎包,花蓮縣花蓮市民運里化道路７號旁,花蓮縣,花蓮市,民運里,花蓮市一般行政區,否,否,60000.0,2026,獨資,N,0,561200,餐食攤販
49996019,,時光租賃行,花蓮縣花蓮市民運里化道路７號１樓,花蓮縣,花蓮市,民運里,花蓮市一般行政區,否,否,5000.0,2005,獨資,Y,1,681112,自有不動產租賃
94638778,,美崙紅茶,花蓮縣花蓮市民運里化道路８之１號１樓,花蓮縣,花蓮市,民運里,花蓮市一般行政區,否,否,6000.0,1985,獨資,N,0,561111,早餐店
95214642,,麥子冰菓室,花蓮縣花蓮市民運里忠義三街３１號１樓,花蓮縣,花蓮市,民運里,花蓮市一般行政區,否,否,150000.0,2025,獨資,N,0,561115,餐廳
91155988,,張澤空間設計工作室,花蓮縣花蓮市民運里忠義三街３３號,花蓮縣,花蓮市,民運里,花蓮市一般行政區,否,否,245000.0,2021,獨資,Y,1,434011,室內裝潢工程
60594804,,禾場室內裝修有限公司,花蓮縣花蓮市民運里忠義三街７號一樓,花蓮縣,花蓮市,民運里,花蓮市一般行政區,否,否,2000000.0,2025,有限公司,Y,1,434015,室內裝修工程
87344039,,禾場系統傢俱,花蓮縣花蓮市民運里忠義三街７號１樓,花蓮縣,花蓮市,民運里,花蓮市一般行政區,否,否,200000.0,2020,獨資,Y,1,474213,廚櫃零售
04258023,,海豐公證有限公司,花蓮縣花蓮市民運里忠義四街５號,花蓮縣,花蓮市,民運里,花蓮市一般行政區,否,否,1000000.0,1986,有限公司,Y,1,529011,運輸公證服務
41009167,,大力廣告商行,花蓮縣花蓮市民運里忠義四街５號１樓,花蓮縣,花蓮市,民運里,花蓮市一般行政區,否,否,200000.0,2014,獨資,N,0,731013,公開展示廣告
93556242,,鯨世界賞鯨有限公司,花蓮縣花蓮市民運里民享三街４０號,花蓮縣,花蓮市,民運里,花蓮市一般行政區,否,否,2000000.0,2024,有限公司,Y,1,932999,未分類其他娛樂及休閒服務
93050341,,若君手藝工作室,花蓮縣花蓮市民運里民享三街４６號５樓之５,花蓮縣,花蓮市,民運里,花蓮市一般行政區,否,否,50000.0,2024,獨資,N,0,859216,手工藝教學
82878484,,璽樂科技股份有限公司,花蓮縣花蓮市民運里民享三街４６號７樓之５,花蓮縣,花蓮市,民運里,花蓮市一般行政區,否,否,37136000.0,2019,股份有限公司,Y,1,433199,其他機電、電信及電路設備安裝
27616824,,玉富豐企業有限公司,花蓮縣花蓮市民運里民享三街４８號,花蓮縣,花蓮市,民運里,花蓮市一般行政區,否,否,5000000.0,2005,有限公司,Y,1,681112,自有不動產租賃
92536509,,康媽餃子商行,花蓮縣花蓮市民運里民享九街４６號１樓,花蓮縣,花蓮市,民運里,花蓮市一般行政區,否,否,5000.0,2023,獨資,N,0,472999,未分類其他食品、飲料及菸草製品零售
00189464,,允耀工程有限公司,花蓮縣花蓮市民運里民享八街１１號１樓,花蓮縣,花蓮市,民運里,花蓮市一般行政區,否,否,3000000.0,2024,有限公司,Y,1,439014,起重工程
93058673,,坤亞工程行,花蓮縣花蓮市民運里民享八街２２號５樓之１,花蓮縣,花蓮市,民運里,花蓮市一般行政區,否,否,5000000.0,2024,獨資,Y,1,434013,房屋設備安裝工程
94217805,,恆興商號,花蓮縣花蓮市民運里民享八街３６號,花蓮縣,花蓮市,民運里,花蓮市一般行政區,否,否,1000.0,1985,獨資,N,0,472913,菸酒零售
78839340,,源勝１號,花蓮縣花蓮市民運里民享十街２５號,花蓮縣,花蓮市,民運里,花蓮市一般行政區,否,否,3000.0,1993,獨資,N,0,031011,遠洋漁撈
93050406,,丸一家工作室,花蓮縣花蓮市民運里民享十街２５號１樓,花蓮縣,花蓮市,民運里,花蓮市一般行政區,否,否,100000.0,2024,獨資,N,0,082014,魚漿製造
93056963,,寬術玉石珠寶工作室,花蓮縣花蓮市民運里民享十街３１號１樓,花蓮縣,花蓮市,民運里,花蓮市一般行政區,否,否,200000.0,2024,獨資,N,0,485216,礦物（寶石、貴金屬除外）零售
92635748,,無不痴齋藝術文化社,花蓮縣花蓮市民運里民族路１號３樓之１１,花蓮縣,花蓮市,民運里,花蓮市一般行政區,否,否,200000.0,2023,獨資,Y,1,592011,流行音樂發行
62210516,,捷榮建設有限公司,花蓮縣花蓮市民運里民族路２８號１樓,花蓮縣,花蓮市,民運里,花蓮市一般行政區,否,否,10000000.0,2026,有限公司,Y,1,461211,水泥及水泥製品批發
86340534,,興玉輝營造股份有限公司,花蓮縣花蓮市民運里民族路２８號１樓,花蓮縣,花蓮市,民運里,花蓮市一般行政區,否,否,65000000.0,1991,股份有限公司,Y,1,421000,道路工程
26799402,,貝拉利亞民宿,花蓮縣花蓮市民運里民族路５７號,花蓮縣,花蓮市,民運里,花蓮市一般行政區,否,否,168000.0,2011,獨資,N,0,551013,民宿
53273182,,仁里企業有限公司,花蓮縣花蓮市民運里民權路１８９―１１號１樓,花蓮縣,花蓮市,民運里,花蓮市一般行政區,否,否,250000.0,2010,有限公司,Y,1,060099,未分類砂、石採取及其他礦業
53280579,,立宏砂石有限公司,花蓮縣花蓮市民運里民權路１８９―１１號１樓,花蓮縣,花蓮市,民運里,花蓮市一般行政區,否,否,200000.0,2010,有限公司,Y,1,461214,砂石批發
91151174,,藍天服飾,花蓮縣花蓮市民運里民權路１８９―１１號１樓,花蓮縣,花蓮市,民運里,花蓮市一般行政區,否,否,5000.0,2021,獨資,N,0,473211,服裝零售
50742268,,米先生餐飲,花蓮縣花蓮市民運里民權路１８９―１２號１樓,花蓮縣,花蓮市,民運里,花蓮市一般行政區,否,否,200000.0,2017,獨資,N,0,561111,早餐店
49746033,,承言餐飲坊,花蓮縣花蓮市民運里民權路１８９―４號１樓,花蓮縣,花蓮市,民運里,花蓮市一般行政區,否,否,10000.0,2016,獨資,N,0,561115,餐廳
95214903,,蒙福運動彩券,花蓮縣花蓮市民運里民權路１８９―６號１樓,花蓮縣,花蓮市,民運里,花蓮市一般行政區,否,否,200000.0,2025,獨資,N,0,920011,彩券銷售
29363698,,阿花麵店,花蓮縣花蓮市民運里民權路１８９―７，１８９―８號,花蓮縣,花蓮市,民運里,花蓮市一般行政區,否,否,3000.0,2005,獨資,N,0,561113,麵店、小吃店
78033962,,三好自助餐,花蓮縣花蓮市民運里民權路１８９之５號,花蓮縣,花蓮市,民運里,花蓮市一般行政區,否,否,5000.0,1991,獨資,N,0,561112,便當、自助餐店
92638610,,蒙恩彩券行,花蓮縣花蓮市民運里民權路１８９之６號１樓,花蓮縣,花蓮市,民運里,花蓮市一般行政區,否,否,230000.0,2023,獨資,N,0,920011,彩券銷售
79471481,,新聯泰交通事業股份有限公司,花蓮縣花蓮市民運里民權路１８９－１１號１樓,花蓮縣,花蓮市,民運里,花蓮市一般行政區,否,否,15000000.0,2002,股份有限公司,Y,1,494099,其他汽車貨運
70967525,,豐祥企業社,花蓮縣花蓮市民運里民權路８４號１樓,花蓮縣,花蓮市,民運里,花蓮市一般行政區,否,否,200000.0,2000,獨資,Y,1,482912,桶裝瓦斯零售
00173028,,磐竹營造有限公司,花蓮縣花蓮市民運里民權路８４號２樓,花蓮縣,花蓮市,民運里,花蓮市一般行政區,否,否,6000000.0,2024,有限公司,Y,1,410013,住宅營建
16702977,,東海岸國際股份有限公司,花蓮縣花蓮市民運里民權路９０號,花蓮縣,花蓮市,民運里,花蓮市一般行政區,否,否,50000000.0,1998,股份有限公司,Y,1,525912,船上貨物裝卸
94374305,,台灣船運企業股份有限公司,花蓮縣花蓮市民運里民權路９０號,花蓮縣,花蓮市,民運里,花蓮市一般行政區,否,否,12000000.0,1965,股份有限公司,Y,1,521000,報關服務
93180029,,豆果咖啡,花蓮縣花蓮市民運里民權路９２號１樓,花蓮縣,花蓮市,民運里,花蓮市一般行政區,否,否,30000.0,2024,獨資,N,0,487114,經營網路購物（食品、飲料類商品）
95213643,,新的市商店,花蓮縣花蓮市民運里民權路９２號１樓,花蓮縣,花蓮市,民運里,花蓮市一般行政區,否,否,200000.0,2025,獨資,N,0,472311,水產品零售
72715379,,承泰通訊行,花蓮縣花蓮市民運里民權路９４號１樓,花蓮縣,花蓮市,民運里,花蓮市一般行政區,否,否,200000.0,2017,獨資,Y,1,483212,手機及手機週邊零配件零售
50744842,,山本屋小吃店,花蓮縣花蓮市民運里民權路９６號１樓,花蓮縣,花蓮市,民運里,花蓮市一般行政區,否,否,30000.0,2017,獨資,N,0,561113,麵店、小吃店
94656938,,萬昶企業有限公司,花蓮縣花蓮市民運里民生街７號,花蓮縣,花蓮市,民運里,花蓮市一般行政區,否,否,10000000.0,1975,有限公司,Y,1,681112,自有不動產租賃
54113810,,天開物業管理顧問有限公司,花蓮縣花蓮市民運里民生路１號１樓,花蓮縣,花蓮市,民運里,花蓮市一般行政區,否,否,10000000.0,2013,有限公司,Y,1,689199,其他不動產代管
72848785,,天開企業社,花蓮縣花蓮市民運里民生路１號１樓,花蓮縣,花蓮市,民運里,花蓮市一般行政區,否,否,3000.0,2018,獨資,Y,1,790011,旅行業
92534571,,水陸趣企業社,花蓮縣花蓮市民運里民生路１號１樓,花蓮縣,花蓮市,民運里,花蓮市一般行政區,否,否,3000.0,2023,獨資,N,0,931999,未分類其他運動服務
91150822,,由你玩企業社,花蓮縣花蓮市民運里民生路１號２樓,花蓮縣,花蓮市,民運里,花蓮市一般行政區,否,否,200000.0,2021,獨資,Y,1,790011,旅行業
92635846,,金磊影像工作室,花蓮縣花蓮市民運里民生路２３號２樓之３,花蓮縣,花蓮市,民運里,花蓮市一般行政區,否,否,80000.0,2023,獨資,N,0,487199,其他電子購物及郵購
31798620,,昀曄秉企業行,花蓮縣花蓮市民運里民生路３９號１樓,花蓮縣,花蓮市,民運里,花蓮市一般行政區,否,否,20000.0,2013,獨資,N,0,472924,米零售
91153026,,泰暢商號,花蓮縣花蓮市民運里民生路４１號１樓,花蓮縣,花蓮市,民運里,花蓮市一般行政區,否,否,180000.0,2021,獨資,N,0,961012,自助洗衣店
94262147,,貿光有限公司,花蓮縣花蓮市民運里民生路７號,花蓮縣,花蓮市,民運里,花蓮市一般行政區,否,否,10070000.0,1970,有限公司,Y,1,521000,報關服務
94174708,,花蓮港起卸股份有限公司,花蓮縣花蓮市民運里港口路１號,花蓮縣,花蓮市,民運里,花蓮市一般行政區,否,否,29000000.0,1948,股份有限公司,Y,1,530100,普通倉儲經營
94769476,,富明百貨行,花蓮縣花蓮市民運里美崙市場１５號,花蓮縣,花蓮市,民運里,花蓮市一般行政區,否,否,6000.0,1980,獨資,N,0,473999,未分類其他服飾品零售
94740942,,益民行,花蓮縣花蓮市民運里美崙市場２５號,花蓮縣,花蓮市,民運里,花蓮市一般行政區,否,否,3000.0,1978,獨資,N,0,472924,米零售
94847590,,祥益商號,花蓮縣花蓮市民運里美崙市場２６號攤位,花蓮縣,花蓮市,民運里,花蓮市一般行政區,否,否,5000.0,1985,獨資,N,0,454115,農產品（果菜）批發市場承銷
08123151,,四川商號,花蓮縣花蓮市民運里美崙市場３５號攤位,花蓮縣,花蓮市,民運里,花蓮市一般行政區,否,否,5000.0,1985,獨資,N,0,454115,農產品（果菜）批發市場承銷
94812207,,金榮興,花蓮縣花蓮市民運里美崙市場３６號,花蓮縣,花蓮市,民運里,花蓮市一般行政區,否,否,5000.0,1982,獨資,N,0,454115,農產品（果菜）批發市場承銷
08121463,,福建發號,花蓮縣花蓮市民運里美崙市場４０號攤位,花蓮縣,花蓮市,民運里,花蓮市一般行政區,否,否,5000.0,1985,獨資,N,0,454115,農產品（果菜）批發市場承銷
78846519,,延安藥房,花蓮縣花蓮市民運里美崙市場９號１樓,花蓮縣,花蓮市,民運里,花蓮市一般行政區,否,否,100000.0,1993,獨資,N,0,475111,中藥零售
08126431,,偉安商號,花蓮縣花蓮市民運里美崙市塲４２號,花蓮縣,花蓮市,民運里,花蓮市一般行政區,否,否,5000.0,1985,獨資,N,0,454115,農產品（果菜）批發市場承銷
94223449,,桂榮企業股份有限公司,花蓮縣花蓮市民運里美崙綜合市場４１號,花蓮縣,花蓮市,民運里,花蓮市一般行政區,否,否,5400000.0,1970,股份有限公司,Y,1,681112,自有不動產租賃
95212308,,美崙金香行,花蓮縣花蓮市民運里００１鄰中美路２３４號,花蓮縣,花蓮市,民運里,花蓮市一般行政區,否,否,5000.0,2025,獨資,N,0,485212,宗教、喪葬用品零售
95098783,,美崙大腸麵線,花蓮縣花蓮市民運里００１鄰中美路２５０號,花蓮縣,花蓮市,民運里,花蓮市一般行政區,否,否,50000.0,2024,獨資,N,0,561113,麵店、小吃店
50745645,,瑞納商行,花蓮縣花蓮市民運里００１鄰化道路１８―１號１樓,花蓮縣,花蓮市,民運里,花蓮市一般行政區,否,否,68000.0,2017,獨資,N,0,474511,金（銀）飾零售
87352564,,百茂汽車商物行,花蓮縣花蓮市民運里００２鄰中美二街２號１樓,花蓮縣,花蓮市,民運里,花蓮市一般行政區,否,否,20000.0,2021,獨資,Y,1,465311,汽車零件、汽車百貨批發
91588697,,阿瑞斯媒體,花蓮縣花蓮市民運里００２鄰中美二街４―１號１樓,花蓮縣,花蓮市,民運里,花蓮市一般行政區,否,否,50000.0,2022,獨資,N,0,740916,多媒體設計
92778533,,簡單做手作,花蓮縣花蓮市民運里００２鄰中興路１２２號,花蓮縣,花蓮市,民運里,花蓮市一般行政區,否,否,20000.0,2023,獨資,N,0,487199,其他電子購物及郵購
91025297,,漫波投資有限公司,花蓮縣花蓮市民運里００２鄰中興路１３２號１樓,花蓮縣,花蓮市,民運里,花蓮市一般行政區,否,否,500000.0,2021,有限公司,N,0,649911,投資有價證券
24866833,,程悅小客車租賃有限公司,花蓮縣花蓮市民運里００２鄰中興路１３４號,花蓮縣,花蓮市,民運里,花蓮市一般行政區,否,否,5000000.0,2015,有限公司,Y,1,772100,汽車租賃
34888337,,佳美企業,花蓮縣花蓮市民運里００３鄰中美二街４１號１樓,花蓮縣,花蓮市,民運里,花蓮市一般行政區,否,否,1000000.0,2010,獨資,Y,1,771311,影印機出租
15791207,,高銘瓦斯行,花蓮縣花蓮市民運里００３鄰中美二街７９號１樓,花蓮縣,花蓮市,民運里,花蓮市一般行政區,否,否,200000.0,2003,獨資,Y,1,482912,桶裝瓦斯零售
85213383,,大郁商行,花蓮縣花蓮市民運里００３鄰化道路１３號１樓,花蓮縣,花蓮市,民運里,花蓮市一般行政區,否,否,80000.0,2019,獨資,N,0,563115,手搖飲店
61457498,,泓宬早午餐,花蓮縣花蓮市民運里００３鄰化道路１９號１樓,花蓮縣,花蓮市,民運里,花蓮市一般行政區,否,否,238000.0,2026,獨資,Y,1,561111,早餐店
91018253,,品衛實業有限公司,花蓮縣花蓮市民運里００３鄰化道路１９號１樓,花蓮縣,花蓮市,民運里,花蓮市一般行政區,否,否,2000000.0,2021,有限公司,Y,1,461313,衛浴設備批發
83113120,,瓏悅不動產代銷有限公司,花蓮縣花蓮市民運里００３鄰化道路１９號２樓,花蓮縣,花蓮市,民運里,花蓮市一般行政區,否,否,1000000.0,2020,有限公司,Y,1,681211,不動產仲介
90525267,,樂寶廚具家飾有限公司,花蓮縣花蓮市民運里００３鄰化道路１９號２樓,花蓮縣,花蓮市,民運里,花蓮市一般行政區,否,否,200000.0,2021,有限公司,Y,1,434013,房屋設備安裝工程
85208564,,湧捷室內裝修工程行,花蓮縣花蓮市民運里００４鄰民族路１號３樓之５,花蓮縣,花蓮市,民運里,花蓮市一般行政區,否,否,248000.0,2019,獨資,Y,1,434015,室內裝修工程
72750044,,誠御早點,花蓮縣花蓮市民運里００４鄰民權路１９１號１樓,花蓮縣,花蓮市,民運里,花蓮市一般行政區,否,否,50000.0,2017,獨資,N,0,561111,早餐店
82182160,,美成窗簾設計,花蓮縣花蓮市民運里００５鄰中興路１００號１樓,花蓮縣,花蓮市,民運里,花蓮市一般行政區,否,否,100000.0,2019,獨資,Y,1,474315,窗簾零售
87352591,,天晴工程行,花蓮縣花蓮市民運里００５鄰中興路１００號１樓,花蓮縣,花蓮市,民運里,花蓮市一般行政區,否,否,248000.0,2021,獨資,Y,1,434014,防水工程
91592587,,廣竑工程行,花蓮縣花蓮市民運里００５鄰中興路１００號１樓,花蓮縣,花蓮市,民運里,花蓮市一般行政區,否,否,248888.0,2022,獨資,Y,1,431017,紮鋼筋工程
91598267,,宇比工程行,花蓮縣花蓮市民運里００５鄰中興路１００號１樓,花蓮縣,花蓮市,民運里,花蓮市一般行政區,否,否,200000.0,2023,獨資,Y,1,434011,室內裝潢工程
95214235,,豐寶商行,花蓮縣花蓮市民運里００５鄰中興路３２號９樓之１,花蓮縣,花蓮市,民運里,花蓮市一般行政區,否,否,200000.0,2025,獨資,Y,1,471114,加盟連鎖式便利商店（無商品進、銷貨行為）
85205813,,呷粗飽小吃,花蓮縣花蓮市民運里００５鄰中興路９２號１樓,花蓮縣,花蓮市,民運里,花蓮市一般行政區,否,否,6000.0,2020,獨資,N,0,561113,麵店、小吃店
41465729,,譽銘玻璃行,花蓮縣花蓮市民運里００７鄰民生路２３號２樓之１,花蓮縣,花蓮市,民運里,花蓮市一般行政區,否,否,100000.0,2016,獨資,Y,1,434013,房屋設備安裝工程
87351039,,山海星光號,花蓮縣花蓮市民運里００７鄰民生路２３號２樓之３,花蓮縣,花蓮市,民運里,花蓮市一般行政區,否,否,200000.0,2021,獨資,Y,1,476399,其他玩具及娛樂用品零售
54251989,54000999,福蓮國際股份有限公司樂活休閒飯店花蓮分公司,花蓮縣花蓮市民運里００８鄰民享三街２號,花蓮縣,花蓮市,民運里,花蓮市一般行政區,否,否,0.0,2013,本國公司設立之分公司,Y,1,551012,旅館
41200621,54391258,臺灣港務港勤股份有限公司花蓮營運所,花蓮縣花蓮市民運里０１０鄰港口路２１號,花蓮縣,花蓮市,民運里,花蓮市一般行政區,否,否,0.0,2014,其他,Y,1,525999,未分類其他水上運輸輔助
95802347,46480100,新竹物流股份有限公司花蓮營業所,花蓮縣花蓮市民運里０１１鄰中美路３９８號,花蓮縣,花蓮市,民運里,花蓮市一般行政區,否,否,0.0,1995,其他,Y,1,494099,其他汽車貨運
82176688,,達路岸小吃店,花蓮縣花蓮市民運里０１３鄰中興路５８號,花蓮縣,花蓮市,民運里,花蓮市一般行政區,否,否,3000.0,2018,獨資,N,0,561113,麵店、小吃店
93049669,,左拉影像工作室,花蓮縣花蓮市民運里０１４鄰中興路５０號,花蓮縣,花蓮市,民運里,花蓮市一般行政區,否,否,50000.0,2024,獨資,N,0,760113,代客攝影（結婚攝影除外）
91589226,,美得企業,花蓮縣花蓮市民運里０１４鄰忠義三街１５號１樓,花蓮縣,花蓮市,民運里,花蓮市一般行政區,否,否,249000.0,2022,獨資,Y,1,474111,家用照明設備零售
82182794,,昱鋐工程行,花蓮縣花蓮市民運里０１５鄰中興路５６巷１―１號,花蓮縣,花蓮市,民運里,花蓮市一般行政區,否,否,88000.0,2019,獨資,Y,1,433111,水電工程
16627459,,笠鑫股份有限公司,花蓮縣花蓮市民運里０１５鄰中興路５６巷１０號１樓,花蓮縣,花蓮市,民運里,花蓮市一般行政區,否,否,5000000.0,1998,股份有限公司,Y,1,452000,綜合商品批發
24854175,,磊鑫企業有限公司,花蓮縣花蓮市民運里０１６鄰民享一街４５號１樓,花蓮縣,花蓮市,民運里,花蓮市一般行政區,否,否,3000000.0,2014,有限公司,Y,1,234099,其他石材製品製造
85205399,,靖豪園藝,花蓮縣花蓮市民運里０１７鄰民享一街１１號１樓,花蓮縣,花蓮市,民運里,花蓮市一般行政區,否,否,5000.0,2019,獨資,N,0,485111,切花、盆栽零售
41009151,,東順發企業社,花蓮縣花蓮市民運里０１９鄰民享一街２２號１樓,花蓮縣,花蓮市,民運里,花蓮市一般行政區,否,否,200000.0,2014,獨資,Y,1,951199,其他汽車維修
42155119,,本家麵店,花蓮縣花蓮市民運里０２２鄰民享二街３８號１樓,花蓮縣,花蓮市,民運里,花蓮市一般行政區,否,否,50000.0,2015,獨資,N,0,561113,麵店、小吃店
91150409,,個性衣著服飾,花蓮縣花蓮市民運里０２４鄰民享三街５７號１樓,花蓮縣,花蓮市,民運里,花蓮市一般行政區,否,否,30000.0,2021,獨資,N,0,473211,服裝零售
72845231,,一品軒飽胃小吃,花蓮縣花蓮市民運里０２４鄰民享三街６１號１樓,花蓮縣,花蓮市,民運里,花蓮市一般行政區,否,否,200000.0,2018,獨資,N,0,561113,麵店、小吃店
87353310,,勝翔土木包工業,花蓮縣花蓮市民運里０２８鄰忠義二街４７號１樓,花蓮縣,花蓮市,民運里,花蓮市一般行政區,否,否,1688168.0,2021,獨資,Y,1,429099,未分類其他土木工程
11656222,,富國新股份有限公司,花蓮縣花蓮市民運里０２８鄰民權路１５８號４樓,花蓮縣,花蓮市,民運里,花蓮市一般行政區,否,否,29000000.0,1988,股份有限公司,Y,1,461214,砂石批發
55896966,,通利農業科技股份有限公司,花蓮縣花蓮市民運里０２８鄰民權路１５８號４樓,花蓮縣,花蓮市,民運里,花蓮市一般行政區,否,否,2500000.0,2016,股份有限公司,Y,1,462016,農藥批發
90677616,,元展工程有限公司,花蓮縣花蓮市民運里０２８鄰民權路１５８號４樓,花蓮縣,花蓮市,民運里,花蓮市一般行政區,否,否,3000000.0,2022,有限公司,Y,1,439014,起重工程
94161979,,華成娛樂股份有限公司,花蓮縣花蓮市民運里０２８鄰民權路１５８號４樓,花蓮縣,花蓮市,民運里,花蓮市一般行政區,否,否,20000000.0,2023,股份有限公司,Y,1,932211,視唱中心（ＫＴＶ）
94193640,,富菱企業股份有限公司,花蓮縣花蓮市民運里０２８鄰民權路１５８號４樓,花蓮縣,花蓮市,民運里,花蓮市一般行政區,否,否,5000000.0,2023,股份有限公司,Y,1,461311,貼面石材批發
94224658,,泰溢企業股份有限公司,花蓮縣花蓮市民運里０２８鄰民權路１５８號４樓,花蓮縣,花蓮市,民運里,花蓮市一般行政區,否,否,25000000.0,1972,股份有限公司,Y,1,060099,未分類砂、石採取及其他礦業
97231484,,第一船貿股份有限公司,花蓮縣花蓮市民運里０２８鄰民權路１５８號４樓,花蓮縣,花蓮市,民運里,花蓮市一般行政區,否,否,9000000.0,1996,股份有限公司,Y,1,452000,綜合商品批發
97614829,,眾智科技有限公司,花蓮縣花蓮市民運里０２８鄰民權路１５８號４樓,花蓮縣,花蓮市,民運里,花蓮市一般行政區,否,否,200000.0,2024,有限公司,Y,1,620299,其他電腦諮詢及設備管理
93031366,,梨可商行,花蓮縣花蓮市民運里０３０鄰民享五街２號,花蓮縣,花蓮市,民運里,花蓮市一般行政區,否,否,10000.0,2023,獨資,N,0,487115,經營網路購物（服飾類商品）
72818564,,微加幸福民宿,花蓮縣花蓮市民運里０３０鄰民族路３３號,花蓮縣,花蓮市,民運里,花蓮市一般行政區,否,否,10000.0,2017,獨資,N,0,551013,民宿
97034202,,台灣潔臣有限公司,花蓮縣花蓮市民運里０３２鄰民享七街１６號１樓,花蓮縣,花蓮市,民運里,花蓮市一般行政區,否,否,1500000.0,1996,有限公司,Y,1,474917,清潔用品零售
93031773,,維羅納工作室,花蓮縣花蓮市民運里０３２鄰民族路３８―１號１樓,花蓮縣,花蓮市,民運里,花蓮市一般行政區,否,否,10000.0,2023,獨資,N,0,472922,西點麵包零售
60205122,,食餓堂客,花蓮縣花蓮市民運里０３２鄰民族路３８號旁,花蓮縣,花蓮市,民運里,花蓮市一般行政區,否,否,50000.0,2025,獨資,N,0,561113,麵店、小吃店
30204641,,小魚兒工作坊,花蓮縣花蓮市民運里０３２鄰民族路３８號１樓,花蓮縣,花蓮市,民運里,花蓮市一般行政區,否,否,50000.0,2009,獨資,N,0,474211,國產家用家具零售
95209612,,安誠信企業社,花蓮縣花蓮市民運里０３２鄰民族路３８號１樓,花蓮縣,花蓮市,民運里,花蓮市一般行政區,否,否,200000.0,2025,獨資,Y,1,487212,多層次傳銷（商品銷貨收入）
85211977,,都順商行,花蓮縣花蓮市民運里０３５鄰民享八街１號１樓,花蓮縣,花蓮市,民運里,花蓮市一般行政區,否,否,100000.0,2020,獨資,N,0,472915,茶葉零售
50744815,,美侖牛排館,花蓮縣花蓮市民運里０３６鄰民享八街６２號１樓,花蓮縣,花蓮市,民運里,花蓮市一般行政區,否,否,50000.0,2017,獨資,N,0,561115,餐廳
95212193,,好慧煮工作室,花蓮縣花蓮市民運里０３６鄰民享八街６２號１樓,花蓮縣,花蓮市,民運里,花蓮市一般行政區,否,否,200000.0,2025,獨資,N,0,472911,調理包食品零售
91597675,,凱誠科技工程行,花蓮縣花蓮市民運里０３７鄰民享八街１８號１樓,花蓮縣,花蓮市,民運里,花蓮市一般行政區,否,否,200000.0,2022,獨資,Y,1,433112,電路工程
54780329,,觀自在農業企業有限公司,花蓮縣花蓮市民運里０３７鄰民享八街２６號１樓,花蓮縣,花蓮市,民運里,花蓮市一般行政區,否,否,7000000.0,2014,有限公司,Y,1,089999,其他未分類食品製造
10639915,,卡多利企業社,花蓮縣花蓮市民運里０３７鄰民享八街３６號１樓,花蓮縣,花蓮市,民運里,花蓮市一般行政區,否,否,200000.0,2008,獨資,N,0,969099,未分類其他個人服務
41458972,,迅捷清潔工作室,花蓮縣花蓮市民運里０３８鄰民享九街３７號１樓,花蓮縣,花蓮市,民運里,花蓮市一般行政區,否,否,3000.0,2015,獨資,N,0,812100,建築物一般清潔服務
85205356,,原美小姐手作,花蓮縣花蓮市民運里０３９鄰民享九街１９號１樓,花蓮縣,花蓮市,民運里,花蓮市一般行政區,否,否,10000.0,2019,獨資,N,0,472922,西點麵包零售
61455512,,儒鴻企業,花蓮縣花蓮市民運里０４０鄰民享九街４４號１樓,花蓮縣,花蓮市,民運里,花蓮市一般行政區,否,否,200000.0,2026,獨資,Y,1,483111,電腦及電腦週邊設備零售
61332723,,胖嘟嘟呂陳商行,花蓮縣花蓮市民運里０４０鄰民享九街６０號前,花蓮縣,花蓮市,民運里,花蓮市一般行政區,否,否,100000.0,2025,獨資,N,0,561200,餐食攤販
95164988,,太平洋畔別墅,花蓮縣花蓮市民運里０４１鄰民享九街１０號,花蓮縣,花蓮市,民運里,花蓮市一般行政區,否,否,30000.0,2024,獨資,N,0,559099,未分類其他住宿
83241700,,蘭亭草堂股份有限公司,花蓮縣花蓮市民運里０４２鄰民享十街５１號１樓,花蓮縣,花蓮市,民運里,花蓮市一般行政區,否,否,400000.0,2021,股份有限公司,Y,1,664000,基金管理
91593930,,均閎土木包工業,花蓮縣花蓮市民運里０４３鄰民享十街３１號１樓,花蓮縣,花蓮市,民運里,花蓮市一般行政區,否,否,1200000.0,2022,獨資,Y,1,429099,未分類其他土木工程
95211928,,捌倆烘焙坊,花蓮縣花蓮市民運里０４４鄰民權路１１０號１樓,花蓮縣,花蓮市,民運里,花蓮市一般行政區,否,否,100000.0,2025,獨資,N,0,472922,西點麵包零售
90670304,,順美控股有限公司,花蓮縣花蓮市民運里０４４鄰民權路１１４號１樓,花蓮縣,花蓮市,民運里,花蓮市一般行政區,否,否,1000000.0,2022,有限公司,N,0,649911,投資有價證券
99465331,,福德寶金香佛俱商行,花蓮縣花蓮市民運里０４４鄰民權路１１４號１樓,花蓮縣,花蓮市,民運里,花蓮市一般行政區,否,否,200000.0,2004,獨資,N,0,485212,宗教、喪葬用品零售
42224122,,１２８拉麵店,花蓮縣花蓮市民運里０４４鄰民權路１２８號,花蓮縣,花蓮市,民運里,花蓮市一般行政區,否,否,44000.0,2015,獨資,N,0,561113,麵店、小吃店
41464799,,安澤車業,花蓮縣花蓮市民運里０４５鄰民權路１０８號１樓,花蓮縣,花蓮市,民運里,花蓮市一般行政區,否,否,30000.0,2015,獨資,N,0,959100,機車維修
91152595,,庇哩亞工程行,花蓮縣花蓮市民運里０４６鄰民權路１８３號１樓,花蓮縣,花蓮市,民運里,花蓮市一般行政區,否,否,200000.0,2021,獨資,Y,1,433900,其他建築設備安裝
92538160,,暴走熊貓騎士部品社,花蓮縣花蓮市民運里０４６鄰民權路１８３號１樓,花蓮縣,花蓮市,民運里,花蓮市一般行政區,否,否,50000.0,2023,獨資,N,0,484314,機車零件、機車百貨零售
42102486,,三好加水站,花蓮縣花蓮市民運里０４６鄰民權路１８９―５號騎樓,花蓮縣,花蓮市,民運里,花蓮市一般行政區,否,否,60000.0,2015,獨資,N,0,487911,以自動販賣機零售商品
94065292,,蘊鑫國際有限公司,花蓮縣花蓮市民運里０４６鄰民權路１８９號２樓,花蓮縣,花蓮市,民運里,花蓮市一般行政區,否,否,120000.0,2023,有限公司,Y,1,487212,多層次傳銷（商品銷貨收入）
91154812,,老味燒腊,花蓮縣花蓮市民運里０４６鄰美崙市場２４號１樓,花蓮縣,花蓮市,民運里,花蓮市一般行政區,否,否,150000.0,2021,獨資,N,0,561113,麵店、小吃店
91160005,,李明精品,花蓮縣花蓮市民運里０４６鄰美崙市場５號１樓,花蓮縣,花蓮市,民運里,花蓮市一般行政區,否,否,5000.0,2022,獨資,N,0,473211,服裝零售
61455695,,勇靖商號,花蓮縣花蓮市民運里０４９鄰美崙市場３７號,花蓮縣,花蓮市,民運里,花蓮市一般行政區,否,否,50000.0,2026,獨資,N,0,472211,畜肉零售
91158802,,丸尊漁行,花蓮縣花蓮市民運里０４９鄰美崙市場３７號第２３號攤位,花蓮縣,花蓮市,民運里,花蓮市一般行政區,否,否,100000.0,2021,獨資,N,0,472311,水產品零售
50746721,,農善商號,花蓮縣花蓮市民運里０４９鄰美崙市場３７號（第３８號攤位）,花蓮縣,花蓮市,民運里,花蓮市一般行政區,否,否,100000.0,2017,獨資,N,0,472211,畜肉零售
87351586,,詩芳商號,花蓮縣花蓮市民運里０４９鄰美崙市場３７號（第４２號攤位）,花蓮縣,花蓮市,民運里,花蓮市一般行政區,否,否,10000.0,2021,獨資,N,0,472211,畜肉零售
94414904,,贊元西藥房,花蓮縣花蓮市民運里１鄰中美路２２０號,花蓮縣,花蓮市,民運里,花蓮市一般行政區,否,否,5000.0,1977,獨資,N,0,475112,西藥零售
20066606,94174806,有限責任花蓮第二信用合作社美崙分社,花蓮縣花蓮市民運里１鄰中美路２４０號,花蓮縣,花蓮市,民運里,花蓮市一般行政區,否,否,0.0,1997,其他,N,0,641300,信用合作社
20065402,94186401,有限責任花蓮一信用合作社美崙分社,花蓮縣花蓮市民運里１鄰中美路２５８號,花蓮縣,花蓮市,民運里,花蓮市一般行政區,否,否,0.0,1998,其他,N,0,641300,信用合作社
13965272,,泰亞輪胎五金行,花蓮縣花蓮市民運里１鄰中美路３１２號１樓,花蓮縣,花蓮市,民運里,花蓮市一般行政區,否,否,200000.0,2002,獨資,Y,1,712911,汽機車檢驗
94642554,,上餘交通企業股份有限公司,花蓮縣花蓮市民運里１３鄰中興路１０６號１樓,花蓮縣,花蓮市,民運里,花蓮市一般行政區,否,否,12000000.0,1974,股份有限公司,Y,1,494099,其他汽車貨運
09693566,,藍海民宿,花蓮縣花蓮市民運里１３鄰中興路６６號,花蓮縣,花蓮市,民運里,花蓮市一般行政區,否,否,10000.0,2006,獨資,N,0,551013,民宿
91587727,,慢師父烘焙工作室,花蓮縣花蓮市民運里１７鄰民享一街２９號１樓,花蓮縣,花蓮市,民運里,花蓮市一般行政區,否,否,150000.0,2021,獨資,N,0,472922,西點麵包零售
94822471,,永鑫金紙行,花蓮縣花蓮市民運里２鄰中美二街２５號,花蓮縣,花蓮市,民運里,花蓮市一般行政區,否,否,9000.0,1983,獨資,N,0,485212,宗教、喪葬用品零售
78854876,78033822,天心食品美崙分店,花蓮縣花蓮市民運里２鄰中興路１２２號１樓,花蓮縣,花蓮市,民運里,花蓮市一般行政區,否,否,0.0,1994,其他,Y,1,472922,西點麵包零售
18051938,,禾康工程行,花蓮縣花蓮市民運里２鄰中興路１２８號１樓,花蓮縣,花蓮市,民運里,花蓮市一般行政區,否,否,1000000.0,2000,獨資,Y,1,434014,防水工程
92580315,,潤民宿,花蓮縣花蓮市民運里２鄰中興路１３０號,花蓮縣,花蓮市,民運里,花蓮市一般行政區,否,否,100000.0,2023,獨資,N,0,551013,民宿
91592236,,晴音商行,花蓮縣花蓮市民運里２鄰中興路１３０號１樓　　,花蓮縣,花蓮市,民運里,花蓮市一般行政區,否,否,200000.0,2022,獨資,Y,1,475299,其他化粧品零售
31794862,,包淨企業社,花蓮縣花蓮市民運里２鄰中興路１４２號１樓,花蓮縣,花蓮市,民運里,花蓮市一般行政區,否,否,200000.0,2013,合夥,Y,1,812100,建築物一般清潔服務
64817198,,閤美社,花蓮縣花蓮市民運里２５鄰民享三街２７號,花蓮縣,花蓮市,民運里,花蓮市一般行政區,否,否,8000.0,1989,獨資,N,0,820912,文件打字、撰稿及速記等服務
54916509,22555003,統一超商股份有限公司花蓮縣第一０六分公司,花蓮縣花蓮市民運里２６鄰民權路１３６號１樓、民權路１３８號１樓,花蓮縣,花蓮市,民運里,花蓮市一般行政區,否,否,0.0,2019,本國公司設立之分公司,Y,1,471112,直營連鎖式便利商店
30138896,,魯豫小喫,花蓮縣花蓮市民運里２８鄰民權路１４０號１樓,花蓮縣,花蓮市,民運里,花蓮市一般行政區,否,否,3000.0,2008,獨資,N,0,561113,麵店、小吃店
53483770,,鈞鼎事業有限公司,花蓮縣花蓮市民運里２８鄰民權路１４２號,花蓮縣,花蓮市,民運里,花蓮市一般行政區,否,否,500000.0,2011,有限公司,Y,1,529013,代計噸位
31477182,,魯豫小喫,花蓮縣花蓮市民運里２８鄰民權路１４２號１樓,花蓮縣,花蓮市,民運里,花蓮市一般行政區,否,否,3000.0,2007,獨資,N,0,561113,麵店、小吃店
70635701,,麗菖企業股份有限公司,花蓮縣花蓮市民運里３鄰化道路１１號,花蓮縣,花蓮市,民運里,花蓮市一般行政區,否,否,20000000.0,2000,股份有限公司,Y,1,471916,超級市場
19537740,,大方花店,花蓮縣花蓮市民運里３鄰化道路１３號,花蓮縣,花蓮市,民運里,花蓮市一般行政區,否,否,80000.0,1996,獨資,N,0,485111,切花、盆栽零售
15787914,,碰碰運氣彩卷商行,花蓮縣花蓮市民運里３鄰化道路９號,花蓮縣,花蓮市,民運里,花蓮市一般行政區,否,否,10000.0,2003,獨資,N,0,920011,彩券銷售
34872779,,塞維爾鄉村民宿,花蓮縣花蓮市民運里３２鄰忠義二街５３―５號,花蓮縣,花蓮市,民運里,花蓮市一般行政區,否,否,3000.0,2010,獨資,N,0,551013,民宿
64806122,,漁豊號,花蓮縣花蓮市民運里３６鄰民享八街６０號,花蓮縣,花蓮市,民運里,花蓮市一般行政區,否,否,20000.0,1988,獨資,N,0,031013,內陸漁撈
29258393,,鄉村漢堡,花蓮縣花蓮市民運里４鄰中美一街９２號１樓,花蓮縣,花蓮市,民運里,花蓮市一般行政區,否,否,100000.0,2004,獨資,N,0,561111,早餐店
64817633,,陸威汽車電機行,花蓮縣花蓮市民運里４０鄰忠義四街３號,花蓮縣,花蓮市,民運里,花蓮市一般行政區,否,否,5000.0,1989,獨資,N,0,484311,汽車零件、汽車百貨零售
08121626,03741302,中華郵政股份有限公司花蓮下美崙郵局,花蓮縣花蓮市民運里４１鄰民權路１３２號,花蓮縣,花蓮市,民運里,花蓮市一般行政區,否,否,0.0,2002,其他,Y,1,641500,郵政儲金匯兌
26789262,,億髮屋美髮工作室,花蓮縣花蓮市民運里４４鄰化道路１號１樓,花蓮縣,花蓮市,民運里,花蓮市一般行政區,否,否,30000.0,2011,獨資,N,0,962111,美髮院及髮廊
18060818,,光復傳統早點,花蓮縣花蓮市民運里４４鄰民權路１２４號,花蓮縣,花蓮市,民運里,花蓮市一般行政區,否,否,3000.0,2001,獨資,N,0,561113,麵店、小吃店
26794770,,洪裕泰商行,花蓮縣花蓮市民運里４６鄰美崙市場１２號,花蓮縣,花蓮市,民運里,花蓮市一般行政區,否,否,30000.0,2012,獨資,N,0,474999,未分類其他家用器具及用品零售
31487105,,秀錦美髮,花蓮縣花蓮市民運里４６鄰美崙市場２１號,花蓮縣,花蓮市,民運里,花蓮市一般行政區,否,否,3000.0,2007,獨資,N,0,962111,美髮院及髮廊
13969256,,美崙小吃,花蓮縣花蓮市民運里４６鄰美崙市場３０號,花蓮縣,花蓮市,民運里,花蓮市一般行政區,否,否,3000.0,2002,獨資,N,0,561113,麵店、小吃店
30318948,,達人溯溪企業社,花蓮縣花蓮市民運里４８鄰美崙市場２９號,花蓮縣,花蓮市,民運里,花蓮市一般行政區,否,否,100000.0,2009,獨資,N,0,932999,未分類其他娛樂及休閒服務
26795573,,佳雲魚行,花蓮縣花蓮市民運里４９鄰下美崙零售市場第５４號攤位,花蓮縣,花蓮市,民運里,花蓮市一般行政區,否,否,100000.0,2012,獨資,N,0,472311,水產品零售
10533384,,天泰商號,花蓮縣花蓮市民運里４９鄰美崙市場３７號,花蓮縣,花蓮市,民運里,花蓮市一般行政區,否,否,480000.0,2008,獨資,N,0,472311,水產品零售
94720024,,德發商號,花蓮縣花蓮市民運里４９鄰美崙市場３７號,花蓮縣,花蓮市,民運里,花蓮市一般行政區,否,否,3000.0,1977,獨資,N,0,472211,畜肉零售
94830063,,美崙皮鞋,花蓮縣花蓮市民運里４９鄰美崙市場３９號,花蓮縣,花蓮市,民運里,花蓮市一般行政區,否,否,3000.0,1984,獨資,N,0,473311,真皮鞋類及其配件零售
30391975,,宇星行,花蓮縣花蓮市民運里４９鄰美崙零售市場第２０號攤位,花蓮縣,花蓮市,民運里,花蓮市一般行政區,否,否,3000.0,2009,獨資,Y,1,453316,成禽批發
94253180,,半客工程諮詢有限公司,花蓮縣花蓮市民運里５鄰中興路２－１號,花蓮縣,花蓮市,民運里,花蓮市一般行政區,否,否,90000.0,2023,有限公司,Y,1,434011,室內裝潢工程
53001128,12831450,福容大飯店股份有限公司花蓮分公司,花蓮縣花蓮市民運里８鄰民生路５１號,花蓮縣,花蓮市,民運里,花蓮市一般行政區,否,否,0.0,2010,本國公司設立之分公司,Y,1,551011,觀光旅館
24776988,27534014,順泰資產管理股份有限公司花蓮分公司,花蓮縣花蓮市永興路１８號,花蓮縣,花蓮市,市區其他未標示里,花蓮市一般行政區,否,否,0.0,2014,本國公司設立之分公司,Y,1,702099,其他管理顧問
94815366,,六和號,花蓮縣花蓮市福安市場４０攤位,花蓮縣,花蓮市,市區其他未標示里,花蓮市一般行政區,否,否,5000.0,1983,獨資,N,0,472211,畜肉零售
94733344,,藍昌號,花蓮縣花蓮市福安市場４６號攤位,花蓮縣,花蓮市,市區其他未標示里,花蓮市一般行政區,否,否,3000.0,1977,獨資,N,0,472211,畜肉零售
67941712,,溝仔尾檳榔,花蓮縣花蓮市福建與自由街口,花蓮縣,花蓮市,市區其他未標示里,花蓮市一般行政區,否,否,3000.0,1998,獨資,N,0,472936,檳榔零售
91620922,,芸集工作室,花蓮縣花蓮市福建街１０６巷２２號１樓,花蓮縣,花蓮市,民主里,金三角與東大門核心交會商圈,是,是,30000.0,2022,獨資,N,0,487199,其他電子購物及郵購
91163158,,伊奶奶手作,花蓮縣花蓮市節約街３７號騎樓,花蓮縣,花蓮市,市區其他未標示里,花蓮市一般行政區,否,否,3000.0,2021,獨資,N,0,473111,絲織、麻織、棉織、毛織品零售
94331101,,忠憲商行,花蓮縣花蓮市綜合市場,花蓮縣,花蓮市,市區其他未標示里,花蓮市一般行政區,否,否,5000.0,1977,獨資,N,0,454214,農產品（家畜及家禽肉品）批發市場承銷
94639312,,豐盛商號,花蓮縣花蓮市綜合市場,花蓮縣,花蓮市,市區其他未標示里,花蓮市一般行政區,否,否,3000.0,1980,獨資,N,0,454214,農產品（家畜及家禽肉品）批發市場承銷
94791619,,益昌商號,花蓮縣花蓮市綜合市場第７７號固定攤位,花蓮縣,花蓮市,市區其他未標示里,花蓮市一般行政區,否,否,5000.0,1981,獨資,N,0,454214,農產品（家畜及家禽肉品）批發市場承銷
94851741,,庄豐號,花蓮縣花蓮市綜合市場１０３號,花蓮縣,花蓮市,市區其他未標示里,花蓮市一般行政區,否,否,5000.0,1985,獨資,N,0,454214,農產品（家畜及家禽肉品）批發市場承銷
94646735,,協順商號,花蓮縣花蓮市綜合市場１２０號攤位,花蓮縣,花蓮市,市區其他未標示里,花蓮市一般行政區,否,否,3000.0,1977,獨資,N,0,454115,農產品（果菜）批發市場承銷
94190046,,信興商號,花蓮縣花蓮市綜合市場１３號攤位,花蓮縣,花蓮市,市區其他未標示里,花蓮市一般行政區,否,否,3000.0,1977,獨資,N,0,454111,蔬菜批發
94724458,,信吉商號,花蓮縣花蓮市綜合市場６９號,花蓮縣,花蓮市,市區其他未標示里,花蓮市一般行政區,否,否,3000.0,1977,獨資,N,0,454214,農產品（家畜及家禽肉品）批發市場承銷
94787447,,金山豬肉舖,花蓮縣花蓮市綜合市場７５號攤位,花蓮縣,花蓮市,市區其他未標示里,花蓮市一般行政區,否,否,5000.0,1981,獨資,N,0,454214,農產品（家畜及家禽肉品）批發市場承銷
94749248,,合豐商店,花蓮縣花蓮市美倫綜合市場２８號攤位,花蓮縣,花蓮市,市區其他未標示里,花蓮市一般行政區,否,否,3000.0,1978,獨資,N,0,454115,農產品（果菜）批發市場承銷
67935697,,許家麵店,花蓮縣花蓮市美崙市場第５９號攤位,花蓮縣,花蓮市,市區其他未標示里,花蓮市一般行政區,否,否,3000.0,1998,獨資,N,0,089211,一般麵條、粉條製造
94068404,,永勝號,花蓮縣花蓮市美崙市場１１２號攤位,花蓮縣,花蓮市,市區其他未標示里,花蓮市一般行政區,否,否,3000.0,1977,獨資,N,0,454115,農產品（果菜）批發市場承銷
94816219,,定國商號,花蓮縣花蓮市美崙市場２６號攤位,花蓮縣,花蓮市,市區其他未標示里,花蓮市一般行政區,否,否,5000.0,1983,獨資,N,0,454115,農產品（果菜）批發市場承銷
94723747,,建新商號,花蓮縣花蓮市美崙市場２９號攤位,花蓮縣,花蓮市,市區其他未標示里,花蓮市一般行政區,否,否,3000.0,1977,獨資,N,0,454115,農產品（果菜）批發市場承銷
94656803,,德勝號,花蓮縣花蓮市美崙市場３３號攤位,花蓮縣,花蓮市,市區其他未標示里,花蓮市一般行政區,否,否,3000.0,1977,獨資,N,0,454115,農產品（果菜）批發市場承銷
94730310,,美崙商號,花蓮縣花蓮市美崙市場３４號攤位,花蓮縣,花蓮市,市區其他未標示里,花蓮市一般行政區,否,否,3000.0,1977,獨資,N,0,454115,農產品（果菜）批發市場承銷
94651552,,通裕號,花蓮縣花蓮市美崙市場３７號攤位,花蓮縣,花蓮市,市區其他未標示里,花蓮市一般行政區,否,否,3000.0,1977,獨資,N,0,454115,農產品（果菜）批發市場承銷
94652124,,萬利商號,花蓮縣花蓮市美崙市場３８號攤位,花蓮縣,花蓮市,市區其他未標示里,花蓮市一般行政區,否,否,3000.0,1977,獨資,N,0,454115,農產品（果菜）批發市場承銷
94745735,,永源商號,花蓮縣花蓮市美崙市場４５號攤位,花蓮縣,花蓮市,市區其他未標示里,花蓮市一般行政區,否,否,3000.0,1978,獨資,N,0,454115,農產品（果菜）批發市場承銷
94654143,,攤販,花蓮縣花蓮市美崙市場５２號攤位,花蓮縣,花蓮市,市區其他未標示里,花蓮市一般行政區,否,否,3000.0,1977,獨資,N,0,472111,蔬菜零售
94653904,,攤販,花蓮縣花蓮市美崙市場７８號攤位,花蓮縣,花蓮市,市區其他未標示里,花蓮市一般行政區,否,否,3000.0,1977,獨資,N,0,472112,水果零售
10694374,,永發商號,花蓮縣花蓮市美崙市場９９號攤位,花蓮縣,花蓮市,市區其他未標示里,花蓮市一般行政區,否,否,3000.0,2008,獨資,N,0,453316,成禽批發
92097776,,美崙製麵所,花蓮縣花蓮市美崙綜合市場攤位１００號,花蓮縣,花蓮市,市區其他未標示里,花蓮市一般行政區,否,否,10000.0,1995,獨資,N,0,472928,麵食品零售
94777530,,隆樺商號,花蓮縣花蓮市美崙綜合市場第二十八號攤,花蓮縣,花蓮市,市區其他未標示里,花蓮市一般行政區,否,否,3000.0,1980,獨資,N,0,454115,農產品（果菜）批發市場承銷
94749893,,吉勝發號,花蓮縣花蓮市美崙綜合市場３０號攤位,花蓮縣,花蓮市,市區其他未標示里,花蓮市一般行政區,否,否,3000.0,1978,獨資,N,0,454115,農產品（果菜）批發市場承銷
94794138,,百利商號,花蓮縣花蓮市美崙綜合市場３７攤位,花蓮縣,花蓮市,市區其他未標示里,花蓮市一般行政區,否,否,5000.0,1981,獨資,N,0,454115,農產品（果菜）批發市場承銷
13965033,,攤販－林秀美,花蓮縣花蓮市美崙綜合市場５７號攤位,花蓮縣,花蓮市,市區其他未標示里,花蓮市一般行政區,否,否,3000.0,2001,獨資,N,0,472113,醃漬蔬果零售
76963639,,雪卿果菜行,花蓮縣花蓮市美崙零售市場內,花蓮縣,花蓮市,市區其他未標示里,花蓮市一般行政區,否,否,3000.0,1991,獨資,N,0,454115,農產品（果菜）批發市場承銷
85349699,,攤販－游梅子,花蓮縣花蓮市美崙零售市場第５８號攤位,花蓮縣,花蓮市,市區其他未標示里,花蓮市一般行政區,否,否,3000.0,2019,獨資,N,0,472113,醃漬蔬果零售
13961466,,珍品行（８３３２３５）,花蓮縣花蓮市自由街丁區１６號,花蓮縣,花蓮市,市區其他未標示里,花蓮市一般行政區,否,否,3000.0,2001,獨資,N,0,474927,陶瓷器皿及餐具零售
08129922,,林茂賢,花蓮縣花蓮市自由街攤販丙區２９號,花蓮縣,花蓮市,市區其他未標示里,花蓮市一般行政區,否,否,3000.0,1986,獨資,N,0,561113,麵店、小吃店
61410614,70393302,博客停車場開發股份有限公司藏壽司花蓮自由,花蓮縣花蓮市自由街２０號,花蓮縣,花蓮市,市區其他未標示里,花蓮市一般行政區,否,否,0.0,2026,其他,Y,1,524100,停車場管理
13961156,,邱家肉丸（８３３２０１６）,花蓮縣花蓮市自由街８６號前面,花蓮縣,花蓮市,市區其他未標示里,花蓮市一般行政區,否,否,3000.0,2001,獨資,N,0,561200,餐食攤販
61491926,27856324,全國專業開發管理股份有限公司全之駐花崗街停車場,花蓮縣花蓮市花崗街北濱段６４８、６４９地號空地,花蓮縣,花蓮市,市區其他未標示里,花蓮市一般行政區,否,否,0.0,2026,其他,Y,1,524100,停車場管理
92640691,,上谷串燒,花蓮縣花蓮市花崗街１８號,花蓮縣,花蓮市,市區其他未標示里,花蓮市一般行政區,否,否,100000.0,2023,獨資,N,0,561113,麵店、小吃店
91556914,,鄭家土雞,花蓮縣花蓮市花蓮市公有零售中華市場６２號攤位,花蓮縣,花蓮市,市區其他未標示里,花蓮市一般行政區,否,否,10000.0,2021,獨資,N,0,561200,餐食攤販
70964914,,攤販－陳美桂,花蓮縣花蓮市華西街５６－１０號側後面北興路道路旁,花蓮縣,花蓮市,市區其他未標示里,花蓮市一般行政區,否,否,3000.0,1999,獨資,N,0,472936,檳榔零售
91606745,,富裕企業社,花蓮縣花蓮市裕民段２０２地號,花蓮縣,花蓮市,市區其他未標示里,花蓮市一般行政區,否,否,70000.0,2022,獨資,N,0,524100,停車場管理
91599054,,長宏停車場,花蓮縣花蓮市裕民段４９５地號,花蓮縣,花蓮市,市區其他未標示里,花蓮市一般行政區,否,否,10000.0,2022,獨資,N,0,524100,停車場管理
91389803,,盛昌停車場,花蓮縣花蓮市裕民段５５５地號,花蓮縣,花蓮市,市區其他未標示里,花蓮市一般行政區,否,否,5000.0,2021,獨資,N,0,524100,停車場管理
91388298,,富裕三停車場,花蓮縣花蓮市裕民段６２５－１地號,花蓮縣,花蓮市,市區其他未標示里,花蓮市一般行政區,否,否,150000.0,2021,獨資,N,0,524100,停車場管理
91388282,,富裕二停車場,花蓮縣花蓮市裕民段６２５－２地號,花蓮縣,花蓮市,市區其他未標示里,花蓮市一般行政區,否,否,100000.0,2021,獨資,N,0,524100,停車場管理
92544590,86711789,國雲公寓大廈管理維護股份有限公司花蓮富裕場,花蓮縣花蓮市裕民路與富裕十二街口,花蓮縣,花蓮市,市區其他未標示里,花蓮市一般行政區,否,否,0.0,2022,其他,Y,1,524100,停車場管理
60096948,99754395,永盛企業社豐村停車場,花蓮縣花蓮市豐村２７－３號對面停車場,花蓮縣,花蓮市,市區其他未標示里,花蓮市一般行政區,否,否,0.0,2024,其他,Y,1,524100,停車場管理
93056181,,竣𤤯鋼鋁工程行,花蓮縣花蓮市豐村８號１樓,花蓮縣,花蓮市,市區其他未標示里,花蓮市一般行政區,否,否,200000.0,2024,獨資,Y,1,434013,房屋設備安裝工程
87372196,,攤販－陳震乾,花蓮縣花蓮市進豐街１１３巷路口,花蓮縣,花蓮市,市區其他未標示里,花蓮市一般行政區,否,否,10000.0,2020,獨資,N,0,561200,餐食攤販
41227213,,王家水餃行,花蓮縣花蓮市重慶市場自產自銷第０２８號攤位,花蓮縣,花蓮市,民族里,金三角與東大門核心交會商圈,是,是,50000.0,2014,獨資,N,0,472928,麵食品零售
95131755,,豆の家,花蓮縣花蓮市重慶市場１３０號攤位,花蓮縣,花蓮市,民族里,金三角與東大門核心交會商圈,是,是,1000.0,2024,獨資,N,0,472999,未分類其他食品、飲料及菸草製品零售
13976587,,好吃水果行,花蓮縣花蓮市重慶街市場邊,花蓮縣,花蓮市,市區其他未標示里,花蓮市一般行政區,否,否,3000.0,2002,獨資,N,0,472935,青草零售
78848328,,滿堂彩花藝,花蓮縣花蓮市重慶街重慶市場旁９號,花蓮縣,花蓮市,民族里,金三角與東大門核心交會商圈,是,是,3000.0,1994,獨資,N,0,485111,切花、盆栽零售
61491910,27856324,全國專業開發管理股份有限公司全之駐重慶路停車場,花蓮縣花蓮市重慶路主商段１３０１地號空地,花蓮縣,花蓮市,民族里,金三角與東大門核心交會商圈,是,是,0.0,2026,其他,Y,1,524100,停車場管理
34803957,,重慶㕑房,花蓮縣花蓮市重慶路重慶夜市１００號攤位,花蓮縣,花蓮市,民族里,金三角與東大門核心交會商圈,是,是,3000.0,2010,獨資,N,0,561200,餐食攤販
31525754,,廟口水煎包,花蓮縣花蓮市重慶路２５５號旁（左邊）,花蓮縣,花蓮市,民族里,金三角與東大門核心交會商圈,是,是,5000.0,2011,獨資,N,0,561200,餐食攤販
60282128,,友一日式小吃,花蓮縣花蓮市重慶路２５５號旁６號攤位,花蓮縣,花蓮市,民族里,金三角與東大門核心交會商圈,是,是,3000.0,2025,獨資,N,0,561113,麵店、小吃店
37828018,,原味屋貝果,花蓮縣花蓮市０１４鄰建林街１９６號,花蓮縣,花蓮市,市區其他未標示里,花蓮市一般行政區,否,否,50000.0,2012,獨資,N,0,472922,西點麵包零售
