年份,縣市,鄉鎮市區,里別,實體獨立門牌數,實體街區真實消費產值(百萬元),台電低壓營業用電量指數,電信人潮與停留時長指數,店面空置與業態降級率(%),地表真實街景狀態,存續營利事業累積家數,該年新設家數,開立發票店家數,登記資本總額(元),登記資本總額(萬元),平均資本額(元),申報體系推估銷售額(千元)
1995,花蓮縣,花蓮市,主信里,27,25.2,77.2,32.7,4.4,主信里常民生活與社區商業,28,1,11,75236000,7523.6,2687000,249918.9
1995,花蓮縣,花蓮市,主力里,62,356.0,100.0,90.0,2.5,金三角全盛初期，中正/中山路一線店面一位難求,62,3,39,178714000,17871.4,2882483,737397.1
1995,花蓮縣,花蓮市,主勤里,29,29.5,77.4,32.9,4.8,主勤里常民生活與社區商業,30,1,14,62898000,6289.8,2096600,294031.8
1995,花蓮縣,花蓮市,主和里,31,30.5,77.6,33.1,4.4,主和里常民生活與社區商業,31,0,14,52378000,5237.8,1689612,296990.2
1995,花蓮縣,花蓮市,主商里,32,177.8,100.0,90.0,2.5,金三角全盛初期，中正/中山路一線店面一位難求,32,0,19,1041368000,104136.8,32542750,442409.4
1995,花蓮縣,花蓮市,主學里,22,21.7,76.8,32.2,7.2,主學里常民生活與社區商業,22,0,10,17016000,1701.6,773454,209961.3
1995,花蓮縣,花蓮市,主安里,23,23.3,76.9,32.3,6.0,主安里常民生活與社區商業,25,2,11,124462000,12446.2,4978480,242457.0
1995,花蓮縣,花蓮市,主工里,20,95.9,100.0,90.0,2.5,金三角全盛初期，中正/中山路一線店面一位難求,20,2,9,8411000,841.1,420550,189172.9
1995,花蓮縣,花蓮市,主權里,48,54.0,79.0,34.8,6.8,主權里常民生活與社區商業,48,6,28,116095000,11609.5,2418645,541687.6
1995,花蓮縣,花蓮市,主睦里,29,23.0,77.4,32.9,4.8,主睦里常民生活與社區商業,29,2,8,65362000,6536.2,2253862,215429.0
1995,花蓮縣,花蓮市,主義里,12,20.0,76.0,31.2,4.0,主義里常民生活與社區商業,13,1,3,4507000,450.7,346692,87260.6
1995,花蓮縣,花蓮市,主計里,15,20.0,76.2,31.5,4.4,主計里常民生活與社區商業,15,2,3,37521000,3752.1,2501400,97501.7
1995,花蓮縣,花蓮市,主農里,30,28.9,77.5,33.0,4.8,主農里常民生活與社區商業,30,0,13,24614000,2461.4,820466,278469.1
1995,花蓮縣,花蓮市,國光里,29,27.3,77.4,32.9,4.4,國光里常民生活與社區商業,29,1,12,35278000,3527.8,1216482,263022.2
1995,花蓮縣,花蓮市,國威里,38,208.1,100.0,90.0,2.5,金三角全盛初期，中正/中山路一線店面一位難求,39,6,22,354416000,35441.6,9087589,451553.3
1995,花蓮縣,花蓮市,國安里,21,20.0,76.8,32.1,4.8,國安里常民生活與社區商業,22,1,8,37039000,3703.9,1683590,186563.1
1995,花蓮縣,花蓮市,國富里,56,62.3,79.7,35.6,5.2,國富里常民生活與社區商業,59,2,32,67148900,6714.9,1138116,629571.9
1995,花蓮縣,花蓮市,國強里,15,20.0,76.2,31.5,4.8,國強里常民生活與社區商業,17,1,11,38415000,3841.5,2259705,205173.2
1995,花蓮縣,花蓮市,國慶里,15,20.0,76.2,31.5,4.4,國慶里常民生活與社區商業,15,1,10,2490525745,249052.6,166035049,381242.1
1995,花蓮縣,花蓮市,國治里,21,20.0,76.8,32.1,5.6,國治里常民生活與社區商業,21,1,8,22693400,2269.3,1080638,181615.5
1995,花蓮縣,花蓮市,國盛里,24,28.1,77.0,32.4,8.4,國盛里常民生活與社區商業,32,2,15,77325000,7732.5,2416406,315286.0
1995,花蓮縣,花蓮市,國福里,6,20.0,75.5,30.6,4.4,國福里常民生活與社區商業,6,0,4,11208000,1120.8,1868000,73696.6
1995,花蓮縣,花蓮市,國聯里,63,81.9,80.2,36.3,7.6,國聯里常民生活與社區商業,84,2,47,1496092840,149609.3,17810629,1026387.4
1995,花蓮縣,花蓮市,國興里,12,20.0,76.0,31.2,4.8,國興里常民生活與社區商業,12,1,7,145399000,14539.9,12116583,144731.9
1995,花蓮縣,花蓮市,國華里,28,30.1,77.3,32.8,4.4,國華里常民生活與社區商業,29,5,15,41593000,4159.3,1434241,301027.4
1995,花蓮縣,花蓮市,國裕里,42,54.3,78.5,34.2,5.6,國裕里常民生活與社區商業,51,6,31,752445410,75244.5,14753831,641495.6
1995,花蓮縣,花蓮市,國防里,8,20.0,75.7,30.8,4.0,國防里常民生活與社區商業,8,1,5,13486000,1348.6,1685750,93978.9
1995,花蓮縣,花蓮市,國風里,37,42.1,78.1,33.7,5.2,國風里常民生活與社區商業,38,1,22,91255000,9125.5,2401447,426700.4
1995,花蓮縣,花蓮市,國魂里,21,26.6,76.8,32.1,5.2,國魂里常民生活與社區商業,22,2,15,783314300,78331.4,35605195,333765.1
1995,花蓮縣,花蓮市,民主里,14,21.4,80.0,40.0,5.0,民主里常民生活與社區商業,14,0,1,104981000,10498.1,7498642,74098.5
1995,花蓮縣,花蓮市,民享里,19,20.2,76.6,31.9,5.6,民享里常民生活與社區商業,19,0,10,68824000,6882.4,3622315,202705.9
1995,花蓮縣,花蓮市,民勤里,15,20.0,76.2,31.5,4.8,民勤里常民生活與社區商業,16,2,9,53351000,5335.1,3334437,177568.1
1995,花蓮縣,花蓮市,民孝里,25,30.7,77.1,32.5,4.4,民孝里常民生活與社區商業,30,3,17,226811000,22681.1,7560366,344644.9
1995,花蓮縣,花蓮市,民德里,14,20.0,76.2,31.4,4.8,民德里常民生活與社區商業,14,1,6,14619000,1461.9,1044214,129369.5
1995,花蓮縣,花蓮市,民心里,77,117.0,81.4,37.7,4.4,民心里常民生活與社區商業,79,2,73,1273137500,127313.8,16115664,1314551.0
1995,花蓮縣,花蓮市,民意里,10,20.0,75.8,31.0,4.0,民意里常民生活與社區商業,10,0,7,240752000,24075.2,24075200,144760.2
1995,花蓮縣,花蓮市,民政里,26,28.0,77.2,32.6,4.0,民政里常民生活與社區商業,26,1,14,90223848,9022.4,3470148,281017.9
1995,花蓮縣,花蓮市,民族里,31,35.0,40.0,15.0,12.0,尚未開放（原舊鐵路工務段/空地，夜市在南濱與自強）,34,1,12,247521000,24752.1,7280029,299001.7
1995,花蓮縣,花蓮市,民有里,3,20.0,75.2,30.3,4.0,民有里常民生活與社區商業,3,0,0,106000,10.6,35333,11408.5
1995,花蓮縣,花蓮市,民樂里,3,20.0,75.2,30.3,4.0,民樂里常民生活與社區商業,3,0,0,133000,13.3,44333,11410.6
1995,花蓮縣,花蓮市,民權里,5,20.0,75.4,30.5,4.0,民權里常民生活與社區商業,5,0,2,2058000,205.8,411600,44164.6
1995,花蓮縣,花蓮市,民治里,0,20.0,75.0,30.0,4.0,民治里常民生活與社區商業,0,0,0,0,0.0,0,0.0
1995,花蓮縣,花蓮市,民生里,76,160.8,80.0,40.0,5.0,民生里常民生活與社區商業,79,5,21,49225000,4922.5,623101,566638.0
1995,花蓮縣,花蓮市,民立里,6,20.0,75.5,30.6,4.4,民立里常民生活與社區商業,7,0,5,20004000,2000.4,2857714,90700.3
1995,花蓮縣,花蓮市,民運里,44,40.1,78.7,34.4,5.2,民運里常民生活與社區商業,45,1,17,228855000,22885.5,5085666,401808.4
1996,花蓮縣,花蓮市,主信里,28,26.8,78.5,33.6,4.5,主信里常民生活與社區商業,29,1,11,75246000,7524.6,2594689,253719.7
1996,花蓮縣,花蓮市,主力里,64,386.1,103.5,95.0,2.5,金三角全盛初期，中正/中山路一線店面一位難求,64,2,40,183724000,18372.4,2870687,757897.9
1996,花蓮縣,花蓮市,主勤里,30,32.3,78.7,33.8,4.9,主勤里常民生活與社區商業,31,1,15,68898000,6889.8,2222516,310811.8
1996,花蓮縣,花蓮市,主和里,33,32.7,79.0,34.1,4.5,主和里常民生活與社區商業,34,3,14,52398000,5239.8,1541117,308391.8
1996,花蓮縣,花蓮市,主商里,34,202.6,103.5,95.0,2.5,金三角全盛初期，中正/中山路一線店面一位難求,34,2,19,1041374000,104137.4,30628647,450009.9
1996,花蓮縣,花蓮市,主學里,25,26.3,78.3,33.3,7.3,主學里常民生活與社區商業,25,3,12,19219000,1921.9,768760,246537.5
1996,花蓮縣,花蓮市,主安里,26,26.9,78.4,33.4,6.1,主安里常民生活與社區商業,28,3,12,133017000,13301.7,4750607,267041.4
1996,花蓮縣,花蓮市,主工里,20,115.9,103.5,95.0,2.5,金三角全盛初期，中正/中山路一線店面一位難求,20,0,9,8411000,841.1,420550,189172.9
1996,花蓮縣,花蓮市,主權里,53,61.0,80.6,36.1,6.9,主權里常民生活與社區商業,53,5,30,116568000,11656.8,2199396,585725.4
1996,花蓮縣,花蓮市,主睦里,32,28.8,78.9,34.0,4.9,主睦里常民生活與社區商業,32,3,11,80662000,8066.2,2520687,265553.0
1996,花蓮縣,花蓮市,主義里,12,20.0,77.2,32.0,4.1,主義里常民生活與社區商業,13,0,3,4507000,450.7,346692,87260.6
1996,花蓮縣,花蓮市,主計里,16,20.0,77.5,32.4,4.5,主計里常民生活與社區商業,16,1,3,37526000,3752.6,2345375,101302.1
1996,花蓮縣,花蓮市,主農里,32,33.3,78.9,34.0,4.9,主農里常民生活與社區商業,32,2,15,25714000,2571.4,803562,311157.1
1996,花蓮縣,花蓮市,國光里,30,30.0,78.7,33.8,4.5,國光里常民生活與社區商業,30,1,13,36778000,3677.8,1225933,279442.2
1996,花蓮縣,花蓮市,國威里,38,228.1,103.5,95.0,2.5,金三角全盛初期，中正/中山路一線店面一位難求,40,1,22,354426000,35442.6,8860650,455354.1
1996,花蓮縣,花蓮市,國安里,23,21.9,78.1,33.1,4.9,國安里常民生活與社區商業,24,2,9,37089000,3708.9,1545375,206667.1
1996,花蓮縣,花蓮市,國富里,61,69.6,81.3,36.9,5.3,國富里常民生活與社區商業,64,5,34,69421900,6942.2,1084717,673753.8
1996,花蓮縣,花蓮市,國強里,18,25.0,77.7,32.6,4.9,國強里常民生活與社區商業,20,3,14,69615000,6961.5,3480750,256569.2
1996,花蓮縣,花蓮市,國慶里,16,20.6,77.5,32.4,4.5,國慶里常民生活與社區商業,16,1,11,2490725745,249072.6,155670359,397558.1
1996,花蓮縣,花蓮市,國治里,23,23.1,78.1,33.1,5.7,國治里常民生活與社區商業,23,2,10,57693400,5769.3,2508408,217015.5
1996,花蓮縣,花蓮市,國盛里,26,32.5,78.4,33.4,8.5,國盛里常民生活與社區商業,34,2,17,102330000,10233.0,3009705,349886.4
1996,花蓮縣,花蓮市,國福里,8,20.0,76.9,31.6,4.5,國福里常民生活與社區商業,8,2,5,11243000,1124.3,1405375,93799.4
1996,花蓮縣,花蓮市,國聯里,68,94.5,81.9,37.6,7.7,國聯里常民生活與社區商業,90,6,53,1506932840,150693.3,16743698,1125054.6
1996,花蓮縣,花蓮市,國興里,15,20.0,77.5,32.3,4.9,國興里常民生活與社區商業,15,3,7,145420000,14542.0,9694666,156133.6
1996,花蓮縣,花蓮市,國華里,28,31.3,78.5,33.6,4.5,國華里常民生活與社區商業,29,0,15,41593000,4159.3,1434241,301027.4
1996,花蓮縣,花蓮市,國裕里,44,62.0,79.9,35.2,5.7,國裕里常民生活與社區商業,55,4,35,820145410,82014.5,14911734,712111.6
1996,花蓮縣,花蓮市,國防里,8,20.0,76.9,31.6,4.1,國防里常民生活與社區商業,10,2,7,17886000,1788.6,1788600,126930.9
1996,花蓮縣,花蓮市,國風里,37,43.8,79.3,34.5,5.3,國風里常民生活與社區商業,38,0,22,91255000,9125.5,2401447,426700.4
1996,花蓮縣,花蓮市,國魂里,21,27.7,78.0,32.9,5.3,國魂里常民生活與社區商業,22,0,15,783314300,78331.4,35605195,333765.1
1996,花蓮縣,花蓮市,民主里,15,30.7,81.5,41.2,5.0,民主里常民生活與社區商業,15,1,1,104984000,10498.4,6998933,77898.7
1996,花蓮縣,花蓮市,民享里,20,22.7,77.9,32.8,5.7,民享里常民生活與社區商業,20,1,11,69024000,6902.4,3451200,219021.9
1996,花蓮縣,花蓮市,民勤里,17,21.1,77.6,32.5,4.9,民勤里常民生活與社區商業,18,2,11,53373400,5337.3,2965188,210169.9
1996,花蓮縣,花蓮市,民孝里,26,33.6,78.4,33.4,4.5,民孝里常民生活與社區商業,32,2,18,226911000,22691.1,7090968,364752.9
1996,花蓮縣,花蓮市,民德里,14,20.0,77.4,32.2,4.9,民德里常民生活與社區商業,14,0,6,14619000,1461.9,1044214,129369.5
1996,花蓮縣,花蓮市,民心里,78,123.3,82.7,38.6,4.5,民心里常民生活與社區商業,80,1,74,1273337500,127333.8,15916718,1330867.0
1996,花蓮縣,花蓮市,民意里,11,20.0,77.1,31.9,4.1,民意里常民生活與社區商業,11,1,7,240770000,24077.0,21888181,148561.6
1996,花蓮縣,花蓮市,民政里,28,31.3,78.5,33.6,4.1,民政里常民生活與社區商業,28,2,15,90426848,9042.7,3229530,301134.1
1996,花蓮縣,花蓮市,民族里,31,37.0,41.0,15.8,12.0,尚未開放（原舊鐵路工務段/空地，夜市在南濱與自強）,34,0,12,247521000,24752.1,7280029,299001.7
1996,花蓮縣,花蓮市,民有里,3,20.0,76.5,31.1,4.1,民有里常民生活與社區商業,3,0,0,106000,10.6,35333,11408.5
1996,花蓮縣,花蓮市,民樂里,3,20.0,76.5,31.1,4.1,民樂里常民生活與社區商業,3,0,0,133000,13.3,44333,11410.6
1996,花蓮縣,花蓮市,民權里,5,20.0,76.6,31.3,4.1,民權里常民生活與社區商業,5,0,2,2058000,205.8,411600,44164.6
1996,花蓮縣,花蓮市,民治里,0,20.0,76.2,30.8,4.1,民治里常民生活與社區商業,0,0,0,0,0.0,0,0.0
1996,花蓮縣,花蓮市,民生里,78,171.4,81.5,41.2,5.0,民生里常民生活與社區商業,81,2,21,49231000,4923.1,607790,574238.5
1996,花蓮縣,花蓮市,民立里,7,20.0,76.8,31.5,4.5,民立里常民生活與社區商業,8,1,5,20029000,2002.9,2503625,94502.3
1996,花蓮縣,花蓮市,民運里,47,45.5,80.1,35.5,5.3,民運里常民生活與社區商業,49,4,19,239440000,23944.0,4886530,442855.2
1997,花蓮縣,花蓮市,主信里,29,28.3,79.8,34.5,4.6,主信里常民生活與社區商業,30,1,11,75254000,7525.4,2508466,257520.3
1997,花蓮縣,花蓮市,主力里,74,467.2,107.0,100.0,2.5,金三角全盛初期，中正/中山路一線店面一位難求,74,10,47,198899000,19889.9,2687824,884611.9
1997,花蓮縣,花蓮市,主勤里,32,34.6,80.1,34.8,5.0,主勤里常民生活與社區商業,33,2,15,68903000,6890.3,2087969,318412.2
1997,花蓮縣,花蓮市,主和里,36,36.7,80.4,35.2,4.6,主和里常民生活與社區商業,37,3,15,52646000,5264.6,1422864,332311.7
1997,花蓮縣,花蓮市,主商里,39,250.5,107.0,100.0,2.5,金三角全盛初期，中正/中山路一線店面一位難求,39,5,22,1042054000,104205.4,26719333,506564.3
1997,花蓮縣,花蓮市,主學里,31,34.1,80.0,34.7,7.4,主學里常民生活與社區商業,31,6,15,20837000,2083.7,672161,306967.0
1997,花蓮縣,花蓮市,主安里,29,31.8,79.8,34.5,6.2,主安里常民生活與社區商業,31,3,14,134517000,13451.7,4339258,303561.4
1997,花蓮縣,花蓮市,主工里,21,143.6,107.0,100.0,2.5,金三角全盛初期，中正/中山路一線店面一位難求,21,1,10,8611000,861.1,410047,205488.9
1997,花蓮縣,花蓮市,主權里,59,72.4,82.3,37.5,7.0,主權里常民生活與社區商業,59,6,35,148128000,14812.8,2510644,673550.2
1997,花蓮縣,花蓮市,主睦里,33,31.6,80.2,34.9,5.0,主睦里常民生活與社區商業,33,1,12,80662000,8066.2,2444303,281853.0
1997,花蓮縣,花蓮市,主義里,12,20.0,78.4,32.8,4.2,主義里常民生活與社區商業,13,0,3,4507000,450.7,346692,87260.6
1997,花蓮縣,花蓮市,主計里,16,20.0,78.7,33.2,4.6,主計里常民生活與社區商業,16,0,3,37526000,3752.6,2345375,101302.1
1997,花蓮縣,花蓮市,主農里,35,37.4,80.3,35.1,5.0,主農里常民生活與社區商業,35,3,16,26030000,2603.0,743714,335082.4
1997,花蓮縣,花蓮市,國光里,30,31.2,79.9,34.6,4.6,國光里常民生活與社區商業,30,0,13,36778000,3677.8,1225933,279442.2
1997,花蓮縣,花蓮市,國威里,38,248.1,107.0,100.0,2.5,金三角全盛初期，中正/中山路一線店面一位難求,40,0,22,354426000,35442.6,8860650,455354.1
1997,花蓮縣,花蓮市,國安里,26,26.7,79.6,34.2,5.0,國安里常民生活與社區商業,27,3,11,45089000,4508.9,1669962,243707.1
1997,花蓮縣,花蓮市,國富里,69,81.2,83.2,38.5,5.4,國富里常民生活與社區商業,72,8,38,112047900,11204.8,1556220,757563.8
1997,花蓮縣,花蓮市,國強里,18,26.0,78.9,33.4,5.0,國強里常民生活與社區商業,20,0,14,69615000,6961.5,3480750,256569.2
1997,花蓮縣,花蓮市,國慶里,16,21.4,78.7,33.2,4.6,國慶里常民生活與社區商業,16,0,11,2490725745,249072.6,155670359,397558.1
1997,花蓮縣,花蓮市,國治里,26,27.9,79.6,34.2,5.8,國治里常民生活與社區商業,26,3,12,57773400,5777.3,2222053,253421.9
1997,花蓮縣,花蓮市,國盛里,31,38.7,80.0,34.7,8.6,國盛里常民生活與社區商業,39,5,19,115545000,11554.5,2962692,394943.6
1997,花蓮縣,花蓮市,國福里,8,20.0,78.1,32.4,4.6,國福里常民生活與社區商業,8,0,5,11243000,1124.3,1405375,93799.4
1997,花蓮縣,花蓮市,國聯里,76,108.3,83.7,39.2,7.8,國聯里常民生活與社區商業,99,9,58,1526599840,152660.0,15420200,1223328.0
1997,花蓮縣,花蓮市,國興里,18,20.0,78.9,33.4,5.0,國興里常民生活與社區商業,18,3,7,145490000,14549.0,8082777,167539.2
1997,花蓮縣,花蓮市,國華里,29,33.0,79.8,34.5,4.6,國華里常民生活與社區商業,30,1,15,41623000,4162.3,1387433,304829.8
1997,花蓮縣,花蓮市,國裕里,53,75.0,81.8,36.9,5.8,國裕里常民生活與社區商業,65,10,40,918661410,91866.1,14133252,820492.9
1997,花蓮縣,花蓮市,國防里,10,20.0,78.2,32.6,4.2,國防里常民生活與社區商業,12,2,8,18889000,1888.9,1574083,147111.1
1997,花蓮縣,花蓮市,國風里,41,51.1,80.8,35.7,5.4,國風里常民生活與社區商業,42,4,25,119308000,11930.8,2840666,481644.6
1997,花蓮縣,花蓮市,國魂里,25,33.2,79.5,34.1,5.4,國魂里常民生活與社區商業,26,4,17,783479300,78347.9,30133819,373978.3
1997,花蓮縣,花蓮市,民主里,15,41.6,83.0,42.4,5.0,民主里常民生活與社區商業,16,1,2,106484000,10648.4,6655250,94318.7
1997,花蓮縣,花蓮市,民享里,21,24.1,79.2,33.7,5.8,民享里常民生活與社區商業,21,1,11,69029000,6902.9,3287095,222822.3
1997,花蓮縣,花蓮市,民勤里,21,26.4,79.2,33.7,5.0,民勤里常民生活與社區商業,22,4,13,64476400,6447.6,2930745,251258.1
1997,花蓮縣,花蓮市,民孝里,28,37.1,79.7,34.4,4.6,民孝里常民生活與社區商業,34,2,19,227514000,22751.4,6691588,384901.1
1997,花蓮縣,花蓮市,民德里,15,20.0,78.7,33.1,5.0,民德里常民生活與社區商業,15,1,6,14622000,1462.2,974800,133169.8
1997,花蓮縣,花蓮市,民心里,83,137.7,84.3,39.9,4.6,民心里常民生活與社區商業,86,6,80,1394337500,139433.8,16213226,1438347.0
1997,花蓮縣,花蓮市,民意里,13,20.0,78.5,32.9,4.2,民意里常民生活與社區商業,13,2,8,240870000,24087.0,18528461,168669.6
1997,花蓮縣,花蓮市,民政里,29,33.0,79.8,34.5,4.2,民政里常民生活與社區商業,29,1,15,90471848,9047.2,3119718,304937.7
1997,花蓮縣,花蓮市,民族里,33,39.0,42.0,16.6,12.0,尚未開放（原舊鐵路工務段/空地，夜市在南濱與自強）,36,2,13,247541000,24754.1,6876138,319103.3
1997,花蓮縣,花蓮市,民有里,3,20.0,77.7,31.9,4.2,民有里常民生活與社區商業,3,0,0,106000,10.6,35333,11408.5
1997,花蓮縣,花蓮市,民樂里,3,20.0,77.7,31.9,4.2,民樂里常民生活與社區商業,3,0,0,133000,13.3,44333,11410.6
1997,花蓮縣,花蓮市,民權里,5,20.0,77.8,32.1,4.2,民權里常民生活與社區商業,5,0,2,2058000,205.8,411600,44164.6
1997,花蓮縣,花蓮市,民治里,0,20.0,77.4,31.6,4.2,民治里常民生活與社區商業,0,0,0,0,0.0,0,0.0
1997,花蓮縣,花蓮市,民生里,81,189.2,83.0,42.4,5.0,民生里常民生活與社區商業,84,3,23,49490000,4949.0,589166,610659.2
1997,花蓮縣,花蓮市,民立里,10,20.0,78.2,32.6,4.6,民立里常民生活與社區商業,11,3,8,63529000,6352.9,5775363,146882.3
1997,花蓮縣,花蓮市,民運里,48,47.8,81.4,36.4,5.4,民運里常民生活與社區商業,50,1,19,239440000,23944.0,4788800,446655.2
1998,花蓮縣,花蓮市,主信里,32,33.5,81.3,35.6,4.8,主信里常民生活與社區商業,33,3,13,87257000,8725.7,2644151,294880.6
1998,花蓮縣,花蓮市,主力里,76,492.1,110.5,105.0,2.5,金三角全盛初期，中正/中山路一線店面一位難求,76,2,47,201399000,20139.9,2649986,892411.9
1998,花蓮縣,花蓮市,主勤里,32,35.9,81.3,35.6,5.2,主勤里常民生活與社區商業,33,0,15,68903000,6890.3,2087969,318412.2
1998,花蓮縣,花蓮市,主和里,39,41.0,81.8,36.3,4.8,主和里常民生活與社區商業,40,3,16,56252000,5625.2,1406300,356500.2
1998,花蓮縣,花蓮市,主商里,40,278.2,110.5,105.0,2.5,金三角全盛初期，中正/中山路一線店面一位難求,41,2,23,1042054000,104205.4,25415951,526664.3
1998,花蓮縣,花蓮市,主學里,35,41.2,81.5,35.9,7.6,主學里常民生活與社區商業,35,4,18,77637000,7763.7,2218200,364211.0
1998,花蓮縣,花蓮市,主安里,30,34.8,81.1,35.4,6.4,主安里常民生活與社區商業,32,1,15,135517000,13551.7,4234906,319941.4
1998,花蓮縣,花蓮市,主工里,23,168.5,110.5,105.0,2.5,金三角全盛初期，中正/中山路一線店面一位難求,23,2,10,8621000,862.1,374826,213089.7
1998,花蓮縣,花蓮市,主權里,62,77.9,83.8,38.6,7.2,主權里常民生活與社區商業,62,3,36,151137000,15113.7,2437693,697691.0
1998,花蓮縣,花蓮市,主睦里,34,33.4,81.4,35.8,5.2,主睦里常民生活與社區商業,34,1,12,80667000,8066.7,2372558,285653.4
1998,花蓮縣,花蓮市,主義里,12,20.0,79.6,33.6,4.4,主義里常民生活與社區商業,13,0,3,4507000,450.7,346692,87260.6
1998,花蓮縣,花蓮市,主計里,16,20.0,79.9,34.0,4.8,主計里常民生活與社區商業,16,0,3,37526000,3752.6,2345375,101302.1
1998,花蓮縣,花蓮市,主農里,39,43.4,81.8,36.3,5.2,主農里常民生活與社區商業,39,4,18,33293000,3329.3,853666,375863.4
1998,花蓮縣,花蓮市,國光里,32,34.7,81.3,35.6,4.8,國光里常民生活與社區商業,32,2,14,36791000,3679.1,1149718,299543.3
1998,花蓮縣,花蓮市,國威里,42,288.4,110.5,105.0,2.5,金三角全盛初期，中正/中山路一線店面一位難求,44,4,24,354719000,35471.9,8061795,495577.5
1998,花蓮縣,花蓮市,國安里,27,29.5,80.8,35.1,5.2,國安里常民生活與社區商業,28,1,12,47089000,4708.9,1681750,260167.1
1998,花蓮縣,花蓮市,國富里,76,91.7,84.9,40.0,5.6,國富里常民生活與社區商業,79,7,41,113266900,11326.7,1433758,821761.4
1998,花蓮縣,花蓮市,國強里,18,26.9,80.1,34.2,5.2,國強里常民生活與社區商業,20,0,14,69615000,6961.5,3480750,256569.2
1998,花蓮縣,花蓮市,國慶里,17,23.9,80.0,34.1,4.8,國慶里常民生活與社區商業,17,1,12,2490925745,249092.6,146525043,413874.1
1998,花蓮縣,花蓮市,國治里,29,31.8,81.0,35.3,6.0,國治里常民生活與社區商業,29,3,13,57901400,5790.1,1996600,277332.1
1998,花蓮縣,花蓮市,國盛里,35,46.0,81.5,35.9,8.8,國盛里常民生活與社區商業,43,4,22,125645000,12564.5,2921976,448451.6
1998,花蓮縣,花蓮市,國福里,8,20.0,79.3,33.2,4.8,國福里常民生活與社區商業,8,0,5,11243000,1124.3,1405375,93799.4
1998,花蓮縣,花蓮市,國聯里,83,124.6,85.5,40.7,8.0,國聯里常民生活與社區商業,106,7,65,1549092840,154909.3,14614083,1339227.4
1998,花蓮縣,花蓮市,國興里,21,21.3,80.3,34.5,5.2,國興里常民生活與社區商業,21,3,8,149110000,14911.0,7100476,191728.8
1998,花蓮縣,花蓮市,國華里,29,34.2,81.0,35.3,4.8,國華里常民生活與社區商業,30,0,15,41623000,4162.3,1387433,304829.8
1998,花蓮縣,花蓮市,國裕里,56,84.3,83.3,38.0,6.0,國裕里常民生活與社區商業,70,5,44,978964410,97896.4,13985205,894317.2
1998,花蓮縣,花蓮市,國防里,11,20.0,79.5,33.5,4.4,國防里常民生活與社區商業,13,1,8,18892000,1889.2,1453230,150911.4
1998,花蓮縣,花蓮市,國風里,45,57.6,82.3,36.9,5.6,國風里常民生活與社區商業,46,4,27,119856000,11985.6,2605565,521888.5
1998,花蓮縣,花蓮市,國魂里,27,38.0,80.8,35.1,5.6,國魂里常民生活與社區商業,28,2,19,789479300,78947.9,28195689,407058.3
1998,花蓮縣,花蓮市,民主里,16,50.9,84.5,43.6,5.0,民主里常民生活與社區商業,17,1,2,106487000,10648.7,6263941,98119.0
1998,花蓮縣,花蓮市,民享里,21,24.9,80.3,34.5,6.0,民享里常民生活與社區商業,21,0,11,69029000,6902.9,3287095,222822.3
1998,花蓮縣,花蓮市,民勤里,25,33.2,80.7,34.9,5.2,民勤里常民生活與社區商業,26,4,16,80576400,8057.6,3099092,305246.1
1998,花蓮縣,花蓮市,民孝里,31,43.8,81.2,35.5,4.8,民孝里常民生活與社區商業,43,9,22,235314000,23531.4,5472418,457225.1
1998,花蓮縣,花蓮市,民德里,17,20.0,80.0,34.1,5.2,民德里常民生活與社區商業,17,2,7,14642000,1464.2,861294,153271.4
1998,花蓮縣,花蓮市,民心里,87,149.8,85.8,41.1,4.8,民心里常民生活與社區商業,90,4,84,1450337500,145033.8,16114861,1508027.0
1998,花蓮縣,花蓮市,民意里,14,20.0,79.8,33.8,4.4,民意里常民生活與社區商業,14,1,9,241870000,24187.0,17276428,185049.6
1998,花蓮縣,花蓮市,民政里,31,39.0,81.2,35.5,4.4,民政里常民生活與社區商業,32,3,18,109471848,10947.2,3420995,355357.7
1998,花蓮縣,花蓮市,民族里,35,41.0,43.0,17.4,12.0,尚未開放（原舊鐵路工務段/空地，夜市在南濱與自強）,38,2,14,297546000,29754.6,7830157,343203.7
1998,花蓮縣,花蓮市,民有里,3,20.0,78.8,32.7,4.4,民有里常民生活與社區商業,3,0,0,106000,10.6,35333,11408.5
1998,花蓮縣,花蓮市,民樂里,4,20.0,78.9,32.8,4.4,民樂里常民生活與社區商業,4,1,1,20133000,2013.3,5033250,29310.6
1998,花蓮縣,花蓮市,民權里,5,20.0,79.0,32.9,4.4,民權里常民生活與社區商業,5,0,2,2058000,205.8,411600,44164.6
1998,花蓮縣,花蓮市,民治里,0,20.0,78.6,32.4,4.4,民治里常民生活與社區商業,0,0,0,0,0.0,0,0.0
1998,花蓮縣,花蓮市,民生里,82,201.4,84.5,43.6,5.0,民生里常民生活與社區商業,85,1,24,78990000,7899.0,929294,629319.2
1998,花蓮縣,花蓮市,民立里,12,20.0,79.6,33.6,4.8,民立里常民生活與社區商業,13,2,9,65532000,6553.2,5040923,167142.6
1998,花蓮縣,花蓮市,民運里,50,53.1,82.8,37.4,5.6,民運里常民生活與社區商業,53,3,21,294440000,29444.0,5555471,487455.2
1999,花蓮縣,花蓮市,主信里,32,34.7,82.5,36.4,4.9,主信里常民生活與社區商業,33,0,13,87257000,8725.7,2644151,294880.6
1999,花蓮縣,花蓮市,主力里,80,537.6,114.0,110.0,2.5,金三角全盛初期，中正/中山路一線店面一位難求,80,4,50,222409000,22240.9,2780112,946792.7
1999,花蓮縣,花蓮市,主勤里,34,40.8,82.6,36.6,5.3,主勤里常民生活與社區商業,35,2,17,70103000,7010.3,2002942,351108.2
1999,花蓮縣,花蓮市,主和里,40,44.3,83.1,37.2,4.9,主和里常民生活與社區商業,41,1,17,81252000,8125.2,1981756,374800.2
1999,花蓮縣,花蓮市,主商里,41,300.7,114.0,110.0,2.5,金三角全盛初期，中正/中山路一線店面一位難求,42,1,23,1042654000,104265.4,24825095,530512.3
1999,花蓮縣,花蓮市,主學里,36,43.2,82.8,36.8,7.7,主學里常民生活與社區商業,36,1,18,77640000,7764.0,2156666,368011.2
1999,花蓮縣,花蓮市,主安里,30,37.3,82.3,36.2,6.5,主安里常民生活與社區商業,34,2,16,135787000,13578.7,3993735,340063.0
1999,花蓮縣,花蓮市,主工里,26,206.3,114.0,110.0,2.5,金三角全盛初期，中正/中山路一線店面一位難求,27,4,12,16727000,1672.7,619518,253938.2
1999,花蓮縣,花蓮市,主權里,69,91.0,85.5,40.1,7.3,主權里常民生活與社區商業,70,8,41,161662000,16166.2,2309457,791433.0
1999,花蓮縣,花蓮市,主睦里,37,38.8,82.9,36.9,5.3,主睦里常民生活與社區商業,37,3,14,83467000,8346.7,2255864,322277.4
1999,花蓮縣,花蓮市,主義里,13,20.0,80.9,34.5,4.5,主義里常民生活與社區商業,14,1,4,4510000,451.0,322142,103560.8
1999,花蓮縣,花蓮市,主計里,18,20.0,81.3,35.0,4.9,主計里常民生活與社區商業,18,2,4,57726000,5772.6,3207000,123018.1
1999,花蓮縣,花蓮市,主農里,44,51.6,83.5,37.6,5.3,主農里常民生活與社區商業,44,5,21,49516000,4951.6,1125363,433661.3
1999,花蓮縣,花蓮市,國光里,33,36.5,82.5,36.5,4.9,國光里常民生活與社區商業,33,1,14,36794000,3679.4,1114969,303343.5
1999,花蓮縣,花蓮市,國威里,48,338.7,114.0,110.0,2.5,金三角全盛初期，中正/中山路一線店面一位難求,50,6,27,360260000,36026.0,7205200,556320.8
1999,花蓮縣,花蓮市,國安里,29,32.9,82.2,36.1,5.3,國安里常民生活與社區商業,30,2,13,47092000,4709.2,1569733,280267.4
1999,花蓮縣,花蓮市,國富里,85,105.2,86.9,41.7,5.7,國富里常民生活與社區商業,88,9,45,113794900,11379.5,1293123,906003.6
1999,花蓮縣,花蓮市,國強里,19,29.7,81.4,35.1,5.3,國強里常民生活與社區商業,21,1,15,75615000,7561.5,3600714,273349.2
1999,花蓮縣,花蓮市,國慶里,19,28.4,81.4,35.1,4.9,國慶里常民生活與社區商業,20,3,14,2490978745,249097.9,124548937,450278.3
1999,花蓮縣,花蓮市,國治里,31,35.3,82.4,36.3,6.1,國治里常民生活與社區商業,31,2,14,57964400,5796.4,1869819,297437.2
1999,花蓮縣,花蓮市,國盛里,39,55.0,83.0,37.1,8.9,國盛里常民生活與社區商業,47,4,26,127345000,12734.5,2709468,513787.6
1999,花蓮縣,花蓮市,國福里,8,20.0,80.5,34.0,4.9,國福里常民生活與社區商業,8,0,5,11243000,1124.3,1405375,93799.4
1999,花蓮縣,花蓮市,國聯里,93,142.3,87.5,42.5,8.1,國聯里常民生活與社區商業,116,10,71,1549358840,154935.9,13356541,1452248.7
1999,花蓮縣,花蓮市,國興里,23,24.5,81.7,35.5,5.3,國興里常民生活與社區商業,23,2,9,154120000,15412.0,6700869,212229.6
1999,花蓮縣,花蓮市,國華里,30,37.3,82.3,36.2,4.9,國華里常民生活與社區商業,31,1,16,42083000,4208.3,1357516,321166.6
1999,花蓮縣,花蓮市,國裕里,57,87.9,84.5,38.9,6.1,國裕里常民生活與社區商業,71,1,44,978967410,97896.7,13788273,898117.4
1999,花蓮縣,花蓮市,國防里,12,20.0,80.8,34.4,4.5,國防里常民生活與社區商業,14,1,9,18902000,1890.2,1350142,167212.2
1999,花蓮縣,花蓮市,國風里,49,65.7,83.9,38.1,5.7,國風里常民生活與社區商業,50,4,30,122206000,12220.6,2444120,574776.5
1999,花蓮縣,花蓮市,國魂里,29,41.7,82.2,36.1,5.7,國魂里常民生活與社區商業,31,3,20,797492300,79749.2,25725558,431599.4
1999,花蓮縣,花蓮市,民主里,18,61.5,86.0,44.8,5.0,民主里常民生活與社區商業,19,2,2,106495000,10649.5,5605000,105719.6
1999,花蓮縣,花蓮市,民享里,23,28.2,81.7,35.5,6.1,民享里常民生活與社區商業,23,2,12,69032000,6903.2,3001391,242922.6
1999,花蓮縣,花蓮市,民勤里,25,34.4,81.9,35.7,5.3,民勤里常民生活與社區商業,26,0,16,80576400,8057.6,3099092,305246.1
1999,花蓮縣,花蓮市,民孝里,34,49.6,82.6,36.6,4.9,民孝里常民生活與社區商業,48,5,24,260717000,26071.7,5431604,503257.4
1999,花蓮縣,花蓮市,民德里,18,20.4,81.3,35.0,5.3,民德里常民生活與社區商業,18,1,8,25642000,2564.2,1424555,170451.4
1999,花蓮縣,花蓮市,民心里,90,161.9,87.3,42.2,4.9,民心里常民生活與社區商業,94,4,88,1774337500,177433.8,18875930,1599147.0
1999,花蓮縣,花蓮市,民意里,14,20.0,81.0,34.6,4.5,民意里常民生活與社區商業,14,0,9,241870000,24187.0,17276428,185049.6
1999,花蓮縣,花蓮市,民政里,32,43.4,82.5,36.4,4.5,民政里常民生活與社區商業,34,2,20,114071848,11407.2,3355054,388325.7
1999,花蓮縣,花蓮市,民族里,36,43.0,44.0,18.2,12.0,尚未開放（原舊鐵路工務段/空地，夜市在南濱與自強）,39,1,14,297551000,29755.1,7629512,347004.1
1999,花蓮縣,花蓮市,民有里,4,20.0,80.1,33.6,4.5,民有里常民生活與社區商業,4,1,1,156000,15.6,39000,27712.5
1999,花蓮縣,花蓮市,民樂里,4,20.0,80.1,33.6,4.5,民樂里常民生活與社區商業,4,0,1,20133000,2013.3,5033250,29310.6
1999,花蓮縣,花蓮市,民權里,6,20.0,80.3,33.8,4.5,民權里常民生活與社區商業,6,1,2,2061000,206.1,343500,47964.9
1999,花蓮縣,花蓮市,民治里,0,20.0,79.8,33.2,4.5,民治里常民生活與社區商業,0,0,0,0,0.0,0,0.0
1999,花蓮縣,花蓮市,民生里,83,213.6,86.0,44.8,5.0,民生里常民生活與社區商業,86,1,25,88990000,8899.0,1034767,646419.2
1999,花蓮縣,花蓮市,民立里,15,23.6,81.0,34.7,4.9,民立里常民生活與社區商業,16,3,12,80732000,8073.2,5045750,217258.6
1999,花蓮縣,花蓮市,民運里,50,55.0,84.0,38.2,5.7,民運里常民生活與社區商業,53,0,21,294440000,29444.0,5555471,487455.2
2000,花蓮縣,花蓮市,主信里,34,38.3,83.8,37.4,5.0,主信里常民生活與社區商業,35,2,14,90260000,9026.0,2578857,315220.8
2000,花蓮縣,花蓮市,主力里,85,580.3,117.5,115.0,2.5,三中商圈黃金鼎盛期，大禹街服飾與名產匯聚，夜間燈火通明,85,5,52,230427000,23042.7,2710905,991434.2
2000,花蓮縣,花蓮市,主勤里,36,46.0,84.0,37.6,5.4,主勤里常民生活與社區商業,37,2,19,70103000,7010.3,1894675,383708.2
2000,花蓮縣,花蓮市,主和里,42,49.6,84.5,38.2,5.0,主和里常民生活與社區商業,43,2,19,86452000,8645.2,2010511,407816.2
2000,花蓮縣,花蓮市,主商里,44,338.5,117.5,115.0,2.5,三中商圈黃金鼎盛期，大禹街服飾與名產匯聚，夜間燈火通明,45,3,25,1043104000,104310.4,23180088,566948.3
2000,花蓮縣,花蓮市,主學里,36,44.7,84.0,37.6,7.8,主學里常民生活與社區商業,36,0,18,77640000,7764.0,2156666,368011.2
2000,花蓮縣,花蓮市,主安里,30,38.6,83.5,37.0,6.6,主安里常民生活與社區商業,35,1,16,135987000,13598.7,3885342,343879.0
2000,花蓮縣,花蓮市,主工里,30,251.8,117.5,115.0,2.5,三中商圈黃金鼎盛期，大禹街服飾與名產匯聚，夜間燈火通明,31,4,15,42257000,4225.7,1363129,308680.6
2000,花蓮縣,花蓮市,主權里,74,101.0,87.2,41.4,7.4,主權里常民生活與社區商業,75,5,44,172052000,17205.2,2294026,848764.2
2000,花蓮縣,花蓮市,主睦里,39,46.5,84.2,37.9,5.4,主睦里常民生活與社區商業,41,4,18,123877000,12387.7,3021390,390710.2
2000,花蓮縣,花蓮市,主義里,13,20.0,82.1,35.3,4.6,主義里常民生活與社區商業,14,0,4,4510000,451.0,322142,103560.8
2000,花蓮縣,花蓮市,主計里,18,20.0,82.5,35.8,5.0,主計里常民生活與社區商業,18,0,4,57726000,5772.6,3207000,123018.1
2000,花蓮縣,花蓮市,主農里,46,54.5,84.8,38.6,5.4,主農里常民生活與社區商業,46,2,21,49569000,4956.9,1077586,441265.5
2000,花蓮縣,花蓮市,國光里,34,38.3,83.8,37.4,5.0,國光里常民生活與社區商業,34,1,14,36797000,3679.7,1082264,307143.8
2000,花蓮縣,花蓮市,國威里,53,386.7,117.5,115.0,2.5,三中商圈黃金鼎盛期，大禹街服飾與名產匯聚，夜間燈火通明,55,5,30,361483000,36148.3,6572418,612918.6
2000,花蓮縣,花蓮市,國安里,29,34.1,83.4,36.9,5.4,國安里常民生活與社區商業,30,0,13,47092000,4709.2,1569733,280267.4
2000,花蓮縣,花蓮市,國富里,90,115.7,88.5,43.0,5.8,國富里常民生活與社區商業,93,5,48,166800900,16680.1,1793558,966744.1
2000,花蓮縣,花蓮市,國強里,21,34.5,82.8,36.1,5.4,國強里常民生活與社區商業,23,2,17,78665000,7866.5,3420217,306193.2
2000,花蓮縣,花蓮市,國慶里,20,31.3,82.7,36.0,5.0,國慶里常民生活與社區商業,21,1,15,2491978745,249197.9,118665654,466658.3
2000,花蓮縣,花蓮市,國治里,32,38.4,83.7,37.2,6.2,國治里常民生活與社區商業,32,1,15,63964400,6396.4,1998887,314217.2
2000,花蓮縣,花蓮市,國盛里,42,59.9,84.5,38.2,9.0,國盛里常民生活與社區商業,50,3,27,131000000,13100.0,2620000,537980.0
2000,花蓮縣,花蓮市,國福里,8,20.0,81.7,34.8,5.0,國福里常民生活與社區商業,8,0,5,11243000,1124.3,1405375,93799.4
2000,花蓮縣,花蓮市,國聯里,97,152.2,89.1,43.7,8.2,國聯里常民生活與社區商業,120,4,73,1550441840,155044.2,12920348,1492535.3
2000,花蓮縣,花蓮市,國興里,27,31.6,83.2,36.7,5.4,國興里常民生活與社區商業,27,4,12,154875000,15487.5,5736111,264990.0
2000,花蓮縣,花蓮市,國華里,30,38.6,83.5,37.0,5.0,國華里常民生活與社區商業,31,0,16,42083000,4208.3,1357516,321166.6
2000,花蓮縣,花蓮市,國裕里,63,99.6,86.2,40.3,6.2,國裕里常民生活與社區商業,77,6,48,1010970410,101097.0,13129485,973477.6
2000,花蓮縣,花蓮市,國防里,12,20.0,82.0,35.2,4.6,國防里常民生活與社區商業,14,0,9,18902000,1890.2,1350142,167212.2
2000,花蓮縣,花蓮市,國風里,52,72.4,85.3,39.2,5.8,國風里常民生活與社區商業,54,4,32,147389000,14738.9,2729425,616991.1
2000,花蓮縣,花蓮市,國魂里,31,46.9,83.6,37.1,5.8,國魂里常民生活與社區商業,33,2,22,799592300,79959.2,24230069,464367.4
2000,花蓮縣,花蓮市,民主里,20,72.2,87.5,46.0,5.0,民主里常民生活與社區商業,22,3,2,106511000,10651.1,4841409,117120.9
2000,花蓮縣,花蓮市,民享里,25,31.7,83.1,36.5,6.2,民享里常民生活與社區商業,25,2,13,69035000,6903.5,2761400,263022.8
2000,花蓮縣,花蓮市,民勤里,25,35.6,83.1,36.5,5.4,民勤里常民生活與社區商業,26,0,16,80576400,8057.6,3099092,305246.1
2000,花蓮縣,花蓮市,民孝里,35,51.9,83.9,37.5,5.0,民孝里常民生活與社區商業,52,4,24,261020000,26102.0,5019615,518481.6
2000,花蓮縣,花蓮市,民德里,18,21.1,82.5,35.8,5.4,民德里常民生活與社區商業,18,0,8,25642000,2564.2,1424555,170451.4
2000,花蓮縣,花蓮市,民心里,94,177.7,88.8,43.4,5.0,民心里常民生活與社區商業,101,7,94,1976637500,197663.8,19570668,1716931.0
2000,花蓮縣,花蓮市,民意里,14,20.0,82.2,35.4,4.6,民意里常民生活與社區商業,14,0,9,241870000,24187.0,17276428,185049.6
2000,花蓮縣,花蓮市,民政里,33,45.5,83.8,37.3,4.6,民政里常民生活與社區商業,35,1,20,114076848,11407.7,3259338,392126.1
2000,花蓮縣,花蓮市,民族里,36,45.0,45.0,19.0,12.0,尚未開放（原舊鐵路工務段/空地，夜市在南濱與自強）,39,0,14,297551000,29755.1,7629512,347004.1
2000,花蓮縣,花蓮市,民有里,4,20.0,81.3,34.4,4.6,民有里常民生活與社區商業,4,0,1,156000,15.6,39000,27712.5
2000,花蓮縣,花蓮市,民樂里,4,20.0,81.3,34.4,4.6,民樂里常民生活與社區商業,4,0,1,20133000,2013.3,5033250,29310.6
2000,花蓮縣,花蓮市,民權里,6,20.0,81.5,34.6,4.6,民權里常民生活與社區商業,6,0,2,2061000,206.1,343500,47964.9
2000,花蓮縣,花蓮市,民治里,0,20.0,81.0,34.0,4.6,民治里常民生活與社區商業,0,0,0,0,0.0,0,0.0
2000,花蓮縣,花蓮市,民生里,85,230.0,87.5,46.0,5.0,民生里常民生活與社區商業,89,3,27,90390000,9039.0,1015617,682931.2
2000,花蓮縣,花蓮市,民立里,16,26.4,82.3,35.6,5.0,民立里常民生活與社區商業,17,1,13,81222000,8122.2,4777764,233597.8
2000,花蓮縣,花蓮市,民運里,53,62.6,85.4,39.3,5.8,民運里常民生活與社區商業,56,3,24,315640000,31564.0,5636428,538051.2
2001,花蓮縣,花蓮市,主信里,35,40.2,85.1,38.3,5.1,主信里常民生活與社區商業,36,1,14,90263000,9026.3,2507305,319021.0
2001,花蓮縣,花蓮市,主力里,87,721.0,120.0,120.0,3.2,三中商圈黃金鼎盛期，大禹街服飾與名產匯聚，夜間燈火通明,87,2,54,235627000,23562.7,2708356,1024450.2
2001,花蓮縣,花蓮市,主勤里,37,49.5,85.3,38.5,5.5,主勤里常民生活與社區商業,38,1,20,70303000,7030.3,1850078,400024.2
2001,花蓮縣,花蓮市,主和里,48,56.2,86.2,39.6,5.1,主和里常民生活與社區商業,49,6,20,115728000,11572.8,2361795,445458.2
2001,花蓮縣,花蓮市,主商里,44,346.9,120.0,120.0,3.2,三中商圈黃金鼎盛期，大禹街服飾與名產匯聚，夜間燈火通明,45,0,25,1043104000,104310.4,23180088,566948.3
2001,花蓮縣,花蓮市,主學里,40,51.3,85.5,38.8,7.9,主學里常民生活與社區商業,40,4,20,127663000,12766.3,3191575,412213.0
2001,花蓮縣,花蓮市,主安里,34,46.3,85.0,38.2,6.7,主安里常民生活與社區商業,39,4,19,141584000,14158.4,3630358,397026.7
2001,花蓮縣,花蓮市,主工里,34,257.9,120.0,120.0,3.2,三中商圈黃金鼎盛期，大禹街服飾與名產匯聚，夜間燈火通明,35,4,18,132460000,13246.0,3784571,368596.8
2001,花蓮縣,花蓮市,主權里,82,114.6,89.0,43.0,7.5,主權里常民生活與社區商業,83,8,48,179558000,17955.8,2163349,929764.6
2001,花蓮縣,花蓮市,主睦里,41,50.6,85.6,38.9,5.5,主睦里常民生活與社區商業,43,2,19,124080000,12408.0,2885581,410826.4
2001,花蓮縣,花蓮市,主義里,13,20.0,83.3,36.1,4.7,主義里常民生活與社區商業,14,0,4,4510000,451.0,322142,103560.8
2001,花蓮縣,花蓮市,主計里,20,20.0,83.9,36.8,5.1,主計里常民生活與社區商業,20,2,5,58126000,5812.6,2906300,143150.1
2001,花蓮縣,花蓮市,主農里,48,58.9,86.2,39.6,5.5,主農里常民生活與社區商業,48,2,22,87572000,8757.2,1824416,464405.8
2001,花蓮縣,花蓮市,國光里,36,40.8,85.2,38.4,5.1,國光里常民生活與社區商業,36,2,14,36827000,3682.7,1022972,314746.2
2001,花蓮縣,花蓮市,國威里,57,438.7,120.0,120.0,3.2,三中商圈黃金鼎盛期，大禹街服飾與名產匯聚，夜間燈火通明,60,5,31,361766000,36176.6,6029433,644441.3
2001,花蓮縣,花蓮市,國安里,30,35.8,84.7,37.8,5.5,國安里常民生活與社區商業,31,1,13,47097000,4709.7,1519258,284067.8
2001,花蓮縣,花蓮市,國富里,102,134.9,90.7,45.0,5.9,國富里常民生活與社區商業,105,12,54,174279900,17428.0,1659808,1087942.4
2001,花蓮縣,花蓮市,國強里,22,37.6,84.0,37.0,5.5,國強里常民生活與社區商業,24,1,18,78865000,7886.5,3286041,322509.2
2001,花蓮縣,花蓮市,國慶里,22,36.3,84.0,37.0,5.1,國慶里常民生活與社區商業,23,2,17,2492418745,249241.9,108366032,499293.5
2001,花蓮縣,花蓮市,國治里,33,40.3,85.0,38.1,6.3,國治里常民生活與社區商業,33,1,15,63967400,6396.7,1938406,318017.4
2001,花蓮縣,花蓮市,國盛里,47,70.4,86.1,39.5,9.1,國盛里常民生活與社區商業,55,5,31,136691000,13669.1,2485290,607435.3
2001,花蓮縣,花蓮市,國福里,10,20.0,83.0,35.8,5.1,國福里常民生活與社區商業,10,2,5,11251000,1125.1,1125100,101400.1
2001,花蓮縣,花蓮市,國聯里,102,164.4,90.7,45.0,8.3,國聯里常民生活與社區商業,125,5,76,1554655840,155465.6,12437246,1549372.5
2001,花蓮縣,花蓮市,國興里,31,36.4,84.8,37.9,5.5,國興里常民生活與社區商業,31,4,13,155173000,15517.3,5005580,292713.8
2001,花蓮縣,花蓮市,國華里,32,43.7,84.9,38.0,5.1,國華里常民生活與社區商業,33,2,18,43283000,4328.3,1311606,353862.6
2001,花蓮縣,花蓮市,國裕里,72,115.2,88.2,42.0,6.3,國裕里常民生活與社區商業,86,9,53,1017069410,101706.9,11826388,1070665.6
2001,花蓮縣,花蓮市,國防里,14,23.3,83.4,36.2,4.7,國防里常民生活與社區商業,16,2,11,20102000,2010.2,1256375,199908.2
2001,花蓮縣,花蓮市,國風里,58,82.5,87.0,40.6,5.9,國風里常民生活與社區商業,61,7,35,148473000,14847.3,2433983,681177.8
2001,花蓮縣,花蓮市,國魂里,34,51.7,85.0,38.2,5.9,國魂里常民生活與社區商業,36,3,23,802645300,80264.5,22295702,488511.6
2001,花蓮縣,花蓮市,民主里,27,89.4,89.0,47.2,5.0,民主里常民生活與社區商業,29,7,2,106608000,10660.8,3676137,143728.6
2001,花蓮縣,花蓮市,民享里,27,36.7,84.5,37.5,6.3,民享里常民生活與社區商業,27,2,15,121235000,12123.5,4490185,299798.8
2001,花蓮縣,花蓮市,民勤里,30,43.9,84.7,37.8,5.5,民勤里常民生活與社區商業,32,6,19,109044400,10904.4,3407637,367823.6
2001,花蓮縣,花蓮市,民孝里,37,56.2,85.3,38.5,5.1,民孝里常民生活與社區商業,55,3,25,273125000,27312.5,4965909,543350.0
2001,花蓮縣,花蓮市,民德里,20,25.7,83.9,36.8,5.5,民德里常民生活與社區商業,20,2,10,26292000,2629.2,1314600,203103.4
2001,花蓮縣,花蓮市,民心里,97,189.4,90.3,44.5,5.1,民心里常民生活與社區商業,104,3,97,2001637500,200163.8,19246514,1767831.0
2001,花蓮縣,花蓮市,民意里,15,21.3,83.5,36.3,4.7,民意里常民生活與社區商業,15,1,9,241873000,24187.3,16124866,188849.8
2001,花蓮縣,花蓮市,民政里,34,49.0,85.0,38.2,4.7,民政里常民生活與社區商業,36,1,21,126576848,12657.7,3516023,409426.1
2001,花蓮縣,花蓮市,民族里,38,47.0,46.0,19.8,12.0,尚未開放（原舊鐵路工務段/空地，夜市在南濱與自強）,41,2,15,298066000,29806.6,7269902,367145.3
2001,花蓮縣,花蓮市,民有里,5,20.0,82.6,35.3,4.7,民有里常民生活與社區商業,5,1,1,159000,15.9,31800,31512.7
2001,花蓮縣,花蓮市,民樂里,4,20.0,82.5,35.2,4.7,民樂里常民生活與社區商業,4,0,1,20133000,2013.3,5033250,29310.6
2001,花蓮縣,花蓮市,民權里,6,20.0,82.7,35.4,4.7,民權里常民生活與社區商業,6,0,2,2061000,206.1,343500,47964.9
2001,花蓮縣,花蓮市,民治里,0,20.0,82.2,34.8,4.7,民治里常民生活與社區商業,0,0,0,0,0.0,0,0.0
2001,花蓮縣,花蓮市,民生里,90,250.3,89.0,47.2,5.0,民生里常民生活與社區商業,95,6,29,90446000,9044.6,952063,730735.7
2001,花蓮縣,花蓮市,民立里,17,29.2,83.6,36.5,5.1,民立里常民生活與社區商業,19,2,14,81225000,8122.5,4275000,253698.0
2001,花蓮縣,花蓮市,民運里,55,65.9,86.8,40.3,5.9,民運里常民生活與社區商業,58,2,24,315646000,31564.6,5442172,545651.7
2002,花蓮縣,花蓮市,主信里,35,41.5,86.3,39.1,5.2,主信里常民生活與社區商業,36,0,14,90263000,9026.3,2507305,319021.0
2002,花蓮縣,花蓮市,主力里,93,807.8,123.2,124.5,3.2,三中商圈黃金鼎盛期，大禹街服飾與名產匯聚，夜間燈火通明,93,6,58,248027000,24802.7,2666956,1098242.2
2002,花蓮縣,花蓮市,主勤里,42,59.8,86.9,39.8,5.6,主勤里常民生活與社區商業,43,5,24,70902000,7090.2,1648883,469072.2
2002,花蓮縣,花蓮市,主和里,49,60.1,87.5,40.5,5.2,主和里常民生活與社區商業,51,2,21,115979000,11597.9,2274098,465578.3
2002,花蓮縣,花蓮市,主商里,44,381.9,123.2,124.5,3.2,三中商圈黃金鼎盛期，大禹街服飾與名產匯聚，夜間燈火通明,45,0,25,1043104000,104310.4,23180088,566948.3
2002,花蓮縣,花蓮市,主學里,44,56.9,87.1,40.0,8.0,主學里常民生活與社區商業,44,4,21,127881000,12788.1,2906386,439930.5
2002,花蓮縣,花蓮市,主安里,36,50.5,86.4,39.2,6.8,主安里常民生活與社區商業,41,2,20,141835000,14183.5,3459390,417146.8
2002,花蓮縣,花蓮市,主工里,34,292.9,123.2,124.5,3.2,三中商圈黃金鼎盛期，大禹街服飾與名產匯聚，夜間燈火通明,35,0,18,132460000,13246.0,3784571,368596.8
2002,花蓮縣,花蓮市,主權里,89,131.0,90.8,44.5,7.6,主權里常民生活與社區商業,91,8,54,208114000,20811.4,2286967,1037449.1
2002,花蓮縣,花蓮市,主睦里,41,52.2,86.8,39.7,5.6,主睦里常民生活與社區商業,43,0,19,124080000,12408.0,2885581,410826.4
2002,花蓮縣,花蓮市,主義里,14,20.0,84.6,37.0,4.8,主義里常民生活與社區商業,15,1,5,5310000,531.0,354000,119924.8
2002,花蓮縣,花蓮市,主計里,22,20.9,85.2,37.8,5.2,主計里常民生活與社區商業,22,2,5,58179000,5817.9,2644500,150754.3
2002,花蓮縣,花蓮市,主農里,51,65.5,87.7,40.7,5.6,主農里常民生活與社區商業,51,3,24,92177000,9217.7,1807392,501174.2
2002,花蓮縣,花蓮市,國光里,38,44.8,86.6,39.4,5.2,國光里常民生活與社區商業,38,2,15,37030000,3703.0,974473,334862.4
2002,花蓮縣,花蓮市,國威里,62,499.0,123.2,124.5,3.2,三中商圈黃金鼎盛期，大禹街服飾與名產匯聚，夜間燈火通明,65,5,32,361889000,36188.9,5567523,675951.1
2002,花蓮縣,花蓮市,國安里,34,42.3,86.2,39.0,5.6,國安里常民生活與社區商業,35,4,15,52803000,5280.3,1508657,324724.2
2002,花蓮縣,花蓮市,國富里,113,153.2,92.8,46.9,6.0,國富里常民生活與社區商業,116,11,59,180292900,18029.3,1554249,1192723.4
2002,花蓮縣,花蓮市,國強里,22,38.8,85.2,37.8,5.6,國強里常民生活與社區商業,24,0,18,78865000,7886.5,3286041,322509.2
2002,花蓮縣,花蓮市,國慶里,29,48.8,85.8,38.5,5.2,國慶里常民生活與社區商業,30,7,22,2497371745,249737.2,83245724,588789.7
2002,花蓮縣,花蓮市,國治里,34,43.7,86.2,39.0,6.4,國治里常民生活與社區商業,34,1,16,64067400,6406.7,1884335,334325.4
2002,花蓮縣,花蓮市,國盛里,52,81.3,87.7,40.8,9.2,國盛里常民生活與社區商業,60,5,35,146894000,14689.4,2448233,677251.5
2002,花蓮縣,花蓮市,國福里,10,20.0,84.2,36.6,5.2,國福里常民生活與社區商業,10,0,5,11251000,1125.1,1125100,101400.1
2002,花蓮縣,花蓮市,國聯里,108,179.0,92.4,46.4,8.4,國聯里常民生活與社區商業,131,6,80,1567130840,156713.1,11962830,1623170.5
2002,花蓮縣,花蓮市,國興里,33,40.3,86.2,38.9,5.6,國興里常民生活與社區商業,33,2,14,185173000,18517.3,5611303,315213.8
2002,花蓮縣,花蓮市,國華里,32,45.2,86.1,38.8,5.2,國華里常民生活與社區商業,33,0,18,43283000,4328.3,1311606,353862.6
2002,花蓮縣,花蓮市,國裕里,81,130.1,90.2,43.7,6.4,國裕里常民生活與社區商業,95,9,57,1018303410,101830.3,10718983,1154964.3
2002,花蓮縣,花蓮市,國防里,14,24.1,84.6,37.0,4.8,國防里常民生活與社區商業,16,0,11,20102000,2010.2,1256375,199908.2
2002,花蓮縣,花蓮市,國風里,61,89.8,88.5,41.7,6.0,國風里常民生活與社區商業,64,3,37,154976000,15497.6,2421500,718098.1
2002,花蓮縣,花蓮市,國魂里,36,56.0,86.4,39.2,6.0,國魂里常民生活與社區商業,38,2,24,807695300,80769.5,21255139,509015.6
2002,花蓮縣,花蓮市,民主里,28,98.7,90.5,48.4,5.0,民主里常民生活與社區商業,30,1,2,106638000,10663.8,3554600,147531.0
2002,花蓮縣,花蓮市,民享里,29,41.9,85.8,38.5,6.4,民享里常民生活與社區商業,29,2,17,128235000,12823.5,4421896,332958.8
2002,花蓮縣,花蓮市,民勤里,32,47.9,86.1,38.8,5.6,民勤里常民生活與社區商業,34,2,20,109047400,10904.7,3207276,387923.8
2002,花蓮縣,花蓮市,民孝里,41,64.7,86.8,39.7,5.2,民孝里常民生活與社區商業,65,10,28,288976000,28897.6,4445784,620118.1
2002,花蓮縣,花蓮市,民德里,22,29.1,85.2,37.8,5.6,民德里常民生活與社區商業,22,2,11,26392000,2639.2,1199636,223211.4
2002,花蓮縣,花蓮市,民心里,100,204.4,91.7,45.6,5.2,民心里常民生活與社區商業,109,5,102,2080237500,208023.8,19084747,1855619.0
2002,花蓮縣,花蓮市,民意里,18,25.2,84.9,37.4,4.8,民意里常民生活與社區商業,18,3,10,243879000,24387.9,13548833,212910.3
2002,花蓮縣,花蓮市,民政里,38,55.9,86.6,39.4,4.8,民政里常民生活與社區商業,40,4,23,145887848,14588.8,3647196,451171.0
2002,花蓮縣,花蓮市,民族里,41,49.0,47.0,20.6,12.0,尚未開放（原舊鐵路工務段/空地，夜市在南濱與自強）,44,3,16,299072000,29907.2,6797090,391125.8
2002,花蓮縣,花蓮市,民有里,5,20.0,83.8,36.1,4.8,民有里常民生活與社區商業,5,0,1,159000,15.9,31800,31512.7
2002,花蓮縣,花蓮市,民樂里,4,20.0,83.7,36.0,4.8,民樂里常民生活與社區商業,4,0,1,20133000,2013.3,5033250,29310.6
2002,花蓮縣,花蓮市,民權里,7,20.0,84.0,36.3,4.8,民權里常民生活與社區商業,7,1,3,2211000,221.1,315857,64276.9
2002,花蓮縣,花蓮市,民治里,0,20.0,83.4,35.6,4.8,民治里常民生活與社區商業,0,0,0,0,0.0,0,0.0
2002,花蓮縣,花蓮市,民生里,98,274.6,90.5,48.4,5.0,民生里常民生活與社區商業,104,9,31,90865000,9086.5,873701,789969.2
2002,花蓮縣,花蓮市,民立里,22,38.8,85.2,37.8,5.2,民立里常民生活與社區商業,24,5,18,106268000,10626.8,4427833,324701.4
2002,花蓮縣,花蓮市,民運里,60,75.3,88.4,41.6,6.0,民運里常民生活與社區商業,63,5,27,330852000,33085.2,5251619,603368.2
2003,花蓮縣,花蓮市,主信里,36,44.9,87.6,40.0,5.4,主信里常民生活與社區商業,37,1,15,90473000,9047.3,2445216,335337.8
2003,花蓮縣,花蓮市,主力里,99,894.6,126.4,129.0,3.2,三中商圈黃金鼎盛期，大禹街服飾與名產匯聚，夜間燈火通明,99,6,62,255247000,25524.7,2578252,1171619.8
2003,花蓮縣,花蓮市,主勤里,44,63.0,88.3,40.8,5.8,主勤里常民生活與社區商業,45,2,24,70910000,7091.0,1575777,476672.8
2003,花蓮縣,花蓮市,主和里,53,70.3,89.0,41.7,5.4,主和里常民生活與社區商業,55,4,25,122679000,12267.9,2230527,531314.3
2003,花蓮縣,花蓮市,主商里,46,439.3,126.4,129.0,3.2,三中商圈黃金鼎盛期，大禹街服飾與名產匯聚，夜間燈火通明,47,2,27,1043104000,104310.4,22193702,599548.3
2003,花蓮縣,花蓮市,主學里,44,58.7,88.3,40.8,8.2,主學里常民生活與社區商業,44,0,21,127881000,12788.1,2906386,439930.5
2003,花蓮縣,花蓮市,主安里,39,56.8,87.8,40.3,7.0,主安里常民生活與社區商業,44,3,22,146890000,14689.0,3338409,453951.2
2003,花蓮縣,花蓮市,主工里,37,361.5,126.4,129.0,3.2,三中商圈黃金鼎盛期，大禹街服飾與名產匯聚，夜間燈火通明,39,4,21,163063000,16306.3,4181102,423745.0
2003,花蓮縣,花蓮市,主權里,96,145.4,92.6,46.0,7.8,主權里常民生活與社區商業,98,7,58,211852000,21185.2,2161755,1114348.2
2003,花蓮縣,花蓮市,主睦里,42,54.5,88.1,40.6,5.8,主睦里常民生活與社區商業,44,1,19,124090000,12409.0,2820227,414627.2
2003,花蓮縣,花蓮市,主義里,14,20.0,85.8,37.8,5.0,主義里常民生活與社區商業,15,0,5,5310000,531.0,354000,119924.8
2003,花蓮縣,花蓮市,主計里,23,25.0,86.5,38.7,5.4,主計里常民生活與社區商業,25,3,7,132185000,13218.5,5287400,193074.8
2003,花蓮縣,花蓮市,主農里,53,70.3,89.0,41.7,5.8,主農里常民生活與社區商業,53,2,25,95182000,9518.2,1795886,521514.6
2003,花蓮縣,花蓮市,國光里,41,51.0,88.0,40.5,5.4,國光里常民生活與社區商業,41,3,17,37470000,3747.0,913902,371297.6
2003,花蓮縣,花蓮市,國威里,65,559.9,126.4,129.0,3.2,三中商圈黃金鼎盛期，大禹街服飾與名產匯聚，夜間燈火通明,68,3,34,446837000,44683.7,6571132,719147.0
2003,花蓮縣,花蓮市,國安里,37,51.3,87.7,40.1,5.8,國安里常民生活與社區商業,39,4,19,63803000,6380.3,1635974,390804.2
2003,花蓮縣,花蓮市,國富里,122,171.0,94.8,48.6,6.2,國富里常民生活與社區商業,125,9,64,196731900,19673.2,1573855,1290738.6
2003,花蓮縣,花蓮市,國強里,22,40.0,86.4,38.6,5.8,國強里常民生活與社區商業,24,0,18,78865000,7886.5,3286041,322509.2
2003,花蓮縣,花蓮市,國慶里,34,56.4,87.4,39.8,5.4,國慶里常民生活與社區商業,35,5,24,2498929745,249893.0,71397992,632914.4
2003,花蓮縣,花蓮市,國治里,43,55.2,88.2,40.7,6.6,國治里常民生活與社區商業,43,9,19,64126400,6412.6,1491311,406030.1
2003,花蓮縣,花蓮市,國盛里,56,87.9,89.3,42.0,9.4,國盛里常民生活與社區商業,65,5,36,147982000,14798.2,2276646,708838.6
2003,花蓮縣,花蓮市,國福里,11,20.0,85.5,37.5,5.4,國福里常民生活與社區商業,11,1,6,11749000,1174.9,1068090,117739.9
2003,花蓮縣,花蓮市,國聯里,115,196.3,94.2,47.9,8.6,國聯里常民生活與社區商業,138,7,85,1570033840,157003.4,11377056,1712502.7
2003,花蓮縣,花蓮市,國興里,40,50.4,87.9,40.4,5.8,國興里常民生活與社區商業,40,7,17,185948000,18594.8,4648700,379375.8
2003,花蓮縣,花蓮市,國華里,32,46.6,87.3,39.6,5.4,國華里常民生活與社區商業,33,0,18,43283000,4328.3,1311606,353862.6
2003,花蓮縣,花蓮市,國裕里,87,142.4,91.8,45.1,6.6,國裕里常民生活與社區商業,101,6,60,1018712410,101871.2,10086261,1215297.0
2003,花蓮縣,花蓮市,國防里,15,25.5,85.8,37.9,5.0,國防里常民生活與社區商業,17,1,11,20112000,2011.2,1183058,203709.0
2003,花蓮縣,花蓮市,國風里,64,98.8,89.9,42.8,6.2,國風里常民生活與社區商業,67,3,40,161276000,16127.6,2407104,767502.1
2003,花蓮縣,花蓮市,國魂里,44,70.1,88.3,40.8,6.2,國魂里常民生活與社區商業,46,8,29,810888300,81088.8,17628006,602171.1
2003,花蓮縣,花蓮市,民主里,29,108.0,92.0,49.6,5.0,民主里常民生活與社區商業,31,1,2,106641000,10664.1,3440032,151331.3
2003,花蓮縣,花蓮市,民享里,30,45.3,87.1,39.4,6.6,民享里常民生活與社區商業,30,1,18,129235000,12923.5,4307833,349338.8
2003,花蓮縣,花蓮市,民勤里,37,57.0,87.7,40.1,5.8,民勤里常民生活與社區商業,40,6,23,141303400,14130.3,3532585,450804.3
2003,花蓮縣,花蓮市,民孝里,42,68.8,88.1,40.6,5.4,民孝里常民生活與社區商業,68,3,29,291676000,29167.6,4289352,644234.1
2003,花蓮縣,花蓮市,民德里,22,30.1,86.4,38.6,5.8,民德里常民生活與社區商業,22,0,11,26392000,2639.2,1199636,223211.4
2003,花蓮縣,花蓮市,民心里,104,219.1,93.3,46.8,5.4,民心里常民生活與社區商業,113,4,106,2087487500,208748.8,18473340,1921399.0
2003,花蓮縣,花蓮市,民意里,19,28.1,86.2,38.3,5.0,民意里常民生活與社區商業,19,1,11,247079000,24707.9,13004157,229466.3
2003,花蓮縣,花蓮市,民政里,40,60.4,87.9,40.4,5.0,民政里常民生活與社區商業,42,2,24,157890848,15789.1,3759305,472231.3
2003,花蓮縣,花蓮市,民族里,43,51.0,48.0,21.4,12.0,尚未開放（原舊鐵路工務段/空地，夜市在南濱與自強）,46,2,16,299302000,29930.2,6506565,398744.2
2003,花蓮縣,花蓮市,民有里,5,20.0,85.0,36.9,5.0,民有里常民生活與社區商業,5,0,1,159000,15.9,31800,31512.7
2003,花蓮縣,花蓮市,民樂里,4,20.0,84.9,36.8,5.0,民樂里常民生活與社區商業,4,0,1,20133000,2013.3,5033250,29310.6
2003,花蓮縣,花蓮市,民權里,7,20.0,85.2,37.1,5.0,民權里常民生活與社區商業,7,0,3,2211000,221.1,315857,64276.9
2003,花蓮縣,花蓮市,民治里,0,20.0,84.6,36.4,5.0,民治里常民生活與社區商業,0,0,0,0,0.0,0,0.0
2003,花蓮縣,花蓮市,民生里,107,308.9,92.0,49.6,5.0,民生里常民生活與社區商業,113,9,36,91656000,9165.6,811115,886732.5
2003,花蓮縣,花蓮市,民立里,22,40.0,86.4,38.6,5.4,民立里常民生活與社區商業,24,0,18,106268000,10626.8,4427833,324701.4
2003,花蓮縣,花蓮市,民運里,64,81.7,89.9,42.8,6.2,民運里常民生活與社區商業,67,4,28,331165000,33116.5,4942761,631093.2
2004,花蓮縣,花蓮市,主信里,36,46.3,88.8,40.8,5.5,主信里常民生活與社區商業,37,0,15,90473000,9047.3,2445216,335337.8
2004,花蓮縣,花蓮市,主力里,104,970.3,129.6,133.5,3.2,三中商圈黃金鼎盛期，大禹街服飾與名產匯聚，夜間燈火通明,104,5,65,255676000,25567.6,2458423,1228154.1
2004,花蓮縣,花蓮市,主勤里,45,67.0,89.5,41.7,5.9,主勤里常民生活與社區商業,46,1,25,71210000,7121.0,1548043,492996.8
2004,花蓮縣,花蓮市,主和里,54,74.5,90.3,42.6,5.5,主和里常民生活與社區商業,56,1,26,122979000,12297.9,2196053,547638.3
2004,花蓮縣,花蓮市,主商里,48,489.0,129.6,133.5,3.2,三中商圈黃金鼎盛期，大禹街服飾與名產匯聚，夜間燈火通明,49,2,28,1044304000,104430.4,21312326,619744.3
2004,花蓮縣,花蓮市,主學里,47,66.9,89.7,41.9,8.3,主學里常民生活與社區商業,47,3,24,134881000,13488.1,2869808,489390.5
2004,花蓮縣,花蓮市,主安里,43,64.2,89.4,41.5,7.1,主安里常民生活與社區商業,48,4,24,246953000,24695.3,5144854,502156.2
2004,花蓮縣,花蓮市,主工里,37,396.5,129.6,133.5,3.2,三中商圈黃金鼎盛期，大禹街服飾與名產匯聚，夜間燈火通明,39,0,21,163063000,16306.3,4181102,423745.0
2004,花蓮縣,花蓮市,主權里,100,155.4,94.1,47.2,7.9,主權里常民生活與社區商業,104,6,60,272009000,27200.9,2615471,1166960.7
2004,花蓮縣,花蓮市,主睦里,44,57.5,89.5,41.6,5.9,主睦里常民生活與社區商業,46,2,19,124245000,12424.5,2700978,422239.6
2004,花蓮縣,花蓮市,主義里,14,20.0,87.0,38.6,5.1,主義里常民生活與社區商業,15,0,5,5310000,531.0,354000,119924.8
2004,花蓮縣,花蓮市,主計里,24,26.4,87.8,39.6,5.5,主計里常民生活與社區商業,26,1,7,132385000,13238.5,5091730,196890.8
2004,花蓮縣,花蓮市,主農里,55,73.7,90.4,42.7,5.9,主農里常民生活與社區商業,55,2,25,95448000,9544.8,1735418,529135.8
2004,花蓮縣,花蓮市,國光里,42,54.7,89.3,41.4,5.5,國光里常民生活與社區商業,42,1,18,37670000,3767.0,896904,387613.6
2004,花蓮縣,花蓮市,國威里,68,613.2,129.6,133.5,3.2,三中商圈黃金鼎盛期，大禹街服飾與名產匯聚，夜間燈火通明,71,3,35,446870000,44687.0,6293943,743049.6
2004,花蓮縣,花蓮市,國安里,41,61.4,89.2,41.3,5.9,國安里常民生活與社區商業,44,5,23,130306000,13030.6,2961500,465124.5
2004,花蓮縣,花蓮市,國富里,134,187.1,97.0,50.6,6.3,國富里常民生活與社區商業,137,12,66,197879900,19788.0,1444378,1361430.4
2004,花蓮縣,花蓮市,國強里,24,44.1,87.8,39.6,5.9,國強里常民生活與社區商業,26,2,19,79415000,7941.5,3054423,342653.2
2004,花蓮縣,花蓮市,國慶里,34,58.1,88.6,40.6,5.5,國慶里常民生活與社區商業,35,0,24,2498929745,249893.0,71397992,632914.4
2004,花蓮縣,花蓮市,國治里,46,61.8,89.6,41.8,6.7,國治里常民生活與社區商業,46,3,21,64236400,6423.6,1396443,442438.9
2004,花蓮縣,花蓮市,國盛里,63,101.2,91.0,43.5,9.5,國盛里常民生活與社區商業,72,7,40,149917000,14991.7,2082180,785593.4
2004,花蓮縣,花蓮市,國福里,12,20.0,86.8,38.4,5.5,國福里常民生活與社區商業,13,2,7,12754000,1275.4,981076,137920.3
2004,花蓮縣,花蓮市,國聯里,123,216.5,96.0,49.5,8.7,國聯里常民生活與社區商業,147,9,91,1597551840,159755.2,10867699,1823904.1
2004,花蓮縣,花蓮市,國興里,45,56.7,89.5,41.7,5.9,國興里常民生活與社區商業,45,5,18,186221000,18622.1,4138244,410897.7
2004,花蓮縣,花蓮市,國華里,33,48.7,88.5,40.5,5.5,國華里常民生活與社區商業,34,1,18,43286000,4328.6,1273117,357662.9
2004,花蓮縣,花蓮市,國裕里,94,157.3,93.6,46.6,6.7,國裕里常民生活與社區商業,108,7,64,1020625410,102062.5,9450235,1292050.0
2004,花蓮縣,花蓮市,國防里,15,26.3,87.0,38.7,5.1,國防里常民生活與社區商業,17,0,11,20112000,2011.2,1183058,203709.0
2004,花蓮縣,花蓮市,國風里,67,105.3,91.4,43.9,6.3,國風里常民生活與社區商業,70,3,41,162336000,16233.6,2319085,791486.9
2004,花蓮縣,花蓮市,國魂里,49,78.5,89.9,42.1,6.3,國魂里常民生活與社區商業,51,5,31,822261300,82226.1,16122770,647080.9
2004,花蓮縣,花蓮市,民主里,31,118.7,93.5,50.8,5.0,民主里常民生活與社區商業,34,3,2,106699000,10669.9,3138205,162735.9
2004,花蓮縣,花蓮市,民享里,32,49.4,88.5,40.4,6.7,民享里常民生活與社區商業,32,2,19,154238000,15423.8,4819937,371439.0
2004,花蓮縣,花蓮市,民勤里,42,63.5,89.3,41.4,5.9,民勤里常民生活與社區商業,45,5,24,146379400,14637.9,3252875,482710.4
2004,花蓮縣,花蓮市,民孝里,43,73.0,89.4,41.5,5.5,民孝里常民生活與社區商業,75,7,30,292326000,29232.6,3897680,683386.1
2004,花蓮縣,花蓮市,民德里,22,31.0,87.6,39.4,5.9,民德里常民生活與社區商業,22,0,11,26392000,2639.2,1199636,223211.4
2004,花蓮縣,花蓮市,民心里,109,236.4,94.9,48.1,5.5,民心里常民生活與社區商業,118,5,111,2152977500,215297.8,18245572,2008138.2
2004,花蓮縣,花蓮市,民意里,22,32.4,87.6,39.4,5.1,民意里常民生活與社區商業,22,3,12,247287000,24728.7,11240318,253383.0
2004,花蓮縣,花蓮市,民政里,43,65.7,89.4,41.5,5.1,民政里常民生活與社區商業,45,3,25,158136848,15813.7,3514152,496150.9
2004,花蓮縣,花蓮市,民族里,43,53.0,49.0,22.2,12.0,尚未開放（原舊鐵路工務段/空地，夜市在南濱與自強）,46,0,16,299302000,29930.2,6506565,398744.2
2004,花蓮縣,花蓮市,民有里,5,20.0,86.2,37.7,5.1,民有里常民生活與社區商業,5,0,1,159000,15.9,31800,31512.7
2004,花蓮縣,花蓮市,民樂里,4,20.0,86.1,37.6,5.1,民樂里常民生活與社區商業,4,0,1,20133000,2013.3,5033250,29310.6
2004,花蓮縣,花蓮市,民權里,7,20.0,86.4,37.9,5.1,民權里常民生活與社區商業,7,0,3,2211000,221.1,315857,64276.9
2004,花蓮縣,花蓮市,民治里,0,20.0,85.8,37.2,5.1,民治里常民生活與社區商業,0,0,0,0,0.0,0,0.0
2004,花蓮縣,花蓮市,民生里,113,336.4,93.5,50.8,5.0,民生里常民生活與社區商業,120,7,40,92972000,9297.2,774766,963437.8
2004,花蓮縣,花蓮市,民立里,23,43.4,87.7,39.5,5.5,民立里常民生活與社區商業,25,1,19,106268000,10626.8,4250720,341001.4
2004,花蓮縣,花蓮市,民運里,67,86.2,91.4,43.9,6.3,民運里常民生活與社區商業,70,3,28,331468000,33146.8,4735257,642517.4
2005,花蓮縣,花蓮市,主信里,38,50.5,90.2,41.8,5.6,主信里常民生活與社區商業,39,2,16,91033000,9103.3,2334179,355482.6
2005,花蓮縣,花蓮市,主力里,107,1038.9,132.8,138.0,3.2,三中商圈黃金鼎盛期，大禹街服飾與名產匯聚，夜間燈火通明,108,4,68,261171000,26117.1,2418250,1281293.7
2005,花蓮縣,花蓮市,主勤里,47,71.9,90.9,42.7,6.0,主勤里常民生活與社區商業,48,2,26,71455000,7145.5,1488645,513116.4
2005,花蓮縣,花蓮市,主和里,59,86.2,91.9,43.9,5.6,主和里常民生活與社區商業,62,6,30,128749000,12874.9,2076596,620899.9
2005,花蓮縣,花蓮市,主商里,49,527.5,132.8,138.0,3.2,三中商圈黃金鼎盛期，大禹街服飾與名產匯聚，夜間燈火通明,50,1,28,1044504000,104450.4,20890080,623560.3
2005,花蓮縣,花蓮市,主學里,48,71.1,91.0,42.8,8.4,主學里常民生活與社區商業,48,1,25,135371000,13537.1,2820229,505729.7
2005,花蓮縣,花蓮市,主安里,47,73.4,90.9,42.7,7.2,主安里常民生活與社區商業,52,4,27,248161000,24816.1,4772326,554952.9
2005,花蓮縣,花蓮市,主工里,38,442.7,132.8,138.0,3.2,三中商圈黃金鼎盛期，大禹街服飾與名產匯聚，夜間燈火通明,40,1,22,163543000,16354.3,4088575,440083.4
2005,花蓮縣,花蓮市,主權里,104,164.3,95.7,48.4,8.0,主權里常民生活與社區商業,108,4,61,272018000,27201.8,2518685,1194661.4
2005,花蓮縣,花蓮市,主睦里,46,63.6,90.8,42.6,6.0,主睦里常民生活與社區商業,49,3,21,124248000,12424.8,2535673,458639.8
2005,花蓮縣,花蓮市,主義里,14,20.0,88.2,39.4,5.2,主義里常民生活與社區商業,15,0,5,5310000,531.0,354000,119924.8
2005,花蓮縣,花蓮市,主計里,28,36.0,89.3,40.8,5.6,主計里常民生活與社區商業,31,5,11,150398000,15039.8,4851548,267331.8
2005,花蓮縣,花蓮市,主農里,60,85.4,92.0,44.0,6.0,主農里常民生活與社區商業,60,5,29,129698000,12969.8,2161633,600875.8
2005,花蓮縣,花蓮市,國光里,44,60.7,90.7,42.4,5.6,國光里常民生活與社區商業,44,2,20,43670000,4367.0,992500,420693.6
2005,花蓮縣,花蓮市,國威里,70,662.9,132.8,138.0,3.2,三中商圈黃金鼎盛期，大禹街服飾與名產匯聚，夜間燈火通明,74,3,36,466905000,46690.5,6309527,768552.4
2005,花蓮縣,花蓮市,國安里,42,68.4,90.5,42.2,6.0,國安里常民生活與社區商業,47,3,26,185306000,18530.6,3942680,518424.5
2005,花蓮縣,花蓮市,國富里,138,200.0,98.5,51.8,6.4,國富里常民生活與社區商業,143,6,69,208385900,20838.6,1457244,1422570.9
2005,花蓮縣,花蓮市,國強里,25,47.6,89.1,40.5,6.0,國強里常民生活與社區商業,27,1,20,84415000,8441.5,3126481,359353.2
2005,花蓮縣,花蓮市,國慶里,40,73.1,90.3,42.0,5.6,國慶里常民生活與社區商業,42,7,30,2519889745,251989.0,59997374,736191.2
2005,花蓮縣,花蓮市,國治里,48,68.0,91.0,42.8,6.8,國治里常民生活與社區商業,49,3,23,66439400,6643.9,1355906,479015.2
2005,花蓮縣,花蓮市,國盛里,67,114.5,92.6,44.7,9.6,國盛里常民生活與社區商業,78,6,45,268117000,26811.7,3437397,880349.4
2005,花蓮縣,花蓮市,國福里,13,20.0,88.1,39.3,5.6,國福里常民生活與社區商業,14,1,7,13002000,1300.2,928714,141740.2
2005,花蓮縣,花蓮市,國聯里,129,234.5,97.8,50.9,8.8,國聯里常民生活與社區商業,154,7,96,1620066840,162006.7,10519914,1914805.3
2005,花蓮縣,花蓮市,國興里,51,68.6,91.2,43.1,6.0,國興里常民生活與社區商業,51,6,22,196854000,19685.4,3859882,484548.3
2005,花蓮縣,花蓮市,國華里,38,58.1,90.2,41.8,5.6,國華里常民生活與社區商業,39,5,21,45639000,4563.9,1170230,414351.1
2005,花蓮縣,花蓮市,國裕里,103,180.2,95.6,48.3,6.8,國裕里常民生活與社區商業,118,10,72,1058363410,105836.3,8969181,1433069.1
2005,花蓮縣,花蓮市,國防里,16,30.7,88.3,39.6,5.2,國防里常民生活與社區商業,19,2,13,21562000,2156.2,1134842,236425.0
2005,花蓮縣,花蓮市,國風里,71,115.7,92.9,45.1,6.4,國風里常民生活與社區商業,75,5,44,166916000,16691.6,2225546,848353.3
2005,花蓮縣,花蓮市,國魂里,52,85.9,91.3,43.2,6.4,國魂里常民生活與社區商業,54,3,33,825774300,82577.4,15292116,683761.9
2005,花蓮縣,花蓮市,民主里,32,130.9,95.0,52.0,5.0,民主里常民生活與社區商業,35,1,3,106749000,10674.9,3049971,179039.9
2005,花蓮縣,花蓮市,民享里,35,57.5,89.9,41.5,6.8,民享里常民生活與社區商業,35,3,22,161044000,16104.4,4601257,420883.5
2005,花蓮縣,花蓮市,民勤里,48,72.6,91.0,42.8,6.0,民勤里常民生活與社區商業,51,6,26,147497400,14749.7,2892105,530599.8
2005,花蓮縣,花蓮市,民孝里,52,90.5,91.3,43.2,5.6,民孝里常民生活與社區商業,91,16,36,315012000,31501.2,3461670,821001.0
2005,花蓮縣,花蓮市,民德里,24,34.8,89.0,40.4,6.0,民德里常民生活與社區商業,24,2,12,26895000,2689.5,1120625,243351.6
2005,花蓮縣,花蓮市,民心里,118,263.2,96.8,49.8,5.6,民心里常民生活與社區商業,127,9,120,2227177500,222717.8,17536830,2160774.2
2005,花蓮縣,花蓮市,民意里,24,36.3,89.0,40.4,5.2,民意里常民生活與社區商業,24,2,13,247437000,24743.7,10309875,273495.0
2005,花蓮縣,花蓮市,民政里,44,69.8,90.7,42.4,5.2,民政里常民生活與社區商業,46,1,26,158236848,15823.7,3439931,512458.9
2005,花蓮縣,花蓮市,民族里,45,55.0,50.0,23.0,12.0,尚未開放（原舊鐵路工務段/空地，夜市在南濱與自強）,48,2,17,299822000,29982.2,6246291,418885.8
2005,花蓮縣,花蓮市,民有里,5,20.0,87.4,38.5,5.2,民有里常民生活與社區商業,5,0,1,159000,15.9,31800,31512.7
2005,花蓮縣,花蓮市,民樂里,4,20.0,87.3,38.4,5.2,民樂里常民生活與社區商業,4,0,1,20133000,2013.3,5033250,29310.6
2005,花蓮縣,花蓮市,民權里,7,20.0,87.6,38.7,5.2,民權里常民生活與社區商業,7,0,3,2211000,221.1,315857,64276.9
2005,花蓮縣,花蓮市,民治里,0,20.0,87.0,38.0,5.2,民治里常民生活與社區商業,0,0,0,0,0.0,0,0.0
2005,花蓮縣,花蓮市,民生里,116,351.2,95.0,52.0,5.0,民生里常民生活與社區商業,123,3,41,93227000,9322.7,757943,987358.2
2005,花蓮縣,花蓮市,民立里,23,46.2,88.9,40.3,5.6,民立里常民生活與社區商業,26,1,20,106268000,10626.8,4087230,357301.4
2005,花蓮縣,花蓮市,民運里,70,93.9,92.8,45.0,6.4,民運里常民生活與社區商業,74,4,30,336479000,33647.9,4547013,683118.3
2006,花蓮縣,花蓮市,主信里,40,53.4,91.5,42.8,5.7,主信里常民生活與社區商業,41,2,16,91093000,9109.3,2221780,363087.4
2006,花蓮縣,花蓮市,主力里,112,1129.9,136.0,142.5,3.2,三中商圈黃金鼎盛期，大禹街服飾與名產匯聚，夜間燈火通明,116,8,73,263758000,26375.8,2273775,1374400.6
2006,花蓮縣,花蓮市,主勤里,49,78.5,92.3,43.7,6.1,主勤里常民生活與社區商業,51,3,28,73415000,7341.5,1439509,549673.2
2006,花蓮縣,花蓮市,主和里,64,96.9,93.5,45.2,5.7,主和里常民生活與社區商業,67,5,33,135809000,13580.9,2027000,677964.7
2006,花蓮縣,花蓮市,主商里,51,577.2,136.0,142.5,3.2,三中商圈黃金鼎盛期，大禹街服飾與名產匯聚，夜間燈火通明,52,2,29,1044954000,104495.4,20095269,643696.3
2006,花蓮縣,花蓮市,主學里,49,75.4,92.3,43.7,8.5,主學里常民生活與社區商業,50,2,26,140431000,14043.1,2808620,526234.5
2006,花蓮縣,花蓮市,主安里,48,77.8,92.2,43.6,7.3,主安里常民生活與社區商業,54,2,28,253611000,25361.1,4696500,575488.9
2006,花蓮縣,花蓮市,主工里,40,492.4,136.0,142.5,3.2,三中商圈黃金鼎盛期，大禹街服飾與名產匯聚，夜間燈火通明,42,2,23,173548000,17354.8,4132095,460983.8
2006,花蓮縣,花蓮市,主權里,107,172.7,97.1,49.5,8.1,主權里常民生活與社區商業,111,3,62,273248000,27324.8,2461693,1218659.8
2006,花蓮縣,花蓮市,主睦里,47,66.2,92.1,43.5,6.1,主睦里常民生活與社區商業,50,1,21,124251000,12425.1,2485020,462440.1
2006,花蓮縣,花蓮市,主義里,15,20.0,89.5,40.3,5.3,主義里常民生活與社區商業,16,1,5,5335000,533.5,333437,123726.8
2006,花蓮縣,花蓮市,主計里,30,41.6,90.7,41.8,5.7,主計里常民生活與社區商業,33,2,13,150501000,15050.1,4560636,299940.1
2006,花蓮縣,花蓮市,主農里,66,96.8,93.7,45.4,6.1,主農里常民生活與社區商業,66,6,32,131851000,13185.1,1997742,661348.1
2006,花蓮縣,花蓮市,國光里,46,65.4,92.0,43.4,5.7,國光里常民生活與社區商業,46,2,21,44560000,4456.0,968695,440864.8
2006,花蓮縣,花蓮市,國威里,73,731.5,136.0,142.5,3.2,三中商圈黃金鼎盛期，大禹街服飾與名產匯聚，夜間燈火通明,77,3,39,470385000,47038.5,6108896,817730.8
2006,花蓮縣,花蓮市,國安里,46,74.8,92.0,43.4,6.1,國安里常民生活與社區商業,51,4,27,185882000,18588.2,3644745,546170.6
2006,花蓮縣,花蓮市,國富里,152,229.7,100.9,54.0,6.5,國富里常民生活與社區商業,158,15,78,227961900,22796.2,1442796,1593637.0
2006,花蓮縣,花蓮市,國強里,28,55.7,90.5,41.6,6.1,國強里常民生活與社區商業,30,3,23,154415000,15441.5,5147166,413853.2
2006,花蓮縣,花蓮市,國慶里,43,77.3,91.8,43.1,5.7,國慶里常民生活與社區商業,45,3,30,2520004745,252000.5,56000105,747600.4
2006,花蓮縣,花蓮市,國治里,51,73.7,92.5,43.9,6.9,國治里常民生活與社區商業,52,3,24,66495400,6649.5,1278757,502919.6
2006,花蓮縣,花蓮市,國盛里,75,131.2,94.5,46.3,9.7,國盛里常民生活與社區商業,86,8,50,298817000,29881.7,3474616,975705.4
2006,花蓮縣,花蓮市,國福里,13,20.2,89.3,40.1,5.7,國福里常民生活與社區商業,14,0,7,13002000,1300.2,928714,141740.2
2006,花蓮縣,花蓮市,國聯里,141,262.2,100.0,52.9,8.9,國聯里常民生活與社區商業,167,13,104,1809116840,180911.7,10833034,2079329.3
2006,花蓮縣,花蓮市,國興里,53,73.5,92.6,44.1,6.1,國興里常民生活與社區商業,54,3,23,198964000,19896.4,3684518,508617.1
2006,花蓮縣,花蓮市,國華里,42,64.2,91.7,43.0,5.7,國華里常民生活與社區商業,43,4,22,48902000,4890.2,1137255,442312.2
2006,花蓮縣,花蓮市,國裕里,115,209.5,97.8,50.3,6.9,國裕里常民生活與社區商業,130,12,82,1121676410,112167.6,8628280,1608734.1
2006,花蓮縣,花蓮市,國防里,19,33.8,89.8,40.7,5.3,國防里常民生活與社區商業,22,3,13,21578000,2157.8,980818,247826.2
2006,花蓮縣,花蓮市,國風里,79,135.6,94.8,46.7,6.5,國風里常民生活與社區商業,83,8,51,191906000,19190.6,2312120,968252.5
2006,花蓮縣,花蓮市,國魂里,56,94.3,92.9,44.4,6.5,國魂里常民生活與社區商業,58,4,35,825982300,82598.2,14241074,723978.6
2006,花蓮縣,花蓮市,民主里,35,148.6,96.5,53.2,5.0,民主里常民生活與社區商業,38,3,5,116832000,11683.2,3074526,216246.6
2006,花蓮縣,花蓮市,民享里,39,65.1,91.5,42.7,6.9,民享里常民生活與社區商業,39,4,24,162114000,16211.4,4156769,461169.1
2006,花蓮縣,花蓮市,民勤里,53,82.9,92.6,44.1,6.1,民勤里常民生活與社區商業,56,5,29,154089000,15408.9,2751589,587627.1
2006,花蓮縣,花蓮市,民孝里,54,99.1,92.7,44.2,5.7,民孝里常民生活與社區商業,95,4,39,600316500,60031.6,6319121,896525.3
2006,花蓮縣,花蓮市,民德里,30,44.7,90.7,41.8,6.1,民德里常民生活與社區商業,30,6,15,98440000,9844.0,3281333,309375.2
2006,花蓮縣,花蓮市,民心里,121,277.5,98.3,50.9,5.7,民心里常民生活與社區商業,130,3,123,2260167500,226016.8,17385903,2212313.4
2006,花蓮縣,花蓮市,民意里,27,41.0,90.5,41.5,5.3,民意里常民生活與社區商業,27,3,14,248493000,24849.3,9203444,297479.4
2006,花蓮縣,花蓮市,民政里,48,76.2,92.2,43.6,5.3,民政里常民生活與社區商業,50,4,27,158625848,15862.6,3172516,540190.1
2006,花蓮縣,花蓮市,民族里,47,57.0,51.0,23.8,12.0,尚未開放（原舊鐵路工務段/空地，夜市在南濱與自強）,50,2,18,299842000,29984.2,5996840,438987.4
2006,花蓮縣,花蓮市,民有里,5,20.0,88.6,39.3,5.3,民有里常民生活與社區商業,5,0,1,159000,15.9,31800,31512.7
2006,花蓮縣,花蓮市,民樂里,6,20.0,88.7,39.4,5.3,民樂里常民生活與社區商業,6,2,2,20146000,2014.6,3357666,49411.7
2006,花蓮縣,花蓮市,民權里,9,20.0,89.0,39.7,5.3,民權里常民生活與社區商業,9,2,4,4664000,466.4,518222,84573.1
2006,花蓮縣,花蓮市,民治里,0,20.0,88.2,38.8,5.3,民治里常民生活與社區商業,0,0,0,0,0.0,0,0.0
2006,花蓮縣,花蓮市,民生里,127,391.0,96.5,53.2,5.0,民生里常民生活與社區商業,135,12,47,95031000,9503.1,703933,1108102.5
2006,花蓮縣,花蓮市,民立里,25,48.9,90.3,41.3,5.7,民立里常民生活與社區商業,29,3,20,106701000,10670.1,3679344,368736.1
2006,花蓮縣,花蓮市,民運里,73,98.7,94.3,46.1,6.5,民運里常民生活與社區商業,77,3,30,336592000,33659.2,4371324,694527.4
2007,花蓮縣,花蓮市,主信里,40,54.9,92.7,43.6,5.8,主信里常民生活與社區商業,41,0,16,91093000,9109.3,2221780,363087.4
2007,花蓮縣,花蓮市,主力里,118,1216.7,139.2,147.0,3.2,三中商圈黃金鼎盛期，大禹街服飾與名產匯聚，夜間燈火通明,122,6,77,315243000,31524.3,2583959,1451319.4
2007,花蓮縣,花蓮市,主勤里,52,84.4,93.7,44.8,6.2,主勤里常民生活與社區商業,54,3,29,73985000,7398.5,1370092,573618.8
2007,花蓮縣,花蓮市,主和里,68,104.2,95.1,46.4,5.8,主和里常民生活與社區商業,71,4,34,137917000,13791.7,1942492,705833.4
2007,花蓮縣,花蓮市,主商里,54,630.5,139.2,147.0,3.2,三中商圈黃金鼎盛期，大禹街服飾與名產匯聚，夜間燈火通明,55,3,30,1046987000,104698.7,19036127,667759.0
2007,花蓮縣,花蓮市,主學里,53,85.2,93.8,44.9,8.6,主學里常民生活與社區商業,55,5,29,142341000,14234.1,2588018,582887.3
2007,花蓮縣,花蓮市,主安里,48,79.9,93.4,44.4,7.4,主安里常民生活與社區商業,54,0,28,253611000,25361.1,4696500,575488.9
2007,花蓮縣,花蓮市,主工里,46,556.2,139.2,147.0,3.2,三中商圈黃金鼎盛期，大禹街服飾與名產匯聚，夜間燈火通明,48,6,24,177034000,17703.4,3688208,496562.7
2007,花蓮縣,花蓮市,主權里,113,194.7,98.8,50.9,8.2,主權里常民生活與社區商業,119,8,70,291779000,29177.9,2451924,1350542.3
2007,花蓮縣,花蓮市,主睦里,49,71.1,93.5,44.5,6.2,主睦里常民生活與社區商業,52,2,22,124454000,12445.4,2393346,482556.3
2007,花蓮縣,花蓮市,主義里,15,20.0,90.7,41.1,5.4,主義里常民生活與社區商業,16,0,5,5335000,533.5,333437,123726.8
2007,花蓮縣,花蓮市,主計里,30,42.8,91.9,42.6,5.8,主計里常民生活與社區商業,33,0,13,150501000,15050.1,4560636,299940.1
2007,花蓮縣,花蓮市,主農里,71,109.6,95.3,46.7,6.2,主農里常民生活與社區商業,71,5,36,136039000,13603.9,1916042,730683.1
2007,花蓮縣,花蓮市,國光里,48,70.3,93.4,44.4,5.8,國光里常民生活與社區商業,48,2,22,44810000,4481.0,933541,460984.8
2007,花蓮縣,花蓮市,國威里,79,803.0,139.2,147.0,3.2,三中商圈黃金鼎盛期，大禹街服飾與名產匯聚，夜間燈火通明,83,6,41,471291000,47129.1,5678204,865603.3
2007,花蓮縣,花蓮市,國安里,47,79.2,93.3,44.3,6.2,國安里常民生活與社區商業,53,2,28,186385000,18638.5,3516698,566310.8
2007,花蓮縣,花蓮市,國富里,160,249.9,102.7,55.6,6.6,國富里常民生活與社區商業,167,9,83,229922900,22992.3,1376783,1690493.8
2007,花蓮縣,花蓮市,國強里,30,63.5,91.9,42.6,6.2,國強里常民生活與社區商業,33,3,26,170660000,17066.0,5171515,464052.8
2007,花蓮縣,花蓮市,國慶里,48,89.5,93.4,44.4,5.8,國慶里常民生活與社區商業,50,5,34,2520414745,252041.5,50408294,816633.2
2007,花蓮縣,花蓮市,國治里,55,86.6,94.0,45.1,7.0,國治里常民生活與社區商業,57,5,29,74194400,7419.4,1301656,585035.6
2007,花蓮縣,花蓮市,國盛里,83,145.5,96.3,47.9,9.8,國盛里常民生活與社區商業,94,8,53,301988000,30198.8,3212638,1043859.0
2007,花蓮縣,花蓮市,國福里,15,23.8,90.7,41.1,5.8,國福里常民生活與社區商業,16,2,8,13015000,1301.5,813437,161841.2
2007,花蓮縣,花蓮市,國聯里,156,293.3,102.4,55.2,9.0,國聯里常民生活與社區商業,184,17,112,1811265840,181126.6,9843836,2244101.3
2007,花蓮縣,花蓮市,國興里,57,81.7,94.2,45.3,6.2,國興里常民生活與社區商業,58,4,25,200182000,20018.2,3451413,548914.6
2007,花蓮縣,花蓮市,國華里,46,72.1,93.2,44.2,5.8,國華里常民生活與社區商業,47,4,24,49208000,4920.8,1046978,482536.6
2007,花蓮縣,花蓮市,國裕里,124,229.9,99.7,52.0,7.0,國裕里常民生活與社區商業,140,10,87,1124062410,112406.2,8029017,1709425.0
2007,花蓮縣,花蓮市,國防里,20,35.4,91.1,41.6,5.4,國防里常民生活與社區商業,23,1,13,21581000,2158.1,938304,251626.5
2007,花蓮縣,花蓮市,國風里,84,149.5,96.4,48.0,6.6,國風里常民生活與社區商業,88,5,55,197399000,19739.9,2243170,1037691.9
2007,花蓮縣,花蓮市,國魂里,58,100.0,94.2,45.4,6.6,國魂里常民生活與社區商業,60,2,36,826042300,82604.2,13767371,744083.4
2007,花蓮縣,花蓮市,民主里,45,175.6,98.0,54.4,5.0,民主里常民生活與社區商業,48,10,7,116879000,11687.9,2434979,279250.3
2007,花蓮縣,花蓮市,民享里,47,77.6,93.3,44.3,7.0,民享里常民生活與社區商業,47,8,27,178526000,17852.6,3798425,530382.1
2007,花蓮縣,花蓮市,民勤里,56,92.2,94.1,45.2,6.2,民勤里常民生活與社區商業,60,4,32,164292000,16429.2,2738200,641143.4
2007,花蓮縣,花蓮市,民孝里,57,107.3,94.2,45.3,5.8,民孝里常民生活與社區商業,99,4,41,601996500,60199.6,6080772,936859.7
2007,花蓮縣,花蓮市,民德里,31,48.3,92.0,42.7,6.2,民德里常民生活與社區商業,31,1,16,110440000,11044.0,3562580,326635.2
2007,花蓮縣,花蓮市,民心里,125,294.6,99.8,52.1,5.8,民心里常民生活與社區商業,135,5,127,2279173500,227917.4,16882766,2282833.9
2007,花蓮縣,花蓮市,民意里,29,46.8,91.8,42.5,5.4,民意里常民生活與社區商業,30,3,16,258496000,25849.6,8616533,334679.7
2007,花蓮縣,花蓮市,民政里,53,86.8,93.8,44.9,5.4,民政里常民生活與社區商業,56,6,30,163278848,16327.9,2915693,600862.3
2007,花蓮縣,花蓮市,民族里,48,59.0,52.0,24.6,12.0,尚未開放（原舊鐵路工務段/空地，夜市在南濱與自強）,51,1,18,299842000,29984.2,5879254,442787.4
2007,花蓮縣,花蓮市,民有里,6,20.0,89.9,40.2,5.4,民有里常民生活與社區商業,6,1,1,162000,16.2,27000,35313.0
2007,花蓮縣,花蓮市,民樂里,7,20.0,90.0,40.3,5.4,民樂里常民生活與社區商業,7,1,3,21146000,2114.6,3020857,65791.7
2007,花蓮縣,花蓮市,民權里,9,20.0,90.2,40.5,5.4,民權里常民生活與社區商業,9,0,4,4664000,466.4,518222,84573.1
2007,花蓮縣,花蓮市,民治里,0,20.0,89.4,39.6,5.4,民治里常民生活與社區商業,0,0,0,0,0.0,0,0.0
2007,花蓮縣,花蓮市,民生里,133,415.6,98.0,54.4,5.0,民生里常民生活與社區商業,141,6,50,95045000,9504.5,674078,1168403.6
2007,花蓮縣,花蓮市,民立里,28,54.1,91.7,42.4,5.8,民立里常民生活與社區商業,33,4,21,113204000,11320.4,3430424,396956.3
2007,花蓮縣,花蓮市,民運里,76,103.6,95.7,47.2,6.6,民運里常民生活與社區商業,80,3,30,336604000,33660.4,4207550,705928.3
2008,花蓮縣,花蓮市,主信里,40,56.4,93.9,44.4,6.0,主信里常民生活與社區商業,42,1,16,95593000,9559.3,2276023,367247.4
2008,花蓮縣,花蓮市,主力里,123,1284.7,142.4,151.5,3.2,三中商圈黃金鼎盛期，大禹街服飾與名產匯聚，夜間燈火通明,127,5,79,315534000,31553.4,2484519,1495342.7
2008,花蓮縣,花蓮市,主勤里,54,89.9,95.1,45.8,6.4,主勤里常民生活與社區商業,56,2,30,74195000,7419.5,1324910,593735.6
2008,花蓮縣,花蓮市,主和里,75,115.5,96.8,47.9,6.0,主和里常民生活與社區商業,78,7,36,140076000,14007.6,1795846,757606.1
2008,花蓮縣,花蓮市,主商里,58,679.6,142.4,151.5,3.2,三中商圈黃金鼎盛期，大禹街服飾與名產匯聚，夜間燈火通明,59,4,30,1047148000,104714.8,17748271,682971.8
2008,花蓮縣,花蓮市,主學里,59,92.0,95.5,46.3,8.8,主學里常民生活與社區商業,61,6,29,142456000,14245.6,2335344,605696.5
2008,花蓮縣,花蓮市,主安里,48,82.1,94.6,45.2,7.6,主安里常民生活與社區商業,54,0,28,253611000,25361.1,4696500,575488.9
2008,花蓮縣,花蓮市,主工里,51,631.9,142.4,151.5,3.2,三中商圈黃金鼎盛期，大禹街服飾與名產匯聚，夜間燈火通明,54,6,27,183446000,18344.6,3397148,557375.7
2008,花蓮縣,花蓮市,主權里,119,207.7,100.5,52.3,8.4,主權里常民生活與社區商業,128,9,72,297103000,29710.3,2321117,1410168.2
2008,花蓮縣,花蓮市,主睦里,53,79.3,95.0,45.7,6.4,主睦里常民生活與社區商業,56,4,24,134660000,13466.0,2404642,523572.8
2008,花蓮縣,花蓮市,主義里,18,23.4,92.1,42.2,5.6,主義里常民生活與社區商業,19,3,6,6388000,638.8,336210,147711.0
2008,花蓮縣,花蓮市,主計里,31,44.7,93.2,43.5,6.0,主計里常民生活與社區商業,34,1,13,150504000,15050.4,4426588,303740.3
2008,花蓮縣,花蓮市,主農里,76,119.6,96.9,48.0,6.4,主農里常民生活與社區商業,76,5,38,138250000,13825.0,1819078,774860.0
2008,花蓮縣,花蓮市,國光里,49,74.6,94.7,45.3,6.0,國光里常民生活與社區商業,49,1,23,45290000,4529.0,924285,477323.2
2008,花蓮縣,花蓮市,國威里,83,867.4,142.4,151.5,3.2,三中商圈黃金鼎盛期，大禹街服飾與名產匯聚，夜間燈火通明,87,4,43,472314000,47231.4,5428896,905885.1
2008,花蓮縣,花蓮市,國安里,49,86.1,94.7,45.3,6.4,國安里常民生活與社區商業,55,2,30,191634000,19163.4,3484254,599330.7
2008,花蓮縣,花蓮市,國富里,168,270.9,104.6,57.2,6.8,國富里常民生活與社區商業,175,8,88,233958900,23395.9,1336908,1783716.7
2008,花蓮縣,花蓮市,國強里,30,65.3,93.1,43.4,6.4,國強里常民生活與社區商業,33,0,26,170660000,17066.0,5171515,464052.8
2008,花蓮縣,花蓮市,國慶里,51,97.5,94.8,45.5,6.0,國慶里常民生活與社區商業,53,3,36,2531084745,253108.5,47756315,853886.8
2008,花蓮縣,花蓮市,國治里,59,96.9,95.5,46.3,7.2,國治里常民生活與社區商業,62,5,32,74539400,7453.9,1202248,641563.2
2008,花蓮縣,花蓮市,國盛里,91,162.0,98.2,49.5,10.0,國盛里常民生活與社區商業,102,8,57,303591000,30359.1,2976382,1124387.3
2008,花蓮縣,花蓮市,國福里,16,25.2,91.9,42.0,6.0,國福里常民生活與社區商業,17,1,8,13025000,1302.5,766176,165642.0
2008,花蓮縣,花蓮市,國聯里,167,322.6,104.5,57.1,9.2,國聯里常民生活與社區商業,197,13,120,1813246840,181324.7,9204298,2393659.7
2008,花蓮縣,花蓮市,國興里,64,94.1,95.9,46.8,6.4,國興里常民生活與社區商業,65,7,28,201933000,20193.3,3106661,613154.6
2008,花蓮縣,花蓮市,國華里,52,83.4,94.9,45.6,6.0,國華里常民生活與社區商業,53,6,27,149714000,14971.4,2824792,550877.1
2008,花蓮縣,花蓮市,國裕里,131,251.2,101.5,53.5,7.2,國裕里常民生活與社區商業,148,8,93,1140568410,114056.8,7706543,1816145.5
2008,花蓮縣,花蓮市,國防里,20,36.4,92.3,42.4,5.6,國防里常民生活與社區商業,23,0,13,21581000,2158.1,938304,251626.5
2008,花蓮縣,花蓮市,國風里,86,155.0,97.8,49.0,6.8,國風里常民生活與社區商業,90,2,55,197412000,19741.2,2193466,1045293.0
2008,花蓮縣,花蓮市,國魂里,60,104.2,95.6,46.4,6.8,國魂里常民生活與社區商業,62,2,36,826048300,82604.8,13323359,751683.9
2008,花蓮縣,花蓮市,民主里,53,197.0,99.5,55.6,5.0,民主里常民生活與社區商業,56,8,8,117197000,11719.7,2092803,322175.8
2008,花蓮縣,花蓮市,民享里,49,84.5,94.7,45.3,7.2,民享里常民生活與社區商業,49,2,29,179126000,17912.6,3655632,563030.1
2008,花蓮縣,花蓮市,民勤里,58,96.2,95.4,46.2,6.4,民勤里常民生活與社區商業,62,2,32,164402000,16440.2,2651645,648752.2
2008,花蓮縣,花蓮市,民孝里,58,112.6,95.4,46.2,6.0,民孝里常民生活與社區商業,101,2,42,602296500,60229.6,5963331,956983.7
2008,花蓮縣,花蓮市,民德里,32,52.0,93.3,43.6,6.4,民德里常民生活與社區商業,32,1,17,111440000,11144.0,3482500,343015.2
2008,花蓮縣,花蓮市,民心里,125,302.5,101.0,52.9,6.0,民心里常民生活與社區商業,135,0,127,2279173500,227917.4,16882766,2282833.9
2008,花蓮縣,花蓮市,民意里,32,52.0,93.3,43.6,5.6,民意里常民生活與社區商業,33,3,17,258749000,25874.9,7840878,358599.9
2008,花蓮縣,花蓮市,民政里,54,91.5,95.1,45.8,5.6,民政里常民生活與社區商業,58,2,31,173288848,17328.9,2987738,621763.1
2008,花蓮縣,花蓮市,民族里,53,61.0,53.0,25.4,12.0,尚未開放（原舊鐵路工務段/空地，夜市在南濱與自強）,56,5,21,325078000,32507.8,5804964,501306.2
2008,花蓮縣,花蓮市,民有里,7,20.0,91.2,41.1,5.6,民有里常民生活與社區商業,7,1,1,1162000,116.2,166000,39193.0
2008,花蓮縣,花蓮市,民樂里,7,20.0,91.2,41.1,5.6,民樂里常民生活與社區商業,7,0,3,21146000,2114.6,3020857,65791.7
2008,花蓮縣,花蓮市,民權里,10,20.0,91.4,41.4,5.6,民權里常民生活與社區商業,10,1,5,24664000,2466.4,2466400,102473.1
2008,花蓮縣,花蓮市,民治里,0,20.0,90.6,40.4,5.6,民治里常民生活與社區商業,0,0,0,0,0.0,0,0.0
2008,花蓮縣,花蓮市,民生里,141,437.0,99.5,55.6,5.0,民生里常民生活與社區商業,150,9,51,95810000,9581.0,638733,1215164.8
2008,花蓮縣,花蓮市,民立里,30,58.7,93.1,43.4,6.0,民立里常民生活與社區商業,35,2,22,113652000,11365.2,3247200,417092.2
2008,花蓮縣,花蓮市,民運里,78,107.9,97.1,48.2,6.8,民運里常民生活與社區商業,83,3,30,337287000,33728.7,4063698,717383.0
2009,花蓮縣,花蓮市,主信里,41,65.4,95.2,45.3,6.1,主信里常民生活與社區商業,46,4,20,96593000,9659.3,2099847,432527.4
2009,花蓮縣,花蓮市,主力里,126,1337.9,145.6,156.0,3.2,三中商圈黃金鼎盛期，大禹街服飾與名產匯聚，夜間燈火通明,130,3,80,315804000,31580.4,2429261,1519264.3
2009,花蓮縣,花蓮市,主勤里,56,97.2,96.5,46.8,6.5,主勤里常民生活與社區商業,58,2,32,77195000,7719.5,1330948,626575.6
2009,花蓮縣,花蓮市,主和里,82,127.3,98.6,49.4,6.1,主和里常民生活與社區商業,85,7,38,140677000,14067.7,1655023,809254.2
2009,花蓮縣,花蓮市,主商里,60,721.6,145.6,156.0,3.2,三中商圈黃金鼎盛期，大禹街服飾與名產匯聚，夜間燈火通明,61,2,30,1047251000,104725.1,17168049,690580.1
2009,花蓮縣,花蓮市,主學里,64,103.3,97.1,47.6,8.9,主學里常民生活與社區商業,66,5,32,142692000,14269.2,2162000,662215.4
2009,花蓮縣,花蓮市,主安里,50,85.8,96.0,46.2,7.7,主安里常民生活與社區商業,56,2,28,253714000,25371.4,4530607,583097.1
2009,花蓮縣,花蓮市,主工里,54,685.1,145.6,156.0,3.2,三中商圈黃金鼎盛期，大禹街服飾與名產匯聚，夜間燈火通明,57,3,28,185452000,18545.2,3253543,581436.2
2009,花蓮縣,花蓮市,主權里,125,222.9,102.2,53.7,8.5,主權里常民生活與社區商業,136,8,75,298062000,29806.2,2191632,1478145.0
2009,花蓮縣,花蓮市,主睦里,56,85.4,96.5,46.8,6.5,主睦里常民生活與社區商業,59,3,25,134960000,13496.0,2287457,547496.8
2009,花蓮縣,花蓮市,主義里,18,24.0,93.3,43.0,5.7,主義里常民生活與社區商業,19,0,6,6388000,638.8,336210,147711.0
2009,花蓮縣,花蓮市,主計里,34,51.5,94.6,44.6,6.1,主計里常民生活與社區商業,38,4,15,151607000,15160.7,3989657,344028.6
2009,花蓮縣,花蓮市,主農里,82,130.7,98.6,49.4,6.5,主農里常民生活與社區商業,82,6,40,152865000,15286.5,1864207,823829.2
2009,花蓮縣,花蓮市,國光里,54,85.5,96.3,46.6,6.1,國光里常民生活與社區商業,54,5,26,61755000,6175.5,1143611,535140.4
2009,花蓮縣,花蓮市,國威里,89,946.6,145.6,156.0,3.2,三中商圈黃金鼎盛期，大禹街服飾與名產匯聚，夜間燈火通明,94,7,46,472762000,47276.2,5029382,970021.0
2009,花蓮縣,花蓮市,國安里,54,99.0,96.3,46.6,6.5,國安里常民生活與社區商業,63,8,34,198315000,19831.5,3147857,680265.2
2009,花蓮縣,花蓮市,國富里,183,294.6,107.0,59.5,6.9,國富里常民生活與社區商業,190,15,91,237236900,23723.7,1248615,1878479.0
2009,花蓮縣,花蓮市,國強里,34,76.8,94.6,44.6,6.5,國強里常民生活與社區商業,37,4,30,175130000,17513.0,4733243,529610.4
2009,花蓮縣,花蓮市,國慶里,58,112.2,96.6,47.0,6.1,國慶里常民生活與社區商業,61,8,40,2533390745,253339.1,41530995,934471.3
2009,花蓮縣,花蓮市,國治里,63,104.2,97.0,47.5,7.3,國治里常民生活與社區商業,66,4,33,78634400,7863.4,1191430,669590.8
2009,花蓮縣,花蓮市,國盛里,94,173.7,99.6,50.6,10.1,國盛里常民生活與社區商業,107,5,60,334389000,33438.9,3125130,1183351.1
2009,花蓮縣,花蓮市,國福里,19,29.8,93.4,43.1,6.1,國福里常民生活與社區商業,20,3,9,13278000,1327.8,663900,189562.2
2009,花蓮縣,花蓮市,國聯里,175,350.8,106.4,58.7,9.3,國聯里常民生活與社區商業,207,10,128,1849704840,184970.5,8935772,2534576.4
2009,花蓮縣,花蓮市,國興里,71,110.4,97.7,48.3,6.5,國興里常民生活與社區商業,73,8,33,208739000,20873.9,2859438,706599.1
2009,花蓮縣,花蓮市,國華里,55,88.0,96.4,46.7,6.1,國華里常民生活與社區商業,56,3,27,149757000,14975.7,2674232,562280.6
2009,花蓮縣,花蓮市,國裕里,141,282.4,103.5,55.3,7.3,國裕里常民生活與社區商業,159,11,103,1146116410,114611.6,7208279,1983389.3
2009,花蓮縣,花蓮市,國防里,22,38.9,93.6,43.4,5.7,國防里常民生活與社區商業,25,2,13,21686000,2168.6,867440,259234.9
2009,花蓮縣,花蓮市,國風里,92,173.8,99.5,50.4,6.9,國風里常民生活與社區商業,97,7,61,203822000,20382.2,2101257,1147405.8
2009,花蓮縣,花蓮市,國魂里,63,114.4,97.0,47.5,6.9,國魂里常民生活與社區商業,65,3,39,836288300,83628.8,12865973,801403.1
2009,花蓮縣,花蓮市,民主里,56,209.0,101.0,56.8,5.0,民主里常民生活與社區商業,60,4,8,117258000,11725.8,1954300,337380.6
2009,花蓮縣,花蓮市,民享里,53,94.8,96.2,46.5,7.3,民享里常民生活與社區商業,54,5,32,181879000,18187.9,3368129,619750.3
2009,花蓮縣,花蓮市,民勤里,62,106.8,97.0,47.4,6.5,民勤里常民生活與社區商業,67,5,35,166272000,16627.2,2481671,705401.8
2009,花蓮縣,花蓮市,民孝里,61,122.9,96.9,47.3,6.1,民孝里常民生活與社區商業,104,3,45,612696500,61269.6,5891312,1006715.7
2009,花蓮縣,花蓮市,民德里,33,54.1,94.5,44.5,6.5,民德里常民生活與社區商業,33,1,17,111443000,11144.3,3377060,346815.4
2009,花蓮縣,花蓮市,民心里,129,322.0,102.5,54.1,6.1,民心里常民生活與社區商業,140,5,132,2279623500,227962.4,16283025,2364369.9
2009,花蓮縣,花蓮市,民意里,36,61.5,94.8,44.8,5.7,民意里常民生活與社區商業,37,4,20,316634000,31663.4,8557675,415930.7
2009,花蓮縣,花蓮市,民政里,57,99.6,96.5,46.9,5.7,民政里常民生活與社區商業,62,4,33,175381848,17538.2,2828739,662130.5
2009,花蓮縣,花蓮市,民族里,53,63.0,54.0,26.2,12.0,尚未開放（原舊鐵路工務段/空地，夜市在南濱與自強）,56,0,21,325078000,32507.8,5804964,501306.2
2009,花蓮縣,花蓮市,民有里,7,20.0,92.4,41.9,5.7,民有里常民生活與社區商業,7,0,1,1162000,116.2,166000,39193.0
2009,花蓮縣,花蓮市,民樂里,8,20.0,92.5,42.0,5.7,民樂里常民生活與社區商業,8,1,4,21394000,2139.4,2674250,82111.5
2009,花蓮縣,花蓮市,民權里,11,20.0,92.7,42.3,5.7,民權里常民生活與社區商業,11,1,6,24664000,2466.4,2242181,118773.1
2009,花蓮縣,花蓮市,民治里,1,20.0,91.9,41.3,5.7,民治里常民生活與社區商業,1,1,0,20000,2.0,20000,3801.6
2009,花蓮縣,花蓮市,民生里,149,467.1,101.0,56.8,5.0,民生里常民生活與社區商業,159,9,55,111998000,11199.8,704389,1300659.8
2009,花蓮縣,花蓮市,民立里,33,65.9,94.5,44.5,6.1,民立里常民生活與社區商業,38,3,24,113902000,11390.2,2997421,453512.2
2009,花蓮縣,花蓮市,民運里,82,115.5,98.6,49.4,6.9,民運里常民生活與社區商業,87,4,31,337443000,33744.3,3878655,745095.4
2010,花蓮縣,花蓮市,主信里,41,67.0,96.4,46.1,6.2,主信里常民生活與社區商業,46,0,20,96593000,9659.3,2099847,432527.4
2010,花蓮縣,花蓮市,主力里,130,1402.4,148.8,160.5,3.2,三中商圈黃金鼎盛期，大禹街服飾與名產匯聚，夜間燈火通明,134,4,82,316304000,31630.4,2360477,1559504.3
2010,花蓮縣,花蓮市,主勤里,58,103.0,97.8,47.8,6.6,主勤里常民生活與社區商業,61,3,33,77535000,7753.5,1271065,650502.8
2010,花蓮縣,花蓮市,主和里,85,138.2,100.1,50.5,6.2,主和里常民生活與社區商業,88,3,41,179877000,17987.7,2044056,861290.2
2010,花蓮縣,花蓮市,主商里,65,781.9,148.8,160.5,3.2,三中商圈黃金鼎盛期，大禹街服飾與名產匯聚，夜間燈火通明,66,5,31,1107431000,110743.1,16779257,726894.5
2010,花蓮縣,花蓮市,主學里,65,106.8,98.4,48.5,9.0,主學里常民生活與社區商業,67,1,32,142742000,14274.2,2130477,666019.4
2010,花蓮縣,花蓮市,主安里,53,93.8,97.4,47.3,7.8,主安里常民生活與社區商業,60,4,30,254849000,25484.9,4247483,623387.9
2010,花蓮縣,花蓮市,主工里,57,738.4,148.8,160.5,3.2,三中商圈黃金鼎盛期，大禹街服飾與名產匯聚，夜間燈火通明,60,3,29,196492000,19649.2,3274866,606219.4
2010,花蓮縣,花蓮市,主權里,127,235.4,103.6,54.7,8.6,主權里常民生活與社區商業,140,4,78,299552000,29955.2,2139657,1530964.2
2010,花蓮縣,花蓮市,主睦里,60,90.7,98.0,48.0,6.6,主睦里常民生活與社區商業,63,4,25,135413000,13541.3,2149412,562733.0
2010,花蓮縣,花蓮市,主義里,19,25.4,94.6,43.9,5.8,主義里常民生活與社區商業,20,1,6,6398000,639.8,319900,151511.8
2010,花蓮縣,花蓮市,主計里,38,57.7,96.2,45.8,6.2,主計里常民生活與社區商業,42,4,16,151818000,15181.8,3614714,371745.4
2010,花蓮縣,花蓮市,主農里,89,148.2,100.4,50.9,6.6,主農里常民生活與社區商業,89,7,45,155550000,15555.0,1747752,913144.0
2010,花蓮縣,花蓮市,國光里,58,94.3,97.8,47.8,6.2,國光里常民生活與社區商業,58,4,28,62210000,6221.0,1072586,575376.8
2010,花蓮縣,花蓮市,國威里,93,1018.7,148.8,160.5,3.2,三中商圈黃金鼎盛期，大禹街服飾與名產匯聚，夜間燈火通明,99,5,49,474665000,47466.5,4794595,1026673.2
2010,花蓮縣,花蓮市,國安里,57,107.4,97.8,47.7,6.6,國安里常民生活與社區商業,67,4,36,199775000,19977.5,2981716,720582.0
2010,花蓮縣,花蓮市,國富里,194,323.0,109.2,61.4,7.0,國富里常民生活與社區商業,202,12,98,239544900,23954.5,1185865,2011763.6
2010,花蓮縣,花蓮市,國強里,34,78.8,95.8,45.4,6.6,國強里常民生活與社區商業,37,0,30,175130000,17513.0,4733243,529610.4
2010,花蓮縣,花蓮市,國慶里,60,118.4,98.0,48.0,6.2,國慶里常民生活與社區商業,64,3,41,2533435745,253343.6,39584933,958374.9
2010,花蓮縣,花蓮市,國治里,66,111.0,98.5,48.6,7.4,國治里常民生活與社區商業,69,3,34,80237400,8023.7,1162860,693619.0
2010,花蓮縣,花蓮市,國盛里,101,187.1,101.4,52.1,10.2,國盛里常民生活與社區商業,114,7,62,337785000,33778.5,2963026,1235222.8
2010,花蓮縣,花蓮市,國福里,20,33.1,94.7,44.0,6.2,國福里常民生活與社區商業,21,1,10,13527000,1352.7,644142,205882.2
2010,花蓮縣,花蓮市,國聯里,182,377.4,108.2,60.2,9.4,國聯里常民生活與社區商業,218,11,135,1876809840,187681.0,8609219,2666044.8
2010,花蓮縣,花蓮市,國興里,81,126.4,99.8,50.1,6.6,國興里常民生活與社區商業,83,10,36,215451000,21545.1,2595795,782636.1
2010,花蓮縣,花蓮市,國華里,59,96.8,97.9,47.9,6.2,國華里常民生活與社區商業,61,5,29,149893000,14989.3,2457262,606291.4
2010,花蓮縣,花蓮市,國裕里,155,314.6,105.9,57.5,7.4,國裕里常民生活與社區商業,173,14,111,1170375410,117037.5,6765175,2138530.0
2010,花蓮縣,花蓮市,國防里,28,48.1,95.3,44.8,5.8,國防里常民生活與社區商業,31,6,15,25070000,2507.0,808709,307305.6
2010,花蓮縣,花蓮市,國風里,99,190.7,101.2,51.9,7.0,國風里常民生活與社區商業,104,7,65,211335000,21133.5,2032067,1224606.8
2010,花蓮縣,花蓮市,國魂里,66,124.8,98.5,48.6,7.0,國魂里常民生活與社區商業,69,4,42,838588300,83858.8,12153453,854287.1
2010,花蓮縣,花蓮市,民主里,61,223.6,102.5,58.0,5.0,民主里常民生活與社區商業,65,5,8,117320000,11732.0,1804923,356385.6
2010,花蓮縣,花蓮市,民享里,55,100.6,97.6,47.5,7.4,民享里常民生活與社區商業,56,2,33,188179000,18817.9,3360339,640354.3
2010,花蓮縣,花蓮市,民勤里,65,117.1,98.4,48.5,6.6,民勤里常民生活與社區商業,70,3,38,166518000,16651.8,2378828,754321.4
2010,花蓮縣,花蓮市,民孝里,63,131.1,98.2,48.3,6.2,民孝里常民生活與社區商業,108,4,47,616099500,61610.0,5704625,1047188.0
2010,花蓮縣,花蓮市,民德里,33,55.5,95.8,45.3,6.6,民德里常民生活與社區商業,33,0,17,111443000,11144.3,3377060,346815.4
2010,花蓮縣,花蓮市,民心里,129,333.7,103.8,54.9,6.2,民心里常民生活與社區商業,142,2,134,2279823500,227982.4,16055095,2396985.9
2010,花蓮縣,花蓮市,民意里,37,65.6,96.1,45.7,5.8,民意里常民生活與社區商業,38,1,21,317634000,31763.4,8358789,432310.7
2010,花蓮縣,花蓮市,民政里,60,108.0,98.0,48.0,5.8,民政里常民生活與社區商業,65,3,35,204581848,20458.2,3147413,700866.5
2010,花蓮縣,花蓮市,民族里,54,65.0,55.0,27.0,12.0,尚未開放（原舊鐵路工務段/空地，夜市在南濱與自強）,57,1,21,325081000,32508.1,5703175,505106.5
2010,花蓮縣,花蓮市,民有里,7,20.0,93.6,42.7,5.8,民有里常民生活與社區商業,7,0,1,1162000,116.2,166000,39193.0
2010,花蓮縣,花蓮市,民樂里,9,20.0,93.8,42.9,5.8,民樂里常民生活與社區商業,9,1,5,31394000,3139.4,3488222,99211.5
2010,花蓮縣,花蓮市,民權里,12,21.6,94.0,43.2,5.8,民權里常民生活與社區商業,12,1,7,25664000,2566.4,2138666,135153.1
2010,花蓮縣,花蓮市,民治里,1,20.0,93.1,42.1,5.8,民治里常民生活與社區商業,1,0,0,20000,2.0,20000,3801.6
2010,花蓮縣,花蓮市,民生里,152,484.8,102.5,58.0,5.0,民生里常民生活與社區商業,162,3,57,113401000,11340.1,700006,1337172.1
2010,花蓮縣,花蓮市,民立里,34,70.1,95.8,45.4,6.2,民立里常民生活與社區商業,39,1,25,113902000,11390.2,2920564,469812.2
2010,花蓮縣,花蓮市,民運里,88,130.2,100.3,50.8,7.0,民運里常民生活與社區商業,94,7,35,339096000,33909.6,3607404,821827.7
2011,花蓮縣,花蓮市,主信里,42,71.3,97.7,47.0,6.3,主信里常民生活與社區商業,47,1,21,97693000,9769.3,2078574,448915.4
2011,花蓮縣,花蓮市,主力里,137,1492.7,152.0,165.0,3.2,三中商圈黃金鼎盛期，大禹街服飾與名產匯聚，夜間燈火通明,141,7,86,317565000,31756.5,2252234,1636205.2
2011,花蓮縣,花蓮市,主勤里,64,115.7,99.5,49.2,6.7,主勤里常民生活與社區商業,67,6,36,79016000,7901.6,1179343,710921.3
2011,花蓮縣,花蓮市,主和里,90,152.8,101.7,51.8,6.3,主和里常民生活與社區商業,93,5,45,181624000,18162.4,1952946,930429.9
2011,花蓮縣,花蓮市,主商里,70,849.8,152.0,165.0,3.2,三中商圈黃金鼎盛期，大禹街服飾與名產匯聚，夜間燈火通明,72,6,33,1107927000,110792.7,15387875,774734.2
2011,花蓮縣,花蓮市,主學里,70,117.0,100.0,49.8,9.1,主學里常民生活與社區商業,72,5,34,145451000,14545.1,2020152,710236.1
2011,花蓮縣,花蓮市,主安里,60,103.6,99.2,48.8,7.9,主安里常民生活與社區商業,67,7,31,255598000,25559.8,3814895,662547.8
2011,花蓮縣,花蓮市,主工里,60,807.0,152.0,165.0,3.2,三中商圈黃金鼎盛期，大禹街服飾與名產匯聚，夜間燈火通明,64,4,32,211695000,21169.5,3307734,660135.6
2011,花蓮縣,花蓮市,主權里,137,258.2,105.6,56.5,8.7,主權里常民生活與社區商業,150,10,83,309220000,30922.0,2061466,1632237.6
2011,花蓮縣,花蓮市,主睦里,60,94.8,99.2,48.8,6.7,主睦里常民生活與社區商業,64,1,26,136413000,13641.3,2131453,579113.0
2011,花蓮縣,花蓮市,主義里,19,26.1,95.8,44.7,5.9,主義里常民生活與社區商業,20,0,6,6398000,639.8,319900,151511.8
2011,花蓮縣,花蓮市,主計里,43,63.2,97.8,47.1,6.3,主計里常民生活與社區商業,47,5,16,152024000,15202.4,3234553,390761.9
2011,花蓮縣,花蓮市,主農里,93,160.5,102.0,52.1,6.7,主農里常民生活與社區商業,94,5,48,168900000,16890.0,1796808,970712.0
2011,花蓮縣,花蓮市,國光里,61,99.1,99.3,48.9,6.3,國光里常民生活與社區商業,63,5,28,62480000,6248.0,991746,594398.4
2011,花蓮縣,花蓮市,國威里,101,1104.9,152.0,165.0,3.2,三中商圈黃金鼎盛期，大禹街服飾與名產匯聚，夜間燈火通明,107,8,52,476418000,47641.8,4452504,1094713.4
2011,花蓮縣,花蓮市,國安里,61,116.8,99.3,48.9,6.7,國安里常民生活與社區商業,72,5,38,200041000,20004.1,2778347,764603.3
2011,花蓮縣,花蓮市,國富里,201,347.4,111.0,62.9,7.1,國富里常民生活與社區商業,212,10,104,285844900,28584.5,1348325,2128467.6
2011,花蓮縣,花蓮市,國強里,36,82.4,97.2,46.4,6.7,國強里常民生活與社區商業,39,2,30,175136000,17513.6,4490666,537210.9
2011,花蓮縣,花蓮市,國慶里,64,129.9,99.5,49.2,6.3,國慶里常民生活與社區商業,68,4,44,2538838745,253883.9,37335863,1011507.1
2011,花蓮縣,花蓮市,國治里,70,124.1,100.0,49.8,7.5,國治里常民生活與社區商業,76,7,38,94438400,9443.8,1242610,771355.1
2011,花蓮縣,花蓮市,國盛里,107,200.2,103.1,53.5,10.3,國盛里常民生活與社區商業,120,6,64,368105000,36810.5,3067541,1285448.4
2011,花蓮縣,花蓮市,國福里,20,33.9,95.9,44.8,6.3,國福里常民生活與社區商業,21,0,10,13527000,1352.7,644142,205882.2
2011,花蓮縣,花蓮市,國聯里,191,403.0,110.1,61.9,9.5,國聯里常民生活與社區商業,227,9,140,1880861840,188086.2,8285734,2763068.9
2011,花蓮縣,花蓮市,國興里,89,139.6,101.6,51.7,6.7,國興里常民生活與社區商業,91,8,38,222091000,22209.1,2440560,838567.3
2011,花蓮縣,花蓮市,國華里,65,109.4,99.6,49.3,6.3,國華里常民生活與社區商業,67,6,32,152302000,15230.2,2273164,666784.2
2011,花蓮縣,花蓮市,國裕里,162,344.1,107.7,59.0,7.5,國裕里常民生活與社區商業,183,10,120,1240475410,124047.5,6778554,2294638.0
2011,花蓮縣,花蓮市,國防里,30,52.7,96.7,45.8,5.9,國防里常民生活與社區商業,33,2,16,25340000,2534.0,767878,327427.2
2011,花蓮縣,花蓮市,國風里,105,203.9,103.0,53.3,7.1,國風里常民生活與社區商業,113,9,67,222879000,22287.9,1972380,1284730.3
2011,花蓮縣,花蓮市,國魂里,74,139.8,100.4,50.2,7.1,國魂里常民生活與社區商業,77,8,45,839080300,83908.0,10897146,922226.4
2011,花蓮縣,花蓮市,民主里,66,238.2,104.0,59.2,5.0,民主里常民生活與社區商業,72,7,8,117712000,11771.2,1634888,383017.0
2011,花蓮縣,花蓮市,民享里,57,108.3,99.0,48.5,7.5,民享里常民生活與社區商業,58,2,35,188379000,18837.9,3247913,672970.3
2011,花蓮縣,花蓮市,民勤里,72,132.8,100.2,50.0,6.7,民勤里常民生活與社區商業,78,8,42,205579000,20557.9,2635628,837846.3
2011,花蓮縣,花蓮市,民孝里,67,139.4,99.8,49.5,6.3,民孝里常民生活與社區商業,113,5,48,616448500,61644.8,5455296,1078715.9
2011,花蓮縣,花蓮市,民德里,36,62.9,97.2,46.4,6.7,民德里常民生活與社區商業,36,3,19,121678000,12167.8,3379944,384034.2
2011,花蓮縣,花蓮市,民心里,134,353.2,105.4,56.2,6.3,民心里常民生活與社區商業,148,6,138,2349023500,234902.4,15871780,2475321.9
2011,花蓮縣,花蓮市,民意里,38,68.0,97.4,46.6,5.9,民意里常民生活與社區商業,39,1,21,317644000,31764.4,8144717,436111.5
2011,花蓮縣,花蓮市,民政里,60,110.7,99.2,48.8,5.9,民政里常民生活與社區商業,65,0,35,204581848,20458.2,3147413,700866.5
2011,花蓮縣,花蓮市,民族里,58,67.0,56.0,27.8,12.0,尚未開放（原舊鐵路工務段/空地，夜市在南濱與自強）,61,4,23,346136000,34613.6,5674360,546990.9
2011,花蓮縣,花蓮市,民有里,7,20.0,94.8,43.5,5.9,民有里常民生活與社區商業,7,0,1,1162000,116.2,166000,39193.0
2011,花蓮縣,花蓮市,民樂里,10,20.0,95.0,43.8,5.9,民樂里常民生活與社區商業,10,1,6,31494000,3149.4,3149400,115519.5
2011,花蓮縣,花蓮市,民權里,12,22.1,95.2,44.0,5.9,民權里常民生活與社區商業,12,0,7,25664000,2566.4,2138666,135153.1
2011,花蓮縣,花蓮市,民治里,1,20.0,94.3,42.9,5.9,民治里常民生活與社區商業,1,0,0,20000,2.0,20000,3801.6
2011,花蓮縣,花蓮市,民生里,158,512.2,104.0,59.2,5.0,民生里常民生活與社區商業,168,6,61,120107000,12010.7,714922,1410508.6
2011,花蓮縣,花蓮市,民立里,34,73.7,97.0,46.2,6.3,民立里常民生活與社區商業,40,1,26,114402000,11440.2,2860050,486152.2
2011,花蓮縣,花蓮市,民運里,90,136.8,101.7,51.8,7.1,民運里常民生活與社區商業,97,3,36,339794000,33979.4,3503030,845783.5
2012,花蓮縣,花蓮市,主信里,44,76.5,99.1,48.0,6.4,主信里常民生活與社區商業,49,2,22,102923000,10292.3,2100469,469433.8
2012,花蓮縣,花蓮市,主力里,146,1597.8,155.2,169.5,3.2,三中商圈黃金鼎盛期，大禹街服飾與名產匯聚，夜間燈火通明,150,9,91,363083000,36308.3,2420553,1736546.6
2012,花蓮縣,花蓮市,主勤里,67,124.7,101.0,50.3,6.8,主勤里常民生活與社區商業,70,3,38,79156000,7915.6,1130800,747332.5
2012,花蓮縣,花蓮市,主和里,97,169.6,103.5,53.3,6.4,主和里常民生活與社區商業,100,7,49,188537000,18853.7,1885370,1007583.0
2012,花蓮縣,花蓮市,主商里,75,910.1,155.2,169.5,3.2,三中商圈黃金鼎盛期，大禹街服飾與名產匯聚，夜間燈火通明,77,5,34,1108650000,110865.0,14398051,806292.0
2012,花蓮縣,花蓮市,主學里,75,125.9,101.7,51.1,9.2,主學里常民生活與社區商業,78,6,35,145860000,14586.0,1870000,745568.8
2012,花蓮縣,花蓮市,主安里,61,107.0,100.5,49.7,8.0,主安里常民生活與社區商業,68,1,31,255601000,25560.1,3758838,666348.1
2012,花蓮縣,花蓮市,主工里,64,871.4,155.2,169.5,3.2,三中商圈黃金鼎盛期，大禹街服飾與名產匯聚，夜間燈火通明,69,5,34,214768000,21476.8,3112579,704381.4
2012,花蓮縣,花蓮市,主權里,148,282.7,107.7,58.4,8.8,主權里常民生活與社區商業,162,12,88,319461000,31946.1,1971981,1741156.9
2012,花蓮縣,花蓮市,主睦里,63,101.4,100.7,49.9,6.8,主睦里常民生活與社區商業,67,3,27,139428000,13942.8,2081014,603254.2
2012,花蓮縣,花蓮市,主義里,20,29.3,97.1,45.6,6.0,主義里常民生活與社區商業,21,1,7,6398000,639.8,304666,167811.8
2012,花蓮縣,花蓮市,主計里,46,70.9,99.2,48.2,6.4,主計里常民生活與社區商業,51,4,18,165039000,16503.9,3236058,432003.1
2012,花蓮縣,花蓮市,主農里,101,182.0,103.8,53.7,6.8,主農里常民生活與社區商業,103,9,54,171703000,17170.3,1667019,1080136.2
2012,花蓮縣,花蓮市,國光里,61,101.5,100.5,49.7,6.4,國光里常民生活與社區商業,63,0,28,62480000,6248.0,991746,594398.4
2012,花蓮縣,花蓮市,國威里,107,1191.7,155.2,169.5,3.2,三中商圈黃金鼎盛期，大禹街服飾與名產匯聚，夜間燈火通明,113,6,56,478824000,47882.4,4237380,1167705.9
2012,花蓮縣,花蓮市,國安里,66,127.5,100.9,50.2,6.8,國安里常民生活與社區商業,77,5,40,201646000,20164.6,2618779,808731.7
2012,花蓮縣,花蓮市,國富里,211,369.6,113.0,64.7,7.2,國富里常民生活與社區商業,223,11,107,297179900,29718.0,1332645,2208674.4
2012,花蓮縣,花蓮市,國強里,40,89.5,98.7,47.6,6.8,國強里常民生活與社區商業,43,4,31,175539000,17553.9,4082302,564943.1
2012,花蓮縣,花蓮市,國慶里,67,137.4,101.0,50.3,6.4,國慶里常民生活與社區商業,71,3,45,2540088745,254008.9,35775897,1035507.1
2012,花蓮縣,花蓮市,國治里,75,136.8,101.7,51.1,7.6,國治里常民生活與社區商業,81,5,41,94551400,9455.1,1167301,827864.1
2012,花蓮縣,花蓮市,國盛里,112,214.7,104.7,54.8,10.4,國盛里常民生活與社區商業,127,7,67,372514000,37251.4,2933181,1349901.1
2012,花蓮縣,花蓮市,國福里,21,37.4,97.2,45.7,6.4,國福里常民生活與社區商業,22,1,11,14527000,1452.7,660318,222262.2
2012,花蓮縣,花蓮市,國聯里,201,437.5,112.2,63.7,9.6,國聯里常民生活與社區商業,239,12,149,1890892840,189089.3,7911685,2921971.4
2012,花蓮縣,花蓮市,國興里,96,152.4,103.4,53.2,6.8,國興里常民生活與社區商業,98,7,40,222149000,22214.9,2266826,890171.9
2012,花蓮縣,花蓮市,國華里,67,113.8,101.0,50.3,6.4,國華里常民生活與社區商業,69,2,32,152355000,15235.5,2208043,674388.4
2012,花蓮縣,花蓮市,國裕里,168,368.3,109.4,60.4,7.6,國裕里常民生活與社區商業,192,9,126,1245008410,124500.8,6484418,2404200.7
2012,花蓮縣,花蓮市,國防里,31,56.6,98.0,46.7,6.0,國防里常民生活與社區商業,34,1,17,26540000,2654.0,780588,343823.2
2012,花蓮縣,花蓮市,國風里,110,225.7,104.6,54.6,7.2,國風里常民生活與社區商業,122,9,74,248132000,24813.2,2033868,1408450.6
2012,花蓮縣,花蓮市,國魂里,79,152.8,102.0,51.5,7.2,國魂里常民生活與社區商業,83,6,48,839233300,83923.3,10111244,982538.7
2012,花蓮縣,花蓮市,民主里,68,248.8,105.5,60.4,5.0,民主里常民生活與社區商業,75,3,8,117730000,11773.0,1569733,394418.4
2012,花蓮縣,花蓮市,民享里,63,123.2,100.7,49.9,7.6,民享里常民生活與社區商業,64,6,39,190329000,19032.9,2973890,745926.3
2012,花蓮縣,花蓮市,民勤里,74,137.7,101.6,51.0,6.8,民勤里常民生活與社區商業,80,2,42,205587000,20558.7,2569837,845447.0
2012,花蓮縣,花蓮市,民孝里,68,145.5,101.1,50.4,6.4,民孝里常民生活與社區商業,118,5,49,624751500,62475.2,5294504,1110880.1
2012,花蓮縣,花蓮市,民德里,41,75.8,98.8,47.7,6.8,民德里常民生活與社區商業,41,5,23,134278000,13427.8,3275073,454042.2
2012,花蓮縣,花蓮市,民心里,139,375.1,107.0,57.5,6.4,民心里常民生活與社區商業,154,6,143,2361203500,236120.4,15332490,2561596.3
2012,花蓮縣,花蓮市,民意里,39,72.3,98.7,47.5,6.0,民意里常民生活與社區商業,41,2,22,319744000,31974.4,7798634,456379.5
2012,花蓮縣,花蓮市,民政里,67,121.0,101.0,50.3,6.0,民政里常民生活與社區商業,72,7,36,205681848,20568.2,2856692,740054.5
2012,花蓮縣,花蓮市,民族里,62,69.0,57.0,28.6,12.0,尚未開放（原舊鐵路工務段/空地，夜市在南濱與自強）,66,5,25,348339000,34833.9,5277863,591167.1
2012,花蓮縣,花蓮市,民有里,8,20.0,96.1,44.4,6.0,民有里常民生活與社區商業,8,1,2,1165000,116.5,145625,55493.2
2012,花蓮縣,花蓮市,民樂里,11,20.0,96.3,44.7,6.0,民樂里常民生活與社區商業,11,1,6,31497000,3149.7,2863363,119319.8
2012,花蓮縣,花蓮市,民權里,12,22.7,96.4,44.8,6.0,民權里常民生活與社區商業,12,0,7,25664000,2566.4,2138666,135153.1
2012,花蓮縣,花蓮市,民治里,1,20.0,95.5,43.7,6.0,民治里常民生活與社區商業,1,0,0,20000,2.0,20000,3801.6
2012,花蓮縣,花蓮市,民生里,161,530.0,105.5,60.4,5.0,民生里常民生活與社區商業,171,3,63,121310000,12131.0,709415,1447004.8
2012,花蓮縣,花蓮市,民立里,34,77.3,98.2,47.0,6.4,民立里常民生活與社區商業,41,1,27,114402000,11440.2,2790292,502452.2
2012,花蓮縣,花蓮市,民運里,93,142.7,103.2,52.9,7.2,民運里常民生活與社區商業,100,3,36,339954000,33995.4,3399540,857196.3
2013,花蓮縣,花蓮市,主信里,46,85.6,100.4,49.0,6.6,主信里常民生活與社區商業,52,3,25,109223000,10922.3,2100442,518837.8
2013,花蓮縣,花蓮市,主力里,153,1688.2,158.4,174.0,3.2,三中商圈黃金鼎盛期，大禹街服飾與名產匯聚，夜間燈火通明,158,8,95,374743000,37474.3,2371791,1817879.4
2013,花蓮縣,花蓮市,主勤里,69,129.3,102.3,51.3,7.0,主勤里常民生活與社區商業,72,2,38,79506000,7950.6,1104250,754960.5
2013,花蓮縣,花蓮市,主和里,102,183.4,105.1,54.6,6.6,主和里常民生活與社區商業,108,8,52,197783500,19778.4,1831328,1076222.7
2013,花蓮縣,花蓮市,主商里,82,1000.5,158.4,174.0,3.2,三中商圈黃金鼎盛期，大禹街服飾與名產匯聚，夜間燈火通明,84,7,38,1112803000,111280.3,13247654,883224.2
2013,花蓮縣,花蓮市,主學里,81,139.6,103.3,52.5,9.4,主學里常民生活與社區商業,84,6,38,146483000,14648.3,1743845,805918.6
2013,花蓮縣,花蓮市,主安里,70,128.3,102.4,51.4,8.2,主安里常民生活與社區商業,77,9,37,256657000,25665.7,3333207,775632.6
2013,花蓮縣,花蓮市,主工里,66,921.1,158.4,174.0,3.2,三中商圈黃金鼎盛期，大禹街服飾與名產匯聚，夜間燈火通明,71,2,35,214918000,21491.8,3027014,724493.4
2013,花蓮縣,花蓮市,主權里,162,318.1,110.1,60.6,9.0,主權里常民生活與社區商業,178,16,97,326624000,32662.4,1834966,1915029.9
2013,花蓮縣,花蓮市,主睦里,66,108.2,102.1,51.0,7.0,主睦里常民生活與社區商業,70,3,28,139631000,13963.1,1994728,627170.5
2013,花蓮縣,花蓮市,主義里,20,30.0,98.3,46.4,6.2,主義里常民生活與社區商業,21,0,7,6398000,639.8,304666,167811.8
2013,花蓮縣,花蓮市,主計里,49,77.0,100.7,49.3,6.6,主計里常民生活與社區商業,55,4,19,165325000,16532.5,3005909,459726.0
2013,花蓮縣,花蓮市,主農里,105,193.4,105.3,54.9,7.0,主農里常民生活與社區商業,107,4,56,172073000,17207.3,1608158,1120365.8
2013,花蓮縣,花蓮市,國光里,61,103.9,101.7,50.5,6.6,國光里常民生活與社區商業,63,0,28,62480000,6248.0,991746,594398.4
2013,花蓮縣,花蓮市,國威里,118,1303.8,158.4,174.0,3.2,三中商圈黃金鼎盛期，大禹街服飾與名產匯聚，夜間燈火通明,125,12,61,480862000,48086.2,3846896,1275969.0
2013,花蓮縣,花蓮市,國安里,68,135.9,102.3,51.2,7.0,國安里常民生活與社區商業,79,2,42,201926000,20192.6,2556025,841354.1
2013,花蓮縣,花蓮市,國富里,228,415.2,115.6,67.2,7.4,國富里常民生活與社區商業,245,22,119,324584900,32458.5,1324836,2444466.8
2013,花蓮縣,花蓮市,國強里,43,99.8,100.2,48.7,7.0,國強里常民生活與社區商業,46,3,34,176139000,17613.9,3829108,613891.1
2013,花蓮縣,花蓮市,國慶里,71,149.6,102.5,51.5,6.6,國慶里常民生活與社區商業,75,4,48,2544208745,254420.9,33922783,1088536.7
2013,花蓮縣,花蓮市,國治里,80,146.1,103.3,52.4,7.8,國治里常民生活與社區商業,89,8,42,95122400,9512.2,1068791,870809.8
2013,花蓮縣,花蓮市,國盛里,124,244.9,106.9,56.8,10.6,國盛里常民生活與社區商業,140,13,75,388889000,38888.9,2777778,1500611.1
2013,花蓮縣,花蓮市,國福里,21,38.3,98.3,46.5,6.6,國福里常民生活與社區商業,22,0,11,14527000,1452.7,660318,222262.2
2013,花蓮縣,花蓮市,國聯里,212,470.3,114.3,65.6,9.8,國聯里常民生活與社區商業,253,14,156,1895598840,189559.9,7492485,3063047.9
2013,花蓮縣,花蓮市,國興里,103,173.1,105.2,54.7,7.0,國興里常民生活與社區商業,106,8,46,223421800,22342.2,2107752,995673.7
2013,花蓮縣,花蓮市,國華里,72,126.3,102.6,51.6,6.6,國華里常民生活與社區商業,74,5,35,152656800,15265.7,2062929,730912.5
2013,花蓮縣,花蓮市,國裕里,185,413.9,112.0,62.9,7.8,國裕里常民生活與社區商業,210,18,138,1284064410,128406.4,6114592,2625725.2
2013,花蓮縣,花蓮市,國防里,31,58.0,99.2,47.5,6.2,國防里常民生活與社區商業,35,1,17,26543000,2654.3,758371,347623.4
2013,花蓮縣,花蓮市,國風里,118,252.8,106.4,56.2,7.4,國風里常民生活與社區商業,132,10,82,259476000,25947.6,1965727,1547358.1
2013,花蓮縣,花蓮市,國魂里,85,170.8,103.7,52.9,7.4,國魂里常民生活與社區商業,91,8,53,854734300,85473.4,9392684,1076678.7
2013,花蓮縣,花蓮市,民主里,73,272.0,107.0,61.6,5.0,民主里常民生活與社區商業,80,5,11,124130000,12413.0,1551625,451430.4
2013,花蓮縣,花蓮市,民享里,67,135.1,102.2,51.1,7.8,民享里常民生活與社區商業,68,4,42,197079000,19707.9,2898220,799166.3
2013,花蓮縣,花蓮市,民勤里,77,143.6,103.0,52.1,7.0,民勤里常民生活與社區商業,83,3,42,205897000,20589.7,2480686,856871.8
2013,花蓮縣,花蓮市,民孝里,74,163.3,102.8,51.8,6.6,民孝里常民生活與社區商業,125,7,54,625661500,62566.2,5005292,1200052.9
2013,花蓮縣,花蓮市,民德里,46,85.6,100.4,49.0,7.0,民德里常民生活與社區商業,46,5,25,134546000,13454.6,2924913,498063.7
2013,花蓮縣,花蓮市,民心里,141,395.0,108.3,58.5,6.6,民心里常民生活與社區商業,159,5,148,2397903500,239790.4,15081154,2646032.3
2013,花蓮縣,花蓮市,民意里,40,76.8,99.9,48.4,6.2,民意里常民生活與社區商業,42,1,23,319984000,31998.4,7618666,472698.7
2013,花蓮縣,花蓮市,民政里,70,128.3,102.4,51.4,6.2,民政里常民生活與社區商業,75,3,37,206786848,20678.7,2757157,764042.9
2013,花蓮縣,花蓮市,民族里,69,71.0,58.0,29.4,12.0,尚未開放（原舊鐵路工務段/空地，夜市在南濱與自強）,74,8,30,383916350,38391.6,5188058,686913.3
2013,花蓮縣,花蓮市,民有里,8,20.0,97.3,45.2,6.2,民有里常民生活與社區商業,8,0,2,1165000,116.5,145625,55493.2
2013,花蓮縣,花蓮市,民樂里,11,20.5,97.5,45.5,6.2,民樂里常民生活與社區商業,11,0,6,31497000,3149.7,2863363,119319.8
2013,花蓮縣,花蓮市,民權里,12,23.2,97.6,45.6,6.2,民權里常民生活與社區商業,12,0,7,25664000,2566.4,2138666,135153.1
2013,花蓮縣,花蓮市,民治里,1,20.0,96.7,44.5,6.2,民治里常民生活與社區商業,1,0,0,20000,2.0,20000,3801.6
2013,花蓮縣,花蓮市,民生里,168,555.8,107.0,61.6,5.0,民生里常民生活與社區商業,179,8,66,321363000,32136.3,1795324,1530909.0
2013,花蓮縣,花蓮市,民立里,35,81.8,99.5,47.9,6.6,民立里常民生活與社區商業,43,2,28,114702000,11470.2,2667488,522576.2
2013,花蓮縣,花蓮市,民運里,97,155.0,104.7,54.1,7.4,民運里常民生活與社區商業,104,4,39,350174000,35017.4,3367057,910713.9
2014,花蓮縣,花蓮市,主信里,46,89.5,101.6,49.8,6.7,主信里常民生活與社區商業,53,1,26,109723000,10972.3,2070245,535177.8
2014,花蓮縣,花蓮市,主力里,159,1775.0,161.6,178.5,3.2,三中商圈黃金鼎盛期，大禹街服飾與名產匯聚，夜間燈火通明,165,7,99,381346000,38134.6,2311187,1895007.7
2014,花蓮縣,花蓮市,主勤里,70,133.2,103.6,52.2,7.1,主勤里常民生活與社區商業,73,1,38,79706000,7970.6,1091863,758776.5
2014,花蓮縣,花蓮市,主和里,108,204.3,106.8,56.0,6.7,主和里常民生活與社區商業,115,7,58,202236500,20223.6,1758578,1178178.9
2014,花蓮縣,花蓮市,主商里,88,1095.0,161.6,178.5,3.2,三中商圈黃金鼎盛期，大禹街服飾與名產匯聚，夜間燈火通明,92,8,43,1113751000,111375.1,12105989,976200.1
2014,花蓮縣,花蓮市,主學里,87,153.7,105.0,53.9,9.5,主學里常民生活與社區商業,92,8,41,149563000,14956.3,1625684,874065.0
2014,花蓮縣,花蓮市,主安里,75,139.5,104.0,52.7,8.3,主安里常民生活與社區商業,82,5,39,257869000,25786.9,3144743,819729.5
2014,花蓮縣,花蓮市,主工里,71,989.1,161.6,178.5,3.2,三中商圈黃金鼎盛期，大禹街服飾與名產匯聚，夜間燈火通明,76,5,37,215313000,21531.3,2833065,768525.0
2014,花蓮縣,花蓮市,主權里,173,348.4,112.2,62.5,9.1,主權里常民生活與社區商業,189,11,104,337084000,33708.4,1783513,2045166.7
2014,花蓮縣,花蓮市,主睦里,67,115.4,103.4,51.9,7.1,主睦里常民生活與社區商業,72,2,30,142831000,14283.1,1983763,660026.5
2014,花蓮縣,花蓮市,主義里,21,31.6,99.5,47.3,6.3,主義里常民生活與社區商業,22,1,7,6406000,640.6,291181,171612.5
2014,花蓮縣,花蓮市,主計里,54,88.9,102.3,50.6,6.7,主計里常民生活與社區商業,60,5,22,166031000,16603.1,2767183,516282.5
2014,花蓮縣,花蓮市,主農里,112,211.6,107.1,56.4,7.1,主農里常民生活與社區商業,114,7,60,173945900,17394.6,1525841,1197115.7
2014,花蓮縣,花蓮市,國光里,65,111.8,103.2,51.7,6.7,國光里常民生活與社區商業,67,4,29,63030000,6303.0,940746,622142.4
2014,花蓮縣,花蓮市,國威里,130,1411.8,161.6,178.5,3.2,三中商圈黃金鼎盛期，大禹街服飾與名產匯聚，夜間燈火通明,137,12,65,483003000,48300.3,3525569,1371740.2
2014,花蓮縣,花蓮市,國安里,70,142.7,103.6,52.2,7.1,國安里常民生活與社區商業,81,2,43,202476000,20247.6,2499703,861498.1
2014,花蓮縣,花蓮市,國富里,239,447.7,117.7,69.1,7.5,國富里常民生活與社區商業,256,11,126,346211900,34621.2,1352390,2575497.0
2014,花蓮縣,花蓮市,國強里,49,116.8,101.9,50.1,7.1,國強里常民生活與社區商業,52,6,39,180804000,18080.4,3477000,699564.3
2014,花蓮縣,花蓮市,國慶里,76,165.1,104.1,52.8,6.7,國慶里常民生活與社區商業,80,5,52,2550538745,255053.9,31881734,1158043.1
2014,花蓮縣,花蓮市,國治里,85,159.6,104.9,53.7,7.9,國治里常民生活與社區商業,94,5,45,95525400,9552.5,1016227,927342.0
2014,花蓮縣,花蓮市,國盛里,132,265.2,108.8,58.4,10.7,國盛里常民生活與社區商業,149,9,79,394342000,39434.2,2646590,1585247.4
2014,花蓮縣,花蓮市,國福里,23,44.7,99.7,47.5,6.7,國福里常民生活與社區商業,24,2,13,18327000,1832.7,763625,255166.2
2014,花蓮縣,花蓮市,國聯里,222,505.1,116.3,67.4,9.9,國聯里常民生活與社區商業,265,12,164,1921218840,192121.9,7249882,3210697.5
2014,花蓮縣,花蓮市,國興里,111,193.6,107.0,56.3,7.1,國興里常民生活與社區商業,114,8,51,224295800,22429.6,1967507,1088643.7
2014,花蓮縣,花蓮市,國華里,78,140.2,104.3,53.0,6.7,國華里常民生活與社區商業,81,7,38,170404800,17040.5,2103762,796432.4
2014,花蓮縣,花蓮市,國裕里,197,449.1,114.2,64.9,7.9,國裕里常民生活與社區商業,227,17,146,1396268190,139626.8,6150961,2799301.5
2014,花蓮縣,花蓮市,國防里,34,65.7,100.6,48.6,6.3,國防里常民生活與社區商業,38,3,19,96596000,9659.6,2542000,389627.7
2014,花蓮縣,花蓮市,國風里,127,270.3,108.4,57.9,7.5,國風里常民生活與社區商業,141,9,84,260210800,26021.1,1845466,1606616.9
2014,花蓮縣,花蓮市,國魂里,95,191.1,105.7,54.7,7.5,國魂里常民生活與社區商業,102,11,57,862136300,86213.6,8452316,1169070.9
2014,花蓮縣,花蓮市,民主里,80,292.2,108.5,62.8,5.0,民主里常民生活與社區商業,87,7,12,134705000,13470.5,1548333,491376.4
2014,花蓮縣,花蓮市,民享里,73,152.9,103.9,52.5,7.9,民享里常民生活與社區商業,75,7,47,198931000,19893.1,2652413,888414.5
2014,花蓮縣,花蓮市,民勤里,80,151.4,104.5,53.2,7.1,民勤里常民生活與社區商業,86,3,43,206348000,20634.8,2399395,880807.8
2014,花蓮縣,花蓮市,民孝里,81,182.7,104.5,53.3,6.7,民孝里常民生活與社區商業,133,8,59,627596500,62759.6,4718770,1293107.7
2014,花蓮縣,花蓮市,民德里,47,92.3,101.7,49.9,7.1,民德里常民生活與社區商業,48,2,27,148046000,14804.6,3084291,531743.7
2014,花蓮縣,花蓮市,民心里,145,420.9,109.9,59.7,6.7,民心里常民生活與社區商業,166,7,155,2486445500,248644.6,14978587,2767215.6
2014,花蓮縣,花蓮市,民意里,43,85.0,101.4,49.5,6.3,民意里常民生活與社區商業,45,3,25,320334000,32033.4,7118533,509126.7
2014,花蓮縣,花蓮市,民政里,73,139.6,103.9,52.5,6.3,民政里常民生活與社區商業,80,5,40,212196848,21219.7,2652460,820975.7
2014,花蓮縣,花蓮市,民族里,70,73.0,59.0,30.2,12.0,尚未開放（原舊鐵路工務段/空地，夜市在南濱與自強）,75,1,30,383966350,38396.6,5119551,690717.3
2014,花蓮縣,花蓮市,民有里,8,20.0,98.5,46.0,6.3,民有里常民生活與社區商業,8,0,2,1165000,116.5,145625,55493.2
2014,花蓮縣,花蓮市,民樂里,11,21.0,98.7,46.3,6.3,民樂里常民生活與社區商業,11,0,6,31497000,3149.7,2863363,119319.8
2014,花蓮縣,花蓮市,民權里,13,24.6,98.9,46.5,6.3,民權里常民生活與社區商業,13,1,7,25694000,2569.4,1976461,138955.5
2014,花蓮縣,花蓮市,民治里,2,20.0,98.0,45.4,6.3,民治里常民生活與社區商業,2,1,0,70000,7.0,35000,7605.6
2014,花蓮縣,花蓮市,民生里,177,584.4,108.5,62.8,5.0,民生里常民生活與社區商業,189,10,69,339913000,33991.3,1798481,1607893.0
2014,花蓮縣,花蓮市,民立里,36,86.5,100.8,48.8,6.7,民立里常民生活與社區商業,44,1,29,216610140,21661.0,4922957,547028.8
2014,花蓮縣,花蓮市,民運里,101,169.7,106.2,55.3,7.5,民運里常民生活與社區商業,109,5,43,360574000,36057.4,3308018,980545.9
2015,花蓮縣,花蓮市,主信里,50,100.9,103.2,51.0,6.8,主信里常民生活與社區商業,57,4,29,112172000,11217.2,1967929,588073.8
2015,花蓮縣,花蓮市,主力里,170,1273.1,155.0,145.0,6.0,東大門夜市開幕，晚間 6 點後人潮首度出現外流分水嶺,178,13,105,403058000,40305.8,2264370,2021144.6
2015,花蓮縣,花蓮市,主勤里,75,142.6,105.2,53.5,7.2,主勤里常民生活與社區商業,78,5,39,80257000,8025.7,1028935,790320.6
2015,花蓮縣,花蓮市,主和里,112,220.3,108.3,57.2,6.8,主和里常民生活與社區商業,120,5,62,204926500,20492.6,1707720,1247394.1
2015,花蓮縣,花蓮市,主商里,89,590.2,155.0,145.0,6.0,東大門夜市開幕，晚間 6 點後人潮首度出現外流分水嶺,94,2,44,1113851000,111385.1,11849478,996308.1
2015,花蓮縣,花蓮市,主學里,89,160.9,106.4,54.9,9.6,主學里常民生活與社區商業,94,2,42,156046000,15604.6,1660063,894683.7
2015,花蓮縣,花蓮市,主安里,81,155.8,105.8,54.1,8.4,主安里常民生活與社區商業,89,7,43,261739000,26173.9,2940887,896639.1
2015,花蓮縣,花蓮市,主工里,73,497.4,155.0,145.0,6.0,東大門夜市開幕，晚間 6 點後人潮首度出現外流分水嶺,78,2,38,217313000,21731.3,2786064,788785.0
2015,花蓮縣,花蓮市,主權里,182,372.1,114.2,64.2,9.2,主權里常民生活與社區商業,198,9,108,354832000,35483.2,1792080,2130786.6
2015,花蓮縣,花蓮市,主睦里,71,123.5,104.9,53.1,7.2,主睦里常民生活與社區商業,76,4,31,143389000,14338.9,1886697,687771.1
2015,花蓮縣,花蓮市,主義里,23,36.0,100.9,48.3,6.4,主義里常民生活與社區商業,24,2,8,6616000,661.6,275666,191729.3
2015,花蓮縣,花蓮市,主計里,59,101.2,103.9,51.9,6.8,主計里常民生活與社區商業,65,5,25,173241000,17324.1,2665246,573359.3
2015,花蓮縣,花蓮市,主農里,119,232.4,108.9,57.9,7.2,主農里常民生活與社區商業,124,10,65,180151900,18015.2,1452837,1298112.2
2015,花蓮縣,花蓮市,國光里,70,124.6,104.8,53.0,6.8,國光里常民生活與社區商業,73,6,32,69630000,6963.0,953835,682970.4
2015,花蓮縣,花蓮市,國威里,142,968.0,155.0,145.0,6.0,東大門夜市開幕，晚間 6 點後人潮首度出現外流分水嶺,149,12,74,486562000,48656.2,3265516,1530125.0
2015,花蓮縣,花蓮市,國安里,73,154.5,105.1,53.3,7.2,國安里常民生活與社區商業,84,3,46,203486000,20348.6,2422452,910478.9
2015,花蓮縣,花蓮市,國富里,252,481.1,120.0,71.2,7.6,國富里常民生活與社區商業,270,14,132,355281900,35528.2,1315858,2704422.6
2015,花蓮縣,花蓮市,國強里,51,123.2,103.2,51.1,7.2,國強里常民生活與社區商業,55,3,40,188964000,18896.4,3435709,724117.1
2015,花蓮縣,花蓮市,國慶里,84,187.6,106.0,54.4,6.8,國慶里常民生活與社區商業,89,9,58,2551078745,255107.9,28663806,1267286.3
2015,花蓮縣,花蓮市,國治里,91,170.5,106.6,55.1,8.0,國治里常民生活與社區商業,100,6,46,96588400,9658.8,965884,962727.1
2015,花蓮縣,花蓮市,國盛里,136,284.5,110.3,59.6,10.8,國盛里常民生活與社區商業,154,5,84,399692000,39969.2,2595402,1667175.4
2015,花蓮縣,花蓮市,國福里,26,54.3,101.2,48.6,6.8,國福里常民生活與社區商業,27,3,16,18630000,1863.0,690000,304090.4
2015,花蓮縣,花蓮市,國聯里,240,563.8,119.0,70.0,10.0,國聯里常民生活與社區商業,288,23,180,2093911840,209391.2,7270527,3511912.9
2015,花蓮縣,花蓮市,國興里,121,226.4,109.1,58.1,7.2,國興里常民生活與社區商業,125,11,61,234708800,23470.9,1877670,1256276.7
2015,花蓮縣,花蓮市,國華里,85,157.4,106.1,54.5,6.8,國華里常民生活與社區商業,88,7,42,177422606,17742.3,2016165,873593.8
2015,花蓮縣,花蓮市,國裕里,205,485.9,116.1,66.5,8.0,國裕里常民生活與社區商業,238,11,156,1429368190,142936.8,6005748,2968749.5
2015,花蓮縣,花蓮市,國防里,34,67.2,101.8,49.4,6.4,國防里常民生活與社區商業,38,0,19,96596000,9659.6,2542000,389627.7
2015,花蓮縣,花蓮市,國風里,136,294.2,110.3,59.6,7.6,國風里常民生活與社區商業,151,10,89,263415800,26341.6,1744475,1707373.3
2015,花蓮縣,花蓮市,國魂里,104,213.2,107.7,56.4,7.6,國魂里常民生活與社區商業,111,9,62,864766300,86476.6,7790687,1265981.3
2015,花蓮縣,花蓮市,民主里,151,735.1,110.0,95.0,6.5,民主里常民生活與社區商業,159,72,13,138205000,13820.5,869213,777756.4
2015,花蓮縣,花蓮市,民享里,76,159.1,105.3,53.6,8.0,民享里常民生活與社區商業,78,3,47,199411000,19941.1,2556551,899852.9
2015,花蓮縣,花蓮市,民勤里,84,158.4,106.0,54.4,7.2,民勤里常民生活與社區商業,90,4,43,206698000,20669.8,2296644,896035.8
2015,花蓮縣,花蓮市,民孝里,87,200.0,106.2,54.7,6.8,民孝里常民生活與社區商業,139,6,63,630096500,63009.6,4533068,1366107.7
2015,花蓮縣,花蓮市,民德里,47,94.4,102.9,50.7,7.2,民德里常民生活與社區商業,48,0,27,148046000,14804.6,3084291,531743.7
2015,花蓮縣,花蓮市,民心里,147,436.2,111.2,60.7,6.8,民心里常民生活與社區商業,168,2,157,2488445500,248844.6,14812175,2799975.6
2015,花蓮縣,花蓮市,民意里,46,93.5,102.8,50.6,6.4,民意里常民生活與社區商業,48,3,27,321634000,32163.4,6700708,545630.7
2015,花蓮縣,花蓮市,民政里,79,161.8,105.6,53.9,6.4,民政里常民生活與社區商業,90,10,47,252856848,25285.7,2809520,949728.5
2015,花蓮縣,花蓮市,民族里,76,820.0,190.0,160.0,3.5,東大門國際觀光夜市正式啟用！400 攤進駐，成為夜間觀光心臟,81,6,35,394369350,39436.9,4868757,776849.5
2015,花蓮縣,花蓮市,民有里,8,20.0,99.7,46.8,6.4,民有里常民生活與社區商業,8,0,2,1165000,116.5,145625,55493.2
2015,花蓮縣,花蓮市,民樂里,11,21.5,99.9,47.1,6.4,民樂里常民生活與社區商業,11,0,6,31497000,3149.7,2863363,119319.8
2015,花蓮縣,花蓮市,民權里,13,25.2,100.1,47.3,6.4,民權里常民生活與社區商業,13,0,7,25694000,2569.4,1976461,138955.5
2015,花蓮縣,花蓮市,民治里,2,20.0,99.2,46.2,6.4,民治里常民生活與社區商業,2,0,0,70000,7.0,35000,7605.6
2015,花蓮縣,花蓮市,民生里,192,1079.8,110.0,95.0,6.5,民生里常民生活與社區商業,205,16,74,344850000,34485.0,1682195,1731588.0
2015,花蓮縣,花蓮市,民立里,39,98.9,102.2,49.9,6.8,民立里常民生活與社區商業,48,4,33,246510140,24651.0,5135627,614620.8
2015,花蓮縣,花蓮市,民運里,107,182.8,107.9,56.7,7.6,民運里常民生活與社區商業,116,7,45,369261000,36926.1,3183284,1032840.9
2016,花蓮縣,花蓮市,主信里,54,110.8,104.7,52.2,6.9,主信里常民生活與社區商業,61,4,31,122525000,12252.5,2008606,629102.0
2016,花蓮縣,花蓮市,主力里,179,1152.2,145.0,125.0,10.0,店家提早至 8 點打烊，大禹街服飾受電商衝擊首現招租潮,187,9,110,408437000,40843.7,2184155,2118275.0
2016,花蓮縣,花蓮市,主勤里,81,155.2,107.0,54.9,7.3,主勤里常民生活與社區商業,84,6,41,82559000,8255.9,982845,838304.7
2016,花蓮縣,花蓮市,主和里,114,231.0,109.7,58.2,6.9,主和里常民生活與社區商業,123,3,64,205706500,20570.6,1672410,1283856.5
2016,花蓮縣,花蓮市,主商里,90,517.5,145.0,125.0,10.0,店家提早至 8 點打烊，大禹街服飾受電商衝擊首現招租潮,95,1,45,1114099000,111409.9,11727357,1012627.9
2016,花蓮縣,花蓮市,主學里,96,178.8,108.2,56.4,9.7,主學里常民生活與社區商業,103,9,46,160587000,16058.7,1559097,979247.0
2016,花蓮縣,花蓮市,主安里,89,176.4,107.6,55.7,8.5,主安里常民生活與社區商業,98,9,48,264809000,26480.9,2702132,993584.7
2016,花蓮縣,花蓮市,主工里,80,454.0,145.0,125.0,10.0,店家提早至 8 點打烊，大禹街服飾受電商衝擊首現招租潮,85,7,39,242998000,24299.8,2858800,829939.8
2016,花蓮縣,花蓮市,主權里,188,391.8,115.9,65.6,9.3,主權里常民生活與社區商業,204,6,111,364791000,36479.1,1788191,2191883.3
2016,花蓮縣,花蓮市,主睦里,75,131.9,106.5,54.3,7.3,主睦里常民生活與社區商業,80,4,32,144617000,14461.7,1807712,715569.4
2016,花蓮縣,花蓮市,主義里,26,43.6,102.4,49.4,6.5,主義里常民生活與社區商業,28,4,10,9266000,926.6,330928,232141.3
2016,花蓮縣,花蓮市,主計里,63,107.1,105.5,53.1,6.9,主計里常民生活與社區商業,69,4,25,173431000,17343.1,2513492,588574.5
2016,花蓮縣,花蓮市,主農里,124,248.1,110.5,59.2,7.3,主農里常民生活與社區商業,129,5,68,180544900,18054.5,1399572,1354643.6
2016,花蓮縣,花蓮市,國光里,77,141.7,106.6,54.5,6.9,國光里常民生活與社區商業,82,9,36,74670000,7467.0,910609,767573.6
2016,花蓮縣,花蓮市,國威里,151,889.3,145.0,125.0,10.0,店家提早至 8 點打烊，大禹街服飾受電商衝擊首現招租潮,159,10,79,491328000,49132.8,3090113,1631006.2
2016,花蓮縣,花蓮市,國安里,76,166.6,106.5,54.4,7.3,國安里常民生活與社區商業,88,4,49,209606000,20960.6,2381886,963668.5
2016,花蓮縣,花蓮市,國富里,265,509.6,122.3,73.3,7.7,國富里常民生活與社區商業,285,15,135,356263900,35626.4,1250048,2799001.1
2016,花蓮縣,花蓮市,國強里,53,129.7,104.6,52.1,7.3,國強里常民生活與社區商業,57,2,41,189264000,18926.4,3320421,744241.1
2016,花蓮縣,花蓮市,國慶里,85,194.7,107.3,55.3,6.9,國慶里常民生活與社區商業,90,1,59,2553078745,255307.9,28367541,1283746.3
2016,花蓮縣,花蓮市,國治里,101,195.3,108.6,56.9,8.1,國治里常民生活與社區商業,111,11,52,97956400,9795.6,882490,1079636.5
2016,花蓮縣,花蓮市,國盛里,143,305.1,112.1,61.1,10.9,國盛里常民生活與社區商業,161,7,88,401945000,40194.5,2496552,1743955.6
2016,花蓮縣,花蓮市,國福里,27,58.4,102.5,49.5,6.9,國福里常民生活與社區商業,28,1,17,18830000,1883.0,672500,320406.4
2016,花蓮縣,花蓮市,國聯里,259,621.4,121.8,72.7,10.1,國聯里常民生活與社區商業,314,26,194,2165432840,216543.3,6896282,3791434.6
2016,花蓮縣,花蓮市,國興里,128,243.8,110.9,59.6,7.3,國興里常民生活與社區商業,134,9,64,235934800,23593.5,1760707,1328074.8
2016,花蓮縣,花蓮市,國華里,89,164.5,107.6,55.7,6.9,國華里常民生活與社區商業,92,4,42,177688606,17768.9,1931397,888815.1
2016,花蓮縣,花蓮市,國裕里,216,522.6,118.2,68.4,8.1,國裕里常民生活與社區商業,252,14,164,1451691190,145169.1,5760679,3123735.3
2016,花蓮縣,花蓮市,國防里,35,71.6,103.1,50.3,6.5,國防里常民生活與社區商業,39,1,20,96746000,9674.6,2480666,405939.7
2016,花蓮縣,花蓮市,國風里,144,314.0,112.2,61.2,7.7,國風里常民生活與社區商業,161,10,92,276148800,27614.9,1715209,1783891.9
2016,花蓮縣,花蓮市,國魂里,109,228.4,109.3,57.7,7.7,國魂里常民生活與社區商業,117,6,65,869826300,86982.6,7434412,1326686.1
2016,花蓮縣,花蓮市,民主里,346,1154.9,114.0,100.0,6.5,民主里常民生活與社區商業,356,197,15,145609000,14560.9,409014,1551948.7
2016,花蓮縣,花蓮市,民享里,78,170.4,106.7,54.6,8.1,民享里常民生活與社區商業,81,3,50,211011000,21101.1,2605074,949680.9
2016,花蓮縣,花蓮市,民勤里,88,173.5,107.5,55.6,7.3,民勤里常民生活與社區商業,94,4,47,212147001,21214.7,2256882,961671.8
2016,花蓮縣,花蓮市,民孝里,89,210.2,107.6,55.7,6.9,民孝里常民生活與社區商業,143,4,65,636201500,63620.2,4448961,1406796.1
2016,花蓮縣,花蓮市,民德里,52,112.9,104.5,52.0,7.3,民德里常民生活與社區商業,55,7,33,174526000,17452.6,3173200,635462.1
2016,花蓮縣,花蓮市,民心里,153,461.3,113.0,62.1,6.9,民心里常民生活與社區商業,175,7,162,2533943500,253394.4,14479677,2892715.5
2016,花蓮縣,花蓮市,民意里,51,108.1,104.5,51.9,6.5,民意里常民生活與社區商業,54,6,31,325552000,32555.2,6028740,618744.2
2016,花蓮縣,花蓮市,民政里,84,175.9,107.2,55.2,6.5,民政里常民生活與社區商業,95,5,50,270447848,27044.8,2846819,1007635.8
2016,花蓮縣,花蓮市,民族里,79,950.0,210.0,180.0,3.0,全台夜市券冠軍，年湧入逾 400 萬人次，晚間人潮極度飽和,84,3,36,395429350,39542.9,4707492,800834.3
2016,花蓮縣,花蓮市,民有里,10,20.0,101.0,47.8,6.5,民有里常民生活與社區商業,10,2,3,1375000,137.5,137500,75610.0
2016,花蓮縣,花蓮市,民樂里,12,24.8,101.2,48.0,6.5,民樂里常民生活與社區商業,12,1,7,31997000,3199.7,2666416,135659.8
2016,花蓮縣,花蓮市,民權里,14,28.6,101.4,48.2,6.5,民權里常民生活與社區商業,14,1,8,27694000,2769.4,1978142,155415.5
2016,花蓮縣,花蓮市,民治里,2,20.0,100.4,47.0,6.5,民治里常民生活與社區商業,2,0,0,70000,7.0,35000,7605.6
2016,花蓮縣,花蓮市,民生里,201,1152.9,114.0,100.0,6.5,民生里常民生活與社區商業,216,11,81,347833000,34783.3,1610337,1861126.6
2016,花蓮縣,花蓮市,民立里,41,106.9,103.6,50.9,6.9,民立里常民生活與社區商業,50,2,35,248510140,24851.0,4970202,647380.8
2016,花蓮縣,花蓮市,民運里,110,195.6,109.4,57.8,7.7,民運里常民生活與社區商業,120,4,48,372119000,37211.9,3100991,1085769.5
2017,花蓮縣,花蓮市,主信里,58,121.0,106.2,53.4,7.0,主信里常民生活與社區商業,66,5,33,122960000,12296.0,1863030,673136.8
2017,花蓮縣,花蓮市,主力里,184,1143.0,138.0,113.0,13.0,店家提早至 8 點打烊，大禹街服飾受電商衝擊首現招租潮,192,5,112,424017000,42401.7,2208421,2163521.4
2017,花蓮縣,花蓮市,主勤里,88,167.2,108.7,56.4,7.4,主勤里常民生活與社區商業,91,7,42,83029000,8302.9,912406,877442.3
2017,花蓮縣,花蓮市,主和里,121,248.6,111.5,59.7,7.0,主和里常民生活與社區商業,130,7,67,207426500,20742.6,1595588,1348094.1
2017,花蓮縣,花蓮市,主商里,96,505.0,138.0,113.0,13.0,店家提早至 8 點打烊，大禹街服飾受電商衝擊首現招租潮,101,6,46,1115395000,111539.5,11043514,1048031.6
2017,花蓮縣,花蓮市,主學里,103,195.3,110.0,57.9,9.8,主學里常民生活與社區商業,110,7,49,163247000,16324.7,1484063,1043559.8
2017,花蓮縣,花蓮市,主安里,94,189.0,109.2,57.0,8.6,主安里常民生活與社區商業,103,5,50,270259000,27025.9,2623873,1038020.7
2017,花蓮縣,花蓮市,主工里,84,436.0,138.0,113.0,13.0,店家提早至 8 點打烊，大禹街服飾受電商衝擊首現招租潮,89,4,40,244328000,24432.8,2745258,857746.2
2017,花蓮縣,花蓮市,主權里,204,427.4,118.4,68.0,9.4,主權里常民生活與社區商業,220,16,117,368199000,36819.9,1673631,2327955.9
2017,花蓮縣,花蓮市,主睦里,79,142.6,108.0,55.5,7.4,主睦里常民生活與社區商業,84,4,34,145120000,14512.0,1727619,755809.6
2017,花蓮縣,花蓮市,主義里,27,47.5,103.7,50.3,6.6,主義里常民生活與社區商業,29,1,11,9366000,936.6,322965,248449.3
2017,花蓮縣,花蓮市,主計里,63,113.4,106.7,53.9,7.0,主計里常民生活與社區商業,72,3,27,176633000,17663.3,2453236,625230.6
2017,花蓮縣,花蓮市,主農里,129,264.2,112.2,60.5,7.4,主農里常民生活與社區商業,136,7,71,203294900,20329.5,1494815,1420563.6
2017,花蓮縣,花蓮市,國光里,78,145.7,107.9,55.4,7.0,國光里常民生活與社區商業,83,1,36,74730000,7473.0,900361,771378.4
2017,花蓮縣,花蓮市,國威里,155,877.2,138.0,113.0,13.0,店家提早至 8 點打烊，大禹街服飾受電商衝擊首現招租潮,163,4,81,491878000,49187.8,3017656,1671250.2
2017,花蓮縣,花蓮市,國安里,85,190.8,108.5,56.1,7.4,國安里常民生活與社區商業,98,10,55,220819000,22081.9,2253255,1077565.5
2017,花蓮縣,花蓮市,國富里,273,538.3,124.2,74.9,7.8,國富里常民生活與社區商業,295,10,140,371148900,37114.9,1258131,2900691.9
2017,花蓮縣,花蓮市,國強里,59,144.2,106.3,53.5,7.4,國強里常民生活與社區商業,64,7,44,193394000,19339.4,3021781,808671.5
2017,花蓮縣,花蓮市,國慶里,90,207.6,108.9,56.6,7.0,國慶里常民生活與社區商業,95,5,61,2568191745,256819.2,27033597,1328955.3
2017,花蓮縣,花蓮市,國治里,104,202.4,110.1,58.0,8.2,國治里常民生活與社區商業,115,4,52,98254400,9825.4,854386,1094860.4
2017,花蓮縣,花蓮市,國盛里,152,340.4,114.1,62.8,11.0,國盛里常民生活與社區商業,175,14,98,419603000,41960.3,2397731,1923568.2
2017,花蓮縣,花蓮市,國福里,32,70.4,104.1,50.8,7.0,國福里常民生活與社區商業,33,5,20,23610000,2361.0,715454,377288.8
2017,花蓮縣,花蓮市,國聯里,280,672.7,124.7,75.6,10.2,國聯里常民生活與社區商業,336,22,203,2172852840,217285.3,6466823,3988128.2
2017,花蓮縣,花蓮市,國興里,133,257.8,112.5,60.9,7.4,國興里常民生活與社區商業,139,5,66,236545800,23654.6,1701768,1372123.7
2017,花蓮縣,花蓮市,國華里,96,176.6,109.4,57.2,7.0,國華里常民生活與社區商業,99,7,43,179236606,17923.7,1810470,928038.9
2017,花蓮縣,花蓮市,國裕里,233,566.1,120.8,70.9,8.2,國裕里常民生活與社區商業,270,18,172,1468199190,146819.9,5437774,3293455.9
2017,花蓮縣,花蓮市,國防里,38,82.1,104.6,51.4,6.6,國防里常民生活與社區商業,43,4,23,98791000,9879.1,2297465,458803.3
2017,花蓮縣,花蓮市,國風里,156,342.1,114.4,63.2,7.8,國風里常民生活與社區商業,175,14,97,291454800,29145.5,1665456,1900816.4
2017,花蓮縣,花蓮市,國魂里,117,244.9,111.2,59.3,7.8,國魂里常民生活與社區商業,125,8,67,871691300,87169.1,6973530,1382235.3
2017,花蓮縣,花蓮市,民主里,376,1256.6,118.0,105.0,6.5,民主里常民生活與社區商業,386,30,19,146297000,14629.7,379007,1716003.8
2017,花蓮縣,花蓮市,民享里,86,199.8,108.6,56.2,8.2,民享里常民生活與社區商業,91,10,59,216201000,21620.1,2375835,1100596.1
2017,花蓮縣,花蓮市,民勤里,94,189.0,109.2,57.0,7.4,民勤里常民生活與社區商業,101,7,50,217791001,21779.1,2156346,1026223.3
2017,花蓮縣,花蓮市,民孝里,91,218.7,109.0,56.7,7.0,民孝里常民生活與社區商業,145,2,66,637369500,63737.0,4395651,1426989.6
2017,花蓮縣,花蓮市,民德里,55,122.2,106.0,53.1,7.4,民德里常民生活與社區商業,58,3,35,192029000,19202.9,3310844,673262.3
2017,花蓮縣,花蓮市,民心里,154,476.3,114.2,63.0,7.0,民心里常民生活與社區商業,177,2,164,2546015200,254601.5,14384266,2926281.2
2017,花蓮縣,花蓮市,民意里,55,118.2,106.0,53.1,6.6,民意里常民生活與社區商業,58,4,33,326267000,32626.7,5625293,659001.4
2017,花蓮縣,花蓮市,民政里,87,186.5,108.7,56.3,6.6,民政里常民生活與社區商業,100,5,52,280807848,28080.8,2808078,1052464.6
2017,花蓮縣,花蓮市,民族里,81,1090.0,225.0,205.0,3.0,全台夜市券冠軍，年湧入逾 400 萬人次，晚間人潮極度飽和,86,2,38,520629350,52062.9,6053829,843450.3
2017,花蓮縣,花蓮市,民有里,10,20.0,102.2,48.6,6.6,民有里常民生活與社區商業,10,0,3,1375000,137.5,137500,75610.0
2017,花蓮縣,花蓮市,民樂里,13,26.3,102.5,48.9,6.6,民樂里常民生活與社區商業,13,1,7,32097000,3209.7,2469000,139467.8
2017,花蓮縣,花蓮市,民權里,14,29.3,102.6,49.0,6.6,民權里常民生活與社區商業,14,0,8,27694000,2769.4,1978142,155415.5
2017,花蓮縣,花蓮市,民治里,2,20.0,101.6,47.8,6.6,民治里常民生活與社區商業,2,0,0,70000,7.0,35000,7605.6
2017,花蓮縣,花蓮市,民生里,209,1211.0,118.0,105.0,6.5,民生里常民生活與社區商業,227,11,85,368784000,36878.4,1624599,1954602.7
2017,花蓮縣,花蓮市,民立里,43,119.2,105.0,51.9,7.0,民立里常民生活與社區商業,56,6,39,677210140,67721.0,12093038,754476.8
2017,花蓮縣,花蓮市,民運里,121,212.1,111.5,59.7,7.8,民運里常民生活與社區商業,131,11,49,372983000,37298.3,2847198,1140138.6
2018,花蓮縣,花蓮市,主信里,60,129.6,107.6,54.4,7.2,主信里常民生活與社區商業,68,2,35,123660000,12366.0,1818529,705792.8
2018,花蓮縣,花蓮市,主力里,198,1206.5,131.0,101.0,16.0,店家提早至 8 點打烊，大禹街服飾受電商衝擊首現招租潮,207,15,122,431989000,43198.9,2086903,2346159.1
2018,花蓮縣,花蓮市,主勤里,89,173.8,110.0,57.3,7.6,主勤里常民生活與社區商業,92,1,43,83529000,8352.9,907923,893782.3
2018,花蓮縣,花蓮市,主和里,125,266.0,113.0,60.9,7.2,主和里常民生活與社區商業,136,6,71,230094500,23009.4,1691871,1422707.6
2018,花蓮縣,花蓮市,主商里,99,484.2,131.0,101.0,16.0,店家提早至 8 點打烊，大禹街服飾受電商衝擊首現招租潮,104,3,47,1115795000,111579.5,10728798,1071963.6
2018,花蓮縣,花蓮市,主學里,107,205.4,111.5,59.1,10.0,主學里常民生活與社區商業,115,5,50,173457000,17345.7,1508321,1075876.6
2018,花蓮縣,花蓮市,主安里,96,194.9,110.6,58.0,8.8,主安里常民生活與社區商業,107,4,50,270539000,27053.9,2528401,1053243.1
2018,花蓮縣,花蓮市,主工里,88,430.0,131.0,101.0,16.0,店家提早至 8 點打烊，大禹街服飾受電商衝擊首現招租潮,94,5,43,244988000,24498.8,2606255,914299.0
2018,花蓮縣,花蓮市,主權里,211,451.4,120.2,69.5,9.6,主權里常民生活與社區商業,228,8,121,370049999,37005.0,1623026,2408504.0
2018,花蓮縣,花蓮市,主睦里,84,154.5,109.6,56.8,7.6,主睦里常民生活與社區商業,89,5,36,150640000,15064.0,1692584,800251.2
2018,花蓮縣,花蓮市,主義里,29,54.5,105.0,51.3,6.8,主義里常民生活與社區商業,31,2,13,9766000,976.6,315032,281081.3
2018,花蓮縣,花蓮市,主計里,64,121.0,107.9,54.8,7.2,主計里常民生活與社區商業,75,3,29,183733000,18373.3,2449773,662198.6
2018,花蓮縣,花蓮市,主農里,137,289.9,114.0,62.1,7.6,主農里常民生活與社區商業,146,10,77,208829900,20883.0,1430341,1534006.4
2018,花蓮縣,花蓮市,國光里,82,160.9,109.4,56.6,7.2,國光里常民生活與社區商業,87,4,40,77430000,7743.0,890000,836794.4
2018,花蓮縣,花蓮市,國威里,168,908.0,131.0,101.0,16.0,店家提早至 8 點打烊，大禹街服飾受電商衝擊首現招租潮,177,14,86,492813000,49281.3,2784254,1787025.0
2018,花蓮縣,花蓮市,國安里,90,201.7,110.1,57.4,7.6,國安里常民生活與社區商業,104,6,56,225995000,22599.5,2173028,1113279.6
2018,花蓮縣,花蓮市,國富里,288,588.9,126.6,77.2,8.0,國富里常民生活與社區商業,311,16,152,382954900,38295.5,1231366,3112436.4
2018,花蓮縣,花蓮市,國強里,63,153.2,107.8,54.7,7.6,國強里常民生活與社區商業,68,4,45,195614000,19561.4,2876676,836549.1
2018,花蓮縣,花蓮市,國慶里,96,230.2,110.6,58.0,7.2,國慶里常民生活與社區商業,103,8,67,2569821745,256982.2,24949725,1434485.7
2018,花蓮縣,花蓮市,國治里,108,216.7,111.6,59.2,8.4,國治里常民生活與社區商業,120,5,55,99705400,9970.5,830878,1151476.4
2018,花蓮縣,花蓮市,國盛里,167,380.6,116.5,65.1,11.2,國盛里常民生活與社區商業,191,16,107,451451000,45145.1,2363617,2099416.1
2018,花蓮縣,花蓮市,國福里,32,71.9,105.3,51.6,7.2,國福里常民生活與社區商業,33,0,20,23610000,2361.0,715454,377288.8
2018,花蓮縣,花蓮市,國聯里,301,736.0,127.7,78.5,10.4,國聯里常民生活與社區商業,358,22,217,2210500840,221050.1,6174583,4249740.1
2018,花蓮縣,花蓮市,國興里,143,283.1,114.5,62.7,7.6,國興里常民生活與社區商業,149,10,71,240158800,24015.9,1611804,1472912.7
2018,花蓮縣,花蓮市,國華里,106,196.1,111.4,59.0,7.2,國華里常民生活與社區商業,109,10,46,181169606,18117.0,1662106,1003693.6
2018,花蓮縣,花蓮市,國裕里,250,617.1,123.4,73.4,8.4,國裕里常民生活與社區商業,289,19,183,1473297189,147329.7,5097914,3503563.8
2018,花蓮縣,花蓮市,國防里,38,83.8,105.8,52.2,6.8,國防里常民生活與社區商業,43,0,23,98791000,9879.1,2297465,458803.3
2018,花蓮縣,花蓮市,國風里,164,357.0,116.3,64.8,8.0,國風里常民生活與社區商業,185,10,97,292357800,29235.8,1580312,1938888.6
2018,花蓮縣,花蓮市,國魂里,121,260.2,112.7,60.5,8.0,國魂里常民生活與社區商業,130,5,70,886370300,88637.0,6818233,1439909.6
2018,花蓮縣,花蓮市,民主里,383,1308.4,122.0,110.0,6.5,民主里常民生活與社區商業,393,7,22,153706000,15370.6,391109,1780696.5
2018,花蓮縣,花蓮市,民享里,91,217.1,110.2,57.5,8.4,民享里常民生活與社區商業,96,5,63,217079000,21707.9,2261239,1169666.3
2018,花蓮縣,花蓮市,民勤里,99,201.9,110.8,58.3,7.6,民勤里常民生活與社區商業,107,6,52,225291001,22529.1,2105523,1074623.3
2018,花蓮縣,花蓮市,民孝里,95,233.4,110.5,57.9,7.2,民孝里常民生活與社區商業,149,4,69,639019499,63901.9,4288721,1479821.6
2018,花蓮縣,花蓮市,民德里,57,133.0,107.3,54.1,7.6,民德里常民生活與社區商業,62,4,38,193345726,19334.6,3118479,726067.7
2018,花蓮縣,花蓮市,民心里,158,494.4,115.8,64.2,7.2,民心里常民生活與社區商業,181,4,166,2547168200,254716.8,14072752,2966573.5
2018,花蓮縣,花蓮市,民意里,57,124.7,107.3,54.1,6.8,民意里常民生活與社區商業,60,2,34,329467000,32946.7,5491116,679357.4
2018,花蓮縣,花蓮市,民政里,95,208.5,110.5,57.9,6.8,民政里常民生活與社區商業,108,8,57,290657848,29065.8,2691276,1146152.6
2018,花蓮縣,花蓮市,民族里,87,1230.0,240.0,230.0,3.0,全台夜市券冠軍，年湧入逾 400 萬人次，晚間人潮極度飽和,92,6,39,525919350,52591.9,5716514,879173.5
2018,花蓮縣,花蓮市,民有里,10,20.0,103.4,49.4,6.8,民有里常民生活與社區商業,10,0,3,1375000,137.5,137500,75610.0
2018,花蓮縣,花蓮市,民樂里,14,29.9,103.8,49.8,6.8,民樂里常民生活與社區商業,14,1,8,33097000,3309.7,2364071,155847.8
2018,花蓮縣,花蓮市,民權里,16,33.9,103.9,50.0,6.8,民權里常民生活與社區商業,16,2,9,27704000,2770.4,1731500,175516.3
2018,花蓮縣,花蓮市,民治里,2,20.0,102.8,48.6,6.8,民治里常民生活與社區商業,2,0,0,70000,7.0,35000,7605.6
2018,花蓮縣,花蓮市,民生里,211,1244.3,122.0,110.0,6.5,民生里常民生活與社區商業,230,3,86,370837000,37083.7,1612334,1978667.0
2018,花蓮縣,花蓮市,民立里,44,122.7,106.3,52.8,7.2,民立里常民生活與社區商業,57,1,39,677215140,67721.5,11880967,758277.2
2018,花蓮縣,花蓮市,民運里,126,223.4,113.1,61.0,8.0,民運里常民生活與社區商業,137,6,50,373207000,37320.7,2724138,1175456.6
2019,花蓮縣,花蓮市,主信里,63,139.4,109.0,55.5,7.3,主信里常民生活與社區商業,71,3,37,134080000,13408.0,1888450,743026.4
2019,花蓮縣,花蓮市,主力里,207,1214.2,124.0,89.0,19.0,店家提早至 8 點打烊，大禹街服飾受電商衝擊首現招租潮,216,9,125,434727000,43472.7,2012625,2418078.2
2019,花蓮縣,花蓮市,主勤里,92,184.5,111.5,58.4,7.7,主勤里常民生活與社區商業,96,4,45,84289000,8428.9,878010,934043.1
2019,花蓮縣,花蓮市,主和里,129,281.8,114.5,62.1,7.3,主和里常民生活與社區商業,140,4,74,230739500,23074.0,1648139,1475459.2
2019,花蓮縣,花蓮市,主商里,103,472.2,124.0,89.0,19.0,店家提早至 8 點打烊，大禹街服飾受電商衝擊首現招租潮,108,4,49,1116025000,111602.5,10333564,1112182.0
2019,花蓮縣,花蓮市,主學里,109,215.8,112.9,60.1,10.1,主學里常民生活與社區商業,120,5,52,173937000,17393.7,1449475,1119915.0
2019,花蓮縣,花蓮市,主安里,99,206.1,112.0,59.1,8.9,主安里常民生活與社區商業,111,4,52,271439000,27143.9,2445396,1093515.1
2019,花蓮縣,花蓮市,主工里,91,421.2,124.0,89.0,19.0,店家提早至 8 點打烊，大禹街服飾受電商衝擊首現招租潮,98,4,46,246618000,24661.8,2516510,967129.4
2019,花蓮縣,花蓮市,主權里,230,502.6,123.0,72.2,9.7,主權里常民生活與社區商業,252,24,132,374360999,37436.1,1485559,2637548.9
2019,花蓮縣,花蓮市,主睦里,86,168.1,111.0,57.8,7.7,主睦里常民生活與社區商業,94,5,40,152328000,15232.8,1620510,869386.2
2019,花蓮縣,花蓮市,主義里,30,58.7,106.3,52.2,6.9,主義里常民生活與社區商業,33,2,14,10166000,1016.6,308060,301213.3
2019,花蓮縣,花蓮市,主計里,67,130.6,109.4,55.9,7.3,主計里常民生活與社區商業,79,4,31,184264000,18426.4,2332455,702441.1
2019,花蓮縣,花蓮市,主農里,148,317.2,116.1,64.0,7.7,主農里常民生活與社區商業,161,15,82,217017900,21701.8,1347937,1654161.4
2019,花蓮縣,花蓮市,國光里,85,171.4,110.9,57.7,7.3,國光里常民生活與社區商業,90,3,42,77810000,7781.0,864555,873224.8
2019,花蓮縣,花蓮市,國威里,174,913.5,124.0,89.0,19.0,店家提早至 8 點打烊，大禹街服飾受電商衝擊首現招租潮,184,7,90,494689000,49468.9,2688527,1863775.1
2019,花蓮縣,花蓮市,國安里,95,217.1,111.7,58.7,7.7,國安里常民生活與社區商業,110,6,59,226953000,22695.3,2063209,1173656.2
2019,花蓮縣,花蓮市,國富里,301,630.7,128.9,79.3,8.1,國富里常民生活與社區商業,325,14,160,406169900,40617.0,1249753,3267493.6
2019,花蓮縣,花蓮市,國強里,64,159.5,109.1,55.6,7.7,國強里常民生活與社區商業,69,1,46,195664000,19566.4,2835710,852853.1
2019,花蓮縣,花蓮市,國慶里,101,244.0,112.2,59.3,7.3,國慶里常民生活與社區商業,109,6,69,2578944645,257894.5,23660042,1483015.6
2019,花蓮縣,花蓮市,國治里,117,240.5,113.5,60.9,8.5,國治里常民生活與社區商業,132,12,60,100556400,10055.6,761790,1259644.5
2019,花蓮縣,花蓮市,國盛里,180,418.1,118.8,67.2,11.3,國盛里常民生活與社區商業,206,15,115,485225120,48522.5,2355461,2259118.0
2019,花蓮縣,花蓮市,國福里,32,75.5,106.5,52.4,7.3,國福里常民生活與社區商業,35,2,21,28310000,2831.0,808857,397764.8
2019,花蓮縣,花蓮市,國聯里,319,796.4,130.4,81.1,10.5,國聯里常民生活與社區商業,384,26,230,2236560840,223656.1,5824377,4513124.9
2019,花蓮縣,花蓮市,國興里,157,328.0,116.9,64.9,7.7,國興里常民生活與社區商業,165,16,83,245338800,24533.9,1486901,1684127.1
2019,花蓮縣,花蓮市,國華里,113,211.2,113.2,60.5,7.3,國華里常民生活與社區商業,117,8,48,182055606,18205.6,1556030,1059164.4
2019,花蓮縣,花蓮市,國裕里,266,666.6,126.0,75.8,8.5,國裕里常民生活與社區商業,308,19,193,1506380077,150638.0,4890844,3703410.4
2019,花蓮縣,花蓮市,國防里,40,89.6,107.1,53.2,6.9,國防里常民生活與社區商業,45,2,24,101801000,10180.1,2262244,479144.1
2019,花蓮縣,花蓮市,國風里,173,381.6,118.2,66.5,8.1,國風里常民生活與社區商業,195,10,101,308925800,30892.6,1584234,2028214.1
2019,花蓮縣,花蓮市,國魂里,128,278.7,114.5,62.0,8.1,國魂里常民生活與社區商業,138,8,73,887298600,88729.9,6429700,1507883.9
2019,花蓮縣,花蓮市,民主里,389,1353.9,126.0,115.0,6.5,民主里常民生活與社區商業,400,7,24,169022000,16902.2,422555,1833521.8
2019,花蓮縣,花蓮市,民享里,98,230.6,112.0,59.0,8.5,民享里常民生活與社區商業,103,7,64,219522000,21952.2,2131281,1208961.8
2019,花蓮縣,花蓮市,民勤里,109,232.8,112.9,60.1,7.7,民勤里常民生活與社區商業,117,10,60,235499001,23549.9,2012811,1213439.9
2019,花蓮縣,花蓮市,民孝里,102,257.7,112.3,59.4,7.3,民孝里常民生活與社區商業,157,8,75,640952499,64095.2,4082499,1585376.2
2019,花蓮縣,花蓮市,民德里,61,146.0,108.9,55.3,7.7,民德里常民生活與社區商業,66,4,41,231195726,23119.6,3502965,781795.7
2019,花蓮縣,花蓮市,民心里,158,504.7,117.0,65.0,7.3,民心里常民生活與社區商業,181,0,166,2547168200,254716.8,14072752,2966573.5
2019,花蓮縣,花蓮市,民意里,58,130.4,108.6,55.0,6.9,民意里常民生活與社區商業,62,2,35,329970000,32997.0,5322096,699497.6
2019,花蓮縣,花蓮市,民政里,101,233.5,112.2,59.3,6.9,民政里常民生活與社區商業,118,10,64,364252848,36425.3,3086888,1277540.2
2019,花蓮縣,花蓮市,民族里,93,1370.0,255.0,255.0,3.0,全台夜市券冠軍，年湧入逾 400 萬人次，晚間人潮極度飽和,98,6,44,545707350,54570.7,5568442,966056.6
2019,花蓮縣,花蓮市,民有里,10,20.0,104.6,50.2,6.9,民有里常民生活與社區商業,10,0,3,1375000,137.5,137500,75610.0
2019,花蓮縣,花蓮市,民樂里,17,35.5,105.2,50.9,6.9,民樂里常民生活與社區商業,17,3,9,33797000,3379.7,1988058,179803.8
2019,花蓮縣,花蓮市,民權里,16,34.6,105.1,50.8,6.9,民權里常民生活與社區商業,16,0,9,27704000,2770.4,1731500,175516.3
2019,花蓮縣,花蓮市,民治里,2,20.0,104.0,49.4,6.9,民治里常民生活與社區商業,2,0,0,70000,7.0,35000,7605.6
2019,花蓮縣,花蓮市,民生里,220,1295.8,126.0,115.0,6.5,民生里常民生活與社區商業,240,10,88,376648000,37664.8,1569366,2042131.8
2019,花蓮縣,花蓮市,民立里,46,131.4,107.6,53.8,7.3,民立里常民生活與社區商業,61,4,41,685563140,68556.3,11238740,799145.1
2019,花蓮縣,花蓮市,民運里,135,247.4,115.0,62.7,8.1,民運里常民生活與社區商業,146,9,55,410894000,41089.4,2814342,1275171.5
2020,花蓮縣,花蓮市,主信里,68,153.7,110.7,56.8,7.4,主信里常民生活與社區商業,77,6,40,204763000,20476.3,2659259,808981.0
2020,花蓮縣,花蓮市,主力里,218,929.9,105.0,70.0,20.0,老牌名店相繼熄燈/遷址，一樓店面陸續轉為夾娃娃機與特賣會,228,12,128,440392000,44039.2,1931543,2501631.4
2020,花蓮縣,花蓮市,主勤里,94,192.4,112.8,59.4,7.8,主勤里常民生活與社區商業,99,3,46,84794000,8479.4,856505,957983.5
2020,花蓮縣,花蓮市,主和里,134,296.8,116.2,63.4,7.4,主和里常民生活與社區商業,145,5,76,231059500,23106.0,1593513,1519484.8
2020,花蓮縣,花蓮市,主商里,111,419.7,105.0,70.0,20.0,老牌名店相繼熄燈/遷址，一樓店面陸續轉為夾娃娃機與特賣會,120,12,52,1118434000,111843.4,9320283,1195474.7
2020,花蓮縣,花蓮市,主學里,115,228.3,114.6,61.5,10.2,主學里常民生活與社區商業,127,7,53,174607000,17460.7,1374858,1159068.6
2020,花蓮縣,花蓮市,主安里,104,223.9,113.7,60.4,9.0,主安里常民生活與社區商業,116,5,56,278237000,27823.7,2398594,1163059.0
2020,花蓮縣,花蓮市,主工里,99,389.1,105.0,70.0,20.0,老牌名店相繼熄燈/遷址，一樓店面陸續轉為夾娃娃機與特賣會,107,9,50,248866000,24886.6,2325850,1051509.3
2020,花蓮縣,花蓮市,主權里,242,542.0,125.2,74.2,9.8,主權里常民生活與社區商業,274,22,140,409313999,40931.4,1493846,2823945.1
2020,花蓮縣,花蓮市,主睦里,88,173.5,112.3,58.8,7.8,主睦里常民生活與社區商業,96,2,40,152381000,15238.1,1587302,876990.5
2020,花蓮縣,花蓮市,主義里,32,66.2,107.7,53.2,7.0,主義里常民生活與社區商業,37,4,16,10621000,1062.1,287054,341449.7
2020,花蓮縣,花蓮市,主計里,69,139.6,110.8,56.9,7.4,主計里常民生活與社區商業,84,5,33,186616000,18661.6,2221619,746629.3
2020,花蓮縣,花蓮市,主農里,156,346.7,118.0,65.6,7.8,主農里常民生活與社區商業,171,10,89,253532900,25353.3,1482648,1782582.6
2020,花蓮縣,花蓮市,國光里,88,182.2,112.3,58.8,7.4,國光里常民生活與社區商業,93,3,44,78830000,7883.0,847634,909706.4
2020,花蓮縣,花蓮市,國威里,188,755.5,105.0,70.0,20.0,老牌名店相繼熄燈/遷址，一樓店面陸續轉為夾娃娃機與特賣會,201,17,99,500879000,50087.9,2491935,2041370.3
2020,花蓮縣,花蓮市,國安里,100,237.2,113.3,60.0,7.8,國安里常民生活與社區商業,116,6,64,236051000,23605.1,2034922,1259684.1
2020,花蓮縣,花蓮市,國富里,312,663.1,131.0,81.2,8.2,國富里常民生活與社區商業,338,13,164,409423900,40942.4,1211313,3367153.9
2020,花蓮縣,花蓮市,國強里,68,177.5,110.7,56.8,7.8,國強里常民生活與社區商業,75,6,51,198664000,19866.4,2648853,938393.1
2020,花蓮縣,花蓮市,國慶里,112,268.6,114.3,61.2,7.4,國慶里常民生活與社區商業,120,11,73,2583755645,258375.6,21531297,1575200.5
2020,花蓮縣,花蓮市,國治里,124,256.7,115.3,62.4,8.6,國治里常民生活與社區商業,141,9,62,116617400,11661.7,827073,1320129.4
2020,花蓮縣,花蓮市,國盛里,199,464.8,121.6,69.9,11.4,國盛里常民生活與社區商業,227,21,124,495067120,49506.7,2180912,2452205.4
2020,花蓮縣,花蓮市,國福里,34,81.2,107.8,53.4,7.4,國福里常民生活與社區商業,37,2,22,28515000,2851.5,770675,417881.2
2020,花蓮縣,花蓮市,國聯里,333,858.9,132.8,83.3,10.6,國聯里常民生活與社區商業,407,23,245,2241111840,224111.2,5506417,4788388.9
2020,花蓮縣,花蓮市,國興里,179,386.7,119.9,67.9,7.8,國興里常民生活與社區商業,190,25,97,256976800,25697.7,1352509,1955058.1
2020,花蓮縣,花蓮市,國華里,120,233.3,115.0,62.0,7.4,國華里常民生活與社區商業,126,9,53,185885606,18588.6,1475282,1156170.8
2020,花蓮縣,花蓮市,國裕里,282,715.5,128.5,78.2,8.6,國裕里常民生活與社區商業,328,20,202,1512776077,151277.6,4612122,3892422.1
2020,花蓮縣,花蓮市,國防里,45,100.7,108.8,54.5,7.0,國防里常民生活與社區商業,52,7,26,106712000,10671.2,2052153,531137.0
2020,花蓮縣,花蓮市,國風里,189,424.7,120.8,68.9,8.2,國風里常民生活與社區商業,214,19,110,322369320,32236.9,1506398,2213989.5
2020,花蓮縣,花蓮市,國魂里,133,304.5,116.1,63.3,8.2,國魂里常民生活與社區商業,148,10,80,929996600,92999.7,6283760,1636799.7
2020,花蓮縣,花蓮市,民主里,396,1392.8,130.0,120.0,6.5,民主里常民生活與社區商業,409,9,24,170341000,17034.1,416481,1867827.3
2020,花蓮縣,花蓮市,民享里,105,253.0,113.8,60.5,8.6,民享里常民生活與社區商業,111,8,69,259226000,25922.6,2335369,1305038.1
2020,花蓮縣,花蓮市,民勤里,114,248.9,114.5,61.4,7.8,民勤里常民生活與社區商業,124,7,63,245657001,24565.7,1981104,1278352.6
2020,花蓮縣,花蓮市,民孝里,107,272.2,113.9,60.7,7.4,民孝里常民生活與社區商業,163,6,77,641573499,64157.3,3936033,1633225.9
2020,花蓮縣,花蓮市,民德里,65,157.2,110.4,56.5,7.8,民德里常民生活與社區商業,70,4,43,232695726,23269.6,3324224,822115.7
2020,花蓮縣,花蓮市,民心里,159,518.1,118.2,65.9,7.4,民心里常民生活與社區商業,183,2,167,2576368200,257636.8,14078514,2989009.5
2020,花蓮縣,花蓮市,民意里,60,137.2,110.0,56.0,7.0,民意里常民生活與社區商業,64,2,36,335170000,33517.0,5237031,720013.6
2020,花蓮縣,花蓮市,民政里,115,271.5,114.6,61.5,7.0,民政里常民生活與社區商業,135,17,73,391895848,39189.6,2902932,1456851.7
2020,花蓮縣,花蓮市,民族里,98,980.0,175.0,155.0,5.0,持續主導花蓮夜經濟，五星市集與電子支付普及,103,5,49,553027350,55302.7,5369197,1048142.2
2020,花蓮縣,花蓮市,民有里,14,22.5,106.2,51.4,7.0,民有里常民生活與社區商業,14,4,4,2020000,202.0,144285,103361.6
2020,花蓮縣,花蓮市,民樂里,20,47.9,106.7,52.0,7.0,民樂里常民生活與社區商業,21,4,13,39597000,3959.7,1885571,245467.8
2020,花蓮縣,花蓮市,民權里,19,42.6,106.6,51.9,7.0,民權里常民生活與社區商業,19,3,11,28124000,2812.4,1480210,211949.9
2020,花蓮縣,花蓮市,民治里,2,20.0,105.2,50.2,7.0,民治里常民生活與社區商業,2,0,0,70000,7.0,35000,7605.6
2020,花蓮縣,花蓮市,民生里,233,1355.1,130.0,120.0,6.5,民生里常民生活與社區商業,254,14,90,378902000,37890.2,1491740,2120512.2
2020,花蓮縣,花蓮市,民立里,48,142.6,109.0,54.8,7.4,民立里常民生活與社區商業,64,3,44,685863140,68586.3,10716611,848069.1
2020,花蓮縣,花蓮市,民運里,142,263.7,116.8,64.2,8.2,民運里常民生活與社區商業,153,7,57,412410000,41241.0,2695490,1326892.8
2021,花蓮縣,花蓮市,主信里,75,168.3,112.5,58.3,7.5,主信里常民生活與社區商業,85,8,42,206083000,20608.3,2424505,864486.6
2021,花蓮縣,花蓮市,主力里,234,988.4,105.0,70.0,20.0,老牌名店相繼熄燈/遷址，一樓店面陸續轉為夾娃娃機與特賣會,249,21,135,493155000,49315.5,1980542,2673152.4
2021,花蓮縣,花蓮市,主勤里,108,223.6,115.2,61.6,7.9,主勤里常民生活與社區商業,114,15,52,87836000,8783.6,770491,1090226.9
2021,花蓮縣,花蓮市,主和里,141,320.8,118.0,64.9,7.5,主和里常民生活與社區商業,159,14,81,236497166,23649.7,1487403,1635619.8
2021,花蓮縣,花蓮市,主商里,116,433.2,105.0,70.0,20.0,老牌名店相繼熄燈/遷址，一樓店面陸續轉為夾娃娃機與特賣會,128,8,53,1119402000,111940.2,8745328,1238452.2
2021,花蓮縣,花蓮市,主學里,122,248.8,116.4,63.0,10.3,主學里常民生活與社區商業,137,10,57,176713000,17671.3,1289875,1247237.0
2021,花蓮縣,花蓮市,主安里,111,239.9,115.5,61.9,9.1,主安里常民生活與社區商業,123,7,58,278745000,27874.5,2266219,1214699.6
2021,花蓮縣,花蓮市,主工里,105,412.6,105.0,70.0,20.0,老牌名店相繼熄燈/遷址，一樓店面陸續轉為夾娃娃機與特賣會,116,9,53,256210888,25621.1,2208714,1123796.9
2021,花蓮縣,花蓮市,主權里,265,604.7,128.3,77.3,9.9,主權里常民生活與社區商業,301,27,153,419299599,41930.0,1393021,3089844.0
2021,花蓮縣,花蓮市,主睦里,95,186.3,114.1,60.3,7.9,主睦里常民生活與社區商業,104,8,41,153184000,15318.4,1472923,919954.7
2021,花蓮縣,花蓮市,主義里,33,70.8,109.0,54.1,7.1,主義里常民生活與社區商業,39,2,17,10851000,1085.1,278230,361568.1
2021,花蓮縣,花蓮市,主計里,77,154.9,112.6,58.5,7.5,主計里常民生活與社區商業,93,9,35,192894000,19289.4,2074129,806331.5
2021,花蓮縣,花蓮市,主農里,162,372.9,119.7,67.0,7.9,主農里常民生活與社區商業,181,10,95,277593900,27759.4,1533667,1897507.5
2021,花蓮縣,花蓮市,國光里,89,186.8,113.6,59.7,7.5,國光里常民生活與社區商業,94,1,44,78880000,7888.0,839148,913510.4
2021,花蓮縣,花蓮市,國威里,200,814.6,105.0,70.0,20.0,老牌名店相繼熄燈/遷址，一樓店面陸續轉為夾娃娃機與特賣會,219,18,108,505578001,50557.8,2308575,2222646.2
2021,花蓮縣,花蓮市,國安里,103,253.8,114.8,61.1,7.9,國安里常民生活與社區商業,120,4,68,237651000,23765.1,1980425,1325012.1
2021,花蓮縣,花蓮市,國富里,330,710.0,133.7,83.8,8.3,國富里常民生活與社區商業,357,19,171,428739800,42874.0,1200951,3528399.2
2021,花蓮縣,花蓮市,國強里,71,186.3,112.1,57.9,7.9,國強里常民生活與社區商業,78,3,52,199172000,19917.2,2553487,962333.8
2021,花蓮縣,花蓮市,國慶里,113,279.3,115.6,62.1,7.5,國慶里常民生活與社區商業,123,3,75,2584215645,258421.6,21009883,1611637.3
2021,花蓮縣,花蓮市,國治里,134,285.1,117.4,64.2,8.7,國治里常民生活與社區商業,155,14,68,118535400,11853.5,764744,1448482.8
2021,花蓮縣,花蓮市,國盛里,217,529.8,124.3,72.5,11.5,國盛里常民生活與社區商業,257,30,141,524448120,52444.8,2040654,2781055.8
2021,花蓮縣,花蓮市,國福里,40,102.1,109.5,54.8,7.5,國福里常民生活與社區商業,44,7,28,29407000,2940.7,668340,519552.6
2021,花蓮縣,花蓮市,國聯里,355,931.3,135.8,86.3,10.7,國聯里常民生活與社區商業,437,30,260,2260107840,226010.8,5171871,5091408.6
2021,花蓮縣,花蓮市,國興里,190,438.6,122.0,69.8,7.9,國興里常民生活與社區商業,208,18,112,279401800,27940.2,1343277,2212752.1
2021,花蓮縣,花蓮市,國華里,134,274.1,117.4,64.2,7.5,國華里常民生活與社區商業,146,20,63,197374606,19737.5,1351880,1358090.0
2021,花蓮縣,花蓮市,國裕里,305,772.9,131.6,81.3,8.7,國裕里常民生活與社區商業,355,27,211,1536326077,153632.6,4327679,4109406.1
2021,花蓮縣,花蓮市,國防里,48,110.2,110.2,55.6,7.1,國防里常民生活與社區商業,55,3,28,106862000,10686.2,1942945,567549.0
2021,花蓮縣,花蓮市,國風里,200,448.7,122.9,70.8,8.3,國風里常民生活與社區商業,227,13,112,323180320,32318.0,1423701,2288454.4
2021,花蓮縣,花蓮市,國魂里,149,348.7,118.6,65.7,8.3,國魂里常民生活與社區商業,164,16,90,939255600,93925.6,5727168,1823340.4
2021,花蓮縣,花蓮市,民主里,413,1486.0,134.0,125.0,6.5,民主里常民生活與社區商業,431,22,32,177928900,17792.9,412828,2052034.3
2021,花蓮縣,花蓮市,民享里,114,278.2,115.7,62.2,8.7,民享里常民生活與社區商業,121,10,74,270747000,27074.7,2237578,1406459.8
2021,花蓮縣,花蓮市,民勤里,124,270.6,116.5,63.2,7.9,民勤里常民生活與社區商業,135,11,66,254225001,25422.5,1883148,1358338.0
2021,花蓮縣,花蓮市,民孝里,118,304.2,116.0,62.6,7.5,民孝里常民生活與社區商業,176,13,84,650286499,65028.6,3694809,1770822.9
2021,花蓮縣,花蓮市,民德里,73,179.5,112.3,58.1,7.9,民德里常民生活與社區商業,80,10,48,233515726,23351.6,2918946,922681.3
2021,花蓮縣,花蓮市,民心里,164,546.8,119.9,67.2,7.5,民心里常民生活與社區商業,189,6,173,2614611200,261461.1,13833921,3089868.9
2021,花蓮縣,花蓮市,民意里,68,159.0,111.9,57.6,7.1,民意里常民生活與社區商業,75,11,41,352327999,35232.8,4697706,825686.2
2021,花蓮縣,花蓮市,民政里,126,312.3,116.7,63.4,7.1,民政里常民生活與社區商業,153,18,84,438330848,43833.1,2864907,1666466.5
2021,花蓮縣,花蓮市,民族里,104,980.0,175.0,155.0,5.0,持續主導花蓮夜經濟，五星市集與電子支付普及,111,8,51,555640350,55564.0,5005768,1103751.2
2021,花蓮縣,花蓮市,民有里,19,30.2,107.8,52.7,7.1,民有里常民生活與社區商業,20,6,5,2628000,262.8,131400,138710.2
2021,花蓮縣,花蓮市,民樂里,24,59.5,108.2,53.2,7.1,民樂里常民生活與社區商業,26,5,16,41156000,4115.6,1582923,302092.5
2021,花蓮縣,花蓮市,民權里,19,43.4,107.8,52.7,7.1,民權里常民生活與社區商業,19,0,11,28124000,2812.4,1480210,211949.9
2021,花蓮縣,花蓮市,民治里,2,20.0,106.4,51.0,7.1,民治里常民生活與社區商業,2,0,0,70000,7.0,35000,7605.6
2021,花蓮縣,花蓮市,民生里,245,1416.9,134.0,125.0,6.5,民生里常民生活與社區商業,266,12,93,380045880,38004.6,1428743,2203703.7
2021,花蓮縣,花蓮市,民立里,52,156.1,110.5,56.0,7.5,民立里常民生活與社區商業,69,5,47,686813140,68681.3,9953813,904645.1
2021,花蓮縣,花蓮市,民運里,158,309.4,119.4,66.6,8.3,民運里常民生活與社區商業,175,22,68,419159168,41915.9,2395195,1548532.7
2022,花蓮縣,花蓮市,主信里,75,176.1,113.7,59.1,7.6,主信里常民生活與社區商業,88,3,44,206483000,20648.3,2346397,900918.6
2022,花蓮縣,花蓮市,主力里,247,1163.8,115.0,85.0,22.5,老牌名店相繼熄燈/遷址，一樓店面陸續轉為夾娃娃機與特賣會,264,15,142,500435000,50043.5,1895587,2818234.8
2022,花蓮縣,花蓮市,主勤里,115,242.0,117.0,63.1,8.0,主勤里常民生活與社區商業,121,7,55,88391000,8839.1,730504,1154371.3
2022,花蓮縣,花蓮市,主和里,148,345.6,119.7,66.4,7.6,主和里常民生活與社區商業,168,9,86,237749166,23774.9,1415173,1732419.9
2022,花蓮縣,花蓮市,主商里,122,510.3,115.0,85.0,22.5,老牌名店相繼熄燈/遷址，一樓店面陸續轉為夾娃娃機與特賣會,137,9,56,1120680000,112068.0,8180145,1310254.4
2022,花蓮縣,花蓮市,主學里,133,274.0,118.5,64.9,10.4,主學里常民生活與社區商業,148,11,61,179766000,17976.6,1214635,1339281.3
2022,花蓮縣,花蓮市,主安里,118,258.5,117.2,63.4,9.2,主安里常民生活與社區商業,133,10,61,280180000,28018.0,2106616,1290314.4
2022,花蓮縣,花蓮市,主工里,106,481.5,115.0,85.0,22.5,老牌名店相繼熄燈/遷址，一樓店面陸續轉為夾娃娃機與特賣會,121,5,57,260220888,26022.1,2150585,1193117.7
2022,花蓮縣,花蓮市,主權里,278,652.4,130.6,79.4,10.0,主權里常民生活與社區商業,321,20,163,474542599,47454.3,1478325,3295263.4
2022,花蓮縣,花蓮市,主睦里,96,190.9,115.4,61.2,8.0,主睦里常民生活與社區商業,105,1,41,153384000,15338.4,1460800,923770.7
2022,花蓮縣,花蓮市,主義里,34,73.2,110.2,55.0,7.2,主義里常民生活與社區商業,40,1,17,10951000,1095.1,273775,365376.1
2022,花蓮縣,花蓮市,主計里,84,171.8,114.4,60.0,7.6,主計里常民生活與社區商業,100,7,38,194636000,19463.6,1946360,870570.9
2022,花蓮縣,花蓮市,主農里,170,404.2,121.6,68.6,8.0,主農里常民生活與社區商業,192,11,102,287259900,28726.0,1496145,2027580.8
2022,花蓮縣,花蓮市,國光里,99,216.5,115.7,61.5,7.6,國光里常民生活與社區商業,107,13,51,83001000,8300.1,775710,1050740.1
2022,花蓮縣,花蓮市,國威里,208,950.0,115.0,85.0,22.5,老牌名店相繼熄燈/遷址，一樓店面陸續轉為夾娃娃機與特賣會,230,11,113,520241001,52024.1,2261917,2328119.3
2022,花蓮縣,花蓮市,國安里,107,267.4,116.3,62.3,8.0,國安里常民生活與社區商業,124,4,70,238011000,23801.1,1919443,1365240.9
2022,花蓮縣,花蓮市,國富里,345,764.1,136.2,86.1,8.4,國富里常民生活與社區商業,379,22,182,439424800,43942.5,1159432,3750354.0
2022,花蓮縣,花蓮市,國強里,79,211.6,114.0,59.5,8.0,國強里常民生活與社區商業,88,10,58,202097777,20209.8,2296565,1075567.8
2022,花蓮縣,花蓮市,國慶里,117,297.9,117.2,63.3,7.6,國慶里常民生活與社區商業,128,5,79,2585865645,258586.6,20202075,1680769.3
2022,花蓮縣,花蓮市,國治里,139,304.9,119.0,65.5,8.8,國治里常民生活與社區商業,161,6,72,121400400,12140.0,754039,1521512.0
2022,花蓮縣,花蓮市,國盛里,231,581.5,126.7,74.7,11.6,國盛里常民生活與社區商業,280,23,153,538250120,53825.0,1922321,3019560.0
2022,花蓮縣,花蓮市,國福里,45,118.2,111.2,56.1,7.6,國福里常民生活與社區商業,49,5,32,30457000,3045.7,621571,588636.6
2022,花蓮縣,花蓮市,國聯里,369,986.5,138.2,88.5,10.8,國聯里常民生活與社區商業,458,21,270,2268850840,226885.1,4953822,5296908.1
2022,花蓮縣,花蓮市,國興里,204,475.1,124.4,72.0,8.0,國興里常民生活與社區商業,224,16,118,283732800,28373.3,1266664,2348898.6
2022,花蓮縣,花蓮市,國華里,143,300.0,119.3,65.9,7.6,國華里常民生活與社區商業,158,12,68,202610606,20261.1,1282345,1466608.8
2022,花蓮縣,花蓮市,國裕里,331,864.2,135.0,84.7,8.8,國裕里常民生活與社區商業,387,32,233,1566941077,156694.1,4048943,4508455.3
2022,花蓮縣,花蓮市,國防里,51,122.1,111.7,56.7,7.2,國防里常民生活與社區商業,59,4,31,116387000,11638.7,1972661,621011.0
2022,花蓮縣,花蓮市,國風里,212,490.1,125.1,72.8,8.4,國風里常民生活與社區商業,247,20,121,332831320,33283.1,1347495,2477726.5
2022,花蓮縣,花蓮市,國魂里,159,383.9,120.7,67.5,8.4,國魂里常民生活與社區商業,175,11,98,949943500,94994.4,5428248,1965995.5
2022,花蓮縣,花蓮市,民主里,417,1527.5,138.0,130.0,6.5,民主里常民生活與社區商業,436,5,34,178598900,17859.9,409630,2096087.9
2022,花蓮縣,花蓮市,民享里,119,295.5,117.3,63.5,8.8,民享里常民生活與社區商業,128,7,77,272212000,27221.2,2126656,1470677.0
2022,花蓮縣,花蓮市,民勤里,139,311.6,119.0,65.5,8.0,民勤里常民生活與社區商業,150,15,75,256513001,25651.3,1710086,1528021.0
2022,花蓮縣,花蓮市,民孝里,126,336.4,117.9,64.2,7.6,民孝里常民生活與社區商業,186,10,92,665531499,66553.1,3578126,1910042.5
2022,花蓮縣,花蓮市,民德里,81,198.0,114.2,59.7,8.0,民德里常民生活與社區商業,88,8,51,234465726,23446.6,2664383,990657.3
2022,花蓮縣,花蓮市,民心里,168,568.3,121.4,68.4,7.6,民心里常民生活與社區商業,194,5,176,2677411200,267741.1,13801088,3151392.9
2022,花蓮縣,花蓮市,民意里,70,170.9,113.2,58.6,7.2,民意里常民生活與社區商業,78,3,44,357027999,35702.8,4577282,874962.2
2022,花蓮縣,花蓮市,民政里,135,336.7,118.7,65.1,7.2,民政里常民生活與社區商業,164,11,88,442891848,44289.2,2700560,1758631.3
2022,花蓮縣,花蓮市,民族里,110,1450.0,275.0,270.0,3.2,持續主導花蓮夜經濟，五星市集與電子支付普及,119,8,55,590973350,59097.3,4966162,1186977.9
2022,花蓮縣,花蓮市,民有里,20,31.8,109.1,53.6,7.2,民有里常民生活與社區商業,21,1,5,2678000,267.8,127523,142514.2
2022,花蓮縣,花蓮市,民樂里,26,67.2,109.6,54.2,7.2,民樂里常民生活與社區商業,28,2,18,41454000,4145.4,1480500,334716.3
2022,花蓮縣,花蓮市,民權里,23,48.4,109.3,53.9,7.2,民權里常民生活與社區商業,23,4,11,28477000,2847.7,1238130,227178.2
2022,花蓮縣,花蓮市,民治里,2,20.0,107.6,51.8,7.2,民治里常民生活與社區商業,2,0,0,70000,7.0,35000,7605.6
2022,花蓮縣,花蓮市,民生里,255,1478.9,138.0,130.0,6.5,民生里常民生活與社區商業,277,11,97,380880880,38088.1,1375021,2295570.5
2022,花蓮縣,花蓮市,民立里,57,171.0,112.2,57.3,7.6,民立里常民生活與社區商業,75,6,50,717713140,71771.3,9569508,967417.1
2022,花蓮縣,花蓮市,民運里,164,335.1,121.1,68.0,8.4,民運里常民生活與社區商業,184,9,74,425312056,42531.2,2311478,1658225.0
2023,花蓮縣,花蓮市,主信里,78,182.6,115.1,60.2,7.8,主信里常民生活與社區商業,92,4,44,206863000,20686.3,2248510,916149.0
2023,花蓮縣,花蓮市,主力里,261,1220.4,115.0,85.0,22.5,老牌名店相繼熄燈/遷址，一樓店面陸續轉為夾娃娃機與特賣會,282,18,148,503155000,50315.5,1784237,2961852.4
2023,花蓮縣,花蓮市,主勤里,129,272.7,119.3,65.3,8.2,主勤里常民生活與社區商業,136,15,60,95756000,9575.6,704088,1274460.5
2023,花蓮縣,花蓮市,主和里,157,380.0,121.7,68.1,7.8,主和里常民生活與社區商業,182,14,94,241696054,24169.6,1328000,1885935.7
2023,花蓮縣,花蓮市,主商里,137,573.6,115.0,85.0,22.5,老牌名店相繼熄燈/遷址，一樓店面陸續轉為夾娃娃機與特賣會,153,16,63,1124116000,112411.6,7347163,1458829.3
2023,花蓮縣,花蓮市,主學里,147,303.1,120.8,67.1,10.6,主學里常民生活與社區商業,163,15,65,234156000,23415.6,1436539,1450632.5
2023,花蓮縣,花蓮市,主安里,130,294.4,119.4,65.4,9.4,主安里常民生活與社區商業,146,13,69,294626999,29462.7,2017993,1440870.2
2023,花蓮縣,花蓮市,主工里,111,510.2,115.0,85.0,22.5,老牌名店相繼熄燈/遷址，一樓店面陸續轉為夾娃娃機與特賣會,128,7,61,263890888,26389.1,2061647,1270011.3
2023,花蓮縣,花蓮市,主權里,294,709.2,133.1,81.8,10.2,主權里常民生活與社區商業,347,26,175,486577599,48657.8,1402240,3545026.2
2023,花蓮縣,花蓮市,主睦里,100,205.7,116.9,62.4,8.2,主睦里常民生活與社區商業,111,6,44,159582000,15958.2,1437675,984566.6
2023,花蓮縣,花蓮市,主義里,34,76.9,111.4,55.8,7.4,主義里常民生活與社區商業,41,1,18,12151000,1215.1,296365,381772.1
2023,花蓮縣,花蓮市,主計里,89,187.3,116.0,61.3,7.8,主計里常民生活與社區商業,107,7,41,196181000,19618.1,1833467,934794.5
2023,花蓮縣,花蓮市,主農里,178,434.1,123.4,70.2,8.2,主農里常民生活與社區商業,204,12,108,313359900,31336.0,1536077,2150268.8
2023,花蓮縣,花蓮市,國光里,105,236.1,117.3,62.9,7.8,國光里常民生活與社區商業,113,6,55,83911000,8391.1,742575,1123612.9
2023,花蓮縣,花蓮市,國威里,217,977.9,115.0,85.0,22.5,老牌名店相繼熄燈/遷址，一樓店面陸續轉為夾娃娃機與特賣會,240,10,115,526962001,52696.2,2195675,2391657.0
2023,花蓮縣,花蓮市,國安里,110,282.6,117.8,63.4,8.2,國安里常民生活與社區商業,129,5,73,248709000,24870.9,1927976,1422596.7
2023,花蓮縣,花蓮市,國富里,361,813.9,138.7,88.5,8.6,國富里常民生活與社區商業,404,25,190,445762800,44576.3,1103373,3945861.0
2023,花蓮縣,花蓮市,國強里,82,221.1,115.4,60.6,8.2,國強里常民生活與社區商業,91,3,59,202347777,20234.8,2223601,1099487.8
2023,花蓮縣,花蓮市,國慶里,120,313.7,118.6,64.4,7.8,國慶里常民生活與社區商業,133,5,82,2587415645,258741.6,19454252,1737393.3
2023,花蓮縣,花蓮市,國治里,146,341.0,120.8,67.0,9.0,國治里常民生活與社區商業,173,12,82,145900400,14590.0,843354,1694072.0
2023,花蓮縣,花蓮市,國盛里,247,634.7,129.2,77.1,11.8,國盛里常民生活與社區商業,304,24,164,546542000,54654.2,1797835,3248923.4
2023,花蓮縣,花蓮市,國福里,49,129.3,112.7,57.3,7.8,國福里常民生活與社區商業,53,4,34,31057000,3105.7,585981,628884.6
2023,花蓮縣,花蓮市,國聯里,396,1084.1,141.6,92.0,11.0,國聯里常民生活與社區商業,496,38,292,2313729840,231373.0,4664777,5719898.4
2023,花蓮縣,花蓮市,國興里,225,536.1,127.3,74.9,8.2,國興里常民生活與社區商業,248,24,131,298402800,29840.3,1203237,2603772.2
2023,花蓮縣,花蓮市,國華里,157,329.6,121.7,68.1,7.8,國華里常民生活與社區商業,172,14,72,205050606,20505.1,1192154,1570004.0
2023,花蓮縣,花蓮市,國裕里,347,938.8,137.5,87.1,9.0,國裕里常民生活與社區商業,413,26,251,1594092077,159409.2,3859787,4834427.4
2023,花蓮縣,花蓮市,國防里,55,131.0,113.2,57.9,7.4,國防里常民生活與社區商業,64,5,32,116993000,11699.3,1828015,652559.4
2023,花蓮縣,花蓮市,國風里,230,534.4,127.8,75.4,8.6,國風里常民生活與社區商業,275,28,128,344471220,34447.1,1252622,2672557.7
2023,花蓮縣,花蓮市,國魂里,170,428.0,122.8,69.4,8.6,國魂里常民生活與社區商業,195,20,109,961868500,96186.8,4932658,2180449.5
2023,花蓮縣,花蓮市,民主里,419,1556.5,142.0,135.0,6.5,民主里常民生活與社區商業,438,2,34,178798900,17879.9,408216,2103703.9
2023,花蓮縣,花蓮市,民享里,125,318.9,119.0,64.9,9.0,民享里常民生活與社區商業,137,9,82,296942000,29694.2,2167459,1569355.4
2023,花蓮縣,花蓮市,民勤里,151,350.8,121.2,67.5,8.2,民勤里常民生活與社區商業,165,15,84,260056001,26005.6,1576096,1697804.5
2023,花蓮縣,花蓮市,民孝里,132,369.8,119.6,65.6,7.8,民孝里常民生活與社區商業,196,10,101,673231499,67323.1,3434854,2061158.5
2023,花蓮縣,花蓮市,民德里,86,216.2,115.8,61.0,8.2,民德里常民生活與社區商業,94,6,55,251435726,25143.6,2674848,1064814.9
2023,花蓮縣,花蓮市,民心里,173,605.1,123.0,69.7,7.8,民心里常民生活與社區商業,203,9,185,2685568000,268556.8,13229399,3298745.4
2023,花蓮縣,花蓮市,民意里,77,186.1,115.0,60.1,7.4,民意里常民生活與社區商業,85,7,46,359040999,35904.1,4224011,926723.3
2023,花蓮縣,花蓮市,民政里,141,363.2,120.3,66.5,7.4,民政里常民生活與社區商業,174,10,94,475480736,47548.1,2732647,1874238.5
2023,花蓮縣,花蓮市,民族里,115,1630.0,275.0,270.0,3.2,持續主導花蓮夜經濟，五星市集與電子支付普及,126,7,58,591858350,59185.8,4697288,1251148.7
2023,花蓮縣,花蓮市,民有里,22,36.8,110.4,54.6,7.4,民有里常民生活與社區商業,24,3,6,9528000,952.8,397000,166962.2
2023,花蓮縣,花蓮市,民樂里,27,71.8,110.8,55.1,7.4,民樂里常民生活與社區商業,29,1,19,41654000,4165.4,1436344,351032.3
2023,花蓮縣,花蓮市,民權里,23,49.3,110.5,54.7,7.4,民權里常民生活與社區商業,24,1,11,28487000,2848.7,1186958,230979.0
2023,花蓮縣,花蓮市,民治里,2,20.0,108.8,52.6,7.4,民治里常民生活與社區商業,2,0,0,70000,7.0,35000,7605.6
2023,花蓮縣,花蓮市,民生里,267,1540.7,142.0,135.0,6.5,民生里常民生活與社區商業,291,14,100,382898880,38289.9,1315803,2386431.9
2023,花蓮縣,花蓮市,民立里,64,190.8,113.9,58.8,7.8,民立里常民生活與社區商業,84,9,54,727801140,72780.1,8664299,1052424.1
2023,花蓮縣,花蓮市,民運里,176,367.9,123.3,70.0,8.6,民運里常民生活與社區商業,202,18,80,451548056,45154.8,2235386,1803723.8
2024,花蓮縣,花蓮市,主信里,86,194.6,117.0,61.8,7.9,主信里常民生活與社區商業,102,10,44,208787000,20878.7,2046931,954303.0
2024,花蓮縣,花蓮市,主力里,276,794.8,82.0,45.0,31.8,0403震災天王星拆除，市區封路，店面空置率破 30% 歷史高峰,300,18,159,509932000,50993.2,1699773,3168294.6
2024,花蓮縣,花蓮市,主勤里,134,290.2,121.0,66.6,8.3,主勤里常民生活與社區商業,142,6,63,97802000,9780.2,688746,1334924.2
2024,花蓮縣,花蓮市,主和里,164,413.3,123.5,69.6,7.9,主和里常民生活與社區商業,193,11,102,249757054,24975.7,1294078,2028380.6
2024,花蓮縣,花蓮市,主商里,151,384.8,82.0,45.0,31.8,0403震災天王星拆除，市區封路，店面空置率破 30% 歷史高峰,169,16,69,1129856000,112985.6,6685538,1595088.5
2024,花蓮縣,花蓮市,主學里,157,331.2,122.9,68.9,10.7,主學里常民生活與社區商業,173,10,70,243036000,24303.6,1404832,1551842.9
2024,花蓮縣,花蓮市,主安里,135,317.0,121.0,66.7,9.5,主安里常民生活與社區商業,151,5,74,301066999,30106.7,1993821,1522885.4
2024,花蓮縣,花蓮市,主工里,119,335.6,82.0,45.0,31.8,0403震災天王星拆除，市區封路，店面空置率破 30% 歷史高峰,139,11,66,275890888,27589.1,1984826,1375271.3
2024,花蓮縣,花蓮市,主權里,311,759.4,135.7,84.3,10.3,主權里常民生活與社區商業,367,20,183,496183499,49618.3,1351998,3721794.7
2024,花蓮縣,花蓮市,主睦里,102,218.7,118.3,63.4,8.3,主睦里常民生活與社區商業,115,4,47,161012000,16101.2,1400104,1037381.0
2024,花蓮縣,花蓮市,主義里,38,85.0,113.0,57.0,7.5,主義里常民生活與社區商業,45,4,19,12651000,1265.1,281133,409512.1
2024,花蓮縣,花蓮市,主計里,95,204.2,117.7,62.7,7.9,主計里常民生活與社區商業,113,6,44,202256000,20225.6,1789876,995580.5
2024,花蓮縣,花蓮市,主農里,192,478.2,125.8,72.4,8.3,主農里常民生活與社區商業,220,16,117,345679899,34568.0,1571272,2326154.4
2024,花蓮縣,花蓮市,國光里,110,262.2,119.0,64.2,7.9,國光里常民生活與社區商業,120,7,62,90671000,9067.1,755591,1238253.7
2024,花蓮縣,花蓮市,國威里,233,634.2,82.0,45.0,31.8,0403震災天王星拆除，市區封路，店面空置率破 30% 歷史高峰,260,20,121,532931001,53293.1,2049734,2543134.5
2024,花蓮縣,花蓮市,國安里,114,294.5,119.3,64.6,8.3,國安里常民生活與社區商業,133,4,74,249208999,24920.9,1873751,1450336.7
2024,花蓮縣,花蓮市,國富里,385,894.5,141.9,91.7,8.7,國富里常民生活與社區商業,436,32,207,472108800,47210.9,1082818,4282068.7
2024,花蓮縣,花蓮市,國強里,88,238.7,117.1,62.0,8.3,國強里常民生活與社區商業,97,6,62,203155777,20315.6,2094389,1159852.5
2024,花蓮縣,花蓮市,國慶里,126,340.0,120.3,65.8,7.9,國慶里常民生活與社區商業,142,9,88,2597414644,259741.5,18291652,1847393.2
2024,花蓮縣,花蓮市,國治里,156,365.1,122.8,68.8,9.1,國治里常民生活與社區商業,183,10,85,147308400,14730.8,804963,1769684.7
2024,花蓮縣,花蓮市,國盛里,262,702.4,131.6,79.4,11.9,國盛里常民生活與社區商業,331,27,181,563274900,56327.5,1701736,3565362.0
2024,花蓮縣,花蓮市,國福里,52,139.6,114.1,58.4,7.9,國福里常民生活與社區商業,56,3,36,32503000,3250.3,580410,665400.2
2024,花蓮縣,花蓮市,國聯里,423,1187.1,145.1,95.5,11.1,國聯里常民生活與社區商業,536,40,315,2322825840,232282.6,4333630,6160126.1
2024,花蓮縣,花蓮市,國興里,243,593.4,130.1,77.5,8.3,國興里常民生活與社區商業,269,21,143,301200800,30120.1,1119705,2833796.1
2024,花蓮縣,花蓮市,國華里,172,372.9,124.1,70.4,7.9,國華里常民生活與社區商業,193,21,81,213362494,21336.2,1105505,1762969.0
2024,花蓮縣,花蓮市,國裕里,366,1014.2,140.3,89.8,9.1,國裕里常民生活與社區商業,436,23,267,1685960077,168596.0,3866880,5129176.8
2024,花蓮縣,花蓮市,國防里,57,137.9,114.5,58.9,7.5,國防里常民生活與社區商業,67,3,33,118993000,11899.3,1776014,676619.4
2024,花蓮縣,花蓮市,國風里,249,604.5,130.6,78.1,8.7,國風里常民生活與社區商業,302,27,145,353868108,35386.8,1171748,2988409.4
2024,花蓮縣,花蓮市,國魂里,177,459.9,124.5,70.9,8.7,國魂里常民生活與社區商業,204,9,116,978056500,97805.6,4794394,2303444.5
2024,花蓮縣,花蓮市,民主里,433,1630.8,146.0,140.0,6.5,民主里常民生活與社區商業,455,17,39,184759900,18476.0,406065,2231280.8
2024,花蓮縣,花蓮市,民享里,135,347.3,121.0,66.7,9.1,民享里常民生活與社區商業,149,12,87,299703500,29970.4,2011432,1677676.3
2024,花蓮縣,花蓮市,民勤里,162,383.2,123.3,69.4,8.3,民勤里常民生活與社區商業,179,14,90,262184001,26218.4,1464715,1826174.7
2024,花蓮縣,花蓮市,民孝里,142,396.8,121.6,67.4,7.9,民孝里常民生活與社區商業,208,12,105,675391499,67539.1,3247074,2156931.3
2024,花蓮縣,花蓮市,民德里,94,245.1,117.6,62.6,8.3,民德里常民生活與社區商業,103,9,62,253830726,25383.1,2464375,1186706.5
2024,花蓮縣,花蓮市,民心里,174,629.3,124.3,70.6,7.9,民心里常民生活與社區商業,209,6,190,2701371000,270137.1,12925220,3385309.7
2024,花蓮縣,花蓮市,民意里,84,206.5,116.8,61.6,7.5,民意里常民生活與社區商業,93,8,50,360873999,36087.4,3880365,1007269.9
2024,花蓮縣,花蓮市,民政里,152,400.5,122.5,68.4,7.5,民政里常民生活與社區商業,189,15,102,478916736,47891.7,2533950,2031513.3
2024,花蓮縣,花蓮市,民族里,119,980.0,195.0,150.0,7.5,0403震後短期人潮銳減，隨後推加倍券振興逐步回溫,132,6,60,594209350,59420.9,4501585,1299136.7
2024,花蓮縣,花蓮市,民有里,25,40.7,111.9,55.7,7.5,民有里常民生活與社區商業,27,3,6,9838000,983.8,364370,178387.0
2024,花蓮縣,花蓮市,民樂里,29,80.0,112.2,56.1,7.5,民樂里常民生活與社區商業,31,2,21,41804000,4180.4,1348516,383644.3
2024,花蓮縣,花蓮市,民權里,24,53.7,111.8,55.6,7.5,民權里常民生活與社區商業,26,2,12,28655000,2865.5,1102115,251092.4
2024,花蓮縣,花蓮市,民治里,2,20.0,110.0,53.4,7.5,民治里常民生活與社區商業,2,0,0,70000,7.0,35000,7605.6
2024,花蓮縣,花蓮市,民生里,283,1636.2,146.0,140.0,6.5,民生里常民生活與社區商業,314,23,109,422611023,42261.1,1345894,2589508.9
2024,花蓮縣,花蓮市,民立里,68,210.3,115.5,60.0,7.9,民立里常民生活與社區商業,90,6,59,729869140,72986.9,8109657,1137889.5
2024,花蓮縣,花蓮市,民運里,186,397.2,125.3,71.8,8.7,民運里常民生活與社區商業,216,14,85,468488056,46848.8,2168926,1920779.0
2025,花蓮縣,花蓮市,主信里,90,214.4,118.5,63.0,8.0,主信里常民生活與社區商業,108,6,49,216087000,21608.7,2000805,1040187.0
2025,花蓮縣,花蓮市,主力里,286,969.7,94.0,60.0,28.0,商圈結構性空洞化，轉向大型名產旗艦與微型文創兩極化,314,14,166,524178000,52417.8,1669356,3310134.2
2025,花蓮縣,花蓮市,主勤里,139,308.2,122.6,67.9,8.4,主勤里常民生活與社區商業,152,10,66,98952000,9895.2,651000,1410516.2
2025,花蓮縣,花蓮市,主和里,172,443.9,125.3,71.2,8.0,主和里常民生活與社區商業,206,13,108,277773054,27777.3,1348412,2155021.8
2025,花蓮縣,花蓮市,主商里,163,488.6,94.0,60.0,28.0,商圈結構性空洞化，轉向大型名產旗艦與微型文創兩極化,184,15,75,1132055999,113205.6,6152478,1727264.5
2025,花蓮縣,花蓮市,主學里,166,347.1,124.8,70.6,10.8,主學里常民生活與社區商業,182,9,70,244476000,24447.6,1343274,1586158.1
2025,花蓮縣,花蓮市,主安里,142,349.5,122.8,68.2,9.6,主安里常民生活與社區商業,160,9,82,304446999,30444.7,1902793,1657355.8
2025,花蓮縣,花蓮市,主工里,123,409.2,94.0,60.0,28.0,商圈結構性空洞化，轉向大型名產旗艦與微型文創兩極化,145,6,69,277168888,27716.9,1911509,1435673.5
2025,花蓮縣,花蓮市,主權里,327,812.3,138.2,86.7,10.4,主權里常民生活與社區商業,388,21,192,525263387,52526.3,1353771,3916421.1
2025,花蓮縣,花蓮市,主睦里,107,230.6,119.9,64.7,8.4,主睦里常民生活與社區商業,122,7,48,162616000,16261.6,1332918,1076609.3
2025,花蓮縣,花蓮市,主義里,39,90.0,114.2,57.9,7.6,主義里常民生活與社區商業,47,2,20,13001000,1300.1,276617,429640.1
2025,花蓮縣,花蓮市,主計里,102,227.5,119.5,64.2,8.0,主計里常民生活與社區商業,123,10,49,204601000,20460.1,1663422,1096268.1
2025,花蓮縣,花蓮市,主農里,200,510.0,127.7,74.0,8.4,主農里常民生活與社區商業,232,12,123,348377899,34837.8,1501628,2446970.2
2025,花蓮縣,花蓮市,國光里,117,284.2,120.8,65.7,8.0,國光里常民生活與社區商業,128,8,66,93871000,9387.1,733367,1318909.7
2025,花蓮縣,花蓮市,國威里,242,773.3,94.0,60.0,28.0,商圈結構性空洞化，轉向大型名產旗艦與微型文創兩極化,272,12,126,535436001,53543.6,1968514,2651434.9
2025,花蓮縣,花蓮市,國安里,116,304.5,120.7,65.6,8.4,國安里常民生活與社區商業,137,4,75,250361999,25036.2,1827459,1478129.0
2025,花蓮縣,花蓮市,國富里,400,941.7,144.3,94.0,8.8,國富里常民生活與社區商業,452,16,213,475306800,47530.7,1051563,4418124.5
2025,花蓮縣,花蓮市,國強里,95,260.3,118.9,63.5,8.4,國強里常民生活與社區商業,105,8,66,205334377,20533.4,1955565,1240426.8
2025,花蓮縣,花蓮市,國慶里,130,355.4,121.8,67.0,8.0,國慶里常民生活與社區商業,146,4,90,2597967644,259796.8,17794298,1887637.4
2025,花蓮縣,花蓮市,國治里,173,411.7,125.4,71.3,9.2,國治里常民生活與社區商業,203,20,94,152328400,15232.8,750386,1958586.3
2025,花蓮縣,花蓮市,國盛里,283,792.9,134.6,82.3,12.0,國盛里常民生活與社區商業,371,40,204,581879900,58188.0,1568409,4006350.4
2025,花蓮縣,花蓮市,國福里,59,156.9,115.9,59.9,8.0,國福里常民生活與社區商業,63,7,39,33455000,3345.5,531031,729576.4
2025,花蓮縣,花蓮市,國聯里,445,1287.7,148.1,98.5,11.2,國聯里常民生活與社區商業,569,33,338,2327546540,232754.7,4090591,6573403.7
2025,花蓮縣,花蓮市,國興里,258,642.1,132.5,79.8,8.4,國興里常民生活與社區商業,284,15,152,302968800,30296.9,1066791,3003437.5
2025,花蓮縣,花蓮市,國華里,191,419.5,126.9,73.1,8.0,國華里常民生活與社區商業,215,22,89,224068494,22406.8,1042179,1947425.5
2025,花蓮縣,花蓮市,國裕里,395,1116.8,143.9,93.5,9.2,國裕里常民生活與社區商業,473,37,289,1717026077,171702.6,3630076,5547262.1
2025,花蓮縣,花蓮市,國防里,60,148.5,116.0,60.0,7.6,國防里常民生活與社區商業,71,4,35,122093000,12209.3,1719619,717067.4
2025,花蓮縣,花蓮市,國風里,258,642.1,132.5,79.8,8.8,國風里常民生活與社區商業,317,15,152,355704108,35570.4,1122094,3133056.3
2025,花蓮縣,花蓮市,國魂里,187,493.5,126.6,72.7,8.8,國魂里常民生活與社區商業,217,13,122,979366499,97936.6,4513209,2427949.3
2025,花蓮縣,花蓮市,民主里,451,1704.4,150.0,145.0,6.5,民主里常民生活與社區商業,475,20,42,186215900,18621.6,392033,2344897.3
2025,花蓮縣,花蓮市,民享里,144,370.7,123.0,68.4,9.2,民享里常民生活與社區商業,159,10,90,301163500,30116.4,1894110,1753293.1
2025,花蓮縣,花蓮市,民勤里,172,439.2,125.3,71.2,8.4,民勤里常民生活與社區商業,202,23,106,265564001,26556.4,1314673,2113845.1
2025,花蓮縣,花蓮市,民孝里,151,437.7,123.6,69.1,8.0,民孝里常民生活與社區商業,221,13,115,682641499,68264.1,3088875,2331911.3
2025,花蓮縣,花蓮市,民德里,99,262.3,119.2,63.9,8.4,民德里常民生活與社區商業,110,7,65,254463726,25446.4,2313306,1250857.1
2025,花蓮縣,花蓮市,民心里,177,651.3,125.8,71.7,8.0,民心里常民生活與社區商業,214,5,193,2703681000,270368.1,12634023,3441994.5
2025,花蓮縣,花蓮市,民意里,92,238.0,118.7,63.2,7.6,民意里常民生活與社區商業,106,13,58,363908999,36390.9,3433103,1156912.7
2025,花蓮縣,花蓮市,民政里,161,434.3,124.4,70.1,7.6,民政里常民生活與社區商業,204,15,109,488204624,48820.5,2393159,2176756.4
2025,花蓮縣,花蓮市,民族里,125,1520.0,290.0,265.0,3.5,持續主導花蓮夜經濟，五星市集與電子支付普及,141,9,62,610352350,61035.2,4328740,1359628.2
2025,花蓮縣,花蓮市,民有里,27,46.0,113.2,56.7,7.6,民有里常民生活與社區商業,29,2,7,11898000,1189.8,410275,198651.8
2025,花蓮縣,花蓮市,民樂里,30,89.7,113.5,57.0,7.6,民樂里常民生活與社區商業,34,3,24,42902000,4290.2,1261823,432632.2
2025,花蓮縣,花蓮市,民權里,27,60.3,113.2,56.7,7.6,民權里常民生活與社區商業,29,3,13,29005000,2900.5,1000172,275020.4
2025,花蓮縣,花蓮市,民治里,2,20.0,111.2,54.2,7.6,民治里常民生活與社區商業,2,0,0,70000,7.0,35000,7605.6
2025,花蓮縣,花蓮市,民生里,296,1704.2,150.0,145.0,6.5,民生里常民生活與社區商業,329,15,113,424384023,42438.4,1289921,2696650.7
2025,花蓮縣,花蓮市,民立里,72,221.0,117.0,61.2,8.0,民立里常民生活與社區商業,94,4,60,730457140,73045.7,7770820,1165636.6
2025,花蓮縣,花蓮市,民運里,193,419.3,127.1,73.3,8.8,民運里常民生活與社區商業,228,12,88,472093056,47209.3,2070583,2004167.4
